bill_id,policy_area,subjects,introduced_at,official_title,short_title,congress_term,has_keywords,regulation,related_sentences
hr2847-103,Crime and Law Enforcement,AIDS (Disease)|Administration of criminal justice|Advertising|Air piracy|Aircraft|Airports|Aliens|American economic assistance|Americans in foreign countries|Amphetamines|Appalachia|Appellate procedure|Archives|Assassination|Assault|Athletes|Auditing|Authorization|Bail|Bank directors|Bank fraud|Bank robberies|Biological weapons|Burglary|Cabinet officers|Capital punishment|Census|Chemical industries|Chemical weapons|Chemicals|Child abuse|Child molesting|Child support|Civil actions and liability|Classified defense information|Coast guard|College students|Commemorations|Compensation for victims of crime|Computer crimes|Confession (Law)|Congressional reporting requirements|Conspiracy|Copyright royalties|Correctional personnel|Counterfeiting|Counterintelligence|Court records|Credit unions|Crime prevention|Crimes against women|Criminal investigation|Criminal justice information|Criminal justice information systems|Criminal procedure|Custody of children|Customs administration|DNA fingerprints|Data banks|Day care|Debarment of government contractors|Deceptive advertising|Department of Justice|Department of the Treasury|Destruction of property|Detention of persons,1993-08-03,To control and prevent crime.,Crime Control Act of 1993,103,1,,
s1488-103,Crime and Law Enforcement,Administration of criminal justice|Administrative procedure|Advertising|Air piracy|Aircraft|Airports|Alcoholism|Aliens|Alzheimer's disease|Americans in foreign countries|Ammunition|Amphetamines|Appellate procedure|Arrest|Arson|Art objects|Assassination|Assault|Assault weapons|Auditing|Authorization|Automobile theft|Bail|Bank failures|Bank fraud|Bank robberies|Bankruptcy|Biological weapons|Boundaries|Brain diseases|Burglary|Capital punishment|Chemical industries|Chemical weapons|Chemicals|Child abuse|Child molesting|Child pornography|Civil actions and liability|Classified defense information|Community health services|Community policing|Compensation for victims of crime|Computer crimes|Congressional reporting requirements|Conspiracy|Correctional personnel|Counterfeiting|Counterintelligence|Credit cards|Credit unions|Crime prevention|Crimes against the elderly|Crimes against women|Criminal justice information|Criminal justice information systems|Cultural property|Custody of children|DNA fingerprints|Data banks|Day care|Debit cards|Deceptive advertising|Department of Justice|Deportation|Destruction of property,1993-09-23,A bill to control and prevent crime.,Violent Crime Control and Law Enforcement Act of 1993,103,1,,
hr3355-103,Crime and Law Enforcement,"AIDS (Disease)|Academic performance|Accidents|Administration of criminal justice|Administration of justice|Administrative procedure|Administrative remedies|Advertising|Age discrimination|Aid to dependent children|Air piracy|Aircraft|Airports|Alcoholism|Alien labor|Aliens|Alzheimer's disease|Americans in foreign countries|Ammunition|Amphetamines|Appellate courts|Appellate procedure|Apprenticeship|Arrest|Arson|Art objects|Assassination|Assault|Assault weapons|Associations, institutions, etc.|Auditing|Authorization|Automobile theft|Bail|Ballots|Bank employees|Bank failures|Bank fraud|Bank robberies|Bankruptcy|Biological weapons|Black colleges|Blacks|Block grants|Boundaries|Brain diseases|Bribery|Building construction|Building materials|Burglary|Business and social problems|Buy American|Cabinet officers|Capital punishment|Chemical industries|Chemical weapons|Chemicals|Child abuse|Child development|Child health|Child molesting|Child pornography|Child support|Citizen participation in crime prevention|Civil actions and liability|Claims",1993-10-26,"To amend the Omnibus Crime Control and Safe Streets Act of 1968 to allow grants to increase police presence, to expand and improve cooperative efforts between law enforcement agencies and members of the community to address crime and disorder problems, and otherwise to enhance public safety.",Violent Crime Control and Law Enforcement Act of 1994,103,1,,
s1607-103,Crime and Law Enforcement,AIDS (Disease)|Administration of criminal justice|Administration of justice|Administrative procedure|Administrative remedies|Advertising|Aid to dependent children|Air piracy|Aircraft|Airports|Alcoholism|Alien labor|Aliens|Alzheimer's disease|Americans in foreign countries|Ammunition|Amphetamines|Appellate procedure|Arrest|Arson|Art objects|Assassination|Assault|Assault weapons|Auditing|Authorization|Automobile theft|Bail|Ballots|Bank employees|Bank failures|Bank fraud|Bank robberies|Bankruptcy|Biological weapons|Block grants|Boundaries|Brain diseases|Bribery|Building construction|Building materials|Burglary|Cabinet officers|Capital punishment|Chemical industries|Chemical weapons|Chemicals|Child abuse|Child development|Child health|Child molesting|Child pornography|Citizen participation in crime prevention|Civil actions and liability|Claims|Classified defense information|College students|Colleges|Commemorations|Community and school|Community development corporations|Community health services|Community organization|Community policing|Community schools|Community-based corrections,1993-11-01,A bill to control and prevent crime.,Violent Crime Control and Law Enforcement Act of 1993,103,1,,
hr4092-103,Crime and Law Enforcement,"AIDS (Disease)|Academic performance|Administration of criminal justice|Administration of justice|Administrative procedure|Administrative remedies|Age discrimination|Air piracy|Aircraft|Airports|Alcoholism|Aliens|Americans in foreign countries|Ammunition|Appellate courts|Appellate procedure|Apprenticeship|Arrest|Arson|Assassination|Assault|Assault weapons|Associations, institutions, etc.|Auditing|Authorization|Automobile theft|Bail|Bank fraud|Bank robberies|Biological weapons|Black colleges|Blacks|Burglary|Business and social problems|Buy American|Cabinet officers|Capital punishment|Chemical weapons|Child abuse|Child molesting|Child pornography|Child support|Citizen participation in crime prevention|Civil actions and liability|Clergy|Cocaine|College students|Colleges|Commemorations|Community health services|Community organization|Community policing|Community-based corrections|Compensation for victims of crime|Congressional Medal of Honor|Congressional reporting requirements|Conspiracy|Constitutional law|Construction industries|Correctional institutions|Correctional personnel|Cost effectiveness|Counseling|Counterfeiting|Crime prevention|Crimes against the elderly",1994-03-18,To control and prevent crime.,Violent Crime Control and Law Enforcement Act of 1994,103,1,,
hr3-104,Crime and Law Enforcement,Administrative procedure|Administrative remedies|Adult education|Aliens|Appellate courts|Appellate procedure|Arson|Assault|Assault weapons|Auditing|Authorization|Automobile theft|Block grants|Bribery|Building construction|Burglary|Capital punishment|Child abuse|Child molesting|Child support|Citizen participation in crime prevention|Civics education|Collection of accounts|Community development|Community development corporations|Community-based corrections|Compensation for victims of crime|Constitutional law|Contempt of court|Correctional institutions|Counterfeiting|Courts of special jurisdiction|Crime prevention|Crimes against the elderly|Criminal justice information|Criminal justice information systems|Criminal procedure|Damages|Day care|Delinquency prevention|Department of Justice|Deportation|District courts|Dropout prevention|Dropouts|Drug abuse|Drug abuse prevention|Drug testing|Education of socially handicapped children|Educational policy|Elementary and secondary education|Ethics|Evidence (Law)|Exclusionary rule (Evidence)|Executive reorganization|Explosives|Family violence|Federal aid to child welfare|Federal aid to community development|Federal aid to education|Federal aid to higher education|Federal aid to law enforcement agencies|Federal aid to vocational education|Federal aid to youth services|Federal employees|Firearms,1995-01-04,To control crime.,Taking Back Our Streets Act of 1995,104,1,,
hr728-104,Crime and Law Enforcement,Administration of criminal justice|Administrative procedure|Aircraft|Auditing|Authorization|Block grants|Boats and boating|Budget deficits|Child development|Citizen participation|Citizen participation in crime prevention|Combat vehicles|Community development corporations|Community organization|Community schools|Community-based corrections|Courts of special jurisdiction|Crime prevention|Criminal statistics|Delinquency prevention|Department of Justice|Depressed areas|Drug abuse|Drug abuse prevention|Drug law enforcement|Drug testing|Drugs and youth|Education of socially handicapped children|Educational policy|Elementary and secondary education|Employee selection|Equipment and supplies|Executive reorganization|Family violence|Federal advisory bodies|Federal aid to community development|Federal aid to law enforcement agencies|Federal aid to youth services|Federal budgets|Federal-local relations|Firearms|Firearms control|Gangs|Government consultants|Government paperwork|Government trust funds|Government vehicles|Infrastructure|Intergovernmental relations|Juvenile corrections|Juvenile delinquency|Juvenile delinquents|Law enforcement officers|Local officials and employees|Manpower training programs|Mediation|Military discharges|Military personnel|Motor vehicles|Narcotic traffic|Nonprofit organizations|Overtime|Parks|Parole|Planning-programming-budgeting|Police,1995-01-30,To control crime by providing law enforcement block grants.,Local Government Law Enforcement Block Grants Act of 1995,104,1,,
s816-104,Crime and Law Enforcement,AIDS (Disease)|Administrative remedies|Americans employed in foreign countries|Americans in foreign countries|Appellate courts|Armed forces abroad|Arrest|Authorization|Block grants|Capital punishment|Child pornography|Community development corporations|Community organization|Community policing|Community schools|Community-based corrections|Compensation for victims of crime|Congressional reporting requirements|Constitutional law|Correctional institutions|Courts of special jurisdiction|Courts-martial and courts of inquiry|Crime prevention|Criminal justice information systems|Criminal procedure|DNA fingerprints|Damages|Delinquency prevention|Department of Justice|Drug abuse|Drug law enforcement|Earnings|Educational policy|Elementary and secondary education|Evidence (Law)|Exclusionary rule (Evidence)|Explosives|Extraterritoriality|Federal aid to community development|Federal aid to education|Federal aid to law enforcement agencies|Fingerprints|Firearms|Forensic medicine|Frivolous lawsuits|Gangs|Government paperwork|Government trust funds|Grants-in-aid|Habeas corpus|Human immunodeficiency viruses|Identification of criminals|Income|Intergovernmental fiscal relations|Interstate compacts|Jury selection|Juvenile corrections|Juvenile delinquency|Law enforcement officers|Lawyers|Legal assistance to prisoners|Legal fees|Liens|Limitation of actions|Medical tests|Military base closures,1995-05-17,"A bill to provide equal protection for victims of crime, to facilitate the exchange of information between Federal and State law enforcement and investigation entities, to reform criminal procedure, and for other purposes.",Local Law Enforcement Enhancement Act of 1995,104,1,,
hr1710-104,Crime and Law Enforcement,"Administrative procedure|Administrative responsibility|Agricultural labor|Air piracy|Aircraft|Airports|Aliens|Americans in foreign countries|Ammunition|Appellate courts|Appellate procedure|Arms sales|Arson|Assassination|Assault|Associations, institutions, etc.|Authorization|Bank accounts|Bank fraud|Bank records|Biological weapons|Bombings|Business records|Cabinet officers|Capital punishment|Chemical weapons|Chemicals|Civil procedure|Classified defense information|Common carriers|Compensation for victims of crime|Computers and government|Congressional oversight|Congressional reporting requirements|Conspiracies|Conspiracy|Consumer credit|Counterintelligence|Court records|Courts of special jurisdiction|Criminal investigation|Criminal procedure|Criminal statistics|Damages|Data banks|Department of Justice|Deportation|Destruction of property|Detention of persons|Disciplining of employees|Discovery (Law)|District of Columbia|Electronic funds transfers|Electronic surveillance|Emergency medical services|Evidence (Law)|Exclusionary rule (Evidence)|Explosives|Export controls|Extortion|Extraterritoriality|Federal budgets|Federal employees|Federal installations|Federal office buildings|Federal officials",1995-05-25,To combat terrorism.,Comprehensive Antiterrorism Act of 1995,104,1,,
s1525-104,Crime and Law Enforcement,Business intelligence|Conspiracy|Corporate corruption|Corporation directors|Criminal liability|Electronic surveillance|Extraterritoriality|Fines (Penalties)|Foreign agents|Foreign corporations|Forfeiture|Larceny|Organized crime|Prosecution|Sentences (Criminal procedure)|Wiretapping,1996-01-25,"A bill to amend title 18 of the United States Code to prevent economic espionage and to provide for the protection of United States proprietary economic information in interstate and foreign commerce, and for other purposes.",Economic Espionage and Protection of Proprietary Economic Information Act of 1995,104,1,,
s1557-104,Crime and Law Enforcement,Business intelligence|Compensation for victims of crime|Conspiracy|Electronic surveillance|Export controls|Extraterritoriality|Fines (Penalties)|Foreign agents|Foreign corporations|Forfeiture|Fraud|Government trust funds|Import restrictions|Larceny|Sentences (Criminal procedure)|Wiretapping,1996-02-01,"A bill to prohibit economic espionage, to provide for the protection of United States vital proprietary economic information, and for other purposes.",Economic Security Act of 1996,104,1,,
hr2986-104,Crime and Law Enforcement,Automated teller machines|Counterfeiting|Debit cards|Fines (Penalties)|Forfeiture|Fraud|Government securities|Negotiable instruments|Secret service|Securities|Securities fraud,1996-02-28,"To establish a criminal penalty for the production, sale, transportation, or possession of fictitious financial instruments purporting to be instruments issued by a public or private entity, to require forfeiture of counterfeit access devices, and for other purposes.",Financial Crimes Prevention Act of 1996,104,1,,
hr2992-104,Crime and Law Enforcement,Administration of criminal justice|Administration of juvenile justice|Administrative remedies|Aliens|Appellate courts|Appellate procedure|Arson|Assault|Authorization|Automobile theft|Bail|Block grants|Bribery|Burglary|Capital punishment|Collection of accounts|Community development corporations|Community service (Punishment)|Community-based corrections|Compensation for victims of crime|Congressional reporting requirements|Correctional institutions|Counterfeiting|Court records|Courts of special jurisdiction|Crime prevention|Criminal investigation|Criminal justice information|Criminal justice information systems|Criminal procedure|Criminal statistics|Damages|Death and dying|Delinquency prevention|Department of Justice|Deportation|Discrimination in criminal justice administration|District courts|Dropouts|Drug abuse|Drug law enforcement|Drug testing|Educational policy|Elementary and secondary education|Equipment and supplies|Evidence (Law)|Executive reorganization|Federal aid to community development|Federal aid to law enforcement agencies|Federal aid to youth services|Federal-local relations|Federal-state relations|Fingerprints|Forgery|Fraud|Frivolous lawsuits|Fugitives from justice|Gambling|Gangs|Government paperwork|Habeas corpus|Homicide|Identification devices|Illegal aliens|Imprisonment|Informers,1996-02-29,To combat crime.,Crime Prevention and Family Protection Act of 1996,104,1,,
s3-105,Crime and Law Enforcement,AIDS (Disease)|Administration of juvenile justice|Administrative procedure|Advertising|Airports|Alcohol and youth|Alcoholism treatment|American economic assistance|American military assistance|Americans employed in foreign countries|Americans in foreign countries|Animal rights movement|Appellate procedure|Armed forces abroad|Arrest|Arson|Assault|Assault weapons|Athletes|Authorization|Bacteria|Bank fraud|Biological weapons|Block grants|Bombings|Boxing|Bribery|Burglary|Cable television|Capital punishment|Carjacking|Chemical weapons|Child abuse|Child pornography|Churches|Community-based corrections|Compensation for victims of crime|Confession (Law)|Congress and foreign policy|Congressional oversight|Congressional reporting requirements|Conspiracy|Correctional institutions|Correctional personnel|Counterfeiting|Counterintelligence|Court records|Crime prevention|Crimes against women|Criminal investigation|Criminal statistics|Damages|Delegation of powers|Delinquency prevention|Department of Defense|Department of Health and Human Services|Department of Justice|Depressed areas|Diplomacy|Disabled|District courts|District of Columbia|Drug abuse|Drug abuse prevention|Drug abuse treatment|Drug courts,1997-01-21,"A bill to provide for fair and accurate criminal trials, reduce violent juvenile crime, promote accountability by juvenile criminals, punish and deter violent gang crime, reduce the fiscal burden imposed by criminal alien prisoners, promote safe citizen self-defense, combat the importation, production, sale, and use of illegal drugs, and for other purposes.",Omnibus Crime Control Act of 1997,105,1,,
hr695-105,Crime and Law Enforcement,Administrative procedure|American economic assistance|American military assistance|Business intelligence|Computer crimes|Computer industry|Computer networks|Computer security measures|Computer software|Computers|Computers and government|Conferences|Congressional oversight|Congressional reporting requirements|Consumer goods|Copyright|Counterintelligence|Criminal investigation|Criminal justice information|Criminal liability|Cryptography|Damages|Department of Justice|Encryption|Espionage|Evidence (Law)|Executive reorganization|Export controls|Federal advisory bodies|Federal preemption|Financial institutions|Fines (Penalties)|Foreign banks and banking|Government and business|Government paperwork|Government procurement|Government publicity|Import restrictions|Imports|Information networks|Information technology|Intellectual property|International cooperation|Internet service providers|Interstate commerce|Judicial review|Judicial review of administrative acts|Labeling|Law enforcement officers|Liability (Law)|Licenses|Members of Congress|Negotiations|Nontariff trade barriers|Nuclear nonproliferation|Oaths|Obstruction of justice|Probation|Prosecution|Recognition (International law)|Retail trade|Right of privacy|Security classification (Government documents)|Sentences (Criminal procedure)|Standards|State laws,1997-02-12,"To amend title 18, United States Code, to affirm the rights of United States persons to use and sell encryption and to relax export controls on encryption.",Security and Freedom Through Encryption (SAFE) Act of 1997,105,1,,
hr1524-105,Crime and Law Enforcement,Administration of criminal justice|Arkansas|Computer literacy|Consultants|Corporations|Crime prevention|Criminal justice information|Federal aid to higher education|Federal aid to law enforcement|Forensic chemistry|Forensic medicine|Government publicity|Higher education|Law enforcement officers|Licenses|Management|Nonprofit organizations|Police training|Recidivists|Research|Rural crime|Salaries,1997-05-01,"To establish a National Center for Rural Law Enforcement, and for other purposes.",Rural Law Enforcement Assistance Act of 1997,105,1,,
hr2758-105,Crime and Law Enforcement,"Administrative procedure|Administrative remedies|Alternative dispute resolution|Building construction|Citizen participation|Competition|Competitive bidding|Congressional reporting requirements|Construction industries|Data banks|Department of Justice|Economic impact statements|Federal Prison Industries, Inc.|Government and business|Government corporations|Government paperwork|Government procurement|Government publications|Government publicity|Labor unions|Prison labor|Rehabilitation of criminals|Small business|Trade associations|Wages",1997-10-29,"To amend title 18, United States Code, to minimize the unfair competition for Federal contracting opportunities between Federal Prison Industries and private firms (especially small business concerns), to provide to Federal agencies in their dealings with Federal Prison Industries the contract administration tools generally available to assure quality performance by their other suppliers, and for other purposes.",Federal Prison Industries Competition in Contracting Act of 1997,105,1,,
s2484-105,Crime and Law Enforcement,Academic performance|Administration of criminal justice|Administration of juvenile justice|Administrative fees|Administrative procedure|Administrative remedies|Administrative responsibility|Advice and consent of the Senate|Agricultural credit|Agriculture in foreign trade|Air cargo|Aircraft|Airline passenger traffic|Alcoholic beverages|Aliens|Alliances|Ambulatory care|Americans employed in foreign countries|Americans in foreign countries|Ammunition|Anesthetics|Arizona|Armed forces abroad|Arms sales|Arrest|Arson|Assault|Authorization|Bacteria|Bank directors|Bank employees|Bank examination|Bank fraud|Bank records|Bank robberies|Biological weapons|Block grants|Border patrols|Boundaries|Bribery|Business and social problems|Business records|Cabinet officers|California|Capital punishment|Carjacking|Chemical weapons|Chemicals|Child abuse|Child mental health services|Child safety|Child sexual abuse|Claims|Cocaine|Coins and coinage|Commemorations|Communicable diseases|Community centers|Community organization|Community policing|Community service (Punishment)|Compensation for victims of crime|Computer crimes|Computer networks|Computers and government|Congressional investigations,1998-09-16,"A bill to combat violent and gang-related crime in schools and on the streets, to reform the juvenile justice system, target international crime, promote effective drug and other crime prevention programs, assist crime victims, and for other purposes.","Safe Schools, Safe Streets, and Secure Borders Act of 1998",105,1,,
hr2551-106,Crime and Law Enforcement,"Administrative procedure|Administrative remedies|Alternative dispute resolution|Citizen participation|Classified defense information|Compensation for victims of crime|Competitive bidding|Congressional reporting requirements|Construction industries|Construction workers|Corporate profits|Department of Justice|Ex-offenders|Federal Prison Industries, Inc.|Financial statements|Fines (Penalties)|Garnishment|Gifts|Government and business|Government corporations|Government paperwork|Government procurement|Government publications|Government publicity|Government statistics|Imports|Labor statistics|Labor unions|New products|Official secrets|Payroll deductions|Prison administration|Prison labor|Public meetings of administrative bodies|Rehabilitation of criminals|Right of privacy|Small business|Subcontractors|Support of dependents|Trade associations|Unemployment|Vocational and technical education|Wages",1999-07-19,"To amend title 18, United States Code, to require Federal Prision Industries to compete of its Federal contracts to minimize unfair competition with private firms (depriving law-abiding workers of job opportunities), to save taxpayer dollars by empowering Federal contracting officers to be able to acquire commercial products that better meet agencies' needs, more quickly and at less cost without having to obtain permission from Federal Prison Industries, to further empower contracting officers to compel Federal Prison Industries to fully perform its contract obligations to the same extent as all other contractors, and for other purposes.",Federal Prison Industries Competition in Contracting Act of 1999,106,1,,
hr2564-106,Crime and Law Enforcement,Administration of criminal justice|Arkansas|Computer literacy|Computers and government|Corporations|Crime prevention|Criminal justice information|Criminal justice information systems|Criminology|Federal aid to higher education|Federal aid to law enforcement|Federal aid to rural areas|Forensic chemistry|Forensic medicine|Government paperwork|Higher education|Indian law enforcement|Law enforcement officers|Licenses|Management|Minorities|Nonprofit organizations|Police training|Recidivists|Research|Rural crime,1999-07-20,To provide funds to the National Center for Rural Law Enforcement.,Rural Law Enforcement Assistance Act of 1999,106,1,,
hr2896-106,Crime and Law Enforcement,Accounting|Air pollution control|Arms sales|Auditing|Bank accounts|Bank directors|Bank employees|Bank examination|Bank loans|Bank records|Bribery|Computer crimes|Congressional reporting requirements|Credit cards|Destruction of property|Embezzlement|Environmental law enforcement|Export controls|Extradition agreements|Firearms|Foreign agents|Foreign banks and banking|Foreign corporations|Foreign loans|Forgery|Fraud|Government paperwork|Identification devices|Import restrictions|Informers|International monetary system|Laboratory animals|Liability (Law)|Military technology|Misconduct in office|Money laundering|Multilateral development banks|Negotiations|Personnel records|Protection of animals|Public corruption|Recruiting of employees|Savings accounts|Securities industry|Securities regulation|Smuggling|Technology transfer|Terrorism|Treaties|Violence|Wild animal trade,1999-09-21,"To combat money laundering and protect the United States financial system, and for other purposes.",Foreign Money Laundering Deterrence and Anticorruption Act,106,1,,
s1663-106,Crime and Law Enforcement,Accounting|Air pollution control|Arms sales|Auditing|Bank accounts|Bank directors|Bank employees|Bank examination|Bank loans|Bank records|Bribery|Computer crimes|Congressional reporting requirements|Credit cards|Destruction of property|Embezzlement|Environmental law enforcement|Export controls|Extradition agreements|Firearms|Foreign agents|Foreign banks and banking|Foreign corporations|Foreign loans|Forgery|Fraud|Government paperwork|Identification devices|Import restrictions|Informers|International monetary system|Laboratory animals|Liability (Law)|Military technology|Misconduct in office|Money laundering|Multilateral development banks|Negotiations|Personnel records|Protection of animals|Public corruption|Recruiting of employees|Savings accounts|Securities industry|Securities regulation|Smuggling|Technology transfer|Terrorism|Treaties|Violence|Wild animal trade,1999-09-29,"A bill to combat money laundering and protect the United States financial system, and for other purposes.",Foreign Money Laundering Deterrence and Anticorruption Act,106,1,,
hr4419-106,Crime and Law Enforcement,Bank loans|Checks|Civil actions and liability|Civil procedure|Computer crimes|Congressional reporting requirements|Consumer credit|Credit|Credit cards|District courts|Electronic commerce|Electronic funds transfers|Financial institutions|Fines (Penalties)|Foreign banks and banking|Foreign loans|Gambling|Governmental investigations|Indian gambling operations|Indian lands|Injunctions|International cooperation|Internet|Jurisdiction|Liability (Law)|Lotteries|Minorities|Money laundering|Multilateral development banks|Negotiations|Public corruption|Sanctions (International law)|Sentences (Criminal procedure),2000-05-10,"To prevent the use of certain bank instruments for Internet gambling, and for other purposes.",Unlawful Internet Gambling Funding Prohibition Act,106,1,,
s2783-106,Crime and Law Enforcement,Administration of criminal justice|Administration of juvenile justice|Administrative procedure|Administrative remedies|Admission of nonimmigrants|Air pollution control|Alaska|Alcoholic beverages|Alcoholism treatment|Aliens|American economic assistance|American technical assistance|Americans employed in foreign countries|Americans in foreign countries|Ammunition|Amphetamines|Antitrust law|Appropriations|Armed forces abroad|Arms sales|Arrest|Arson|Assault|Authorization|Autopsy|Bank records|Bankruptcy|Biological weapons|Black market|Boats and boating|Border patrols|Boundaries|Bribery|Canada|Capital punishment|Chemical weapons|Chemicals|Child abuse|Child labor|Child mental health services|Child pornography|Child sexual abuse|Child welfare|Children's rights|Citizenship|Civil Service pensions|Civil actions and liability|Coast guard|College students|Community policing|Compensation for victims of crime|Computer crimes|Computer software|Computers|Computers and government|Congressional reporting requirements|Conspiracy|Consumer protection|Contempt of court|Corporations|Counterfeiting|Court records|Crime prevention|Crimes against the elderly|Crimes against women|Criminal aliens,2000-06-26,"A bill entitled the ""21st Century Law Enforcement and Public Safety Act.""",21st Century Law Enforcement and Public Safety Act,106,1,,
s3009-106,Crime and Law Enforcement,Administration of criminal justice|Arkansas|Computer literacy|Computers and government|Corporations|Crime prevention|Criminal justice information|Criminal justice information systems|Criminology|Federal aid to higher education|Federal aid to law enforcement|Federal aid to rural areas|Forensic chemistry|Forensic medicine|Government paperwork|Higher education|Indian law enforcement|Law enforcement officers|Licenses|Management|Minorities|Nonprofit organizations|Police training|Recidivists|Research|Rural crime,2000-09-06,A bill to provide funds to the National Center for Rural Law Enforcement.,Rural Law Enforcement Assistance Act of 2000,106,1,,
s16-107,Crime and Law Enforcement,"AIDS (Disease)|Administration of criminal justice|Administration of juvenile justice|Administrative fees|Administrative procedure|Administrative remedies|Administrative responsibility|Affordable housing|Agricultural credit|Alcohol and youth|Alien property|Aliens|Ambulatory care|Americans in foreign countries|Ammunition|Antitrust law|Arms sales|Arrest|Arson|Assault|Authorization|Awards, medals, prizes|Bank accounts|Bank directors|Bank employees|Bank examination|Bank records|Bank robberies|Bankruptcy|Block grants|Boats and boating|Bombings|Branch banking|Bribery|Building leases|Business and social problems|Business records|Carjacking|Change of venue|Chemicals|Child abuse|Child safety|Child sexual abuse|Citizen participation in crime prevention|Civil actions and liability|Claims|Coins and coinage|Commemorations|Community organization|Community policing|Community service (Punishment)|Community-based corrections|Compensation for victims of crime|Compulsory education|Computers in education|Congressional investigations|Congressional reporting requirements|Conspiracy|Consumer complaints|Consumer education|Continuing education|Corporate accountability|Corporate corruption|Corporations|Correctional institutions|Correctional personnel",2001-01-22,"A bill to improve law enforcement, crime prevention, and victim assistance in the 21st century.","21st Century Law Enforcement, Crime Prevention, and Victims Assistance Act",107,1,,
hr556-107,Crime and Law Enforcement,Administrative procedure|Bank loans|Checks|Civil actions and liability|Civil procedure|Communication satellites|Computer crimes|Congressional reporting requirements|Consumer credit|Credit|Credit cards|Department of the Treasury|District courts|Electronic commerce|Electronic funds transfers|Financial institutions|Fines (Penalties)|Gambling|Governmental investigations|Indian gambling operations|Indian lands|Injunctions|International cooperation|Internet|Internet service providers|Jurisdiction|Liability (Law)|Lotteries|Microwaves|Minorities|Money laundering|Negotiations|Public corruption|Sentences (Criminal procedure)|Space activities|Web sites|Wireless communication,2001-02-12,"To prevent the use of certain bank instruments for unlawful Internet gambling, and for other purposes.",Leach-LaFalce Internet Gambling Enforcement Act,107,1,,
s349-107,Crime and Law Enforcement,Administration of criminal justice|Arkansas|Computer literacy|Computers and government|Corporations|Crime prevention|Criminal justice information|Criminal justice information systems|Criminology|Federal aid to higher education|Federal aid to law enforcement|Federal aid to rural areas|Forensic chemistry|Forensic medicine|Government paperwork|Higher education|Indian law enforcement|Law enforcement officers|Licenses|Management|Minorities|Nonprofit organizations|Police training|Recidivists|Research|Rural crime,2001-02-15,"A bill to provide funds to the National Center for Rural Law Enforcement, and for other purposes.",Rural Law Enforcement Assistance Act of 2001,107,1,,
hr1348-107,Crime and Law Enforcement,Administration of criminal justice|Arkansas|Computer literacy|Computers and government|Corporations|Crime prevention|Criminal justice information|Criminal justice information systems|Criminology|Federal aid to higher education|Federal aid to law enforcement|Federal aid to rural areas|Forensic chemistry|Forensic medicine|Government paperwork|Higher education|Indian law enforcement|Law enforcement officers|Licenses|Management|Minorities|Nonprofit organizations|Police training|Recidivists|Research|Rural crime,2001-04-03,"To provide funds to the National Center for Rural Law Enforcement, and for other purposes.",Rural Law Enforcement Assistance Act of 2001,107,1,,
hr1577-107,Crime and Law Enforcement,"Administrative procedure|Administrative remedies|Advice and consent of the Senate|Alternative dispute resolution|Citizen participation|Classified defense information|Community-based corrections|Compensation for victims of crime|Compensatory education|Competitive bidding|Congressional investigations|Congressional reporting requirements|Construction industries|Construction workers|Corporate profits|Corporation directors|Department of Justice|Elementary and secondary education|Elementary education|Ex-offenders|Executive reorganization|Federal Prison Industries, Inc.|Financial statements|Fines (Penalties)|Forfeiture|Garnishment|Gifts|Government and business|Government contractors|Government corporations|Government paperwork|Government procurement|Government publications|Government publicity|Government statistics|Government trust funds|Imports|Job hunting|Labor statistics|Labor unions|New products|Occupational health and safety|Official secrets|Payroll deductions|Presidential appointments|Prison administration|Prison labor|Profit|Public meetings of administrative bodies|Rehabilitation of criminals|Right of privacy|Secondary education|Service industries|Small business|Subcontractors|Support of dependents|Trade associations|Unemployment|Victims of crimes|Vocational and technical education|Wages",2001-04-24,"To amend title 18, United States Code, to require Federal Prison Industries to compete for its contracts minimizing its unfair competition with non-inmate workers and the firms that employ them and increasing the likelihood that Federal agencies get the best value for taxpayers dollars, to require that Federal Prison Industries fully and timely perform its Government contracts by empowering Federal contracting officers with the contract administration tools generally available to assure full and timely performance of other Government contracts, to enhance the opportunities for effective public participation in decisions to expand the activities of Federal Prison Industries, to provide to Federal agencies temporary preferential contract award authority to ease the transition of Federal Prison Industries to obtaining inmate work opportunites through other than its mandatory source status, to provide additional work opportunities for Federal inmates by authorizing Federal Prison Industries to provide inmate workers to nonprofit entities with protections against commercial activities, and for other purposes.",Federal Prison Industries Competition in Contracting Act of 2002,107,1,,
hr2579-107,Crime and Law Enforcement,Bank loans|Checks|Civil actions and liability|Civil procedure|Computer crimes|Congressional reporting requirements|Consumer credit|Credit|Credit cards|District courts|Electronic commerce|Electronic funds transfers|Financial institutions|Fines (Penalties)|Gambling|Governmental investigations|Indian gambling operations|Indian lands|Injunctions|International cooperation|Internet|Jurisdiction|Liability (Law)|Lotteries|Minorities|Money laundering|Negotiations|Public corruption|Sentences (Criminal procedure),2001-07-20,"To prevent the use of certain bank instruments for Internet gambling, and for other purposes.",Internet Gambling Payments Prohibition Act,107,1,,
hr2978-107,Crime and Law Enforcement,"Affiliated corporations|Air pollution control|Alien smuggling|Aliens|Archaeology|Arms control|Arms sales|Bank accounts|Bank directors|Bank employees|Bank examination|Bank records|Bankers|Bribery|Burglary|Common carriers|Computer crimes|Congressional oversight|Congressional reporting requirements|Conspiracy|Contempt of court|Correspondent banks|Criminal procedure|District courts|EBB Terrorism|Eagles|Elephants|Embezzlement|Endangered animals|Endangered species|Environmental law enforcement|Evidence (Law)|Federal advisory bodies|Financial institutions|Fines (Penalties)|Firearms|Firearms control|Foreign agents|Foreign banks and banking|Forfeiture|Fraud|Government paperwork|Habitat conservation|History|Identification devices|Informers|Injunctions|International banking|International competitiveness|Interstate commerce|Jurisdiction|Larceny|Legislation|Liability (Law)|Limitation of actions|Marine and coastal resources, fisheries|Marine mammal protection|Migratory bird conservation|Misconduct in office|Money|Money laundering|Obstruction of justice|Organized crime|Personnel records|Public corruption|Recidivists",2001-10-02,"To strengthen existing Federal laws and provide law enforcement agencies with enhanced enforcement tools necessary to combat money laundering, and for other purposes.",Money Laundering Prevention Act,107,1,,
hr3162-107,Crime and Law Enforcement,Administrative fees|Administrative procedure|Administrative remedies|Admission of nonimmigrants|Affiliated corporations|Afghanistan|Aggression|Agriculture in foreign trade|Air piracy|Aircraft|Airlines|Airports|Alien labor|Aliens|Appellate courts|Appellate procedure|Arab Americans|Arms sales|Arson|Asian American ethnic groups|Assassination|Assault|Auditing|Authorization|Ballistic missiles|Bank accounts|Bank directors|Bank employees|Bank examination|Bank fraud|Bank holding companies|Bank mergers|Bank records|Biological warfare|Biological weapons|Bombings|Bombs|Border patrols|Boundaries|Branch banking|Bribery|Brokers|Bus drivers|Business records|Cable television|Canada|Central Asia|Charities|Chemical warfare|Chemical weapons|Chemicals|Civil Service pensions|Civil actions and liability|Claims|Classified defense information|Coins and coinage|Commercial aircraft|Commodity exchanges|Compensation (Law)|Compensation for victims of crime|Computer crimes|Computer hackers|Computer matching|Computer networks|Congress and foreign policy|Congressional oversight,2001-10-23,"To deter and punish terrorist acts in the United States and around the world, to enhance law enforcement investigatory tools, and for other purposes.",Uniting and Strengthening America by Providing Appropriate Tools Required to Intercept and Obstruct Terrorism (USA PATRIOT ACT) Act of 2001,107,1,,
s2010-107,Crime and Law Enforcement,Accounting|Accounting and auditing|Accounting and financial statements|Administrative procedure|Administrative remedies|Attorneys general|Auditing|Auditing and auditors|Bankruptcy|Business records|Civil actions and liability|Congressional investigations|Corporate collapse|Corporate corruption|Corporate governance|Criminal investigation|Damages|Debtor and creditor|Department of Labor|Disciplining of employees|Discrimination in employment|Dismissal of employees|Evidence (Law)|Fraud|Independent regulatory commissions|Injunctions|Limitation of actions|Obstruction of justice|Organized crime|Punitive damages|Securities fraud|Securities regulation|Sentences (Criminal procedure)|Sentencing guidelines|State officials|Stockholders|Supervisors|Surety and fidelity|U.S. Sentencing Commission|Wage restitution|Whistle blowing|Witnesses,2002-03-12,"A bill to provide for criminal prosecution of persons who alter or destroy evidence in certain Federal investigations or defraud investors of publicly traded securities, to disallow debts incurred in violation of securities fraud laws from being discharged in bankruptcy, to protect whistleblowers against retaliation by their employers, and for other purposes.",Corporate and Criminal Fraud Accountability Act of 2002,107,1,,
hr4098-107,Crime and Law Enforcement,Accounting|Accounting and auditing|Accounting and financial statements|Administrative procedure|Administrative remedies|Attorneys general|Auditing|Auditing and auditors|Bankruptcy|Business records|Civil actions and liability|Corporate collapse|Corporate corruption|Corporate governance|Crime prevention|Criminal investigation|Criminal justice information systems|Damages|Data banks|Debtor and creditor|Department of Justice|Department of Labor|Disciplining of employees|Discrimination in employment|Dismissal of employees|Evidence (Law)|Executive reorganization|Fraud|Injunctions|Limitation of actions|Obstruction of justice|Organized crime|Pension funds|Prosecution|Punitive damages|Salaries|Securities fraud|Securities regulation|Sentences (Criminal procedure)|Sentencing guidelines|State officials|Stockholders|Surety and fidelity|U.S. Sentencing Commission|Wage restitution|Wages|Whistle blowing|Witnesses,2002-04-09,"To provide for criminal prosecution of persons who alter or destroy evidence in certain Federal investigations or defraud investors of publicly traded securities, to disallow debts incurred in violation of securities fraud laws from being discharged in bankruptcy, to protect whistleblowers against retaliation by their employers, and for other purposes.",Corporate and Criminal Fraud Accountability Act of 2002,107,1,,
s2717-107,Crime and Law Enforcement,Accounting and financial statements|Administrative procedure|Chief executive officers|Chief financial officers|Conspiracy|Corporate accountability|Corporate collapse|Corporate corruption|Corporate governance|Corporation directors|Criminal negligence|Employee pensions|Employee rights|Executives|Financial statements|Fines (Penalties)|Fraud|Government paperwork|Pension funds|Postal crimes|Radio broadcasting|Securities regulation|Sentences (Criminal procedure)|Sentencing guidelines|Television broadcasting|U.S. Sentencing Commission,2002-07-10,"A bill to increase criminal penalties relating to conspiracy, mail fraud, wire fraud, and ERISA violations, and for other purposes.",White-Collar Crime Penalty Enhancement Act of 2002,107,1,,
hr5118-107,Crime and Law Enforcement,Accounting|Accounting and financial statements|Administrative procedure|Auditing and auditors|Bankruptcy|Business ethics|Chief executive officers|Chief financial officers|Compensation for victims of crime|Congressional reporting requirements|Consent decrees|Conspiracy|Corporate accountability|Corporate collapse|Corporate corruption|Corporation directors|Damages|Debtor and creditor|Employee rights|Evidence (Law)|Executive compensation|Executives|Financial statements|Fines (Penalties)|Fraud|Government paperwork|Governmental investigations|Informers|Injunctions|Legal fees|Obstruction of justice|Pension funds|Postal crimes|Radio broadcasting|Securities fraud|Securities regulation|Sentences (Criminal procedure)|Sentencing guidelines|Television broadcasting|U.S. Sentencing Commission|Whistle blowing,2002-07-15,"To provide for enhanced penalties for accounting and auditing improprieties at publicly traded companies, and for other purposes.",Corporate Fraud Accountability Act of 2002,107,1,,
hr484-108,Crime and Law Enforcement,Affiliated corporations|Biological warfare|Chemical warfare|Computer security measures|Congressional reporting requirements|Corporate mergers|Corporation taxes|Drug industry|Engineering|Federal aid to education|Federal aid to research|Foreign corporations|Government contractors|Government paperwork|Higher education|Information technology|Legislation|Liability (Law)|Nuclear terrorism|Physicians|Products liability|Research and development|Research centers|Stockholders|Tax evasion|Terrorism|Unemployment|Vaccination|Vaccines|Weapons of mass destruction,2003-01-29,To make certain amendments to the Homeland Security Act of 2002.,,108,1,,
hr1829-108,Crime and Law Enforcement,"Administrative procedure|Administrative remedies|Affordable housing|Alternative dispute resolution|Apprenticeship|Charitable contributions|Charities|Church and social problems|Citizen participation|Classified defense information|Community-based corrections|Compensation for victims of crime|Compensatory education|Competitive bidding|Congressional investigations|Congressional reporting requirements|Construction industries|Construction workers|Corporate finance|Corporate philanthropy|Corporation directors|Correctional personnel|Department of Justice|Drug abuse|Drug abuse treatment|Economic impact statements|Educational tests|Electric power transmission|Elementary and secondary education|Elementary education|Employee rights|Ex-offenders|Executive reorganization|Family violence|Federal Prison Industries, Inc.|Federal employees|Financial statements|Fines (Penalties)|Garnishment|Gas pipelines|Gifts|Government and business|Government contractors|Government corporations|Government paperwork|Government procurement|Government publications|Government publicity|Government statistics|Import restrictions|Imports|Infrastructure|Infrastructure (Economics)|Job hunting|Labor statistics|Labor unions|Layoffs|Mental health services|Minimum wages|New products|Nonprofit organizations|Occupational health and safety|Official secrets|Parole|Payroll deductions|Petroleum pipelines",2003-04-12,"To amend title 18, United States Code, to require Federal Prison Industries to compete for its contracts minimizing its unfair competition with private sector firms and their non-inmate workers and empowering Federal agencies to get the best value for taxpayers' dollars, to provide a five-year period during which Federal Prison Industries adjusts to obtaining inmate work opportunities through other than its mandatory source status, to enhance inmate access to remedial and vocational opportunities and other rehabilitative opportunities to better prepare inmates for a successful return to society, to authorize alternative inmate work opportunities in support of non-profit organizations, and for other purposes.",Federal Prison Industries Competition in Contracting Act of 2003,108,1,,
hr3036-108,Crime and Law Enforcement,"Accounting|Administrative remedies|Americans in foreign countries|Anniversaries|Antitrust law|Appellate courts|Appellate procedure|Arrest|Auditing|Authorization|Automation|Automobile theft|Awards, medals, prizes|Bankruptcy|Block grants|Books|Boundaries|Building construction|Building laws|Child abuse|Child safety|Child sexual abuse|Citizen participation|Collection of accounts|Commemorations|Community development|Community organization|Community policing|Compensation for victims of crime|Computers|Conferences|Confidential communications|Congressional reporting requirements|Corrections|Counterintelligence|Courts of special jurisdiction|Crime prevention|Crimes against women|Criminal investigation|Criminal justice information|Criminal statistics|DNA|Data banks|Department of Justice|Deportation|Detention of persons|Drug Enforcement Administration (DEA)|Drug abuse|Drug abuse prevention|Drug abuse treatment|Drug courts|Drug law enforcement|Drug traffic|Electronic government information|Elementary and secondary education|Emergency medicine|Employee training|Equality before the law|Espionage|Ex-offenders|Executive reorganization|Extradition|Family services|Family violence|Federal Bureau of Investigation (FBI)|Federal aid to Indians",2003-09-09,"To authorize appropriations for the Department of Justice for fiscal years 2004 through 2006, and for other purposes.","Department of Justice Appropriations Authorization Act, Fiscal Years 2004 through 2006",108,1,,
s2679-108,Crime and Law Enforcement,Administrative procedure|Air piracy|Aircraft|Alien property|Aliens|Americans in foreign countries|Antiaircraft missiles|Arson|Assassination|Assault|Aviation safety|Bail|Bank fraud|Bank records|Biological warfare|Bribery|Bridges|Business records|Capital punishment|Chemical warfare|Civil actions and liability|Classified defense information|Compensation (Law)|Compensation for victims of crime|Conspiracy|Consumer credit|Counterintelligence|Criminal investigation|Criminal justice information|Criminal negligence|Criminal procedure|Department of Justice|Deportation|Destruction of property|EBB Terrorism|Electronic surveillance|Environmental law enforcement|Evidence (Law)|Ex-offenders|Explosives|Export controls|Extraterritoriality|Federal aid programs|Federal employees|Fines (Penalties)|Firearms|Foreign agents|Foreign banks and banking|Forfeiture|Fraud|Freight|Government lending|Grand jury|Grants-in-aid|Guided missiles|Harbors|Homicide|Identification devices|Infrastructure|Infrastructure (Economics)|Investments|Judicial review|Jurisdiction|Kidnapping|Larceny|Liability (Law),2004-07-16,"A bill to strengthen anti-terrorism investigative tools, promote information sharing, punish terrorist offenses, and for other purposes.",Tools to Fight Terrorism Act of 2004,108,1,,
hr5291-108,Crime and Law Enforcement,Administrative fees|Administrative law judges|Administrative procedure|Administrative remedies|Admission of nonimmigrants|Advice and consent of the Senate|Afghanistan|Air cargo|Air travel|Airline passenger traffic|Airlines|Airports|Alien labor|Aliens|Alliances|Americans in foreign countries|Armed forces reserves|Arms control|Arms sales|Authorization|Aviation safety|Biological warfare|Biotechnology|Border patrols|Boundaries|Bridges|Broadband|Building construction|Business education|Cameras|Canada|Chemical industries|Chemical warfare|Chemicals|Child health|China|Civil actions and liability|Clinical trials|Closed-circuit television|Coast guard|Commemorations|Common carriers|Communication in medicine|Communication in science|Computer matching|Computer security measures|Congressional investigations|Congressional reporting requirements|Conspiracy|Containerization|Continuing education|Cost accounting|Criminal aliens|Criminal investigation|Criminal justice information|Cultural relations|Customs administration|Damages|Data banks|Defense contracts|Defense procurement|Democracy|Department of Homeland Security|Department of Justice|Department of Labor|Deportation,2004-10-08,To win the war on terror.,Winning the War on Terror Act of 2004,108,1,,
hr1751-109,Crime and Law Enforcement,Administration of justice|Administrative procedure|Advice and consent of the Senate|Appellate courts|Appellate procedure|Assault|Bankruptcy courts|Capital punishment|Child abuse|Civil rights enforcement|Clergy|Computer security measures|Congressional reporting requirements|Conspiracy|Correctional personnel|Courthouses|Crime prevention|Criminal justice information|Criminal procedure|Criminal statistics|Data banks|Department of Justice|District courts|Electronic mail systems|Executive reorganization|Facsimile transmission|Federal aid to Indians|Federal aid to law enforcement|Federal employees|Federal law enforcement officers|Federal officials|Financial disclosure|Fines (Penalties)|Fire fighters|Firearms|Fraud|Freedom of information|Gangs|Government ethics|Habeas corpus|Homicide|Identification devices|Indian law enforcement|Informers|Injunctions|Internet|Judges|Judicial districts|Judicial officers|Judicial review|Juries|Jurisdiction|Kidnapping|Law enforcement officers|Lawyers|Liens|Magistrates|Mandatory sentences|Military personnel|Minorities|Murder|Obstruction of justice|Organized crime|Paramedical personnel|Police|Presidential appointments,2005-04-21,"To amend title 18, United States Code, to protect judges, prosecutors, witnesses, victims, and their family members, and for other purposes.",Court Security Improvement Act of 2006,109,1,,
hr2965-109,Crime and Law Enforcement,"Administrative procedure|Administrative remedies|Alternative dispute resolution|Apprenticeship|Blind|Buy American|Charitable contributions|Charities|Church and social problems|Citizen participation|Classified defense information|Compensation for victims of crime|Compensatory education|Competitive bidding|Congressional investigations|Congressional reporting requirements|Construction industries|Construction workers|Corporate finance|Corporate philanthropy|Corporation directors|Correctional personnel|Data banks|Department of Justice|Disabled|Economic impact statements|Educational tests|Electric power transmission|Elementary and secondary education|Elementary education|Employee rights|Employment of the disabled|Ex-offenders|Executive reorganization|Federal Prison Industries, Inc.|Federal employees|Financial statements|Fines (Penalties)|Garnishment|Gas pipelines|Gifts|Government and business|Government contractors|Government corporations|Government paperwork|Government procurement|Government publications|Government publicity|Government statistics|Import restrictions|Imports|Infrastructure|Infrastructure (Economics)|Job hunting|Labor statistics|Labor unions|Layoffs|Minimum wages|New products|Nonprofit organizations|Occupational health and safety|Official secrets|Parole|Payroll deductions|Petroleum pipelines|Pipelines",2005-06-17,"To amend title 18, United States Code, to require Federal Prison Industries to compete for its contracts minimizing its unfair competition with private sector firms and their non-inmate workers and empowering Federal agencies to get the best value for taxpayers' dollars, to provide a five-year period during which Federal Prison Industries adjusts to obtaining inmate work opportunities through other than its mandatory source status, to enhance inmate access to remedial and vocational opportunities and other rehabilitative opportunities to better prepare inmates for a successful return to society, to authorize alternative inmate work opportunities in support of non-profit organizations and other public service programs, and for other purposes.",Federal Prison Industries Competition in Contracting Act of 2006,109,1,,
hr3199-109,Crime and Law Enforcement,Administrative procedure|Air cargo|Air piracy|Airports|Aliens|Antitrust law|Arrest|Arson|Assault|Auditing|Aviation safety|Bank fraud|Bank records|Biological warfare|Books|Border patrols|Bribery|Business records|Cabinet officers|Capital punishment|Chemical warfare|Chemicals|Child safety|Cigarettes|Civil procedure|Compensation for victims of crime|Computer software|Confidential communications|Congressional investigations|Congressional reporting requirements|Conspiracy|Consumer credit|Containerization|Counterintelligence|Court records|Criminal aliens|Criminal investigation|Criminal justice information|Data banks|Department of Homeland Security|Department of Justice|Destruction of property|Diplomacy|District courts|Drug Enforcement Administration (DEA)|Drug abuse|Drug addiction|Drug courts|Drug law enforcement|Drug traffic|Drugs|Drugs and women|Drugs and youth|Economic assistance|Electronic surveillance|Elementary and secondary education|Emergency communication systems|Emergency medicine|Employee training|Energy facilities|Equipment and supplies|Evidence (Law)|Executive reorganization|Explosives|Export controls|Family services,2005-07-11,"To extend and modify authorities needed to combat terrorism, and for other purposes.",USA PATRIOT Improvement and Reauthorization Act of 2005,109,1,,
s239-110,Crime and Law Enforcement,Bank accounts|Bank fraud|Bank records|Civil actions and liability|Classified defense information|Congressional reporting requirements|Consumer credit|Consumer education|Counterintelligence|Data banks|Driver licenses|Espionage|Federal employees|Fines (Penalties)|Fraud|Government contractors|Government paperwork|Identification devices|Identity theft|Injunctions|Passports|Right of privacy|Risk|Secret service|Social security numbers|Telephone,2007-01-10,"A bill to require Federal agencies, and persons engaged in interstate commerce, in possession of data containing sensitive personally identifiable information, to disclose any breach of such information.",Notification of Risk to Personal Data Act of 2007,110,1,,
hr5086-110,Crime and Law Enforcement,Administrative procedure|Compensation for victims of crime|Corporate accountability|Department of Justice|District courts|Employee crimes|Fraud|Judges|Judicial review|Magistrates|Probation|Prosecution|Stockholders,2008-01-22,"To require the Attorney General to issue guidelines delineating when to enter into deferred prosecution agreements, to require judicial sanction of deferred prosecution agreements, and to provide for Federal monitors to oversee deferred prosecution agreements.",,110,1,,
s2794-110,Crime and Law Enforcement,Annuities|Consumer education|Crimes against the elderly|Criminal investigation|Deceptive advertising|Federal aid to law enforcement|Fees|Financial services|Fraud|Grants-in-aid|Insurance|Insurance agents|Investment advisers|Investments|Investors|Marketing|Prosecution|Restrictive trade practices|Securities|Securities regulation|Standards|State laws,2008-04-01,"A bill to protect older Americans from misleading and fraudulent marketing practices, with the goal of increasing retirement security.",Senior Investor Protection Act of 2008,110,1,,
s3704-110,Crime and Law Enforcement,Authorization|Bank failures|Bank fraud|Criminal investigation|Department of Justice|Federal Bureau of Investigation (FBI)|Federal law enforcement officers|Insider trading in securities|Recruiting of employees,2008-11-19,A bill to authorize additional Federal Bureau of Investigation field agents to investigate financial crimes.,FBI Priorities Act of 2008,110,1,,
s139-111,Crime and Law Enforcement,"Bank accounts, deposits, capital|Business records|Civil actions and liability|Computer security and identity theft|Consumer affairs|Consumer credit|Fraud offenses and financial crimes|Government information and archives|Intelligence activities, surveillance, classified information|Right of privacy|Social security and elderly assistance|Visas and passports",2009-01-06,"A bill to require Federal agencies, and persons engaged in interstate commerce, in possession of data containing sensitive personally identifiable information, to disclose any breach of such information.",Data Breach Notification Act,111,1,,
s386-111,Crime and Law Enforcement,"Civil actions and liability|Commodities markets|Congressional oversight|Criminal investigation, prosecution, interrogation|Currency|Department of Housing and Urban Development|Department of Justice|Executive agency funding and structure|Financial crises and stabilization|Fraud offenses and financial crimes|Government studies and investigations|Housing finance and home ownership|Postal service|Securities|Tax administration and collection, taxpayers",2009-02-05,"An Act to improve enforcement of mortgage fraud, securities and commodities fraud, financial institution fraud, and other frauds related to Federal assistance and relief programs, for the recovery of funds lost to these frauds, and for other purposes.",FERA,111,1,,
s481-111,Crime and Law Enforcement,"Criminal investigation, prosecution, interrogation|Department of Justice|Executive agency funding and structure|Federal Bureau of Investigation (FBI)|Financial crises and stabilization|Fraud offenses and financial crimes|Law enforcement officers",2009-02-25,A bill to authorize additional Federal Bureau of Investigation field agents to investigate financial crimes.,FBI Priorities Act of 2009,111,1,,
hr1748-111,Crime and Law Enforcement,"Bank accounts, deposits, capital|Civil actions and liability|Computer security and identity theft|Crimes against children|Criminal investigation, prosecution, interrogation|Department of Housing and Urban Development|Department of Justice|Department of the Treasury|Executive agency funding and structure|Financial crises and stabilization|Fraud offenses and financial crimes|Housing finance and home ownership|Law enforcement administration and funding|Pornography|Postal service|Securities|Sex offenses|Terrorism|White-collar crime",2009-03-26,"To amend title 18, United States Code, to enhance the investigation and prosecution of mortgage fraud and financial institution fraud, and for other purposes.",Fight Fraud Act of 2009,111,1,,
hr1779-111,Crime and Law Enforcement,"Computer security and identity theft|Criminal investigation, prosecution, interrogation|Department of Homeland Security|Department of Justice|Executive agency funding and structure|Federal Bureau of Investigation (FBI)|Financial services and investments|Fraud offenses and financial crimes|Law enforcement administration and funding|Poverty and welfare assistance|White-collar crime",2009-03-30,"To provide for resources for the investigation and prosecution of financial crimes, and for other purposes.",Financial Crimes Resources Act of 2009,111,1,,
s906-111,Crime and Law Enforcement,"Aging|Consumer affairs|Credit and credit markets|Criminal investigation, prosecution, interrogation|Financial services and investments|Fraud offenses and financial crimes|Insurance industry and regulation|Law enforcement administration and funding|Marketing and advertising|Securities",2009-04-28,"A bill to protect older Americans from misleading and fraudulent marketing practices, with the goal of increasing retirement security.",Senior Investment Protection Act of 2009,111,1,,
s1490-111,Crime and Law Enforcement,Administrative law and regulatory procedures|Bankruptcy|Business records|Civil actions and liability|Computer security and identity theft|Crime victims|Criminal procedure and sentencing|Department of Justice|Executive agency funding and structure|Federal Trade Commission (FTC)|Fraud offenses and financial crimes|Government information and archives|Organized crime|Public contracts and procurement|Right of privacy|U.S. Sentencing Commission,2009-07-22,"A bill to prevent and mitigate identity theft, to ensure privacy, to provide notice of security breaches, and to enhance criminal penalties, law enforcement assistance, and other protections against security breaches, fraudulent access, and misuse of personally identifiable information.",Personal Data Privacy and Security Act of 2009,111,1,,
hr3551-111,Crime and Law Enforcement,"Aging|Consumer affairs|Credit and credit markets|Criminal investigation, prosecution, interrogation|Financial services and investments|Fraud offenses and financial crimes|Insurance industry and regulation|Law enforcement administration and funding|Marketing and advertising|Securities",2009-09-10,"To protect older Americans from misleading and fraudulent marketing practices, with the goal of increasing retirement security.",Senior Investment Protection Act of 2009,111,1,,
s1661-111,Crime and Law Enforcement,"Aging|Consumer affairs|Credit and credit markets|Criminal investigation, prosecution, interrogation|Financial services and investments|Fraud offenses and financial crimes|Insurance industry and regulation|Law enforcement administration and funding|Marketing and advertising|Securities",2009-09-10,"A bill to protect older Americans from misleading and fraudulent marketing practices, with the goal of increasing retirement security.",Senior Investment Protection Act of 2009,111,1,,
s1724-111,Crime and Law Enforcement,"Criminal investigation, prosecution, interrogation|Fraud offenses and financial crimes|Housing finance and home ownership|Real estate business",2009-09-29,A bill to establish a competitive grant program in the Department of Justice to be administered by the Bureau of Justice Assistance which shall assist local criminal prosecutor's offices in investigating and prosecuting crimes of real estate fraud.,Fighting Real Estate Fraud Act of 2009,111,1,,
hr3995-111,Crime and Law Enforcement,"Corporate finance and management|Criminal investigation, prosecution, interrogation|Department of Justice|Executive agency funding and structure|Federal Bureau of Investigation (FBI)|Fraud offenses and financial crimes|Government employee pay, benefits, personnel management|Housing finance and home ownership|Securities|Securities and Exchange Commission (SEC)",2009-11-03,"To provide additional resources for Federal investigations and prosecutions of crimes related to the 2008 Financial Crisis, and for other purposes.",Financial Crisis of 2008 Criminal Investigation and Prosecution Act of 2009,111,1,,
hr6236-111,Crime and Law Enforcement,"Bank accounts, deposits, capital|Business records|Civil actions and liability|Computer security and identity theft|Consumer affairs|Consumer credit|Fraud offenses and financial crimes|Government information and archives|Intelligence activities, surveillance, classified information|Right of privacy|Social security and elderly assistance|Visas and passports",2010-09-28,"To require Federal agencies, and persons engaged in interstate commerce, in possession of data containing sensitive personally identifiable information, to disclose any breach of such information.",Data Breach Notification Act,111,1,,
hr6545-111,Crime and Law Enforcement,Business ethics|Corporate finance and management|Criminal justice information and records|Government information and archives,2010-12-17,"To establish a corporate crime database, and for other purposes.",Corporate Crime Database Act,111,1,,
hr323-112,Crime and Law Enforcement,Business ethics|Corporate finance and management|Criminal justice information and records|Government information and archives,2011-01-19,"To establish a corporate crime database, and for other purposes.",Corporate Crime Database Act,112,1,,
hr1350-112,Crime and Law Enforcement,"Corporate finance and management|Criminal investigation, prosecution, interrogation|Department of Justice|Executive agency funding and structure|Federal Bureau of Investigation (FBI)|Fraud offenses and financial crimes|Government employee pay, benefits, personnel management|Housing finance and home ownership|Securities|Securities and Exchange Commission (SEC)",2011-04-04,"To provide additional resources for Federal investigations and prosecutions of crimes related to the 2008 Financial Crisis, and for other purposes.",Financial Crisis Criminal Investigation Act,112,1,,
s867-112,Crime and Law Enforcement,"Academic performance and assessments|Administrative law and regulatory procedures|Adult education and literacy|Assault and harassment offenses|Child safety and welfare|Congressional oversight|Correctional facilities and imprisonment|Crime prevention|Crimes against property|Criminal investigation, prosecution, interrogation|Criminal justice information and records|Criminal procedure and sentencing|Drug, alcohol, tobacco use|Education programs funding|Elementary and secondary education|Financial literacy|Firearms and explosives|Government studies and investigations|Housing and community development funding|Indian social and development programs|Judicial procedure and administration|Juvenile crime and gang violence|Law enforcement administration and funding|Law enforcement officers|National and community service|Organized crime|Performance measurement|Physical fitness and lifestyle|Public housing|Social work, volunteer service, charitable organizations|U.S. Sentencing Commission|Violent crime",2011-05-03,A bill to fight criminal gangs.,Fighting Gangs and Empowering Youth Act of 2011,112,1,,
hr1820-112,Crime and Law Enforcement,"Academic performance and assessments|Administrative law and regulatory procedures|Adult education and literacy|Assault and harassment offenses|Child safety and welfare|Congressional oversight|Correctional facilities and imprisonment|Crime prevention|Crimes against property|Criminal investigation, prosecution, interrogation|Criminal justice information and records|Criminal procedure and sentencing|Drug, alcohol, tobacco use|Education programs funding|Elementary and secondary education|Financial literacy|Firearms and explosives|Government studies and investigations|Housing and community development funding|Indian social and development programs|Judicial procedure and administration|Juvenile crime and gang violence|Law enforcement administration and funding|Law enforcement officers|National and community service|Organized crime|Performance measurement|Physical fitness and lifestyle|Public housing|Social work, volunteer service, charitable organizations|U.S. Sentencing Commission|Violent crime",2011-05-10,To fight criminal gangs.,Fighting Gangs and Empowering Youth Act of 2011,112,1,,
s977-112,Crime and Law Enforcement,"Academic performance and assessments|Administrative law and regulatory procedures|Adult education and literacy|Assault and harassment offenses|Child safety and welfare|Congressional oversight|Correctional facilities and imprisonment|Crime prevention|Crimes against property|Criminal investigation, prosecution, interrogation|Criminal justice information and records|Criminal procedure and sentencing|Drug, alcohol, tobacco use|Education programs funding|Elementary and secondary education|Financial literacy|Firearms and explosives|Government studies and investigations|Housing and community development funding|Indian social and development programs|Judicial procedure and administration|Juvenile crime and gang violence|Law enforcement administration and funding|Law enforcement officers|National and community service|Organized crime|Performance measurement|Physical fitness and lifestyle|Public housing|Social work, volunteer service, charitable organizations|U.S. Sentencing Commission|Violent crime",2011-05-12,A bill to fight criminal gangs.,Fighting Gangs and Empowering Youth Act of 2011,112,1,,
s1050-112,Crime and Law Enforcement,"Bank accounts, deposits, capital|Banking and financial institutions regulation|Business records|Consumer credit|Criminal investigation, prosecution, interrogation|Intelligence activities, surveillance, classified information|Judicial review and appeals|Right of privacy|Securities|Telephone and wireless communication|Terrorism",2011-05-23,A bill to modify the Foreign Intelligence Surveillance Act of 1978 and to require judicial review of National Security Letters and Suspicious Activity Reports to prevent unreasonable searches and for other purposes.,Fourth Amendment Restoration Act,112,1,,
s1070-112,Crime and Law Enforcement,"Bank accounts, deposits, capital|Banking and financial institutions regulation|Business records|Consumer credit|Criminal investigation, prosecution, interrogation|Intelligence activities, surveillance, classified information|Judicial review and appeals|Right of privacy|Securities|Telephone and wireless communication|Terrorism",2011-05-25,A bill to modify the Foreign Intelligence Surveillance Act of 1978 and to require judicial review of National Security Letters and Suspicious Activity Reports to prevent unreasonable searches and for other purposes.,Fourth Amendment Restoration Act,112,1,,
s1077-112,Crime and Law Enforcement,"Bank accounts, deposits, capital|Banking and financial institutions regulation|Criminal investigation, prosecution, interrogation|Judicial review and appeals|Securities",2011-05-25,A bill to require judicial review of Suspicious Activity Reports.,,112,1,,
s1151-112,Crime and Law Enforcement,"Administrative law and regulatory procedures|Bankruptcy|Business records|Civil actions and liability|Computer security and identity theft|Crime victims|Criminal investigation, prosecution, interrogation|Criminal procedure and sentencing|Department of Justice|Federal Trade Commission (FTC)|Fraud offenses and financial crimes|Government information and archives|Infrastructure development|Organized crime|Public contracts and procurement|Right of privacy",2011-06-07,"A bill to prevent and mitigate identity theft, to ensure privacy, to provide notice of security breaches, and to enhance criminal penalties, law enforcement assistance, and other protections against security breaches, fraudulent access, and misuse of personally identifiable information.",Personal Data Privacy and Security Act of 2011,112,1,,
s1408-112,Crime and Law Enforcement,"Bank accounts, deposits, capital|Business records|Civil actions and liability|Computer security and identity theft|Consumer affairs|Consumer credit|Fraud offenses and financial crimes|Government information and archives|Intelligence activities, surveillance, classified information|Right of privacy|Social security and elderly assistance|Visas and passports",2011-07-22,"A bill to require Federal agencies, and persons engaged in interstate commerce, in possession of data containing sensitive personally identifiable information, to disclose any breach of such information.",Data Breach Notification Act of 2011,112,1,,
s1925-112,Crime and Law Enforcement,"Administrative law and regulatory procedures|Aging|Alaska|Alaska Natives and Hawaiians|Assault and harassment offenses|Census and government statistics|Child safety and welfare|Civil actions and liability|Congressional oversight|Correctional facilities and imprisonment|Crime prevention|Crime victims|Crimes against children|Crimes against women|Criminal investigation, prosecution, interrogation|Criminal justice information and records|Criminal procedure and sentencing|Department of Health and Human Services|Department of Homeland Security|Detention of persons|Disability and paralysis|Domestic violence and child abuse|Drug, alcohol, tobacco use|Employment and training programs|Evidence and witnesses|Foreign labor|Fraud offenses and financial crimes|Government liability|Health personnel|Health programs administration and funding|Higher education|Housing and community development funding|Human trafficking|Immigrant health and welfare|Immigration status and procedures|Income tax credits|Indian social and development programs|Internet and video services|Judicial procedure and administration|Jurisdiction and venue|Juvenile crime and gang violence|Law enforcement administration and funding|Lawyers and legal services|Low- and moderate-income housing|Marketing and advertising|Marriage and family status|Medical education|Medical research|Medical tests and diagnostic methods|Mental health|Northern Mariana Islands|Postal service|Public housing|Research administration and funding|Rural conditions and development|Sex offenses|Social work, volunteer service, charitable organizations|Telephone and wireless communication|Transportation safety and security|Violent crime|Visas and passports|Women's health|Worker safety and health",2011-11-30,A bill to reauthorize the Violence Against Women Act of 1994.,Violence Against Women Reauthorization Act of 2012,112,1,,
hr3634-112,Crime and Law Enforcement,"Academic performance and assessments|Administrative law and regulatory procedures|Administrative remedies|Competition and antitrust|Congressional oversight|Corporate finance and management|Correctional facilities and imprisonment|Employment and training programs|Employment discrimination and employee rights|Executive agency funding and structure|Federal Prison Industries, Inc.|Government corporations and government-sponsored enterprises|Government studies and investigations|Public contracts and procurement|Vocational and technical education|Wages and earnings",2011-12-12,"To amend title 18, United States Code, to require Federal Prison Industries to compete for its contracts minimizing its unfair competition with private sector firms and their non-inmate workers and empowering Federal agencies to get the best value for taxpayers' dollars, to provide a five-year period during which Federal Prison Industries adjusts to obtaining inmate work opportunities through other than its mandatory source status, to enhance inmate access to remedial and vocational opportunities and other rehabilitative opportunities to better prepare inmates for a successful return to society, to authorize alternative inmate work opportunities in support of non-profit organizations and other public service programs, and for other purposes.",Federal Prison Industries Competition in Contracting Act of 2011,112,1,,
s2338-112,Crime and Law Enforcement,"Aging|Assault and harassment offenses|Child safety and welfare|Civil actions and liability|Congressional oversight|Correctional facilities and imprisonment|Crime prevention|Crime victims|Crimes against children|Crimes against women|Criminal investigation, prosecution, interrogation|Criminal procedure and sentencing|Disability and paralysis|Domestic violence and child abuse|Drug, alcohol, tobacco use|Evidence and witnesses|Fraud offenses and financial crimes|Government liability|Government studies and investigations|Health programs administration and funding|Higher education|Homelessness and emergency shelter|Housing and community development funding|Immigration status and procedures|Indian social and development programs|Internet and video services|Judicial procedure and administration|Law enforcement administration and funding|Lawyers and legal services|Marriage and family status|Medical research|Pornography|Research administration and funding|Rural conditions and development|Sex offenses|Transportation safety and security|Violent crime|Visas and passports|Women's health",2012-04-23,A bill to reauthorize the Violence Against Women Act of 1994.,Violence Against Women Reauthorization Act of 2012,112,1,,
hr4970-112,Crime and Law Enforcement,"Accounting and auditing|Aging|Assault and harassment offenses|Child safety and welfare|Congressional oversight|Correctional facilities and imprisonment|Crime prevention|Crime victims|Crimes against children|Crimes against women|Criminal investigation, prosecution, interrogation|Criminal justice information and records|Criminal procedure and sentencing|Disability and paralysis|Domestic violence and child abuse|Drug, alcohol, tobacco use|Evidence and witnesses|Fraud offenses and financial crimes|Government studies and investigations|HIV/AIDS|Health programs administration and funding|Higher education|Homelessness and emergency shelter|Housing and community development funding|Immigration status and procedures|Indian social and development programs|Internet and video services|Judicial procedure and administration|Law enforcement administration and funding|Lawyers and legal services|Low- and moderate-income housing|Marriage and family status|Medical education|Medical research|Medical tests and diagnostic methods|Public housing|Research administration and funding|Right of privacy|Rural conditions and development|School administration|Sex offenses|Violent crime|Visas and passports|Worker safety and health",2012-04-27,To reauthorize the Violence Against Women Act of 1994.,Violence Against Women Reauthorization Act of 2012,112,1,,
hr4982-112,Crime and Law Enforcement,"Administrative law and regulatory procedures|Aging|Alaska|Alaska Natives and Hawaiians|Assault and harassment offenses|Census and government statistics|Child safety and welfare|Civil actions and liability|Congressional oversight|Correctional facilities and imprisonment|Crime prevention|Crime victims|Crimes against children|Crimes against women|Criminal investigation, prosecution, interrogation|Criminal justice information and records|Criminal procedure and sentencing|Department of Health and Human Services|Department of Homeland Security|Detention of persons|Disability and paralysis|Domestic violence and child abuse|Drug, alcohol, tobacco use|Employment and training programs|Evidence and witnesses|Foreign labor|Fraud offenses and financial crimes|Government liability|Health personnel|Health programs administration and funding|Higher education|Housing and community development funding|Human trafficking|Immigrant health and welfare|Immigration status and procedures|Income tax credits|Indian social and development programs|Internet and video services|Judicial procedure and administration|Jurisdiction and venue|Juvenile crime and gang violence|Law enforcement administration and funding|Lawyers and legal services|Low- and moderate-income housing|Marketing and advertising|Marriage and family status|Medical education|Medical research|Medical tests and diagnostic methods|Mental health|Northern Mariana Islands|Postal service|Public housing|Research administration and funding|Rural conditions and development|Sex offenses|Social work, volunteer service, charitable organizations|Telephone and wireless communication|Transportation safety and security|Violent crime|Visas and passports|Women's health|Worker safety and health",2012-04-27,To reauthorize the Violence Against Women Act of 1994.,Violence Against Women Reauthorization Act of 2012,112,1,,
hr131-113,Crime and Law Enforcement,"Corporate finance and management|Criminal investigation, prosecution, interrogation|Department of Justice|Executive agency funding and structure|Federal Bureau of Investigation (FBI)|Fraud offenses and financial crimes|Government employee pay, benefits, personnel management|Housing finance and home ownership|Securities|Securities and Exchange Commission (SEC)",2013-01-03,"To provide additional resources for Federal investigations and prosecutions of crimes related to the 2008 Financial Crisis, and for other purposes.",Financial Crisis Criminal Investigation Act,113,1,,
hr11-113,Crime and Law Enforcement,"Accounting and auditing|Administrative law and regulatory procedures|Aging|Alaska|Alaska Natives and Hawaiians|Assault and harassment offenses|Child health|Child safety and welfare|Civil actions and liability|Congressional oversight|Correctional facilities and imprisonment|Crime prevention|Crime victims|Crimes against children|Crimes against women|Criminal investigation, prosecution, interrogation|Criminal justice information and records|Criminal procedure and sentencing|Department of Health and Human Services|Detention of persons|Disability and paralysis|Domestic violence and child abuse|Education programs funding|Educational facilities and institutions|Elementary and secondary education|Evidence and witnesses|Family services|Fraud offenses and financial crimes|Genetics|Government information and archives|Government studies and investigations|Health personnel|Health programs administration and funding|Higher education|Homelessness and emergency shelter|Housing and community development funding|Human trafficking|Immigrant health and welfare|Indian social and development programs|Internet and video services|Judicial procedure and administration|Jurisdiction and venue|Juvenile crime and gang violence|Law enforcement administration and funding|Lawyers and legal services|Low- and moderate-income housing|Marriage and family status|Medical education|Medical research|Medical tests and diagnostic methods|Mental health|Northern Mariana Islands|Poverty and welfare assistance|Right of privacy|School administration|Sex offenses|Sex, gender, sexual orientation discrimination|Student aid and college costs|Teaching, teachers, curricula|Violent crime|Visas and passports|Women's health|Worker safety and health",2013-01-22,To reauthorize the Violence Against Women Act of 1994.,Violence Against Women Reauthorization Act of 2013,113,1,,
s47-113,Crime and Law Enforcement,"Accounting and auditing|Administrative law and regulatory procedures|Aging|Alaska|Alaska Natives and Hawaiians|Assault and harassment offenses|Child health|Child safety and welfare|Civil actions and liability|Congressional oversight|Correctional facilities and imprisonment|Crime prevention|Crime victims|Crimes against children|Crimes against women|Criminal investigation, prosecution, interrogation|Criminal justice information and records|Criminal procedure and sentencing|Department of Health and Human Services|Detention of persons|Disability and paralysis|Domestic violence and child abuse|Education programs funding|Educational facilities and institutions|Elementary and secondary education|Evidence and witnesses|Family services|Foreign aid and international relief|Fraud offenses and financial crimes|Genetics|Government information and archives|Government studies and investigations|HIV/AIDS|Health personnel|Health programs administration and funding|Higher education|Homelessness and emergency shelter|Housing and community development funding|Human rights|Human trafficking|Immigrant health and welfare|Immigration status and procedures|Indian social and development programs|International organizations and cooperation|Internet and video services|Judicial procedure and administration|Jurisdiction and venue|Juvenile crime and gang violence|Law enforcement administration and funding|Law enforcement officers|Lawyers and legal services|Low- and moderate-income housing|Marriage and family status|Medical education|Medical research|Medical tests and diagnostic methods|Mental health|Northern Mariana Islands|Nursing|Poverty and welfare assistance|Public housing|Refugees, asylum, displaced persons|Research administration and funding|Right of privacy|Sales and excise taxes|School administration",2013-01-22,A bill to reauthorize the Violence Against Women Act of 1994.,Violence Against Women Reauthorization Act of 2013,113,1,,
hr1860-113,Crime and Law Enforcement,"Civil actions and liability|Crime victims|Crimes against children|Crimes against property|Crimes against women|Criminal investigation, prosecution, interrogation|Criminal justice information and records|Criminal procedure and sentencing|Domestic violence and child abuse|Drug trafficking and controlled substances|Firearms and explosives|Fraud offenses and financial crimes|Health technology, devices, supplies|Human trafficking|Indian lands and resources rights|Judicial procedure and administration|Protection of officials|Sex offenses|Smuggling and trafficking|Subversive activities|Terrorism|Violent crime",2013-05-07,"To modernize, shorten, and simplify the Federal criminal code, and for other purposes.",Criminal Code Modernization and Simplification Act of 2013,113,1,,
hr2098-113,Crime and Law Enforcement,"Academic performance and assessments|Administrative law and regulatory procedures|Administrative remedies|Charitable contributions|Competition and antitrust|Congressional oversight|Corporate finance and management|Correctional facilities and imprisonment|Employment and training programs|Employment discrimination and employee rights|Executive agency funding and structure|Federal Prison Industries, Inc.|Federal officials|Government corporations and government-sponsored enterprises|Government studies and investigations|Public contracts and procurement|Vocational and technical education|Wages and earnings",2013-05-22,"To amend title 18, United States Code, to require Federal Prison Industries to compete for its contracts minimizing its unfair competition with private sector firms and their non-inmate workers and empowering Federal agencies to get the best value for taxpayers' dollars, to provide a five-year period during which Federal Prison Industries adjusts to obtaining inmate work opportunities through other than its mandatory source status, to enhance inmate access to remedial and vocational opportunities and other rehabilitative opportunities to better prepare inmates for a successful return to society, to authorize alternative inmate work opportunities in support of non-profit organizations and other public service programs, and for other purposes.",Federal Prison Industries Competition in Contracting Act of 2013,113,1,,
s1465-113,Crime and Law Enforcement,"Administrative law and regulatory procedures|Business records|Civil actions and liability|Congressional oversight|Corporate finance and management|Criminal investigation, prosecution, interrogation|Currency|Department of the Treasury|Fraud offenses and financial crimes|Government information and archives|Government studies and investigations|Immigration status and procedures|Licensing and registrations|Office of Management and Budget (OMB)|Public contracts and procurement|Terrorism",2013-08-01,"A bill to ensure that persons who form corporations in the United States disclose the beneficial owners of those corporations, in order to prevent the formation of corporations with hidden owners, stop the misuse of United States corporations by wrongdoers, and assist law enforcement in detecting, preventing, and punishing terrorism, money laundering , tax evasion, and other criminal and civil misconduct involving United States corporations, and for other purposes.",Incorporation Transparency and Law Enforcement Assistance Act,113,1,,
hr3317-113,Crime and Law Enforcement,"Administrative law and regulatory procedures|Bank accounts, deposits, capital|Banking and financial institutions regulation|Business records|Civil actions and liability|Commodity Futures Trading Commission|Congressional oversight|Corporate finance and management|Criminal justice information and records|Criminal procedure and sentencing|Department of the Treasury|Drug trafficking and controlled substances|Employment discrimination and employee rights|Evidence and witnesses|Federal Deposit Insurance Corporation (FDIC)|Federal Reserve System|Foreign and international banking|Fraud offenses and financial crimes|Government studies and investigations|International organizations and cooperation|Securities and Exchange Commission (SEC)|Terrorism|Wages and earnings",2013-10-23,"To strengthen the Federal statutes designed to deter money laundering and terrorism financing, and for other purposes.",Holding Individuals Accountable and Deterring Money Laundering Act,113,1,,
hr3331-113,Crime and Law Enforcement,Administrative law and regulatory procedures|Business records|Civil actions and liability|Congressional oversight|Corporate finance and management|Currency|Department of the Treasury|Fraud offenses and financial crimes|Government information and archives|Immigration status and procedures|Office of Management and Budget (OMB)|Public contracts and procurement|Terrorism,2013-10-23,"To amend title 31, United States Code, to ensure that persons who form corporations or limited liability companies in the United States disclose the beneficial owners of those corporations or limited liability companies, in order to prevent wrongdoers from exploiting United States corporations and limited liability companies for criminal gain, to assist law enforcement in detecting, preventing, and punishing terrorism, money laundering, and other misconduct involving United States corporations and limited liability companies, and for other purposes.",Incorporation Transparency and Law Enforcement Assistance Act,113,1,,
hr3465-113,Crime and Law Enforcement,"Accounting and auditing|Administrative law and regulatory procedures|Adult education and literacy|Advisory bodies|Congressional oversight|Correctional facilities and imprisonment|Crime prevention|Crime victims|Criminal procedure and sentencing|Department of Justice|Drug, alcohol, tobacco use|Elementary and secondary education|Employment and training programs|Executive agency funding and structure|Family services|Food assistance and relief|Government studies and investigations|Health care coverage and access|Homelessness and emergency shelter|Juvenile crime and gang violence|Law enforcement administration and funding|Low- and moderate-income housing|Medicaid|Medicare|Mental health|Performance measurement|Poverty and welfare assistance|Public housing|Research administration and funding|Separation, divorce, custody, support|Social security and elderly assistance|Social work, volunteer service, charitable organizations|Veterans' education, employment, rehabilitation|Veterans' loans, housing, homeless programs|Veterans' medical care|Veterans' pensions and compensation|Vocational and technical education",2013-11-13,To reauthorize the Second Chance Act of 2007.,Second Chance Reauthorization Act of 2013,113,1,,
s1690-113,Crime and Law Enforcement,"Accounting and auditing|Administrative law and regulatory procedures|Adult education and literacy|Advisory bodies|Congressional oversight|Correctional facilities and imprisonment|Crime prevention|Crime victims|Crimes against women|Criminal procedure and sentencing|Department of Justice|Drug, alcohol, tobacco use|Elementary and secondary education|Employment and training programs|Executive agency funding and structure|Family services|Food assistance and relief|Government studies and investigations|Health care coverage and access|Homelessness and emergency shelter|Juvenile crime and gang violence|Law enforcement administration and funding|Low- and moderate-income housing|Medicaid|Medicare|Mental health|Performance measurement|Poverty and welfare assistance|Public housing|Research administration and funding|Separation, divorce, custody, support|Sex offenses|Social security and elderly assistance|Social work, volunteer service, charitable organizations|Veterans' education, employment, rehabilitation|Veterans' loans, housing, homeless programs|Veterans' medical care|Veterans' pensions and compensation|Vocational and technical education",2013-11-13,A bill to reauthorize the Second Chance Act of 2007.,Second Chance Reauthorization Act of 2013,113,1,,
s1897-113,Crime and Law Enforcement,"Bank accounts, deposits, capital|Business records|Civil actions and liability|Computer security and identity theft|Computers and information technology|Congressional oversight|Consumer affairs|Consumer credit|Criminal investigation, prosecution, interrogation|Criminal justice information and records|Fraud offenses and financial crimes|Organized crime|Right of privacy",2014-01-08,"A bill to prevent and mitigate identity theft, to ensure privacy, to provide notice of security breaches, and to enhance criminal penalties, law enforcement assistance, and other protections against security breaches, fraudulent access, and misuse of personally identifiable information.",Personal Data Privacy and Security Act of 2014,113,1,,
hr3990-113,Crime and Law Enforcement,"Bank accounts, deposits, capital|Business records|Civil actions and liability|Computer security and identity theft|Computers and information technology|Congressional oversight|Consumer affairs|Consumer credit|Criminal investigation, prosecution, interrogation|Criminal justice information and records|Fraud offenses and financial crimes|Organized crime|Right of privacy",2014-02-04,"To prevent and mitigate identity theft, to ensure privacy, to provide notice of security breaches, and to enhance criminal penalties, law enforcement assistance, and other protections against security breaches, fraudulent access, and misuse of personally identifiable information.",Personal Data Privacy and Security Act of 2014,113,1,,
hr4452-113,Crime and Law Enforcement,Business ethics|Corporate finance and management|Criminal justice information and records|Government information and archives,2014-04-10,"To establish a corporate crime database, and for other purposes.",Corporate Crime Database Act,113,1,,
s2999-113,Crime and Law Enforcement,"Accounting and auditing|Child care and development|Child health|Congressional oversight|Correctional facilities and imprisonment|Crime prevention|Crime victims|Criminal justice information and records|Detention of persons|Domestic violence and child abuse|Drug, alcohol, tobacco use|Executive agency funding and structure|Government studies and investigations|Hereditary and development disorders|Indian social and development programs|Judicial procedure and administration|Juvenile crime and gang violence|Law enforcement administration and funding|Medical tests and diagnostic methods|Mental health|Racial and ethnic relations|Sex offenses|Social work, volunteer service, charitable organizations",2014-12-11,"A bill to reauthorize and improve the Juvenile Justice and Delinquency Prevention Act of 1974, and for other purposes.",Juvenile Justice and Delinquency Prevention Reauthorization Act of 2014,113,1,,
hr102-114,Crime and Law Enforcement,Business ethics|Corporate finance and management|Criminal justice information and records|Government information and archives,2015-01-06,"To establish a corporate crime database, and for other purposes.",Corporate Crime Database Act,114,1,,
s676-114,Crime and Law Enforcement,"Administrative law and regulatory procedures|Bank accounts, deposits, capital|Banking and financial institutions regulation|Civil actions and liability|Computer security and identity theft|Congressional oversight|Criminal investigation, prosecution, interrogation|Employee hiring|Fraud offenses and financial crimes|Government information and archives|Government studies and investigations|Health information and medical records|Intergovernmental relations|Medicare|Right of privacy|Social security and elderly assistance|State and local government operations|Tax administration and collection, taxpayers",2015-03-09,"A bill to amend the Internal Revenue Code of 1986 to prevent tax-related identity theft and tax fraud, and for other purposes.",Identity Theft and Tax Fraud Prevention Act of 2015,114,1,,
hr1699-114,Crime and Law Enforcement,"Academic performance and assessments|Administrative law and regulatory procedures|Administrative remedies|Charitable contributions|Competition and antitrust|Congressional oversight|Corporate finance and management|Correctional facilities and imprisonment|Employment and training programs|Employment discrimination and employee rights|Executive agency funding and structure|Federal Prison Industries, Inc.|Federal officials|Government corporations and government-sponsored enterprises|Government studies and investigations|Public contracts and procurement|Vocational and technical education|Wages and earnings",2015-03-26,"To amend title 18, United States Code, to require Federal Prison Industries to compete for its contracts minimizing its unfair competition with private sector firms and their non-inmate workers and empowering Federal agencies to get the best value for taxpayers' dollars, to provide a five-year period during which Federal Prison Industries adjusts to obtaining inmate work opportunities through other than its mandatory source status, to enhance inmate access to remedial and vocational opportunities and other rehabilitative opportunities to better prepare inmates for a successful return to society, to authorize alternative inmate work opportunities in support of non-profit organizations and other public service programs, and for other purposes.",Federal Prison Industries Competition in Contracting Act of 2015,114,1,,
s1158-114,Crime and Law Enforcement,"Administrative law and regulatory procedures|Civil actions and liability|Computer security and identity theft|Congressional oversight|Consumer affairs|Consumer credit|Criminal investigation, prosecution, interrogation|Criminal justice information and records|Federal Trade Commission (FTC)|Federal preemption|Fraud offenses and financial crimes|Right of privacy|State and local government operations|Telephone and wireless communication",2015-04-30,"A bill to ensure the privacy and security of sensitive personal information, to prevent and mitigate identity theft, to provide notice of security breaches involving sensitive personal information, and to enhance law enforcement assistance and other protections against security breaches, fraudulent access, and misuse of personal information.",Consumer Privacy Protection Act of 2015,114,1,,
s1513-114,Crime and Law Enforcement,"Accounting and auditing|Administrative law and regulatory procedures|Adult education and literacy|Aging|Congressional oversight|Correctional facilities and imprisonment|Crime prevention|Crime victims|Criminal investigation, prosecution, interrogation|Criminal procedure and sentencing|Department of Justice|Detention of persons|Drug therapy|Drug, alcohol, tobacco use|Elementary and secondary education|Emergency medical services and trauma care|Employment and training programs|Executive agency funding and structure|Family services|Fraud offenses and financial crimes|Government studies and investigations|Health care coverage and access|Homelessness and emergency shelter|Indian social and development programs|Juvenile crime and gang violence|Law enforcement administration and funding|Low- and moderate-income housing|Mental health|Performance measurement|Poverty and welfare assistance|Research administration and funding|Social work, volunteer service, charitable organizations|State and local courts|Veterans' education, employment, rehabilitation|Veterans' loans, housing, homeless programs|Veterans' medical care|Veterans' pensions and compensation|Vocational and technical education",2015-06-04,A bill to reauthorize the Second Chance Act of 2007.,Second Chance Reauthorization Act,114,1,,
hr2728-114,Crime and Law Enforcement,Accounting and auditing|Child health|Child safety and welfare|Congressional oversight|Correctional facilities and imprisonment|Crime prevention|Department of Justice|Detention of persons|Executive agency funding and structure|Government studies and investigations|Juvenile crime and gang violence|Law enforcement administration and funding|Mental health|Performance measurement|Public participation and lobbying|Racial and ethnic relations|Tax-exempt organizations|Taxation of foreign income,2015-06-11,"To reauthorize and improve the Juvenile Justice and Delinquency Prevention Act of 1974, and for other purposes.",Youth Justice Act of 2015,114,1,,
hr2977-114,Crime and Law Enforcement,"Administrative law and regulatory procedures|Civil actions and liability|Computer security and identity theft|Congressional oversight|Consumer affairs|Consumer credit|Criminal investigation, prosecution, interrogation|Criminal justice information and records|Federal Trade Commission (FTC)|Federal preemption|Fraud offenses and financial crimes|Right of privacy|State and local government operations|Telephone and wireless communication",2015-07-08,"To ensure the privacy and security of sensitive personal information, to prevent and mitigate identity theft, to provide notice of security breaches involving sensitive personal information, and to enhance law enforcement assistance and other protections against security breaches, fraudulent access, and misuse of personal information.",Consumer Privacy Protection Act of 2015,114,1,,
hr3406-114,Crime and Law Enforcement,"Accounting and auditing|Administrative law and regulatory procedures|Adult education and literacy|Congressional oversight|Correctional facilities and imprisonment|Crime prevention|Crime victims|Criminal investigation, prosecution, interrogation|Criminal procedure and sentencing|Department of Justice|Drug therapy|Drug, alcohol, tobacco use|Elementary and secondary education|Emergency medical services and trauma care|Employment and training programs|Executive agency funding and structure|Family services|Fraud offenses and financial crimes|Government studies and investigations|Health care coverage and access|Homelessness and emergency shelter|Indian social and development programs|Juvenile crime and gang violence|Law enforcement administration and funding|Low- and moderate-income housing|Mental health|Performance measurement|Poverty and welfare assistance|Research administration and funding|Social work, volunteer service, charitable organizations|State and local courts|Veterans' education, employment, rehabilitation|Veterans' loans, housing, homeless programs|Veterans' medical care|Veterans' pensions and compensation|Vocational and technical education",2015-07-29,To reauthorize the Second Chance Act of 2007.,Second Chance Reauthorization Act of 2015,114,1,,
hr3841-114,Crime and Law Enforcement,"Assault and harassment offenses|Civil actions and liability|Congressional agencies|Congressional oversight|Crime prevention|Crime victims|Crimes against women|Criminal investigation, prosecution, interrogation|Domestic violence and child abuse|Employee benefits and pensions|Employee hiring|Employee leave|Employment discrimination and employee rights|Evidence and witnesses|Financial literacy|Government employee pay, benefits, personnel management|Government information and archives|Government studies and investigations|Health care costs and insurance|Health programs administration and funding|Health promotion and preventive care|Indian social and development programs|Insurance industry and regulation|Labor standards|Library of Congress|Life, casualty, property insurance|Poverty and welfare assistance|Sex offenses|Unemployment|Wages and earnings|Women's employment|Worker safety and health",2015-10-27,"To promote the economic security and safety of survivors of domestic violence, dating violence, sexual assault, or stalking, and for other purposes.",Security and Financial Empowerment Act of 2015,114,1,,
s2208-114,Crime and Law Enforcement,"Assault and harassment offenses|Civil actions and liability|Congressional agencies|Congressional oversight|Crime prevention|Crime victims|Crimes against women|Criminal investigation, prosecution, interrogation|Domestic violence and child abuse|Employee benefits and pensions|Employee hiring|Employee leave|Employment discrimination and employee rights|Evidence and witnesses|Financial literacy|Government employee pay, benefits, personnel management|Government information and archives|Government studies and investigations|Health care costs and insurance|Health programs administration and funding|Health promotion and preventive care|Indian social and development programs|Insurance industry and regulation|Labor standards|Library of Congress|Life, casualty, property insurance|Poverty and welfare assistance|Sex offenses|Unemployment|Wages and earnings|Women's employment|Worker safety and health",2015-10-27,"A bill to promote the economic security and safety of survivors of domestic violence, dating violence, sexual assault, or stalking, and for other purposes.",Security and Financial Empowerment Act of 2015,114,1,,
hr3981-114,Crime and Law Enforcement,"Administrative law and regulatory procedures|Bank accounts, deposits, capital|Banking and financial institutions regulation|Civil actions and liability|Computer security and identity theft|Congressional oversight|Criminal investigation, prosecution, interrogation|Employee hiring|Fraud offenses and financial crimes|Government information and archives|Government studies and investigations|Health information and medical records|Intergovernmental relations|Right of privacy|Social security and elderly assistance|State and local government operations|Tax administration and collection, taxpayers",2015-11-05,"To amend the Internal Revenue Code of 1986 to prevent tax-related identity theft and tax fraud, and for other purposes.",Identity Theft and Tax Fraud Prevention Act of 2015,114,1,,
hr4242-114,Crime and Law Enforcement,"Administrative law and regulatory procedures|Bank accounts, deposits, capital|Banking and financial institutions regulation|Business records|Civil actions and liability|Commodity Futures Trading Commission|Congressional oversight|Corporate finance and management|Criminal justice information and records|Criminal procedure and sentencing|Department of the Treasury|Drug trafficking and controlled substances|Employment discrimination and employee rights|Evidence and witnesses|Federal Deposit Insurance Corporation (FDIC)|Federal Reserve System|Foreign and international banking|Fraud offenses and financial crimes|Government studies and investigations|International organizations and cooperation|Securities and Exchange Commission (SEC)|Terrorism|Wages and earnings",2015-12-11,"To strengthen the Federal statutes designed to deter money laundering and terrorism financing, and for other purposes.",Holding Individuals Accountable and Deterring Money Laundering Act,114,1,,
hr4450-114,Crime and Law Enforcement,Administrative law and regulatory procedures|Business records|Civil actions and liability|Congressional oversight|Corporate finance and management|Currency|Department of the Treasury|Fraud offenses and financial crimes|Government information and archives|Immigration status and procedures|Office of Management and Budget (OMB)|Public contracts and procurement|Terrorism,2016-02-03,"To amend title 31, United States Code, to ensure that persons who form corporations or limited liability companies in the United States disclose the beneficial owners of those corporations or limited liability companies, in order to prevent wrongdoers from exploiting United States corporations and limited liability companies for criminal gain, to assist law enforcement in detecting, preventing, and punishing terrorism, money laundering, and other misconduct involving United States corporations and limited liability companies, and for other purposes.",Incorporation Transparency and Law Enforcement Assistance Act,114,1,,
s2489-114,Crime and Law Enforcement,"Administrative law and regulatory procedures|Business records|Civil actions and liability|Congressional oversight|Corporate finance and management|Criminal investigation, prosecution, interrogation|Currency|Department of the Treasury|Fraud offenses and financial crimes|Government information and archives|Government studies and investigations|Immigration status and procedures|Licensing and registrations|Office of Management and Budget (OMB)|Public contracts and procurement|Terrorism",2016-02-03,"A bill to ensure that persons who form corporations in the United States disclose the beneficial owners of those corporations, in order to prevent the formation of corporations with hidden owners, stop the misuse of United States corporations by wrongdoers, and assist law enforcement in detecting, preventing, and punishing terrorism, money laundering, tax evasion, and other criminal and civil misconduct involving United States corporations, and for other purposes.",Incorporation Transparency and Law Enforcement Assistance Act,114,1,,
hr144-115,Crime and Law Enforcement,Business ethics|Corporate finance and management|Criminal justice information and records|Government information and archives,2017-01-03,"To establish a corporate crime database, and for other purposes.",Corporate Crime Database Act,115,1,,
hr1824-115,Crime and Law Enforcement,"Alternative treatments|Bank accounts, deposits, capital|Banking and financial institutions regulation|Bankruptcy|Broadcasting, cable, digital technologies|Business expenses|Business records|Criminal justice information and records|Criminal procedure and sentencing|Department of Veterans Affairs|Drug trafficking and controlled substances|Drug, alcohol, tobacco use|Federal-Indian relations|Fraud offenses and financial crimes|Government employee pay, benefits, personnel management|Health personnel|Higher education|Housing and community development funding|Immigration status and procedures|Income tax credits|Income tax deductions|Indian social and development programs|Intergovernmental relations|Licensing and registrations|Marketing and advertising|Medical research|Minority health|Personnel records|State and local government operations|Student aid and college costs|Veterans' medical care",2017-03-30,"To amend the Controlled Substances Act to reduce the gap between Federal and State marijuana policy, and for other purposes.",Responsibly Addressing the Marijuana Policy Gap Act of 2017,115,1,,
s780-115,Crime and Law Enforcement,"Alternative treatments|Bank accounts, deposits, capital|Banking and financial institutions regulation|Bankruptcy|Broadcasting, cable, digital technologies|Business expenses|Business records|Criminal justice information and records|Criminal procedure and sentencing|Department of Veterans Affairs|Drug trafficking and controlled substances|Drug, alcohol, tobacco use|Federal-Indian relations|Fraud offenses and financial crimes|Government employee pay, benefits, personnel management|Health personnel|Higher education|Housing and community development funding|Immigration status and procedures|Income tax credits|Income tax deductions|Indian social and development programs|Intergovernmental relations|Licensing and registrations|Marketing and advertising|Medical research|Minority health|Personnel records|State and local government operations|Student aid and college costs|Veterans' medical care",2017-03-30,"A bill to amend the Controlled Substances Act to reduce the gap between Federal and State marijuana policy, and for other purposes.",Responsibly Addressing the Marijuana Policy Gap Act of 2017,115,1,,
hr2899-115,Crime and Law Enforcement,"Accounting and auditing|Administrative law and regulatory procedures|Adult education and literacy|Congressional oversight|Correctional facilities and imprisonment|Crime prevention|Crime victims|Criminal investigation, prosecution, interrogation|Criminal procedure and sentencing|Department of Justice|Drug therapy|Drug, alcohol, tobacco use|Elementary and secondary education|Emergency medical services and trauma care|Employment and training programs|Executive agency funding and structure|Family services|Fraud offenses and financial crimes|Government studies and investigations|Health care coverage and access|Homelessness and emergency shelter|Indian social and development programs|Juvenile crime and gang violence|Law enforcement administration and funding|Low- and moderate-income housing|Mental health|Performance measurement|Poverty and welfare assistance|Research administration and funding|Social work, volunteer service, charitable organizations|State and local courts|Veterans' education, employment, rehabilitation|Veterans' loans, housing, homeless programs|Veterans' medical care|Veterans' pensions and compensation|Vocational and technical education",2017-06-13,To reauthorize the Second Chance Act of 2007.,Second Chance Reauthorization Act of 2017,115,1,,
hr3089-115,Crime and Law Enforcement,Administrative law and regulatory procedures|Business records|Civil actions and liability|Congressional oversight|Corporate finance and management|Currency|Department of the Treasury|Fraud offenses and financial crimes|Government information and archives|Government studies and investigations|Immigration status and procedures|Office of Management and Budget (OMB)|Public contracts and procurement|Terrorism,2017-06-28,"To amend title 31, United States Code, to ensure that persons who form corporations or limited liability companies in the United States disclose the beneficial owners of those corporations or limited liability companies, in order to prevent wrongdoers from exploiting United States corporations and limited liability companies for criminal gain, to assist law enforcement in detecting, preventing, and punishing terrorism, money laundering, and other misconduct involving United States corporations and limited liability companies, and for other purposes.",Corporate Transparency Act of 2017,115,1,,
s1454-115,Crime and Law Enforcement,"Administrative law and regulatory procedures|Business records|Civil actions and liability|Congressional oversight|Corporate finance and management|Criminal investigation, prosecution, interrogation|Currency|Department of the Treasury|Fraud offenses and financial crimes|Government information and archives|Government studies and investigations|Immigration status and procedures|Licensing and registrations|Office of Management and Budget (OMB)|Public contracts and procurement|Terrorism",2017-06-28,"A bill to ensure that persons who form corporations in the United States disclose the beneficial owners of those corporations, in order to prevent the formation of corporations with hidden owners, stop the misuse of United States corporations by wrongdoers, and assist law enforcement in detecting, preventing, and punishing terrorism, money laundering, tax evasion, and other criminal and civil misconduct involving United States corporations, and for other purposes.",TITLE Act,115,1,,
s1717-115,Crime and Law Enforcement,Administrative law and regulatory procedures|Business records|Civil actions and liability|Congressional oversight|Corporate finance and management|Currency|Department of the Treasury|Fraud offenses and financial crimes|Government information and archives|Government studies and investigations|Immigration status and procedures|Office of Management and Budget (OMB)|Public contracts and procurement|Terrorism,2017-08-02,"A bill to amend title 31, United States Code, to ensure that persons who form corporations or limited liability companies in the United States disclose the beneficial owners of those corporations or limited liability companies, in order to prevent wrongdoers from exploiting United States corporations and limited liability companies for criminal gain, to assist law enforcement in detecting, preventing, and punishing terrorism, money laundering, and other misconduct involving United States corporations and limited liability companies, and for other purposes.",Corporate Transparency Act of 2017,115,1,,
hr4081-115,Crime and Law Enforcement,"Administrative law and regulatory procedures|Civil actions and liability|Computer security and identity theft|Congressional oversight|Consumer affairs|Consumer credit|Criminal investigation, prosecution, interrogation|Criminal justice information and records|Federal Trade Commission (FTC)|Federal preemption|Fraud offenses and financial crimes|Right of privacy|State and local government operations|Telephone and wireless communication",2017-10-19,"To ensure the privacy and security of sensitive personal information, to prevent and mitigate identity theft, to provide notice of security breaches involving sensitive personal information, and to enhance law enforcement assistance and other protections against security breaches, fraudulent access, and misuse of personal information.",Consumer Privacy Protection Act of 2017,115,1,,
s2124-115,Crime and Law Enforcement,"Administrative law and regulatory procedures|Civil actions and liability|Computer security and identity theft|Congressional oversight|Consumer affairs|Consumer credit|Criminal investigation, prosecution, interrogation|Criminal justice information and records|Federal Trade Commission (FTC)|Federal preemption|Fraud offenses and financial crimes|Government information and archives|Right of privacy|State and local government operations|Telephone and wireless communication",2017-11-14,"A bill to ensure the privacy and security of sensitive personal information, to prevent and mitigate identity theft, to provide notice of security breaches involving sensitive personal information, and to enhance law enforcement assistance and for other protections against security breaches, fraudulent access, and misuse of personal information.",Consumer Privacy Protection Act of 2017,115,1,,
hr5682-115,Crime and Law Enforcement,"Accounting and auditing|Advisory bodies|Animal protection and human-animal relationships|Congressional oversight|Correctional facilities and imprisonment|Criminal justice information and records|Criminal procedure and sentencing|Department of Justice|Disaster relief and insurance|District of Columbia|Drug therapy|Drug trafficking and controlled substances|Drug, alcohol, tobacco use|Employment and training programs|Executive agency funding and structure|Family relationships|Firearms and explosives|Government employee pay, benefits, personnel management|Government studies and investigations|Higher education|Juvenile crime and gang violence|Law enforcement officers|Long-term, rehabilitative, and terminal care|Mental health|Public contracts and procurement|Sex offenses|Social work, volunteer service, charitable organizations|Tax-exempt organizations|Vocational and technical education|Women's health",2018-05-07,"To provide for programs to help reduce the risk that prisoners will recidivate upon release from prison, and for other purposes.",FIRST STEP Act,115,1,,
s3635-115,Crime and Law Enforcement,"Accounting and auditing|Administrative law and regulatory procedures|Adult education and literacy|Congressional oversight|Correctional facilities and imprisonment|Crime prevention|Crime victims|Criminal investigation, prosecution, interrogation|Criminal procedure and sentencing|Department of Justice|Drug therapy|Drug, alcohol, tobacco use|Elementary and secondary education|Emergency medical services and trauma care|Employment and training programs|Executive agency funding and structure|Family services|Fraud offenses and financial crimes|Government studies and investigations|Health care coverage and access|Homelessness and emergency shelter|Indian social and development programs|Juvenile crime and gang violence|Law enforcement administration and funding|Low- and moderate-income housing|Mental health|Performance measurement|Poverty and welfare assistance|Research administration and funding|Social work, volunteer service, charitable organizations|State and local courts|Veterans' education, employment, rehabilitation|Veterans' loans, housing, homeless programs|Veterans' medical care|Veterans' pensions and compensation|Vocational and technical education",2018-11-15,A bill to reauthorize the Second Chance Act of 2007.,Second Chance Reauthorization Act of 2018,115,1,,
s3649-115,Crime and Law Enforcement,"Accounting and auditing|Advisory bodies|Animal protection and human-animal relationships|Congressional oversight|Correctional facilities and imprisonment|Criminal justice information and records|Criminal procedure and sentencing|Department of Justice|Detention of persons|Disaster relief and insurance|District of Columbia|Drug therapy|Drug trafficking and controlled substances|Drug, alcohol, tobacco use|Employment and training programs|Executive agency funding and structure|Family relationships|Firearms and explosives|Government employee pay, benefits, personnel management|Government studies and investigations|Higher education|Judicial procedure and administration|Juvenile crime and gang violence|Law enforcement administration and funding|Law enforcement officers|Long-term, rehabilitative, and terminal care|Mental health|Public contracts and procurement|Sex offenses|Social work, volunteer service, charitable organizations|Tax-exempt organizations|Violent crime|Vocational and technical education|Women's health",2018-11-15,"A bill to provide for programs to help reduce the risk that prisoners will recidivate upon release from prison, and for other purposes.",First Step Act,115,1,,
hr1119-116,Crime and Law Enforcement,"Alternative treatments|Bank accounts, deposits, capital|Banking and financial institutions regulation|Bankruptcy|Broadcasting, cable, digital technologies|Business expenses|Business records|Criminal justice information and records|Criminal procedure and sentencing|Department of Veterans Affairs|Drug trafficking and controlled substances|Drug, alcohol, tobacco use|Federal-Indian relations|Fraud offenses and financial crimes|Free trade and trade barriers|Government employee pay, benefits, personnel management|Health personnel|Higher education|Housing and community development funding|Immigration status and procedures|Income tax credits|Income tax deductions|Indian social and development programs|Intergovernmental relations|Licensing and registrations|Marketing and advertising|Medical research|Minority health|Personnel records|State and local government operations|Student aid and college costs|Trade agreements and negotiations|Veterans' medical care",2019-02-08,"To amend the Controlled Substances Act to reduce the gap between Federal and State marijuana policy, and for other purposes.",Responsibly Addressing the Marijuana Policy Gap Act of 2019,116,1,,
hr183-103,Finance and Financial Sector,Arkansas|Bank holding companies|Community development corporations|Congressional delegations|Federal advisory bodies|Federal aid to community development|Federal incorporation|Federal-state relations|Illinois|Kentucky|Louisiana|Mississippi|Missouri|Presidential appointments|Regional economic development|South Central States|Tennessee,1993-01-05,"To promote economic development in the Lower Mississippi Delta by establishing the Lower Mississippi Delta Development Financing Corporation, and for other purposes.",Lower Mississippi Delta Development Financing Corporation Act,103,1,,
hr269-103,Finance and Financial Sector,Bank examination|Bank fraud|Bank loans|Bank records|Community development|Credit|Government paperwork,1993-01-05,"To amend the Community Reinvestment Act of 1977 to reduce onerous recordkeeping and reporting requirements for regulated financial institutions, and for other purposes.",Community Reinvestment Improvement Act of 1993,103,1,,
hr417-103,Finance and Financial Sector,Civil actions and liability|Class actions (Civil procedure)|Conflict of interests|Frivolous lawsuits|Legal ethics|Legal fees|Liability (Law)|Limitation of actions|Securities|Securities fraud|Securities regulation,1993-01-05,"To amend the Securities Exchange Act of 1934 in order to reform private enforcement of the Federal securities laws, and for other purposes.",Securities Private Enforcement Reform Act,103,1,,
hr420-103,Finance and Financial Sector,American investments|Capital investments|Congressional reporting requirements|Corporate governance|Economic research|Foreign investments|Japan|Securities|Securities industry|Securities regulation|Stock exchanges,1993-01-05,"To require the Secretary of the Treasury to perform a study of the structures, operations, practices and regulation of Japan's capital and securities markets, and their implications for the United States.",Foreign Capital and Securities Markets Study Act of 1993,103,1,,
hr458-103,Finance and Financial Sector,Bank directors|Bank employees|Bank holding companies|Bank management|Consumer education|Deposit insurance|Financial deregulation|Financial services|Financial statements|Government paperwork|Mutual funds|Nonbank banks|Stocks|Subsidiary corporations,1993-01-06,"To permit national banks, State member banks, and bank holding companies to establish subsidiaries which underwrite shares of and sponsor investment companies, and for other purposes.",Financial Services Act of 1993,103,1,,
s163-103,Finance and Financial Sector,Administrative remedies|American investments|Bank capital|Bank reserves|Bankruptcy|Brokers|Capital investments|Capital movements|Civil actions and liability|Congressional reporting requirements|Consumer protection|Corporate governance|Corporation directors|Economic research|Foreign banks and banking|Foreign investments|Information disclosure (Securities law)|International competitiveness|Japan|Pension funds|Real estate business|Saving and investment|Securities|Securities industry|Securities regulation|Stock exchanges|Stockholders' voting,1993-01-21,"A bill to require the Secretary of the Treasury to perform a study of the structure, operation, practice and regulation of Japan's capital and securities markets, and their implications for the United States.",Foreign Capital and Securities Markets Study Act of 1993,103,1,,
hr574-103,Finance and Financial Sector,Accounting|Auditing|Financial statements|Fines (Penalties)|Information disclosure (Securities law)|Securities|Securities fraud|Securities regulation,1993-01-26,To amend the Securities Exchange Act of 1934 to impose additional fraud detection and disclosure obligations on auditors of public companies.,Financial Fraud Detection and Disclosure Act,103,1,,
hr618-103,Finance and Financial Sector,Administrative procedure|Auctions|Brokers|Business records|Computers|Congressional investigations|Congressional reporting requirements|Data transmission systems|Deceptive advertising|Department of the Treasury|Economic statistics|Federal Reserve System|Federal advisory bodies|Federal employees|Federally-assisted loans|Federally-guaranteed loans|Foreign banks and banking|Gifts|Government paperwork|Government securities|Governmental investigations|Gross national product|Information disclosure (Securities law)|Information networks|Interest|Investors|Licenses|Misconduct in office|Public debt|Public meetings of administrative bodies|Secondary mortgage market|Securities|Securities and Exchange Commission|Securities fraud|Securities industry|Securities regulation|Tender offers,1993-01-26,"To extend and revise rulemaking authority with respect to government securities under the Federal securities laws, and for other purposes.",Government Securities Reform Act of 1993,103,1,,
s259-103,Finance and Financial Sector,Corporation reports|Employee stock options|Executive compensation|Financial statements|Securities|Securities regulation,1993-01-28,A bill to require that stock option compensation paid to corporate executives be recorded as a compensation expense in corporate financial statements.,Corporate Executives' Stock Option Accountability Act,103,1,,
s423-103,Finance and Financial Sector,Accounting|Administrative fees|Administrative procedure|Auditing|Brokers|Competition|Confidential communications|Conflict of interests|Congressional reporting requirements|Consumer protection|Data banks|Embezzlement|Ex-offenders|Federal-state relations|Fees|Financial statements|Fines (Penalties)|Fraud|Government paperwork|Independent regulatory commissions|Information disclosure (Securities law)|Information services|Investment advisers|Larceny|Licenses|Professional fees|Rural affairs legislation|Savings and loan associations|Securities|Securities and Exchange Commission|Securities fraud|Securities industry|Securities regulation|Small business|Stock exchanges|Surety and fidelity|Surveys,1993-02-24,"A bill to provide for recovery of costs of supervision and regulation of investment advisors and their activities, and for other purposes.",Investment Adviser Oversight Act of 1993,103,1,,
hr1258-103,Finance and Financial Sector,Contracts|Corporate mergers|Corporate reorganizations|Securities|Securities regulation|Trusts and trustees,1993-03-09,To amend the Trust Indenture Act of 1939 to require that indentures prohibit corporate acquisitions or reorganizations unless the successor corporation assumes the responsibility to make payments under the indenture.,,103,1,,
s540-103,Finance and Financial Sector,Administration of justice|Administrative remedies|Airlines|Airports|Alimony|Antitrust law|Appellate courts|Art objects|Asbestos|Bank loans|Bankruptcy|Bankruptcy courts|Bribery|Child support|Civil actions and liability|Civil procedure|Claims|Commercial aircraft|Computers and government|Condominium (Housing)|Conferences|Congressional reporting requirements|Consumer credit|Consumer protection|Contracts|Cooperative housing|Corporate mergers|Credit cards|Debtor and creditor|Drug abuse|Electronic data processing|Embezzlement|Energy policy|Evidence (Law)|Family farms|Federal advisory bodies|Federal aid to higher education|Federal aid to housing|Federally-guaranteed loans|Fines (Penalties)|Foreclosure|Fraud|Government employees' life insurance|Higher education|Home ownership|Households|Identification devices|Income tax|Injunctions|Interest|Jewelry trade|Judges|Judicial compensation|Judicial corruption|Judicial officers|Lease and rental services|Leases|Legal fees|Liens|Mortgage loans|Narcotic traffic|Natural gas|Negligence|Oil and gas leases|Paternity|Pension funds,1993-03-10,"A bill to improve the administration of the bankruptcy system, address certain commercial issues and consumer issues in bankruptcy, and establish a commission to study and make recommendations on problems with the bankruptcy system, and for other purposes.",Bankruptcy Amendments Act of 1994,103,1,,
hr1340-103,Finance and Financial Sector,"Administrative procedure|Administrative remedies|Affordable housing|Auctions|Auditing|Authorization|Awards, medals, prizes|Bank capital|Bank deposits|Bank directors|Bank employees|Bank examination|Bank failures|Bank fraud|Bank loans|Civil actions and liability|Civil procedure|Condominium (Housing)|Confidential communications|Conflict of interests|Congressional oversight|Congressional reporting requirements|Cost control|Data banks|Deposit insurance|Due process of law|Ethics|Executive compensation|Executive reorganization|Federal Deposit Insurance Corporation|Federal advisory bodies|Federal employees|Fraud|Government attorneys|Government contractors|Government corporations|Government liability|Government paperwork|Government procurement|Government property|Government trust funds|Home ownership|Homeless|Housing finance|Housing policy|Information services|Injunctions|Inspectors general|Insurance premiums|Insurance rates|Land transfers|Licenses|Limitation of actions|Low-income housing|Management|Management information systems|Minorities|Minority business enterprises|Misconduct in office|Moderate income housing|Moratorium|Mortgage loans|Negligence|Nonprofit organizations|Presidential appointments|Rating of employees",1993-03-16,"To provide funding for the resolution of failed savings associations, and for other purposes.",Resolution Trust Corporation Completion Act,103,1,,
s630-103,Finance and Financial Sector,Accounting|Auditing|Financial statements|Fines (Penalties)|Information disclosure (Securities law)|Securities|Securities fraud|Securities regulation,1993-03-23,"A bill to facilitate the detection and disclosure of auditors of financial fraud in connection with securities issues, and for other purposes.",Financial Fraud Detection and Disclosure Act,103,1,,
s714-103,Finance and Financial Sector,"Administrative procedure|Administrative remedies|Affordable housing|Appropriations|Auctions|Auditing|Authorization|Awards, medals, prizes|Bank capital|Bank deposits|Bank directors|Bank employees|Bank examination|Bank failures|Bank fraud|Bank loans|Building leases|Civil actions and liability|Civil procedure|Collection of accounts|Commemorations|Compensation for victims of crime|Condominium (Housing)|Confidential communications|Conflict of interests|Congressional investigations|Congressional oversight|Congressional reporting requirements|Cost control|Data banks|Deposit insurance|Disabled|Disciplining of employees|Discrimination in employment|Due process of law|Employment of the handicapped|Ethics|Executive compensation|Executive reorganization|Federal Deposit Insurance Corporation|Federal advisory bodies|Federal employees|Federal installations|Federal office buildings|Fines (Penalties)|Fraud|Government attorneys|Government contractors|Government corporations|Government liability|Government paperwork|Government procurement|Government property|Government service contracts|Government trust funds|Home ownership|Homeless|Housing finance|Housing policy|Information services|Injunctions|Inspectors general|Insurance premiums|Insurance rates|Intangible property|Land transfers",1993-04-01,"An original bill to provide funding for the resolution of failed savings associations, and for other purposes.",Resolution Trust Corporation Completion Act,103,1,,
hr1713-103,Finance and Financial Sector,Administrative procedure|Administrative remedies|Advice and consent of the Senate|Antitrust law|Bank capital|Bank deposits|Bank directors|Bank examination|Bank failures|Bank fraud|Bank holding companies|Bank loans|Bank management|Bank mergers|Bank records|Bank reserves|Branch banking|Civil actions and liability|Civil procedure|Compensation for victims of crime|Congressional reporting requirements|Contracts|Cost control|Credit unions|Criminal investigation|Damages|Debtor and creditor|Department of the Treasury|Deposit insurance|Depressed areas|Executive reorganization|Federal Deposit Insurance Corporation|Federal employees|Financial statements|Foreign banks and banking|Fraud|Freedom of information|Government contractors|Government corporations|Government paperwork|Government trust funds|Information storage and retrieval systems|Injunctions|Inventories|Judicial review of administrative acts|Leases|Legal fees|Liability (Law)|Liens|Limitation of actions|Minority business enterprises|Mortgages|Presidential appointments|Real estate appraisal|Real estate business|Real property|Rent|Resolution Trust Corporation|Savings and loan associations|Small business|State laws|Stockholders|Stocks|Transfer of employees|Trusts and trustees|Valuation,1993-04-07,"To establish the Resolution, Asset Management, and Liquidation Agency as a successor to the Resolution Trust Corporation, to abolish the Thrift Depositor Protection Oversight Board and the Resolution Trust Corporation, and for other purposes.",Revitalization of Depository Institution Liquidation Procedures Act of 1993,103,1,,
s950-103,Finance and Financial Sector,Administrative procedure|Bank capital|Bank failures|Bank loans|Community development|Congressional oversight|Consumer credit|Cost effectiveness|Economic impact statements|Financial deregulation|Fines (Penalties)|Government paperwork|Real estate appraisal|Regulatory impact statements|Savings and loan associations|Small business,1993-05-13,"A bill to increase the credit available to small businesses by reducing the regulatory burden on small regulated financial institutions having total assets of less than $400,000,000.",Small Business Assistance and Credit Crunch Relief Act of 1993,103,1,,
hr2250-103,Finance and Financial Sector,Affordable housing|Bank capital|Bank loans|Bank management|Bank reserves|Certificates of deposit|College costs|Community development banking|Community development corporations|Credit unions|Depressed areas|Displaced homemakers|Dividends|Educational finance|Executive reorganization|Federal aid to community development|Federally-assisted loans|Financial institutions|Home ownership|Housing finance|Income tax|Licenses|Poor|Presidential appointments|Secondary mortgage market|Securities|Small business|Stocks|Tax deferral|Tax-exempt organizations|Tax-exempt securities,1993-05-25,"To establish the National Community Development Administration to facilitate community and economic development in low-income neighborhoods in the United States, and for other purposes.",Community Development Financial Institutions Act of 1993,103,1,,
hr2443-103,Finance and Financial Sector,Dividends|Government ownership|Interest|Securities|Securities industry|State laws,1993-06-17,"To provide for the equitable disposition of distributions that are held by a bank or other intermediary as to which the beneficial owners are unknown or whose addresses are unknown, and for other purposes.",Equitable Escheatment Act of 1993,103,1,,
s1124-103,Finance and Financial Sector,Administrative procedure|Agricultural credit|Agricultural economics|Automated teller machines|Bank capital|Bank examination|Bank holding companies|Bank loans|Bank records|Bank reserves|Branch banking|Congressional reporting requirements|Consumer credit|Counseling|Credit unions|Deposit insurance|Economic impact statements|Electronic funds transfers|Environmental assessment|Federal budgets|Financial deregulation|Foreclosure|Foreign exchange|Government liability|Government paperwork|Hazardous waste disposal|Home equity loans|Home ownership|Independent regulatory commissions|Indexing (Economic policy)|Interest|Interest rates|Liability for oil pollution|Liability for toxic substances pollution damages|Money|Mortgage loans|Nuclear Regulatory Commission|Nuclear power plant accidents|Nuclear reactors|Nuclear research|Radiation safety|Real estate appraisal|Real estate business|Regulatory impact statements|Savings and loan associations|Searches and seizures|Small business|Standards|Trusts and trustees|Weapons,1993-06-17,"A bill to enhance credit availability by streamlining Federal regulations applicable to financial institutions, and for other purposes.",Depository Institutions Regulatory Improvements Act of 1993,103,1,,
hr2515-103,Finance and Financial Sector,Administrative procedure|Independent regulatory commissions|Information disclosure (Securities law)|Securities|Securities and Exchange Commission|Securities industry|Securities regulation|Stock exchanges,1993-06-24,"To amend the Securities Exchange Act of 1934 with respect to the extension of unlisted trading privileges for corporate securities, and for other purposes.",,103,1,,
s1151-103,Finance and Financial Sector,Administrative procedure|Agricultural credit|Agricultural economics|Bank capital|Bank examination|Bank holding companies|Bank loans|Bank records|Community development banking|Congressional reporting requirements|Consumer credit|Credit|Economic impact statements|Executive orders|Financial deregulation|Government paperwork|Regulatory impact statements|Savings and loan associations|Small business|Small farms|Surveys,1993-06-24,"A bill to facilitate the flow of credit to small business by easing certain regulatory burdens on depository institutions, to require analysis of such burdens and their effectiveness, and for other purposes.",Credit Crunch Relief Act of 1993,103,1,,
hr2550-103,Finance and Financial Sector,Advice and consent of the Senate|Commodity Futures Trading Commission|Commodity exchanges|Executive reorganization|Federal Reserve System|Federal advisory bodies|Federal employees|Futures trading|Independent regulatory commissions|Margins (Security trading)|Options (Contract)|Presidential appointments|Securities|Securities and Exchange Commission|Securities regulation|Transfer of employees,1993-06-29,"To establish a Markets and Trading Commission in order to combine the functions of the Commodity Futures Trading Commission and the Securities and Exchange Commission in a single independent regulatory commission, and for other purposes.",Markets and Trading Reorganization and Reform Act,103,1,,
hr2666-103,Finance and Financial Sector,Affordable housing|Auditing|Bank holding companies|Bank loans|Bank records|Community development banking|Community development corporations|Credit unions|Deposit insurance|Depressed areas|Executive reorganization|Government corporations|Government paperwork|Indian economic development|Information services|Revolving funds|Savings and loan associations|Small business,1993-07-19,To facilitate the establishment of community development financial institutions.,Community Development Banking and Financial Institutions Act of 1993,103,1,,
s1275-103,Finance and Financial Sector,Accounting|Administrative fees|Administrative procedure|Administrative remedies|Advertising|Affordable housing|Agricultural economics|American investments|Apartment houses|Arab-Israeli conflict|Arkansas|Auditing|Authorization|Bank capital|Bank deposits|Bank directors|Bank employees|Bank examination|Bank failures|Bank fraud|Bank holding companies|Bank loans|Bank mergers|Bank records|Bank reserves|Block grants|Brokers|Building construction|Business insurance|Business losses|California|Capital cities|Capital investments|Casinos|Checks|Civil actions and liability|Clinton Administration|Coastal zone|Coins and coinage|Commemorations|Community development banking|Community development corporations|Congressional hearings|Congressional investigations|Congressional oversight|Congressional reporting requirements|Congressional witnesses|Consumer credit|Consumer education|Consumer protection|Contracts|Cooperative housing|Corporate mergers|Cost effectiveness|Credit cards|Credit unions|Criminal investigation|Criminal justice information|Damages|Department of the Treasury|Deposit insurance|Depressed areas|Disabled|Disaster relief|Dislocated workers|Dividends,1993-07-21,"An Act to facilitate the establishment of community development financial institutions, to provide consumer protections for high cost mortgages, to encourage investment in and lending to small businesses, to improve the regulation of depository institutions, and for other purposes.",Community Development Banking and Financial Institutions Act of 1994,103,1,,
hr2878-103,Finance and Financial Sector,Corporation reports|Employee stock options|Executive compensation|Financial statements|Securities|Securities regulation,1993-08-05,To require that stock option compensation paid to corporate executives be recorded as a compensation expense in corporate financial statements.,Corporate Executives' Stock Option Accountability Act,103,1,,
hr2955-103,Finance and Financial Sector,Administrative remedies|Bank capital|Bank examination|Bank loans|Bank reserves|Congressional reporting requirements|Consumer credit|Credit cards|Credit unions|Department of the Treasury|Economic impact statements|Entrepreneurs|Federal Deposit Insurance Corporation|Federal Home Loan Bank Board|Federal Reserve System|Federal budgets|Federal-state relations|Fees|Government corporations|Government paperwork|Interest|Interest rates|Interstate relations|Licenses|Minority business enterprises|Mortgage loans|National Credit Union Administration|Real estate appraisal|Savings and loan associations|Small business,1993-08-06,"To stimulate the economy by encouraging bank and thrift institution lending to small and medium-sized businesses and to consumers by reducing and standardizing the leverage limit capital standard for safe and sound depository institutions, and for other purposes.",Business and Consumer Lending Stimulus Act,103,1,,
hr3306-103,Finance and Financial Sector,Annuities|Bank examination|Brokers|Confidential communications|Consumer education|Consumer protection|Deceptive advertising|Deposit insurance|Electronic funds transfers|Employee training|Government paperwork|Information disclosure (Securities law)|Investment advisers|Investments|Mutual funds|Securities industry|Securities regulation,1993-10-19,"To amend the Federal Deposit Insurance Act to regulate the retail sale of nondeposit investment products by insured depository institutions to prevent customer confusion about the uninsured nature of the products, and for other purposes.",Depository Institution Retail Investment Sales and Disclosure Act,103,1,,
hr3447-103,Finance and Financial Sector,Bank holding companies|Brokers|Cooperative societies|Debt|Deceptive advertising|Financial deregulation|Insurance|Investment advisers|Mutual funds|Names|Savings and loan associations|Securities|Securities regulation,1993-11-04,"To amend the Federal securities laws to equalize the regulatory treatment of participants in the securities industry, and for other purposes.",Securities Regulatory Equality Act of 1993,103,1,,
s1633-103,Finance and Financial Sector,Bank examination|Bank holding companies|Bank loans|Community development banking|Consumer credit|Consumer education|Consumer protection|Department of the Treasury|Deposit insurance|Employee training|Executive reorganization|Federal Deposit Insurance Corporation|Federal Reserve System|Foreign banks and banking|Government corporations|Independent regulatory commissions|International banking|Presidential appointments|Savings and loan associations|Savings banks,1993-11-08,"A bill to consolidate under a new Federal Banking Commission the supervision of all depository institutions insured under the Federal Deposit Insurance Act, and for other purposes.",Regulatory Consolidation Act of 1993,103,1,,
hr3474-103,Finance and Financial Sector,Accounting|Administrative fees|Administrative procedure|Administrative remedies|Advertising|Affordable housing|Agricultural credit|Agricultural economics|Alternative dispute resolution|American investments|Antitrust law|Apartment houses|Arab-Israeli conflict|Arkansas|Auditing|Authorization|Bank capital|Bank deposits|Bank directors|Bank employees|Bank examination|Bank failures|Bank fraud|Bank holding companies|Bank loans|Bank mergers|Bank records|Bank reserves|Block grants|Brokers|Building construction|Business insurance|Business losses|California|Capital cities|Capital investments|Casinos|Checks|Civil actions and liability|Civil procedure|Clinton Administration|Coastal zone|Coins and coinage|Commemorations|Commercial arbitration|Community development banking|Community development corporations|Conflict of interests|Congressional hearings|Congressional investigations|Congressional oversight|Congressional reporting requirements|Congressional witnesses|Consumer credit|Consumer education|Consumer protection|Contracts|Cooperative housing|Corporate mergers|Cost effectiveness|Counseling|Credit cards|Credit unions|Criminal investigation|Criminal justice information|Damages,1993-11-09,"To reduce administrative requirements for insured depository institutions to the extent consistent with safe and sound banking practices, to facilitate the establishment of community development financial institutions, and for other purposes.",Riegle Community Development and Regulatory Improvement Act of 1994,103,1,,
hr3548-103,Finance and Financial Sector,Anniversaries|Cemeteries and funerals|Civil War|Coins and coinage|Commemorations|Congressional reporting requirements|District of Columbia|Federal aid to museums|Financial statements|Forests and forestry|Foundations|Georgia|Government paperwork|Government trust funds|Historic sites|House rules and procedure|Legislation|Money|Museums|National monuments|Prisoners of war|Senate rules and procedure|Silver|Vietnam veterans|Virginia|Women soldiers|Women veterans,1993-11-19,"To require the Secretary of the Treasury to mint coins in commemoration of the 250th anniversary of the birth of Thomas Jefferson, Americans who have been prisoners of war, the Vietnam Veterans Memorial on the occasion of the 10th anniversary of the Memorial, and the Women in Military Service for America Memorial, and for other purposes.",Jefferson Commemorative Coin Act of 1993,103,1,,
hr3570-103,Finance and Financial Sector,Administrative procedure|Advertising|Auditing|Bank capital|Bank deposits|Bank examination|Bank failures|Bank holding companies|Bank loans|Bank management|Bank mergers|Bankruptcy|Branch banking|Business losses|Civil actions and liability|Civil procedure|Civil service retirement|Commercial arbitration|Confidential communications|Conflict of interests|Contracts|Corporate mergers|Data banks|Debt|Debtor and creditor|Deposit insurance|Dismissal wage|District courts|Dividends|Electronic data processing|Evidence (Law)|Executive reorganization|Federal Deposit Insurance Corporation|Federal Reserve System|Federal employees|Federal preemption|Fees|Financial statements|Fines (Penalties)|Foreign banks and banking|Fraud|Government corporations|Government paperwork|Government trust funds|Indexing (Economic policy)|Injunctions|Insurance companies|Insurance premiums|Insurance rates|Interest rates|Jurisdiction|Leases|Liability (Law)|Loans|Local officials and employees|Local taxation|Parties to actions|Partnerships|Pension funds|Relocation of employees|Risk management|Savings and loan associations|Savings banks|Signs and symbols|State laws|State officials and employees,1993-11-19,"To amend the Federal Deposit Insurance Act to provide for a system of insuring the deposits of depository institutions through a self-regulating system of cross-guarantees, to protect taxpayers against deposit insurance losses, and for other purposes.","Deposit Insurance Reform, Regulatory Modernization, and Taxpayer Protection Act of 1993",103,1,,
hr3616-103,Finance and Financial Sector,"Anniversaries|Capitol (Washington, D.C.)|Cemeteries and funerals|Civil War|Coins and coinage|Commemorations|Copper|District of Columbia|Federal aid to museums|Financial statements|Forests and forestry|Foundations|Georgia|Government paperwork|Government trust funds|Historic sites|History|House rules and procedure|Infrastructure|Legislation|Money|Museums|National monuments|Prisoners of war|Senate rules and procedure|Silver|Vietnam veterans|Virginia|Women|Women soldiers|Women veterans",1993-11-22,"To require the Secretary of the Treasury to mint coins in commemoration of the 250th anniversary of the birth of Thomas Jefferson, Americans who have been prisoners of war, the Vietnam Veterans Memorial on the occasion of the 10th anniversary of the Memorial, and the Women in Military Service for America Memorial, and for other purposes.",Bicentennial of the United States Capitol Commemorative Coin Act,103,1,,
hr3642-103,Finance and Financial Sector,Accounting|Administrative procedure|Bank capital|Bank records|Bank reserves|Deposit insurance|Excise tax|Financial statements|Government paperwork|Mortgage loans|Pension funds|Secondary mortgage market|Securities fraud|Securities regulation|Tax penalties,1993-11-22,To provide regulatory capital guidelines for treatment of real estate assets sold with limited recourse by depository institutions.,Commercial Mortgage Capital Availability Act of 1993,103,1,,
hr3841-103,Finance and Financial Sector,"Administrative fees|Agricultural credit|Arms control|Arms sales|Associations, institutions, etc.|Bank directors|Bank examination|Bank failures|Bank holding companies|Bank mergers|Botanical gardens|Branch banking|Claims|Coins and coinage|Commemorations|Community development banking|Congressional investigations|Congressional oversight|Congressional reporting requirements|Consumer protection|Disabled|Export controls|Federal advisory bodies|Federal preemption|Federally-guaranteed loans|Financial services|Foreign banks and banking|Gold|Government corporations|Government lending|Housing authorities|Income tax|Interest rates|Interstate banking|Interstate compacts|Limitation of actions|Maintenance and repair|Mass destruction weapons|Members of Congress (Senate)|Military education|Military medals, decorations, etc.|Monuments and memorials|National monuments|National service|Nuclear nonproliferation|Olympic games|Persian Gulf War|Public debt|Refuse and refuse disposal|Residence requirements|Savings and loan associations|Service academies|Sewage disposal|Sewage treatment plants|Silver|South Dakota|State laws|State taxation|Tax administration|Technology transfer|Trade agreements|Trade negotiations|Water supply",1994-02-10,"To amend the Bank Holding Company Act of 1956, the Revised Statutes of the United States, and the Federal Deposit Insurance Act to provide for interstate banking and branching.",Riegle-Neal Interstate Banking and Branching Efficiency Act of 1994,103,1,,
s1895-103,Finance and Financial Sector,Administrative fees|Administrative procedure|Administrative remedies|Advice and consent of the Senate|Bank examination|Bank holding companies|Bank loans|Community development banking|Consumer credit|Consumer education|Consumer protection|Department of the Treasury|Deposit insurance|Employee training|Executive reorganization|Federal Deposit Insurance Corporation|Federal Reserve System|Federal advisory bodies|Federal employees|Foreign banks and banking|Government corporations|Government trust funds|Independent regulatory commissions|Inspectors general|International banking|Legislation|Presidential appointments|Savings and loan associations|Savings banks|Small business|Transfer of employees,1994-03-07,"A bill to consolidate under a new Federal Banking Commission the supervision of all depository institutions insured under the Federal Deposit Insurance Act, and for other purposes.",Regulatory Consolidation Act of 1994,103,1,,
s1963-103,Finance and Financial Sector,"Agricultural credit|Arms control|Arms sales|Associations, institutions, etc.|Bank directors|Bank examination|Bank failures|Bank holding companies|Bank mergers|Branch banking|Claims|Coins and coinage|Commemorations|Community development banking|Congressional investigations|Congressional reporting requirements|Export controls|Federal advisory bodies|Federally-guaranteed loans|Financial services|Foreign banks and banking|Gold|Government lending|Income tax|Interest rates|Interstate banking|Interstate compacts|Limitation of actions|Maintenance and repair|Mass destruction weapons|National monuments|Nuclear nonproliferation|Public debt|Refuse and refuse disposal|Residence requirements|Savings and loan associations|Silver|South Dakota|State laws|State taxation|Tax administration|Technology transfer|Trade agreements|Water supply",1994-03-23,An original bill to permit certain financial institutions to engage in interstate banking and branching.,Interstate Banking and Branching Act of 1994,103,1,,
s1976-103,Finance and Financial Sector,Accounting|Accounting and auditing|Administrative procedure|Administrative remedies|Alternative dispute resolution|Auditing|Brokers|Business records|Citizen lawsuits|Civil actions and liability|Class actions (Civil procedure)|Conflict of interests|Damages|Evidence (Law)|Financial statements|Fines (Penalties)|Frivolous lawsuits|Government paperwork|Independent regulatory commissions|Juries|Legal fees|Liability (Law)|Licenses|Limitation of actions|Organized crime|Professional associations|Professional ethics|Securities|Securities and Exchange Commission|Securities fraud|Securities industry|Securities regulation,1994-03-24,A bill to amend the Securities Exchange Act of 1934 to establish a filing deadline and to provide certain safeguards to ensure that the interests of investors are well protected under the implied private action provisions of the Act.,Private Securities Litigation Reform Act of 1994,103,1,,
hr4535-103,Finance and Financial Sector,Administrative procedure|Independent regulatory commissions|Information disclosure (Securities law)|Securities|Securities and Exchange Commission|Securities industry|Securities regulation|Stock exchanges,1994-05-26,"To amend the Securities Exchange Act of 1934 with respect to the extension of unlisted trading privileges for corporate securities, and for other purposes.",Unlisted Trading Privileges Act of 1994,103,1,,
s2192-103,Finance and Financial Sector,Administrative procedure|Independent regulatory commissions|Information disclosure (Securities law)|Securities|Securities and Exchange Commission|Securities industry|Securities regulation|Stock exchanges,1994-06-15,"A bill to amend the Securities Exchange Act of 1934 with respect to the extension of unlisted trading privileges for corporate securities, and for other purposes.",Unlisted Trading Privileges Act of 1994,103,1,,
hr4745-103,Finance and Financial Sector,Administrative procedure|Brokers|Business records|Capital|Derivative securities|Financial statements|Government paperwork|Government securities|Independent regulatory commissions|Information disclosure (Securities law)|Insurance companies|Licenses|Risk assessment|Risk management|Securities|Securities and Exchange Commission|Securities fraud|Securities industry|Securities regulation|Stock exchanges|Trade associations,1994-07-13,"To provide a framework for Securities and Exchange Commission supervision and regulation of derivatives activities, and for other purposes.",Derivatives Dealers Act of 1994,103,1,,
hr5116-103,Finance and Financial Sector,Administrative remedies|Aircraft|Alimony|Antitrust law|Appellate courts|Appellate procedure|Asbestos|Bank directors|Bankruptcy|Bankruptcy courts|Bribery|Child support|Civil procedure|Claims|Collection of accounts|Condominium (Housing)|Congressional reporting requirements|Consumer credit|Consumer protection|Contractors|Contracts|Cooperative housing|Corporate mergers|Corporate reorganizations|Debtor and creditor|District courts|District of Columbia|Educational policy|Energy policy|Equipment and supplies|Federal advisory bodies|Fines (Penalties)|Foreign exchange|Fraud|Government liability|Government paperwork|Higher education|Home ownership|Income tax|Indexing (Economic policy)|Injunctions|Interest|Investments|Judges|Juries|Jurisdiction|Leases|Legal fees|Liability (Law)|Liens|Limitation of actions|Livestock|Loans|Mortgages|Municipal finance|Negligence|Negotiable instruments|Oil and gas royalties|Parties to actions|Partnerships|Paternity|Pension trust guaranty insurance|Property tax|Railroad rolling stock|Rent|Sales personnel,1994-09-28,To amend title 11 of the United States Code.,Bankruptcy Reform Act of 1994,103,1,,
hr5227-103,Finance and Financial Sector,Administrative procedure|Advertising|Auditing|Bank capital|Bank deposits|Bank examination|Bank failures|Bank holding companies|Bank loans|Bank management|Bank mergers|Bankruptcy|Branch banking|Business losses|Civil actions and liability|Civil procedure|Civil service retirement|Commercial arbitration|Confidential communications|Conflict of interests|Congressional reporting requirements|Contracts|Corporate mergers|Data banks|Debt|Debtor and creditor|Deposit insurance|Dismissal wage|District courts|Dividends|Electronic data processing|Evidence (Law)|Executive reorganization|Federal Deposit Insurance Corporation|Federal Reserve System|Federal employees|Federal preemption|Fees|Financial deregulation|Financial statements|Fines (Penalties)|Foreign banks and banking|Fraud|Government corporations|Government paperwork|Government trust funds|Indexing (Economic policy)|Injunctions|Insurance companies|Insurance premiums|Insurance rates|Interest rates|Jurisdiction|Leases|Liability (Law)|Loans|Local officials and employees|Local taxation|Parties to actions|Partnerships|Pension funds|Relocation of employees|Risk management|Savings and loan associations|Savings banks|Signs and symbols,1994-10-06,"To provide for a system of guaranteeing the deposits and certain other liabilities of depository institutions through a self-regulating system of cross-guarantees, to protect taxpayers against deposit insurance losses, and for other purposes.","Deposit Insurance Reform, Regulatory Modernization, and Taxpayer Protection Act of 1994",103,1,,
s2525-103,Finance and Financial Sector,Accounting|Administrative procedure|Financial statements|Independent regulatory commissions|Securities|Securities and Exchange Commission|Securities regulation|Standards,1994-10-06,A bill to require a majority vote of the Securities and Exchange Commission for the adoption of accounting standards and principles used in the preparation of financial statements required under the Securities Exchange Act of 1934.,Accounting Standards Reform Act of 1994,103,1,,
hr18-104,Finance and Financial Sector,Administrative procedure|Advertising|Bank capital|Bank deposits|Bank directors|Bank employees|Bank examination|Bank failures|Bank holding companies|Bank loans|Bank management|Bank marketing|Bank mergers|Bank records|Bank reserves|Brokers|Conflict of interests|Consumer education|Corporate management|Corporate mergers|Corporation directors|Deceptive advertising|Deposit insurance|Derivative securities|Employee benefit plans|Energy policy|Federal Reserve System|Federal preemption|Fees|Financial institutions|Financial services|Foreign banks and banking|Foreign investments|Government paperwork|Income tax|Independent regulatory commissions|Indexing (Economic policy)|Information disclosure (Securities law)|International banking|Investment advisers|Investment banking|Investment guaranty insurance|Margins (Security trading)|Mortgages|Mutual funds|Nonbank banks|Public utilities|Restrictive trade practices|Right of privacy|Savings and loan associations|Securities and Exchange Commission|Securities fraud|Securities industry|Securities regulation|State laws|Stockholders|Stocks|Subsidiary corporations|Tax-exempt securities|Trusts and trustees,1995-01-04,To enhance competition in the financial services industry by providing prudential framework for the affiliation of banks and securities firms.,Financial Services Competitiveness Act of 1995,104,1,,
hr19-104,Finance and Financial Sector,Administrative procedure|American investments|Bank holding companies|Bank mergers|Congressional reporting requirements|Department of the Treasury|Dispute settlement|EEC countries|Europe|European Union|Exports|Foreign corporations|Independent regulatory commissions|Insurance companies|Licenses|Nontariff trade barriers|Reciprocity|Restrictive trade practices|Securities and Exchange Commission|Securities industry|Securities regulation|Subsidiary corporations|Trade agreements|Trade negotiations,1995-01-04,"To encourage foreign countries to accord national treatment to United States banking, securities, and insurance organizations that operate or seek to operate in those countries.",Fair Trade in Financial Services Act of 1995,104,1,,
hr20-104,Finance and Financial Sector,Accounting|Administrative procedure|Administrative remedies|Bank capital|Bank examination|Bank failures|Bank management|Bank marketing|Bank records|Bank reserves|Bankruptcy|Bribery|Brokers|Burglary|Confidential communications|Consumer education|Contracts|Counterfeiting|Credit unions|Derivative securities|Embezzlement|Employee training|Executive reorganization|Extortion|Federal Deposit Insurance Corporation|Federal Reserve System|Federal advisory bodies|Federal employees|Federal-state relations|Financial institutions|Fines (Penalties)|Foreign banks and banking|Forgery|Fraud|Futures trading|Government corporations|Government paperwork|Governmental investigations|Independent regulatory commissions|Information disclosure (Securities law)|Injunctions|International banking|Larceny|Licenses|Municipal finance|Mutual funds|Pension funds|Perjury|Professional associations|Risk management|Robbery|Securities and Exchange Commission|Securities fraud|Securities industry|Securities regulation|Standards|Subpoena|Tax-exempt securities,1995-01-04,"To provide a framework to improve risk management techniques at financial institutions, including the prudential use of derivative products.",Risk Management Improvement and Derivatives Oversight Act of 1995,104,1,,
hr317-104,Finance and Financial Sector,Bank examination|Bank fraud|Bank loans|Bank records|Community development banking|Credit|Government paperwork,1995-01-04,"To amend the Community Reinvestment Act of 1977 to reduce onerous recordkeeping and reporting requirements for regulated financial institutions, and for other purposes.",Community Reinvestment Improvement Act of 1995,104,1,,
hr555-104,Finance and Financial Sector,Accounting|Accounting and auditing|Administrative procedure|Alternative dispute resolution|Auditing|Brokers|Business records|Civil procedure|Class actions (Civil procedure)|Confidential communications|Conflict of interests|Congressional reporting requirements|Consumer education|Court records|Damages|Discovery (Law)|Evidence (Law)|Financial statements|Fines (Penalties)|Frivolous lawsuits|Government paperwork|Independent regulatory commissions|Information disclosure (Securities law)|Injunctions|Investment advisers|Legal fees|Liability (Law)|Limitation of actions|Professional ethics|Prosecution|Right of privacy|Securities|Securities and Exchange Commission|Securities fraud|Securities industry|Securities regulation,1995-01-18,"To amend the Securities Exchange Act of 1934 in order to reform the conduct of private securities litigation, and for other purposes.",Private Securities Litigation Reform Act of 1995,104,1,,
s240-104,Finance and Financial Sector,Accounting|Accounting and auditing|Administrative procedure|Administrative remedies|Alternative dispute resolution|Auditing|Brokers|Business records|Citizen lawsuits|Class actions (Civil procedure)|Conflict of interests|Damages|Discovery (Law)|Evidence (Law)|Financial statements|Fines (Penalties)|Frivolous lawsuits|Government paperwork|Independent regulatory commissions|Information disclosure (Securities law)|Injunctions|Juries|Legal ethics|Legal fees|Legislation|Liability (Law)|Licenses|Limitation of actions|Organized crime|Professional associations|Professional ethics|Prosecution|Punitive damages|Securities|Securities and Exchange Commission|Securities fraud|Securities industry|Securities regulation,1995-01-18,A bill to amend the Securities Exchange Act of 1934 to establish a filing deadline and to provide certain safeguards to ensure that the interests of investors are well protected under the implied private action provisions of the Act.,Private Securities Litigation Reform Act of 1995,104,1,,
hr675-104,Finance and Financial Sector,Accounting|Accounting and auditing|Administrative procedure|Administrative remedies|Auditing|Brokers|Business records|Citizen lawsuits|Civil procedure|Class actions (Civil procedure)|Conflict of interests|Damages|Discovery (Law)|Evidence (Law)|Financial statements|Fines (Penalties)|Frivolous lawsuits|Government paperwork|Independent regulatory commissions|Information disclosure (Securities law)|Injunctions|Juries|Legal fees|Liability (Law)|Licenses|Limitation of actions|Organized crime|Pretrial procedure|Professional ethics|Securities|Securities and Exchange Commission|Securities fraud|Securities industry|Securities regulation,1995-01-25,To amend the Securities Exchange Act of 1934 to provide certain safeguards to ensure that the interests of investors are well protected under the implied private action provisions of the Act.,Securities Litigation Equity Act of 1995,104,1,,
hr681-104,Finance and Financial Sector,Class actions (Civil procedure)|Conflict of interests|Damages|Evidence (Law)|Frivolous lawsuits|Legal ethics|Legal fees|Liability (Law)|Securities|Securities fraud|Securities regulation,1995-01-25,"To amend the Securities Exchange Act of 1934 in order to reform private enforcement of the federal securities laws, and for other purposes.",Securities Private Enforcement Reform Act,104,1,,
hr718-104,Finance and Financial Sector,Advice and consent of the Senate|Commodity Futures Trading Commission|Commodity exchanges|Congressional reporting requirements|Executive reorganization|Federal Reserve System|Federal advisory bodies|Federal employees|Futures trading|Independent regulatory commissions|Margins (Security trading)|Options (Contract)|Presidential appointments|Securities|Securities and Exchange Commission|Securities industry|Securities regulation|Stock exchanges|Transfer of employees,1995-01-27,"To establish a Markets and Trading Commission in order to combine the functions of the Commodity Futures Trading Commission and the Securities and Exchange Commission in a single independent regulatory commission, and for other purposes.",Markets and Trading Reorganization and Reform Act,104,1,,
hr725-104,Finance and Financial Sector,Accounting|Auditing|Financial statements|Fines (Penalties)|Information disclosure (Securities law)|Securities|Securities fraud|Securities regulation,1995-01-30,To amend the Securities Exchange Act of 1934 to impose additional fraud detection and disclosure obligations on auditors of public companies.,Financial Fraud Detection and Disclosure Act of 1995,104,1,,
hr727-104,Finance and Financial Sector,Administrative procedure|Annuities|Bank examination|Bank marketing|Bank records|Brokers|Consumer education|Consumer protection|Deceptive advertising|Deposit insurance|Electronic funds transfers|Employee training|Government paperwork|Information disclosure (Securities law)|Investment advisers|Investments|Mutual funds|Names|Restrictive trade practices|Right of privacy|Sales promotion|Securities industry|Securities regulation|Signs and symbols,1995-01-30,"To amend the Federal Deposit Insurance Act to regulate the retail sale of nondeposit investment products by insured depository institutions to prevent customer confusion about the uninsured nature of the products, and for other purposes.",Depository Institution Retail Investment Sales and Disclosure Act,104,1,,
hr1058-104,Finance and Financial Sector,Accounting|Accounting and auditing|Administrative procedure|Administrative remedies|Alternative dispute resolution|Auditing|Brokers|Business records|Citizen lawsuits|Civil procedure|Class actions (Civil procedure)|Conflict of interests|Congressional reporting requirements|Damages|Discovery (Law)|Evidence (Law)|Financial statements|Fines (Penalties)|Frivolous lawsuits|Government paperwork|Independent regulatory commissions|Individual retirement accounts|Information disclosure (Securities law)|Injunctions|Juries|Legal ethics|Legal fees|Legislation|Liability (Law)|Licenses|Limitation of actions|Organized crime|Pension funds|Pretrial procedure|Professional associations|Professional ethics|Prosecution|Punitive damages|Retirement income|Securities|Securities and Exchange Commission|Securities fraud|Securities industry|Securities regulation|Surety and fidelity|Tax-deferred compensation plans,1995-02-27,"An Act to amend the Federal securities laws to curb certain abusive practices in private securites litigation, and for other purposes.",Private Securities Litigation Reform Act of 1995,104,1,,
hr1062-104,Finance and Financial Sector,Administrative procedure|Advertising|Bank capital|Bank deposits|Bank directors|Bank employees|Bank examination|Bank failures|Bank holding companies|Bank loans|Bank management|Bank marketing|Bank mergers|Bank records|Bank reserves|Brokers|Canada|Conflict of interests|Consumer education|Corporate management|Corporate mergers|Corporation directors|Credit cards|Customs unions|Deceptive advertising|Deposit insurance|Derivative securities|Employee benefit plans|Energy policy|Federal Reserve System|Federal advisory bodies|Federal preemption|Fees|Financial institutions|Financial services|Foreign banks and banking|Foreign investments|Free trade|Government paperwork|Income tax|Independent regulatory commissions|Indexing (Economic policy)|Information disclosure (Securities law)|International banking|Investment advisers|Investment banking|Investment guaranty insurance|Latin America|Mexico|Mortgages|Mutual funds|Nonbank banks|North America|Public utilities|Reciprocity|Right of privacy|Savings and loan associations|Securities and Exchange Commission|Securities industry|Securities regulation|State laws|Stockholders|Stocks|Subsidiary corporations|Tax-exempt securities|Trade agreements,1995-02-27,"To enhance competition in the financial services industry by providing a prudential framework for the affiliation of banks, securities firms, and other financial service providers.",Financial Services Competitiveness Act of 1995,104,1,,
hr1063-104,Finance and Financial Sector,Administrative procedure|Brokers|Business records|Capital|Derivative securities|Financial statements|Government paperwork|Government securities|Independent regulatory commissions|Information disclosure (Securities law)|Insurance companies|Licenses|Risk assessment|Risk management|Securities|Securities and Exchange Commission|Securities fraud|Securities industry|Securities regulation|Stock exchanges|Trade associations,1995-02-27,"To provide a framework for Securities and Exchange Commission supervision and regulation of derivatives activities, and for other purposes.",Derivatives Dealers Act of 1995,104,1,,
s633-104,Finance and Financial Sector,Administrative procedure|Bank accounts|Bank marketing|Bank records|Brokers|Consumer education|Consumer protection|Deceptive advertising|Deposit insurance|Fees|Government paperwork|Independent regulatory commissions|Information disclosure (Securities law)|Investments|Mutual funds|Names|Restrictive trade practices|Sales promotion|Securities and Exchange Commission|Securities industry|Securities regulation|Signs and symbols,1995-03-28,"A bill to amend the Federal Deposit Insurance Act to provide certain consumer protections if a depository institution engages in the sale of nondeposit investment products, and for other purposes.",Bank Customer Confidentiality and Protection Act of 1995,104,1,,
hr1362-104,Finance and Financial Sector,Administrative fees|Administrative procedure|Advertising|Affiliated corporations|Auditing|Automated teller machines|Bank capital|Bank deposits|Bank directors|Bank employees|Bank examination|Bank holding companies|Bank loans|Bank management|Bank marketing|Bank mergers|Bank records|Bank reserves|Branch banking|Brokers|Civil procedure|Collection of accounts|Community development banking|Confidential communications|Consumer credit|Consumer education|Consumer protection|Corporate divestiture|Corporate mergers|Corporations|Counseling|Credit cards|Credit unions|Damages|Debit cards|Debtor and creditor|Deceptive advertising|Department of Agriculture|Department of Housing and Urban Development|Department of the Treasury|Deposit insurance|Depressed areas|Discrimination in consumer credit|Electronic data processing|Electronic funds transfers|Employee benefit plans|Evidence (Law)|Executive compensation|Executive reorganization|Farm Credit Administration|Federal Deposit Insurance Corporation|Federal Home Loan Bank Board|Federal Reserve System|Federal Trade Commission|Federal employees|Fees|Finance charges|Financial deregulation|Financial institutions|Flood control|Foreign banks and banking|Foreign loans|Government corporations|Government liability|Government paperwork|Hazardous waste disposal,1995-03-30,To reduce paperwork and additional regulatory burdens for depository institutions.,Financial Institutions Regulatory Relief Act of 1995,104,1,,
s648-104,Finance and Financial Sector,Bank failures|Bank fraud|Bank records|Claims|Jurisdiction|Liability (Law)|Torts|Trusts and trustees,1995-03-30,"A bill to clarify treatment of certain claims and defenses against an insured depository institution under receivership by the Federal Deposit Insurance Corporation, and for other purposes.",D'Oench Duhme Reform Act,104,1,,
s650-104,Finance and Financial Sector,Accounting|Accounting and auditing|Administrative procedure|Administrative remedies|Agricultural credit|Auditing|Automated teller machines|Bank accounts|Bank capital|Bank deposits|Bank directors|Bank employees|Bank examination|Bank failures|Bank fraud|Bank holding companies|Bank loans|Bank mergers|Bank records|Bank reserves|Branch banking|Business records|Checking accounts|Checks|Child support|Citizenship|Collection of accounts|Community development banking|Competition|Congressional reporting requirements|Consumer credit|Consumer protection|Corporate divestiture|Corporations|Counseling|Counterintelligence|Credit|Credit cards|Credit unions|Damages|Department of the Treasury|Deposit insurance|Depressed areas|Discrimination in consumer credit|Due process of law|Electronic funds transfers|Employee benefit plans|Environmental Protection Agency|Environmental assessment|Executive reorganization|Federal Reserve System|Federal preemption|Financial deregulation|Financial disclosure|Fines (Penalties)|Foreclosure|Foreign banks and banking|Forfeiture|Forgery|Fraud|Gold|Government liability|Government paperwork|Hazardous waste disposal|Higher education|Injunctions,1995-03-30,"A bill to increase the amount of credit available to fuel local, regional, and national economic growth by reducing the regulatory burden imposed upon financial institutions, and for other purposes.",Economic Growth and Regulatory Paperwork Reduction Act of 1995,104,1,,
s667-104,Finance and Financial Sector,Accounting|Accounting and auditing|Administrative procedure|Alternative dispute resolution|Auditing|Brokers|Business records|Civil procedure|Class actions (Civil procedure)|Confidential communications|Conflict of interests|Congressional reporting requirements|Consumer education|Court records|Damages|Discovery (Law)|Evidence (Law)|Financial statements|Fines (Penalties)|Frivolous lawsuits|Government paperwork|Independent regulatory commissions|Information disclosure (Securities law)|Injunctions|Investment advisers|Legal ethics|Legal fees|Liability (Law)|Limitation of actions|Mediation|Negligence|Professional ethics|Prosecution|Right of privacy|Securities|Securities and Exchange Commission|Securities fraud|Securities industry|Securities regulation,1995-04-04,"A bill to amend the Securities Exchange Act of 1934 in order to reform the conduct of private securities litigation, to provide for financial fraud detection and disclosure, and for other purposes.",Private Securities Enforcement Improvements Act of 1995,104,1,,
hr1487-104,Finance and Financial Sector,Administrative fees|Advice and consent of the Senate|Affordable housing|Bank capital|Bank directors|Bank examination|Bank failures|Bank management|Bank mergers|Bank reserves|Community development banking|Congressional reporting requirements|Dividends|Executive compensation|Executive reorganization|Federal Housing Finance Board|Federal home loan banks|Federal incorporation|Financial services|Government corporations|Housing finance|Independent regulatory commissions|Insurance companies|Interest|Low-income housing|Moderate income housing|Mortgage loans|Mortgages|Presidential appointments|Salaries|Savings and loan associations|Savings banks|Securities|Standards|Stock repurchasing|Stocks,1995-04-07,To reform and modernize the Federal Home Loan Bank System.,Federal Home Loan Bank System Modernization Act of 1995,104,1,,
hr1495-104,Finance and Financial Sector,Accounting|Administrative procedure|Advertising|Auditing|Business records|Conflict of interests|Consumer education|Consumer protection|Contracts|Corporate governance|Corporate management|Deceptive advertising|Fees|Financial statements|Government paperwork|Independent regulatory commissions|Information disclosure (Securities law)|Injunctions|Investment advisers|Mutual funds|Names|Securities|Securities and Exchange Commission|Securities industry|Securities regulation|Stockholders|Stockholders' voting|Trusts and trustees,1995-04-07,"To amend the Investment Company Act of 1940 to promote more efficient management of mutual funds, protect investors, and provide more effective and less burdensome regulation.",Investment Company Act Amendments of 1995,104,1,,
hr1657-104,Finance and Financial Sector,Accounting|Administrative procedure|Administrative remedies|Advice and consent of the Senate|Affordable housing|Auditing|Bank capital|Bank directors|Bank examination|Bank failures|Bank loans|Bank management|Bank mergers|Bank records|Bank reserves|Branch banking|Capital formation|Community development banking|Congressional reporting requirements|Debtor and creditor|Delegation of powers|Dismissal of employees|Dividends|Due process of law|Earnings|Executive compensation|Executive reorganization|Federal Housing Finance Board|Federal employees|Federal home loan banks|Fees|Financing Corporation|Fines (Penalties)|Fraud|Government corporations|Government paperwork|Housing authorities|Housing finance|Independent regulatory commissions|Injunctions|Interest|Interest rates|Judicial review of administrative acts|Money laundering|Mortgage banks|Mortgage loans|Mortgages|Presidential appointments|Public meetings of administrative bodies|Rental housing|Salaries|Savings and loan associations|Standards|State courts|Stock repurchasing|Stocks|Subpoena|Tax-exempt securities,1995-05-17,To restructure and modernize the Federal Home Loan Bank System.,Federal Home Loan Bank System Restructuring and Modernization Act of 1995,104,1,,
s883-104,Finance and Financial Sector,Administrative procedure|Bank deposits|Bank failures|Bankruptcy|Corporations|Credit unions|Deposit insurance|Investments|National Credit Union Administration,1995-06-06,"A bill to amend the Federal Credit Union Act to enhance the safety and soundness of federally insured credit unions, to protect the National Credit Union Share Insurance Fund, and for other purposes.",Credit Union Reform and Enhancement Act,104,1,,
hr1858-104,Finance and Financial Sector,Accounting|Administrative fees|Administrative procedure|Administrative remedies|Advertising|Affiliated corporations|Auditing|Automated teller machines|Bank capital|Bank deposits|Bank directors|Bank employees|Bank examination|Bank fraud|Bank holding companies|Bank loans|Bank management|Bank marketing|Bank mergers|Bank records|Bank reserves|Branch banking|Bribery|Business losses|Civil procedure|Collection of accounts|Community development banking|Confidential communications|Congressional oversight|Congressional reporting requirements|Consumer credit|Consumer education|Consumer protection|Corporate divestiture|Corporate mergers|Corporations|Cost of living adjustments|Counseling|Credit cards|Credit unions|Damages|Debit cards|Debt relief|Debtor and creditor|Deceptive advertising|Department of Agriculture|Department of Housing and Urban Development|Department of the Treasury|Deposit insurance|Depressed areas|Discrimination in consumer credit|Electronic data processing|Electronic funds transfers|Employee benefit plans|Enterprise zones|Evidence (Law)|Executive compensation|Executive reorganization|Family farms|Farm Credit Administration|Federal Deposit Insurance Corporation|Federal Home Loan Bank Board|Federal Reserve System|Federal Trade Commission|Federal employees|Federal home loan banks,1995-06-15,To reduce paperwork and additional regulatory burdens for depository institutions.,Financial Institutions Regulatory Relief Act of 1995,104,1,,
s978-104,Finance and Financial Sector,Annuities|Antitrust law|Brokers|Charitable contributions|Charities|Federal preemption|Gifts|Investment advisers|Mutual funds|Securities|Securities industry|Securities regulation|State laws|Stock exchanges,1995-06-28,"A bill to facilitate contributions to charitable organizations by codifying certain exemptions from the Federal securities laws, to clarify the inapplicability of antitrust laws to charitable gift annuities, and for other purposes.",Charitable Giving Protection Act of 1995,104,1,,
hr2131-104,Finance and Financial Sector,Administrative procedure|Automation|Brokers|Business records|Capital formation|Evidence (Law)|Executive reorganization|Federal preemption|Government paperwork|Independent regulatory commissions|Information disclosure (Securities law)|Information storage and retrieval systems|Investment advisers|Liability (Law)|Licenses|Margins (Security trading)|Press|Press conferences|Privatization|Secondary mortgage market|Securities|Securities and Exchange Commission|Securities industry|Securities regulation|Small business|State laws|Stock exchanges|Stocks,1995-07-27,To amend the Federal securities laws in order to promote efficiency and capital formation in the financial markets.,Capital Markets Deregulation and Liberalization Act of 1995,104,1,,
hr2158-104,Finance and Financial Sector,Accounting|Administrative fees|Administrative procedure|Administrative remedies|Advertising|Auditing|Automated teller machines|Bank capital|Bank deposits|Bank directors|Bank employees|Bank examination|Bank failures|Bank holding companies|Bank loans|Bank management|Bank marketing|Bank mergers|Bank records|Branch banking|Civil procedure|Collection of accounts|Community development banking|Confidential communications|Conflict of interests|Congressional reporting requirements|Consumer credit|Consumer education|Consumer price indexes|Consumer protection|Contracts|Corporate divestiture|Corporate management|Corporate mergers|Corporation directors|Corporations|Cost of living adjustments|Credit cards|Credit unions|Debit cards|Debtor and creditor|Department of Housing and Urban Development|Department of the Treasury|Deposit insurance|Depressed areas|Electronic funds transfers|Federal Deposit Insurance Corporation|Federal Home Loan Bank Board|Federal Reserve System|Federal-state relations|Fees|Finance charges|Financial deregulation|Financial institutions|Financial services|Foreclosure|Foreign banks and banking|Foreign investments|Government corporations|Home ownership|Housing finance|Indexing (Economic policy)|Interest|Interest rates|International banking|Investment banking,1995-08-01,"To streamline the regulatory treatment of financial institutions, and for other purposes.",Financial Institutions Streamlined Regulatory Treatment Act of 1995,104,1,,
hr2363-104,Finance and Financial Sector,Accounting|Advertising|Affiliated corporations|Bank capital|Bank deposits|Bank examination|Bank holding companies|Bank loans|Bank reserves|Branch banking|Business losses|Deceptive advertising|Department of the Treasury|Deposit insurance|Executive reorganization|Federal Deposit Insurance Corporation|Federal Reserve System|Federal employees|Federal home loan banks|Fees|Financing Corporation|Government corporations|Government trust funds|Income tax|Insurance premiums|Licenses|Sales promotion|Savings and loan associations|Savings banks|Stocks|Tax deductions|Transfer of employees,1995-09-19,"To provide for adequate funding for the Financing Corporation, to provide for the merger of the deposit insurance funds, to provide for the conversion of Federal savings associations into banks and the treatment of State savings associations as banks for purposes of Federal banking law, to abolish the position of Director of the Office of Thrift Supervision, and for other purposes.",Thrift Charter Conversion Act of 1995,104,1,,
hr2519-104,Finance and Financial Sector,Annuities|Brokers|Charities|Federal preemption|Fund raising|Government paperwork|Information disclosure (Securities law)|Investment advisers|Licenses|Mutual funds|Securities|Securities industry|Securities regulation|State laws|Trusts and trustees|Volunteer workers in social service,1995-10-24,"To facilitate contributions to charitable organizations by codifying certain exemptions from the Federal securities laws, and for other purposes.",Philanthropy Protection Act of 1995,104,1,,
hr2520-104,Finance and Financial Sector,Accounting|Administrative procedure|Advertising|Affiliated corporations|Annuities|Auditing|Automated teller machines|Bank accounts|Bank capital|Bank deposits|Bank directors|Bank employees|Bank examination|Bank failures|Bank holding companies|Bank loans|Bank management|Bank marketing|Bank mergers|Bank records|Bank reserves|Branch banking|Brokers|Commercial finance companies|Community development banking|Community development corporations|Compensation (Law)|Competition|Confidential communications|Conflict of interests|Congressional oversight|Congressional reporting requirements|Consumer credit|Consumer education|Consumer protection|Corporate divestiture|Corporate management|Corporate mergers|Corporation directors|Counseling|Credit cards|Credit unions|Debit cards|Debtor and creditor|Deceptive advertising|Department of Housing and Urban Development|Department of the Treasury|Deposit insurance|Depressed areas|Derivative securities|Discovery (Law)|Discrimination in consumer credit|Discrimination in mortgage loans|Electronic funds transfers|Employee benefit plans|Energy policy|Enterprise zones|Evidence (Law)|Executive reorganization|Federal Deposit Insurance Corporation|Federal Reserve System|Federal advisory bodies|Federal preemption|Fees|Finance charges|Financial institutions,1995-10-24,"To enhance competition in the financial services industry by providing a prudential framework for the affiliation of banks, securities firms, and other financial service providers, to reduce paperwork and additional regulatory burdens for depository institutions, and for other purposes.",Financial Services Competitiveness Act of 1995,104,1,,
hr2614-104,Finance and Financial Sector,Accounting|Auditing|Business records|Coins and coinage|Commemorations|Congressional investigations|Congressional oversight|Congressional reporting requirements|Department of the Treasury|Executive reorganization|Federal advisory bodies|Federal installations|Federal officials|Financial statements|Gold|Government paperwork|Lobbying|Money|Pennsylvania|Platinum|Presidential appointments|Revolving funds,1995-11-10,"To reform the commemorative coin programs of the United States Mint in order to protect the integrity of such programs and prevent losses of Government funds, to authorize the United States Mint to mint and issue platinum and gold bullion coins, and for other purposes.",Commemorative Coin Authorization and Reform Act of 1995,104,1,,
s1415-104,Finance and Financial Sector,Administrative procedure|Advice and consent of the Senate|Affiliated corporations|Bank capital|Bank examination|Bank failures|Bank holding companies|Bank loans|Bank records|Branch banking|Congressional reporting requirements|Consumer protection|Corporation directors|Department of the Treasury|Deposit insurance|Executive reorganization|Federal Deposit Insurance Corporation|Federal Reserve System|Federal home loan banks|Federal officials|Government corporations|Government paperwork|Mortgage interest rates|Presidential appointments|Reinsurance|Savings and loan associations|Savings banks|Stocks|Variable rate mortgage loans,1995-11-15,"A bill entitled ""Thrift Charter Conversion Act of 1995"".",Thrift Charter Conversion Act of 1995,104,1,,
s1450-104,Finance and Financial Sector,Bankruptcy|Contracts|Corporate reorganizations|Gambling,1995-12-06,"A bill to provide that certain gaming contracts shall remain in effect, notwithstanding filing for bankruptcy, and for other purposes.",,104,1,,
s1549-104,Finance and Financial Sector,Information disclosure (Securities law)|Municipal finance|Securities|Securities regulation|Tax-exempt securities,1996-02-01,"A bill to improve regulation of the purchase and sale of municipal securities, and for other purposes.",Municipal Securities Investor Protection Act of 1996,104,1,,
hr2972-104,Finance and Financial Sector,Administrative fees|Administrative procedure|Appropriations|Authorization|Brokers|Collection of accounts|Independent regulatory commissions|International competitiveness|Legal services|Licenses|Securities|Securities and Exchange Commission|Securities industry|Securities regulation|Stock exchanges,1996-02-27,"To authorize appropriations for the Securities and Exchange Commission, to reduce the fees collected under the Federal securities laws, and for other purposes.",Securities and Exchange Commission Authorization Act of 1996,104,1,,
hr3005-104,Finance and Financial Sector,Accounting|Administrative fees|Administrative procedure|Advertising|Appropriations|Auditing|Authorization|Automation|Brokers|Business records|Capital formation|Churches|Clergy|Competition|Computers and government|Confidential communications|Congressional reporting requirements|Consumer education|Consumer protection|Contracts|Corporate management|Corporate mergers|Criminal investigation|Data banks|Deceptive advertising|Economic development|Economic impact statements|Electronic data interchange|Evidence (Law)|Executive reorganization|Federal preemption|Fees|Financial statements|Foreign corporations|Foreign news|Fraud|Government paperwork|Government publicity|Government securities|Independent regulatory commissions|Information disclosure (Securities law)|Information services|Information storage and retrieval systems|Injunctions|Insurance|Insurance companies|Interactive media|Interest|International competitiveness|International cooperation|Interstate relations|Investment advisers|Liability (Law)|Licenses|Margins (Security trading)|Mutual funds|Names|Pension funds|Press|Press conferences|Privatization|Program trading (Securities)|Regulatory impact statements|Religion|Reporters and reporting|Secondary mortgage market,1996-03-05,"To amend the Federal securities laws in order to promote efficiency and capital formation in the financial markets, and to amend the Investment Company Act of 1940 to promote more efficient management of mutual funds, protect investors, and provide more effective and less burdensome regulation.",National Securities Markets Improvement Act of 1996,104,1,,
hr3167-104,Finance and Financial Sector,Administrative fees|Administrative procedure|Administrative remedies|Advice and consent of the Senate|Affordable housing|Bank capital|Bank directors|Bank employees|Bank examination|Bank failures|Bank loans|Bank management|Bank mergers|Bank reserves|Capital formation|Community development banking|Congressional reporting requirements|Dismissal of employees|Dividends|Executive compensation|Executive reorganization|Federal Housing Finance Board|Federal home loan banks|Federal incorporation|Federally-guaranteed loans|Financial services|Foreign loans|Government corporations|Government paperwork|Housing finance|Independent regulatory commissions|Insurance companies|Interest|Interest rates|Judicial review of administrative acts|Low-income housing|Moderate income housing|Mortgage loans|Mortgages|Presidential appointments|Rural economic development|Salaries|Savings and loan associations|Savings banks|Securities|Standards|Stock repurchasing|Stockholders|Stocks,1996-03-27,"To reform the Federal Home Loan Bank System, and for other purposes.",Enterprise Resource Bank Act of 1996,104,1,,
hr3272-104,Finance and Financial Sector,Charitable contributions|Corporate philanthropy|Information disclosure (Securities law)|Securities|Securities regulation,1996-04-18,"To amend the Securities Exchange Act of 1934 to require improved disclosure of corporate charitable contributions, and for other purposes.",,104,1,,
hr3273-104,Finance and Financial Sector,Charitable contributions|Corporate philanthropy|Securities|Stockholders|Stockholders' voting,1996-04-18,To amend the Securities Exchange Act of 1934 to require corporations to obtain the views of shareholders concerning corporate charitable contributions.,,104,1,,
s1815-104,Finance and Financial Sector,Accounting|Administrative fees|Administrative procedure|Advertising|Authorization|Brokers|Business records|Churches|Clergy|Competition|Computers and government|Congressional reporting requirements|Contracts|Corporate management|Corporate mergers|Criminal investigation|Data banks|Deceptive advertising|Economic development|Economic impact statements|Federal preemption|Fees|Financial statements|Foreign corporations|Fraud|Government paperwork|Government securities|Independent regulatory commissions|Information disclosure (Securities law)|Information services|Injunctions|Insurance|Interactive media|Interest|International cooperation|Interstate relations|Investment advisers|Licenses|Mutual funds|Names|Pension funds|Press conferences|Privatization|Program trading (Securities)|Regulatory impact statements|Religion|Reporters and reporting|Securities|Securities and Exchange Commission|Securities fraud|Securities industry|Securities regulation|Standards|State laws|Stock exchanges|Stockholders|Surety and fidelity|Tax-deferred compensation plans|Technological innovations|Tender offers|Trusts and trustees,1996-05-23,"A bill to provide for improved regulation of the securities markets, eliminate excess securities fees, reduce the costs of investing, and for other purposes.",Securities Investment Promotion Act of 1996,104,1,,
hr3567-104,Finance and Financial Sector,Accounting|Administrative procedure|Advertising|Affiliated corporations|Auditing|Automated teller machines|Bank accounts|Bank capital|Bank deposits|Bank directors|Bank employees|Bank examination|Bank failures|Bank holding companies|Bank loans|Bank management|Bank marketing|Bank mergers|Bank records|Bank reserves|Branch banking|Bribery|Brokers|Collection of accounts|Community development banking|Community development corporations|Computers|Confidential communications|Congressional oversight|Congressional reporting requirements|Consumer credit|Consumer education|Consumer protection|Corporate divestiture|Corporate mergers|Corporations|Cost control|Counseling|Credit cards|Credit insurance|Credit unions|Debit cards|Debtor and creditor|Deceptive advertising|Department of Housing and Urban Development|Department of the Treasury|Deposit insurance|Depressed areas|Discovery (Law)|Discrimination in consumer credit|Electronic data processing|Electronic funds transfers|Employee benefit plans|Evidence (Law)|Executive reorganization|Executives|Federal Deposit Insurance Corporation|Federal Reserve System|Fees|Finance charges|Financial deregulation|Financial institutions|Financing Corporation|Foreign banks and banking|Foreign loans|Government corporations,1996-06-04,"To fully capitalize the deposit insurance funds, to provide regulatory relief for insured depository institutions and depository institution holding companies, and for other purposes.",Federal Deposit Insurance Funds and Regulatory Relief Act of 1996,104,1,,
hr3892-104,Finance and Financial Sector,Bank failures|Bank fraud|Bank records|Claims|Jurisdiction|Liability (Law)|Torts|Trusts and trustees,1996-07-24,"To clarify treatment of certain claims and defenses against an insured depository institution under receivership by the Federal Deposit Insurance Corporation, and for other purposes.",D'Oench Duhme Reform Act,104,1,,
s1993-104,Finance and Financial Sector,Appropriations|Auditing|Computers and government|Congressional investigations|Congressional reporting requirements|Federal Reserve System|Financial statements|Government paperwork|Government procurement|Government service contracts|Information technology|Interest|Monetary policy,1996-07-26,"A bill to require certain expenditures by the Federal Reserve System to be made subject to congressional appropriations, to prohibit the maintenance of surplus accounts by Federal reserve banks, to provide for annual independent audits of Federal reserve banks, to apply Federal procurement regulations to the Federal Reserve System, and for other purposes.",Federal Reserve Fiscal Responsibility Act of 1996,104,1,,
hr4079-104,Finance and Financial Sector,Accounting|Administrative procedure|Advertising|Affiliated corporations|Agricultural credit|Agricultural economics|Annuities|Auditing|Automated teller machines|Bank accounts|Bank capital|Bank deposits|Bank directors|Bank employees|Bank examination|Bank holding companies|Bank loans|Bank management|Bank marketing|Bank mergers|Bank records|Bank reserves|Branch banking|Brokers|Certificates of deposit|Community development banking|Competition|Confidential communications|Conflict of interests|Congressional reporting requirements|Consumer credit|Consumer education|Consumer protection|Corporate divestiture|Counseling|Credit cards|Credit unions|Deceptive advertising|Department of Housing and Urban Development|Department of the Treasury|Deposit insurance|Discovery (Law)|Discrimination in consumer credit|Droughts|Economic research|Economic surveys|Employee benefit plans|Evidence (Law)|Executive compensation|Executive reorganization|Federal Deposit Insurance Corporation|Federal Reserve System|Federal advisory bodies|Federal preemption|Federally-assisted loans|Federally-guaranteed loans|Fees|Finance charges|Financial deregulation|Financial institutions|Financial research|Financial services|Financing Corporation|Foreclosure|Foreign banks and banking|Foreign loans,1996-09-16,To reduce paperwork and additional regulatory burdens for depository institutions.,Financial Institutions Regulatory Relief Act of 1996,104,1,,
hr4182-104,Finance and Financial Sector,Administrative fees|Administrative procedure|Administrative remedies|Advertising|Advice and consent of the Senate|Affiliated corporations|Annuities|Bank capital|Bank deposits|Bank directors|Bank employees|Bank examination|Bank failures|Bank fraud|Bank holding companies|Bank loans|Bank mergers|Bank records|Bank reserves|Bankruptcy|Branch banking|Brokers|Competition|Confidential communications|Conflict of interests|Congressional reporting requirements|Consumer complaints|Consumer education|Consumer protection|Contracts|Corporate divestiture|Corporate governance|Corporation directors|Credit unions|Deceptive advertising|Department of the Treasury|Deposit insurance|District courts|Dividends|Employee rights|Energy policy|Executive reorganization|Federal Deposit Insurance Corporation|Federal Reserve System|Federal advisory bodies|Federal employees|Federal home loan banks|Federal officials|Federal preemption|Financial deregulation|Financial institutions|Financial services|Fines (Penalties)|Foreign banks and banking|Government corporations|Government paperwork|Government trust funds|Holding companies|Independent regulatory commissions|Indexing (Economic policy)|Information disclosure (Securities law)|Injunctions|Insurance|Insurance companies|Insurance premiums|Interest,1996-09-25,To enhance competition in the financial services sector and merge the commercial bank and savings association charters.,Depository Institution Affiliation and Thrift Charter Conversion Act,104,1,,
hr4318-104,Finance and Financial Sector,Administrative procedure|Advertising|Affiliated corporations|Auditing|Bank capital|Bank deposits|Bank directors|Bank examination|Bank failures|Bank holding companies|Bank loans|Bank management|Bank mergers|Bankruptcy|Branch banking|Business losses|Civil procedure|Commercial arbitration|Confidential communications|Conflict of interests|Congressional oversight|Congressional reporting requirements|Contracts|Corporate mergers|Data banks|Debt|Debtor and creditor|Deposit insurance|District courts|Dividends|Electronic data processing|Evidence (Law)|Executive reorganization|Federal Deposit Insurance Corporation|Federal Reserve System|Federal preemption|Fees|Financial deregulation|Financial statements|Fines (Penalties)|Foreign banks and banking|Fraud|Government corporations|Government paperwork|Government trust funds|Income tax|Indexing (Economic policy)|Injunctions|Insurance companies|Insurance premiums|Insurance rates|Interest|Interest rates|Investments|Jurisdiction|Leases|Liability (Law)|Loans|Local taxation|Parties to actions|Partnerships|Punitive damages|Risk management|Savings and loan associations|Savings banks|Signs and symbols,1996-09-28,"To provide for a system of guaranteeing the deposits and certain other liabilities of depository institutions through a self-regulating system of cross-guarantees, to protect taxpayers against deposit insurance losses, and for other purposes.","Deposit Insurance Reform, Regulatory Modernization, and Taxpayer Protection of 1996",104,1,,
hr10-105,Finance and Financial Sector,Administrative procedure|Advertising|Affiliated corporations|Agricultural credit|American Samoa|Antitrust actions|Antitrust law|Bank capital|Bank deposits|Bank directors|Bank employees|Bank examination|Bank failures|Bank fraud|Bank holding companies|Bank loans|Bank management|Bank marketing|Bank mergers|Bank records|Bank reserves|Bankruptcy|Bonds|Branch banking|Brokers|Building leases|Business income tax|Canada|Citizenship|Community development banking|Competition|Conflict of interests|Congressional investigations|Congressional reporting requirements|Consumer complaints|Consumer credit|Consumer education|Consumer protection|Continuing education|Corporate liquidations|Corporate management|Corporate mergers|Corporate profits|Corporation directors|Corporation taxes|Cost effectiveness|Credit cards|Criminal liability|Customs unions|Deceptive advertising|Department of the Treasury|Deposit insurance|Derivative securities|Dividends|Economic impact statements|Employee benefit plans|Enterprise zones|Executive reorganization|Federal Housing Finance Board|Federal Reserve System|Federal Trade Commission|Federal advisory bodies|Federal home loan banks|Federal preemption|Federal-state relations|Fees,1997-01-07,"To enhance competition in the financial services industry by providing a prudential framework for the affiliation of banks, securities firms, and other financial service providers, and for other purposes.",Financial Services Act of 1998,105,1,,
hr221-105,Finance and Financial Sector,Bank capital|Bank examination|Bank fraud|Bank loans|Bank records|Community development banking|Credit|Government paperwork|Indexing (Economic policy),1997-01-07,"To amend the Community Reinvestment Act of 1977 to reduce onerous recordkeeping and reporting requirements for regulated financial institutions, and for other purposes.",Community Reinvestment Improvement Act of 1997,105,1,,
hr268-105,Finance and Financial Sector,Administrative fees|Administrative procedure|Administrative remedies|Advertising|Advice and consent of the Senate|Affiliated corporations|Annuities|Bank capital|Bank deposits|Bank directors|Bank employees|Bank examination|Bank failures|Bank fraud|Bank holding companies|Bank loans|Bank mergers|Bank records|Bank reserves|Bankruptcy|Branch banking|Brokers|Competition|Confidential communications|Conflict of interests|Congressional reporting requirements|Consumer complaints|Consumer education|Consumer protection|Contracts|Corporate divestiture|Corporate governance|Corporate reorganizations|Corporation directors|Credit unions|Deceptive advertising|Department of the Treasury|Deposit insurance|District courts|Dividends|Employee rights|Executive reorganization|Federal Deposit Insurance Corporation|Federal Reserve System|Federal advisory bodies|Federal employees|Federal home loan banks|Federal officials|Federal preemption|Financial deregulation|Financial institutions|Financial services|Fines (Penalties)|Foreign banks and banking|Government corporations|Government paperwork|Government trust funds|Holding companies|Independent regulatory commissions|Indexing (Economic policy)|Information disclosure (Securities law)|Injunctions|Insurance|Insurance companies|Insurance premiums|Interest,1997-01-07,To enhance competition in the financial services sector and merge the commercial bank and savings association charters.,Depository Institution Affiliation and Thrift Charter Conversion Act,105,1,,
hr31-105,Finance and Financial Sector,Administrative fees|Administrative procedure|Administrative remedies|Advice and consent of the Senate|Affordable housing|Bank capital|Bank directors|Bank employees|Bank examination|Bank failures|Bank loans|Bank management|Bank mergers|Bank reserves|Capital formation|Community development banking|Congressional reporting requirements|Dismissal of employees|Dividends|Executive compensation|Executive reorganization|Federal Housing Finance Board|Federal home loan banks|Federal incorporation|Federally-guaranteed loans|Financial services|Foreign loans|Government corporations|Government paperwork|Housing finance|Independent regulatory commissions|Insurance companies|Interest|Interest rates|Judicial review of administrative acts|Low-income housing|Moderate income housing|Mortgage loans|Mortgages|Presidential appointments|Rural economic development|Salaries|Savings and loan associations|Savings banks|Securities|Standards|Stock repurchasing|Stockholders|Stocks|Sustainable development,1997-01-07,"To reform the Federal Home Loan Bank System, and for other purposes.",Enterprise Resource Bank Act of 1996,105,1,,
hr944-105,Finance and Financial Sector,Business income tax|Charitable contributions|Corporate philanthropy|Income tax|Information disclosure (Securities law)|Securities regulation,1997-03-05,"To amend the Securities Exchange Act of 1934 to require improved disclosure of corporate charitable contributions, and for other purposes.",,105,1,,
hr945-105,Finance and Financial Sector,Business income tax|Charitable contributions|Corporate philanthropy|Income tax|Securities regulation|Stockholders|Stockholders' voting,1997-03-05,To amend the Securities Exchange Act of 1934 to require corporations to obtain the views of shareholders concerning corporate charitable contributions.,,105,1,,
hr1151-105,Finance and Financial Sector,Accounting|Administrative procedure|Auditing|Bank capital|Bank deposits|Bank directors|Bank employees|Bank examination|Bank failures|Bank loans|Bank management|Bank mergers|Bank records|Business income tax|Community development banking|Conflict of interests|Congressional reporting requirements|Cooperative societies|Credit unions|Deposit insurance|Federal Reserve System|Federal-state relations|Financial deregulation|Financial services|Financial statements|Government paperwork|Government trust funds|Households|Income tax|Insurance premiums|Insurance rates|Interest|Legislation|National Credit Union Administration|Poor|Presidential appointments|Rural conditions|Savings and loan associations|Savings banks|Tax simplification|Volunteer workers,1997-03-20,To amend the Federal Credit Union Act to clarify existing law and ratify the longstanding policy of the National Credit Union Administration Board with regard to field of membership of Federal credit unions.,Credit Union Membership Access Act,105,1,,
hr1689-105,Finance and Financial Sector,Administrative procedure|Appropriations|Authorization|Civil Service pensions|Class actions (Civil procedure)|Computers and government|Congressional reporting requirements|Contracts|Cost accounting|Data banks|Discovery (Law)|District courts|Federal preemption|Government contractors|Governmental investigations|Independent regulatory commissions|Information storage and retrieval systems|Interstate relations|Jurisdiction|Local laws|Pension funds|Regulatory impact statements|Restrictive trade practices|Securities|Securities and Exchange Commission|Securities fraud|Securities industry|Securities regulation|State courts|State employees|State laws|Stockholders' voting|Subpoena|Tender offers,1997-05-21,"To amend the Securities Act of 1933 and the Securities Exchange Act of 1934 to limit the conduct of securities class actions under State law, and for other purposes.",Securities Litigation Uniform Standards Act of 1998,105,1,,
hr1900-105,Finance and Financial Sector,Administrative procedure|Administrative remedies|Affiliated corporations|Bank deposits|Bank loans|Bank marketing|Bank records|Brokers|Confidential communications|Consumer complaints|Consumer education|Consumer protection|Deceptive advertising|Department of the Treasury|Employee training|Evidence (Law)|Federal Deposit Insurance Corporation|Federal Reserve System|Financial services|Government paperwork|Insurance|Insurance agents|Investment advisers|Investments|Mutual funds|Names|Nonbank banks|Restrictive trade practices|Right of privacy|Sales personnel|Securities industry|Securities regulation|Signs and symbols|Stocks|Subsidiary corporations,1997-06-17,"To provide for adequate consumer protection in the provision of financial services, and for other purposes.",Depository Institution Consumer Protection Act of 1997,105,1,,
hr2552-105,Finance and Financial Sector,Accounting|Auditing|Bank examination|Credit unions|Deposit insurance|Financial statements|Government paperwork,1997-09-25,"To amend the requirements in the Federal Credit Union Act relating to audit requirements and supervisory committee oversight of insured credit unions, and for other purposes.",Credit Union Audit Improvement Act of 1997,105,1,,
s1260-105,Finance and Financial Sector,Administrative procedure|Appropriations|Authorization|Civil Service pensions|Class actions (Civil procedure)|Computers and government|Congressional reporting requirements|Contracts|Cost accounting|Data banks|Discovery (Law)|District courts|Economists in government|Federal preemption|Government contractors|Governmental investigations|Independent regulatory commissions|Information storage and retrieval systems|Interstate relations|Jurisdiction|Local laws|Pension funds|Regulatory impact statements|Restrictive trade practices|Salaries|Securities|Securities and Exchange Commission|Securities fraud|Securities industry|Securities regulation|Standards|State courts|State employees|State laws|Stockholders' voting|Subpoena|Tender offers,1997-10-07,"A bill to amend the Securities Act of 1933 and the Securities Exchange Act of 1934 to limit the conduct of securities class actions under State law, and for other purposes.",Securities Litigation Uniform Standards Act of 1998,105,1,,
s1405-105,Finance and Financial Sector,Accounting|Administrative procedure|Advertising|Affordable housing|Bank accounts|Bank capital|Bank deposits|Bank directors|Bank examination|Bank failures|Bank holding companies|Bank loans|Bank management|Bank marketing|Bank mergers|Bank reserves|Brokers|Checking accounts|Checks|Collection of accounts|Community development banking|Competition|Congressional reporting requirements|Consumer credit|Consumer education|Corporate divestiture|Credit cards|Debtor and creditor|Department of the Treasury|Deposit insurance|Dividends|Electronic data interchange|Employment of the disadvantaged|Executive reorganization|Federal Deposit Insurance Corporation|Federal Reserve System|Federal advisory bodies|Federal aid to higher education|Federal employees|Federal home loan banks|Federal officials|Federally-guaranteed loans|Financial services|Financial statements|Foreclosure|Foreign banks and banking|Garnishment|Government corporations|Government employees' health insurance|Government paperwork|Government publicity|Government trust funds|Health insurance continuation|Higher education|Interest|Interest rates|Job creation|Leases|Legislation|Mortgage banks|Mortgage loans|NOW accounts|Negotiable instruments|Nonbank banks|Radio broadcasting|Savings and loan associations,1997-11-07,"A bill to provide for improved monetary policy and regulatory reform in financial institution management and activities, to streamline financial regulatory agency actions, to provide for improved consumer credit disclosure, and for other purposes.",Financial Regulatory Relief and Economic Efficiency Act of 1998,105,1,,
s1518-105,Finance and Financial Sector,Administrative procedure|Corporation reports|Corporations|Government paperwork|Independent regulatory commissions|Information disclosure (Securities law)|Insurance|Legal fees|Securities and Exchange Commission|Securities regulation|Year 2000 computer problem,1997-11-10,"A bill to require publicly traded corporations to make specific disclosures in their initial offering statements and quarterly reports regarding the ability of their computer systems to operate after January 1, 2000.",Year 2000 Computer Remediation and Shareholder (CRASH) Protection Actof 1997,105,1,,
hr3150-105,Finance and Financial Sector,Administrative fees|Administrative procedure|Administrative remedies|Advertising|Aircraft|Aircraft engines|Airlines|Alabama|Alimony|Alternative dispute resolution|Appellate courts|Appellate procedure|Auditing|Bank marketing|Bankruptcy|Bankruptcy courts|Books|Boundaries|Brokers|Building leases|Business income tax|Business records|Cable television|California|Cemeteries and funerals|Charitable contributions|Charities|Child health|Child support|Child support enforcement|Choice of law|Civil Service pensions|Civil procedure|Claims|Collection of accounts|College costs|Commercial aircraft|Commodity exchanges|Competition|Computers and government|Condominium (Housing)|Congressional investigations|Congressional reporting requirements|Consumer credit|Consumer education|Consumer protection|Contracts|Cooperative housing|Corporate debt|Corporate liquidations|Corporate reorganizations|Corporation taxes|Counseling|Court records|Credit cards|Curricula|Damages|Data banks|Debit cards|Debtor and creditor|Delaware|Department of Justice|Direct broadcast satellites|Disabled|Disabled children|Divorce,1998-02-03,"To amend title 11 of the United States Code, and for other purposes.",Consumer Bankruptcy Reform Act of 1998,105,1,,
hr3165-105,Finance and Financial Sector,Accounting|Administrative procedure|Government paperwork|Government publicity|Independent regulatory commissions|Information disclosure (Securities law)|Judicial review of administrative acts|Securities and Exchange Commission|Securities industry|Securities regulation|Standards,1998-02-05,To amend the Securities Exchange Act of 1934 to provide an opportunity for judicial review concerning the adoption of accounting principles applicable to issuers of federally-registered securities.,Financial Accounting Fairness Act of 1998,105,1,,
s1914-105,Finance and Financial Sector,Administration of justice|Administrative procedure|Appellate procedure|Bank records|Bankruptcy|Bankruptcy courts|Brokers|Business income tax|Claims|Commodity exchanges|Contracts|Corporate liquidations|Corporate reorganizations|Court records|Damages|Debtor and creditor|Employee health benefits|Family farms|Farm income|Federal Deposit Insurance Corporation|Federal Reserve System|Federal advisory bodies|Financial statements|Foreign corporations|Fraud|Government corporations|Government paperwork|Health care industry|Health maintenance organizations|Hospital patients|Hospital records|Hospitals|Income tax|Insurance|Insurance companies|Interest|Interest rate swaps|Interest rates|International cooperation|Jurisdiction|Leases|Limitation of actions|Margins (Security trading)|Medical records|Municipal bankruptcy|Nursing homes|Ombudsman|Options (Contract)|Parties to actions|Patients' rights|Payroll deductions|Pension funds|Property tax|Real property|Reinsurance|Secondary mortgage market|Securities fraud|Securities industry|Small business|State taxation|Swaps (Finance)|Tariff|Tax administration|Tax courts|Tax evasion|Tax liens,1998-04-02,"A bill to amend title 11, United States Code, provide for business bankruptcy reform, and for other purposes.",Business Bankruptcy Reform Act,105,1,,
hr4005-105,Finance and Financial Sector,Accounting|Administrative procedure|Auditing|Bail|Bank accounts|Bank directors|Bank employees|Bank examination|Bank holding companies|Bank records|Business records|Checks|Coins and coinage|Commercial arbitration|Congressional reporting requirements|Conspiracy|Court records|Criminal investigation|Criminal justice information|Criminal liability|Data banks|Department of the Treasury|Drug abuse|Drug traffic|Electronic funds transfers|Employee selection|Federal Reserve System|Financial planning|Fines (Penalties)|Foreign banks and banking|Foreign exchange|Forfeiture|Government paperwork|Identification devices|Indictments|Informers|Investment advisers|Jurisdiction|Liability (Law)|Licenses|Limitation of actions|Misconduct in office|Money|Money laundering|Negligence|Organized crime|Personnel records|Prosecution|Securities regulation|Sentences (Criminal procedure)|State laws|Territories (U.S.)|Wiretapping,1998-06-05,"To amend title 31 of the United States Code to improve methods for preventing financial crimes, and for other purposes.",Money Laundering Deterrence Act of 1998,105,1,,
s2153-105,Finance and Financial Sector,Accounting|Administrative fees|Administrative procedure|Appropriations|Auditing|Automated clearing houses|Bank fraud|Bank records|Budget surpluses|Checks|Congressional investigations|Congressional reporting requirements|Federal Reserve System|Federal budgets|Financial statements|Government paperwork|Government procurement|Interest|Monetary policy,1998-06-10,"A bill to require certain expenditures by the Federal Reserve System to be made subject to congressional appropriations, to prohibit the maintenance of surplus accounts by Federal reserve banks, to provide for annual independent audits of Federal reserve banks, to apply Federal procurement regulations to the Federal Reserve System, to reform the pricing practices of the Federal Reserve System for services provided to the domestic banking system, and for other purposes.",Federal Reserve Fiscal Accountability Act of 1998,105,1,,
hr4239-105,Finance and Financial Sector,Administrative procedure|Bank failures|Bank fraud|Bank loans|Bank records|Bankruptcy|Brokers|Certificates of deposit|Consumer credit|Contracts|Damages|Debtor and creditor|Department of the Treasury|Federal Deposit Insurance Corporation|Financial institutions|Foreclosure|Foreign banks and banking|Foreign exchange|Fraud|Futures trading|Government corporations|Government lending|Government paperwork|Injunctions|Leases|Liability (Law)|Loans|Margins (Security trading)|Mortgage loans|Options (Contract)|Securities|Securities regulation|Surety and fidelity|Swaps (Finance)|Trusts and trustees,1998-07-16,"To revise the banking and bankruptcy insolvency laws with respect to the termination and netting of financial contracts, and for other purposes.",Financial Contract Netting Improvement Act of 1998,105,1,,
hr4321-105,Finance and Financial Sector,Administrative procedure|Bank fraud|Bank records|Congressional investigations|Congressional reporting requirements|Consumer credit|Counterfeiting|Damages|Federal Trade Commission|Federal-state relations|Financial institutions|Financial statements|Fines (Penalties)|Forgery|Fraud|Governmental investigations|Independent regulatory commissions|Injunctions|Insurance companies|Investment advisers|Larceny|Legal fees|Mutual funds|Parties to actions|Restrictive trade practices|Right of privacy|Securities and Exchange Commission|Securities regulation|State laws,1998-07-23,To protect consumers and financial institutions by preventing personal financial information from being obtained from financial institutions under false pretenses.,Financial Information Privacy Act of 1998,105,1,,
hr4348-105,Finance and Financial Sector,Bank capital|Bank records|Earnings|Financial statements|Government paperwork|Investments|Mining claims|Mortgages|Real estate appraisal|Real estate business|Real property,1998-07-29,To amend section 5137 of the Revised Statutes of the United States to allow national banks to continue to hold passive investments in certain subsurface rights acquired in the course of the banking business and carried on the books of the bank for a nominal amount.,Bank Investment in Subsurface Rights Act,105,1,,
hr4353-105,Finance and Financial Sector,American investments|Americans in foreign countries|Bribery|Campaign funds|Communication satellites|Congress and foreign policy|Congressional oversight|Congressional reporting requirements|Corporate corruption|Election candidates|Election fraud|Extraterritoriality|Fines (Penalties)|Foreign leaders|Gifts|Government liability (International law)|Governmental investigations|Immunities of foreign states|Injunctions|International agencies|International competitiveness|International officials|Maritime satellites|Misconduct in office|Political parties|President and foreign policy|Privatization|Public corruption|Securities fraud|Securities industry|Securities regulation|Sentences (Criminal procedure)|Space activities|Subpoena|Telecommunication industry|Treaties,1998-07-30,"To amend the Securities Exchange Act of 1934 and the Foreign Corrupt Practices Act of 1977 to improve the competitiveness of American business and promote foreign commerce, and for other purposes.",International Anti-Bribery and Fair Competition Act of 1998,105,1,,
s2375-105,Finance and Financial Sector,American investments|Americans in foreign countries|Bribery|Campaign funds|Communication satellites|Congress and foreign policy|Congressional oversight|Congressional reporting requirements|Corporate corruption|Election candidates|Election fraud|Extraterritoriality|Fines (Penalties)|Foreign leaders|Gifts|Government liability (International law)|Governmental investigations|Immunities of foreign states|Injunctions|International agencies|International competitiveness|International officials|Maritime satellites|Misconduct in office|Political parties|President and foreign policy|Privatization|Public corruption|Securities fraud|Securities industry|Securities regulation|Sentences (Criminal procedure)|Space activities|Subpoena|Telecommunication industry|Treaties,1998-07-30,"An original bill to amend the Securities Exchange Act of 1934 and the Foreign Corrupt Practices Act of 1977, to strengthen prohibitions on international bribery and other corrupt practices, and for other purposes.",International Anti-Bribery and Fair Competition Act of 1998,105,1,,
hr4364-105,Finance and Financial Sector,Administrative procedure|Advertising|Affiliated corporations|Bank capital|Bank deposits|Bank directors|Bank examination|Bank failures|Bank holding companies|Bank loans|Bank management|Bank marketing|Bank mergers|Bank records|Bank reserves|Bonds|Branch banking|Brokers|Capital investments|Checking accounts|Citizenship|Community development banking|Confidential communications|Congressional reporting requirements|Consumer credit|Consumer education|Corporate reorganizations|Credit cards|Credit unions|Debtor and creditor|Department of the Treasury|Deposit insurance|Discovery (Law)|District courts|Dividends|Electronic data interchange|English language|Federal Deposit Insurance Corporation|Federal Reserve System|Fees|Finance charges|Financial statements|Foreign banks and banking|Government corporations|Government paperwork|Home equity loans|Information disclosure (Securities law)|Injunctions|Interest|Interest rates|Investments|Judicial review of administrative acts|Jurisdiction|Legislation|Liens|Life insurance|Loans|Mining claims|Mortgages|Negotiable instruments|Parties to actions|Public records|Radio|Real estate business|Real property|Savings accounts,1998-07-31,"To streamline the regulation of depository institutions, to safeguard confidential banking and credit union supervisory information, and for other purposes.",Depository Institution Regulatory Streamlining Act of 1998,105,1,,
hr4388-105,Finance and Financial Sector,Administrative procedure|Administrative remedies|Bank records|Brokers|Business records|Commodity Futures Trading Commission|Consumer complaints|Consumer credit|Consumer education|Consumer protection|Credit unions|Damages|Data banks|Department of the Treasury|Federal Deposit Insurance Corporation|Federal Reserve System|Federal Trade Commission|Federal preemption|Financial institutions|Fines (Penalties)|Identification devices|Independent regulatory commissions|Insurance companies|Investment advisers|Liability (Law)|Mutual funds|National Credit Union Administration|Right of privacy|Securities and Exchange Commission|Securities industry|Security measures|State laws|Telephone,1998-08-04,"To amend the Consumer Credit Protection Act to ensure financial institution privacy protections, and for other purposes.",Consumer Financial Privacy Protection Act of 1998,105,1,,
hr4393-105,Finance and Financial Sector,Administrative procedure|Bank failures|Bank records|Bankruptcy|Brokers|Certificates of deposit|Contracts|Damages|Debtor and creditor|Department of the Treasury|Federal Deposit Insurance Corporation|Financial institutions|Foreclosure|Foreign banks and banking|Foreign exchange|Fraud|Futures trading|Government corporations|Government lending|Government paperwork|Injunctions|Liability (Law)|Margins (Security trading)|Mortgage loans|Options (Contract)|Securities|Surety and fidelity|Swaps (Finance)|Trusts and trustees,1998-08-04,"To revise the banking and bankruptcy insolvency laws with respect to the termination and netting of financial contracts, and for other purposes.",Financial Contract Netting Improvement Act of 1998,105,1,,
s2433-105,Finance and Financial Sector,Administrative procedure|Bank fraud|Bank records|Congressional investigations|Congressional reporting requirements|Consumer credit|Counterfeiting|Damages|Federal Reserve System|Federal Trade Commission|Federal-state relations|Financial institutions|Financial statements|Fines (Penalties)|Forgery|Fraud|Independent regulatory commissions|Injunctions|Larceny|Legal fees|Liability (Law)|Parties to actions|Right of privacy|State laws,1998-09-02,A bill to protect consumers and financial institutions by preventing personal financial information from being obtained from financial institutions under false pretenses.,Financial Information Privacy Act,105,1,,
hr4745-105,Finance and Financial Sector,Consumer credit|Counseling|Federal aid to housing|Federally-guaranteed loans|Fees|Financial planning|Financial statements|Foreclosure|Government lending|Government paperwork|Income|Interest|Liens|Loan defaults|Mortgage guaranty insurance|Mortgage loans|Mortgages|Nonprofit organizations|Personnel records|Telephone,1998-10-08,"To establish a program to assist homeowners experiencing unavoidable, temporary difficulty making payments on mortgages insured under the National Housing Act.",Homeowners' Emergency Mortgage Assistance Act,105,1,,
s2590-105,Finance and Financial Sector,Administrative fees|Administrative procedure|Advertising|Affiliated corporations|Affordable housing|Annuities|Antitrust law|Assault|Bank accounts|Bank capital|Bank deposits|Bank directors|Bank examination|Bank fraud|Bank holding companies|Bank loans|Bank management|Bank marketing|Bank mergers|Bank records|Brokers|Business education|Business records|Canada|Casualty insurance|Community development banking|Competition|Congressional investigations|Congressional reporting requirements|Consumer complaints|Consumer credit|Consumer education|Consumer protection|Continuing education|Corporate divestiture|Corporate mergers|Corporate reorganizations|Counterfeiting|Credit unions|Damages|Debt|Deceptive advertising|Deposit insurance|Derivative securities|Destruction of property|Disability insurance|Disabled|Discrimination in insurance|Economic concentration|Economic impact statements|Employee training|Estates (Law)|Family violence|Federal Housing Finance Board|Federal Reserve System|Federal home loan banks|Federal preemption|Federal-state relations|Fees|Financial deregulation|Financial planning|Financial services|Fines (Penalties)|Foreign banks and banking|Forgery|Government paperwork,1998-10-08,A bill to enhance competition in financial services.,Financial Services Act of 1998,105,1,,
hr4870-105,Finance and Financial Sector,Administrative fees|Administrative procedure|Advertising|Affiliated corporations|Affordable housing|Annuities|Antitrust law|Assault|Bank accounts|Bank capital|Bank deposits|Bank directors|Bank examination|Bank failures|Bank fraud|Bank holding companies|Bank loans|Bank management|Bank marketing|Bank mergers|Bank records|Bankruptcy|Branch banking|Brokers|Building leases|Business education|Business records|Canada|Casualty insurance|Commodity Futures Trading Commission|Community development banking|Community development corporations|Competition|Congressional investigations|Congressional reporting requirements|Consumer complaints|Consumer credit|Consumer education|Consumer protection|Continuing education|Corporate divestiture|Corporate mergers|Corporate reorganizations|Corporation directors|Counterfeiting|Credit unions|Damages|Debt|Deceptive advertising|Department of the Treasury|Deposit insurance|Derivative securities|Destruction of property|Disability insurance|Disabled|Discrimination in insurance|District of Columbia|Dividends|Earnings|Economic concentration|Economic impact statements|Employee stock options|Employee training|Entrepreneurs|Estates (Law)|Family violence,1998-10-20,"To enhance competition in the financial services industry by providing a prudential framework for the affiliation of banks, securities firms, and other financial service providers, and for other purposes.",Financial Services Act of 1998,105,1,,
hr10-106,Finance and Financial Sector,Administrative fees|Administrative procedure|Administrative remedies|Advertising|Affiliated corporations|Affordable housing|Agricultural credit|Annuities|Antitrust law|Assault|Automated teller machines|Automobiles|Bank accounts|Bank capital|Bank deposits|Bank directors|Bank employees|Bank examination|Bank failures|Bank fraud|Bank holding companies|Bank loans|Bank management|Bank marketing|Bank mergers|Bank records|Bank reserves|Bankruptcy|Branch banking|Brokers|Building leases|Business records|Canada|Capital investments|Casualty insurance|Churches|Civil actions and liability|Clergy|Commodity Futures Trading Commission|Community development banking|Community development corporations|Competition|Congressional investigations|Congressional reporting requirements|Consumer complaints|Consumer credit|Consumer education|Consumer protection|Continuing education|Corporate divestiture|Corporate liquidations|Corporate mergers|Corporate reorganizations|Corporation directors|Credit cards|Credit unions|Deceptive advertising|Department of the Treasury|Deposit insurance|Derivative securities|Destruction of property|Direct mail advertising|Disability insurance|Disabled|Discrimination in consumer credit|Discrimination in insurance,1999-01-06,"To enhance competition in the financial services industry by providing a prudential framework for the affiliation of banks, securities firms, and other financial service providers, and for other purposes.",Financial Services Act of 1999,106,1,,
hr173-106,Finance and Financial Sector,Bank capital|Bank examination|Bank fraud|Bank loans|Bank records|Community development banking|Credit|Government paperwork|Indexing (Economic policy),1999-01-06,"To amend the Community Reinvestment Act of 1977 to reduce onerous recordkeeping and reporting requirements for regulated financial institutions, and for other purposes.",Community Reinvestment Improvement Act of 1999,106,1,,
hr30-106,Finance and Financial Sector,Administrative procedure|Bank fraud|Bank records|Civil actions and liability|Congressional investigations|Congressional reporting requirements|Consumer credit|Counterfeiting|Damages|Federal Reserve System|Federal Trade Commission|Federal-state relations|Financial institutions|Financial statements|Fines (Penalties)|Forgery|Fraud|Independent regulatory commissions|Injunctions|Larceny|Legal fees|Liability (Law)|Parties to actions|Right of privacy|State laws,1999-01-06,To protect consumers and financial institutions by preventing personal financial information from being obtained from financial institutions under false pretenses.,Financial Information Privacy Act of 1999,106,1,,
hr595-106,Finance and Financial Sector,Civil actions and liability|Consumer credit|Counseling|Federal aid to housing|Federally-guaranteed loans|Fees|Financial planning|Financial statements|Foreclosure|Government lending|Government paperwork|Income|Interest|Liens|Loan defaults|Mortgage guaranty insurance|Mortgage loans|Mortgages|Nonprofit organizations|Personnel records|Telephone,1999-02-04,"To establish a program to assist homeowners experiencing unavoidable, temporary difficulty making payments on mortgages insured under the National Housing Act.",Homeowners' Emergency Mortgage Assistance Act,106,1,,
hr665-106,Finance and Financial Sector,Administrative procedure|Advertising|Affiliated corporations|Annuities|Antitrust law|Appellate courts|Appellate procedure|Auditing|Bank accounts|Bank capital|Bank deposits|Bank directors|Bank employees|Bank examination|Bank fraud|Bank holding companies|Bank loans|Bank management|Bank marketing|Bank mergers|Bank records|Brokers|Business records|Canada|Capital|Capital formation|Capital investments|Civil actions and liability|Community development banking|Competition|Congressional investigations|Congressional reporting requirements|Consumer complaints|Consumer credit|Consumer education|Consumer protection|Corporate debt|Corporate divestiture|Corporate finance|Corporate management|Corporate mergers|Corporate reorganizations|Corporation directors|Cost effectiveness|Deceptive advertising|Department of the Treasury|Deposit insurance|Derivative securities|Dividends|Earnings|Economic concentration|Employee stock options|Federal Deposit Insurance Corporation|Federal Reserve System|Federal preemption|Federal-state relations|Fees|Financial deregulation|Financial services|Financial statements|Foreign banks and banking|Futures trading|Government paperwork|Government securities|Holding companies|Independent regulatory commissions,1999-02-10,"To enhance the finanical services industry by providing a prudential framework for the affiliation of banks, securities firms, and other finanical service providers and ensuring adequate protection for consumers, and for other purposes.",Financial Services Modernization Act,106,1,,
hr822-106,Finance and Financial Sector,Administrative procedure|Affordable housing|Agricultural credit|Bank capital|Bank directors|Bank employees|Bank holding companies|Bank loans|Bank management|Bank mergers|Bank reserves|Bonds|Building construction|Building leases|Community development banking|Delegation of powers|Dividends|Federal Housing Finance Board|Federal home loan banks|Government publicity|Housing subsidies|Indexing (Economic policy)|Interest|Investments|Mortgage loans|Mutual funds|Rural economic development|Savings and loan associations|Small business|Stockholders|Stocks|Subsidiary corporations,1999-02-24,"To modernize and improve the Federal Home Loan Bank System, and for other purposes.",Federal Home Loan Bank System Modernization Act of 1999,106,1,,
hr823-106,Finance and Financial Sector,Administrative procedure|Affiliated corporations|Bank capital|Bank deposits|Bank directors|Bank employees|Bank examination|Bank failures|Bank holding companies|Bank management|Bank records|Brokers|Competition|Conflict of interests|Consumer protection|Corporate divestiture|Corporate finance|Corporate management|Corporation directors|Deposit insurance|Federal Reserve System|Federal preemption|Federal-state relations|Financial institutions|Financial services|Foreign banks and banking|Government paperwork|Independent regulatory commissions|Insurance companies|Investment advisers|Investments|Mutual funds|Right of privacy|Securities and Exchange Commission|Securities industry|Securities regulation|State laws|Stocks|Subsidiary corporations|Technological innovations|Trusts and trustees,1999-02-24,To modernize and improve the financial services industry.,Financial Services Competitive Enhancement Act,106,1,,
hr833-106,Finance and Financial Sector,Abortion clinics|Access to health care|Accounting|Administrative procedure|Administrative remedies|Advertising|Aircraft|Airlines|Alabama|Alimony|Alternative dispute resolution|Ammonia|Amnesties|Amphetamines|Appellate courts|Appellate procedure|Arrest|Auditing|Bank failures|Bank records|Bankruptcy|Bankruptcy courts|Books|Branch banking|Brokers|Building leases|Business income tax|Business records|California|Canada|Cemeteries and funerals|Charitable contributions|Charities|Chemical research|Chemicals|Child health|Child support|Child support enforcement|Choice of law|Civil actions and liability|Clinical trials|Clinton Administration|Cocaine|Collection of accounts|College costs|College students|Colleges|Commodity exchanges|Compensation for victims of crime|Computers and government|Congressional investigations|Congressional reporting requirements|Conspiracy|Consumer credit|Consumer education|Consumer protection|Contracts|Corporate debt|Corporate liquidations|Corporate reorganizations|Corporation taxes|Counseling|Court records|Credit cards|Crimes against humanity|Criminal investigation,1999-02-24,"To amend title 11 of the United States Code, and for other purposes.",Bankruptcy Reform Act of 2000,106,1,,
s458-106,Finance and Financial Sector,Administrative procedure|Affordable housing|Agricultural credit|Bank capital|Bank directors|Bank employees|Bank holding companies|Bank loans|Bank management|Bank mergers|Bank reserves|Bonds|Building construction|Building leases|Community development banking|Delegation of powers|Dividends|Federal Housing Finance Board|Federal home loan banks|Government publicity|Housing subsidies|Indexing (Economic policy)|Interest|Investments|Mortgage loans|Mutual funds|Rural economic development|Savings and loan associations|Small business|Stockholders|Stocks|Subsidiary corporations,1999-02-24,"A bill to modernize and improve the Federal Home Loan Bank System, and for other purposes.",Federal Home Loan Bank System Modernization Act of 1999,106,1,,
hr887-106,Finance and Financial Sector,Business income tax|Charitable contributions|Conflict of interests|Corporate philanthropy|Corporation directors|Income tax|Information disclosure (Securities law)|Married people|Nonprofit organizations|Securities regulation|Trusts and trustees,1999-03-01,"To amend the Securities and Exchange Act of 1934 to require improved disclosure of corporate charitable contributions, and for other purposes.",,106,1,,
s576-106,Finance and Financial Sector,Accounting|Administrative procedure|Advertising|Agricultural credit|Bank accounts|Bank capital|Bank deposits|Bank directors|Bank examination|Bank holding companies|Bank loans|Bank management|Bank marketing|Bank mergers|Bank records|Bank reserves|Bribery|Brokers|Citizenship|Collection of accounts|Community development banking|Competition|Congressional reporting requirements|Consumer credit|Consumer protection|Corporate divestiture|Credit cards|Deposit insurance|Dividends|Economic development|Electronic data interchange|Federal Reserve System|Federal officials|Financial deregulation|Foreign banks and banking|Garnishment|Government paperwork|Government publicity|Government trust funds|Interest|Interstate banking|Investments|Mortgage banks|Mortgage loans|NOW accounts|Negotiable instruments|Savings and loan associations|Small business|Stocks,1999-03-10,"An original bill to provide for improved monetary policy and regulatory reform in financial institution management and activities, to streamline financial regulatory agency actions, to provide for improved consumer credit disclosure, and for other purposes.",Financial Regulatory Relief and Economic Efficiency Act of 1999,106,1,,
s625-106,Finance and Financial Sector,Administrative fees|Administrative procedure|Aircraft|Alabama|Alimony|Alternative dispute resolution|Appellate procedure|Auditing|Bankruptcy|Bankruptcy courts|Books|Brokers|California|Charities|Child health|Child support|Child support enforcement|Choice of law|Civil actions and liability|Collection of accounts|Congressional reporting requirements|Consumer credit|Consumer education|Contracts|Corporate debt|Corporate liquidations|Corporate reorganizations|Counseling|Court records|Criminal investigation|Curricula|Damages|Data banks|Debtor and creditor|Delaware|Department of Justice|Driver licenses|Drug abuse|Drug traffic|Drunk driving|Electronic data interchange|Eviction|Evidence (Law)|Family farms|Farm produce|Farmers|Financial planning|Fines (Penalties)|Florida|Fraud|Freedom of information|Frivolous lawsuits|Futures trading|Government paperwork|Government publicity|Government statistics|Health facilities|Health maintenance organizations|Homeowners' associations|Homestead law|Identification devices|Income|Income tax|Interest|Interest rates|International cooperation,1999-03-16,"A bill to amend title 11, United States Code, and for other purposes.",Bankruptcy Judgeship Act of 1999,106,1,,
hr1161-106,Finance and Financial Sector,Administrative procedure|Bank failures|Bank records|Bankruptcy|Brokers|Certificates of deposit|Civil actions and liability|Contracts|Damages|Debtor and creditor|Department of the Treasury|Federal Deposit Insurance Corporation|Financial institutions|Foreclosure|Foreign banks and banking|Foreign exchange|Fraud|Futures trading|Government corporations|Government lending|Government paperwork|Injunctions|Liability (Law)|Margins (Security trading)|Mortgage loans|Options (Contract)|Securities|Surety and fidelity|Swaps (Finance)|Trusts and trustees,1999-03-17,"To revise the banking and bankruptcy insolvency laws with respect to the termination and netting of financial contracts, and for other purposes.",Financial Contract Netting Improvement Act of 2000,106,1,,
s753-106,Finance and Financial Sector,Administrative procedure|Affiliated corporations|Affordable housing|Agricultural credit|Antitrust law|Bank capital|Bank directors|Bank employees|Bank examination|Bank failures|Bank fraud|Bank holding companies|Bank loans|Bank management|Bank marketing|Bank mergers|Bank records|Bankruptcy|Branch banking|Brokers|Business education|Business losses|Canada|Capital investments|Churches|Civil actions and liability|Clergy|Community development banking|Congressional investigations|Congressional reporting requirements|Consumer complaints|Consumer education|Consumer protection|Corporate divestiture|Corporate finance|Corporate liquidations|Corporation directors|Credit cards|Deceptive advertising|Deposit insurance|Derivative securities|Discrimination in consumer credit|District of Columbia|Dividends|Economic concentration|Entrepreneurs|Evidence (Law)|Family violence|Federal Reserve System|Federal home loan banks|Federal officials|Federal preemption|Financial deregulation|Financial services|Foreign banks and banking|Fraud|Government paperwork|Government securities|Government trust funds|Governmental investigations|Grand jury|Higher education|Independent regulatory commissions|Indian economic development|Individual retirement accounts|Insurance agents,1999-03-25,"A bill to enhance competition in the financial services industry by providing a prudential framework for the affiliation of banks, securities firms, and other financial service providers; and for other purposes.",Financial Services Act of 1999,106,1,,
hr1400-106,Finance and Financial Sector,Administrative procedure|Bonds|Congressional investigations|Congressional reporting requirements|Federal advisory bodies|Government paperwork|Government publicity|Independent regulatory commissions|Information disclosure (Securities law)|Securities and Exchange Commission|Securities industry|Securities regulation|Tax-exempt securities,1999-04-14,"To amend the Securities Exchange Act of 1934 to improve collection and dissemination of information concerning bond prices and to improve price competition in bond markets, and for other purposes.",Bond Price Competition Improvement Act of 1999,106,1,,
hr1585-106,Finance and Financial Sector,Administrative procedure|Affiliated corporations|Bank capital|Bank deposits|Bank directors|Bank examination|Bank failures|Bank holding companies|Bank loans|Bank management|Bank marketing|Bank mergers|Bank records|Bank reserves|Bonds|Branch banking|Brokers|Capital investments|Checking accounts|Citizenship|Civil actions and liability|Community development banking|Confidential communications|Congressional reporting requirements|Consumer credit|Consumer education|Corporate reorganizations|Credit cards|Credit unions|Debtor and creditor|Department of the Treasury|Deposit insurance|Discovery (Law)|District courts|Dividends|Electronic data interchange|English language|Federal Deposit Insurance Corporation|Federal Reserve System|Fees|Finance charges|Financial statements|Foreign banks and banking|Government corporations|Government paperwork|Home equity loans|Information disclosure (Securities law)|Injunctions|Interest|Interest rates|Investments|Judicial review of administrative acts|Jurisdiction|Legislation|Liens|Life insurance|Loans|Mining claims|Mortgages|Negotiable instruments|Parties to actions|Public records|Real estate business|Real property|Savings accounts|Savings and loan associations,1999-04-27,"To streamline the regulation of depository institutions, to safeguard confidential banking and credit union supervisory information, and for other purposes.",Depository Institution Regulatory Streamlining Act of 1999,106,1,,
s900-106,Finance and Financial Sector,Administrative fees|Administrative procedure|Administrative remedies|Advertising|Affiliated corporations|Affordable housing|Agricultural credit|Annuities|Antitrust law|Assault|Auditing|Automated teller machines|Automobiles|Bank accounts|Bank capital|Bank deposits|Bank directors|Bank employees|Bank examination|Bank failures|Bank fraud|Bank holding companies|Bank loans|Bank management|Bank marketing|Bank mergers|Bank records|Bank reserves|Bankruptcy|Branch banking|Brokers|Building leases|Business education|Business income tax|Business records|Canada|Capital investments|Casualty insurance|Churches|Civil actions and liability|Clergy|Commodity Futures Trading Commission|Community Development Financial Institutions Fund|Community development banking|Community development corporations|Competition|Conflict of interests|Congressional investigations|Congressional reporting requirements|Consumer complaints|Consumer credit|Consumer education|Consumer protection|Continuing education|Contracts|Corporate divestiture|Corporate liquidations|Corporate mergers|Corporate reorganizations|Corporation directors|Corporation taxes|Credit cards|Credit unions|Damages|Debit cards|Deceptive advertising,1999-04-28,"An Act to enhance competition in the financial services industry by providing a prudential framework for the affiliation of banks, securities firms, and other financial service providers, and for other purposes.",Gramm-Leach-Bliley Act,106,1,,
s945-106,Finance and Financial Sector,Aircraft|Alabama|Alimony|Appellate procedure|Auditing|Bank marketing|Bankruptcy|Bankruptcy courts|Books|California|Charities|Child health|Child support|College costs|Congressional reporting requirements|Consumer credit|Consumer education|Contracts|Counseling|Court records|Damages|Debit cards|Debtor and creditor|Delaware|Disabled|Disabled children|Divorce|Driver licenses|Drug abuse|Drunk driving|Electronic funds transfers|Evidence (Law)|Family farms|Farm produce|Farmers|Financial statements|Fines (Penalties)|Florida|Foreign corporations|Foster home care|Fraud|Government publicity|Government statistics|Health insurance|Higher education|Home equity loans|Homeowners' associations|Homestead law|Income|Income tax|Indexing (Economic policy)|Insurance companies|Interest|International claims|International cooperation|Judges|Judicial districts|Leases|Legal fees|Legislation|Liability (Law)|Licenses|Liens|Livestock|Loans|Maryland,1999-05-03,"A bill to amend title 11, United States Code, and for other purposes.",Consumer Bankruptcy Reform Act of 1999,106,1,,
s958-106,Finance and Financial Sector,Administrative procedure|Bank failures|Bank records|Bankruptcy|Branch banking|Commodity exchanges|Contracts|Deposit insurance|Federal Deposit Insurance Corporation|Foreign banks and banking|Futures trading|Government corporations|Government paperwork|Securities regulation|Swaps (Finance)|Trusts and trustees,1999-05-04,A bill to amend certain banking and securities laws with respect to financial contracts.,Financial Institutions Insolvency Improvement Act of 1999,106,1,,
s1015-106,Finance and Financial Sector,Administrative fees|Administrative procedure|Brokers|Business records|Computer networks|Computers and government|Congressional reporting requirements|Consumer education|Electronic commerce|Fines (Penalties)|Government paperwork|Government publicity|Independent regulatory commissions|Information disclosure (Securities law)|Internet|Investment advisers|Investments|Investors|Mutual funds|Saving and investment|Securities and Exchange Commission|Securities fraud|Securities industry|Securities regulation|Stock exchanges|Stocks|Telephone|Trade associations|Web sites,1999-05-12,"A bill to require disclosure with respect to securities transactions conducted ""online"", to require the Securities and Exchange Commission to study the effects of online trading on securities markets, to prevent online securities fraud, and for other purposes.",Online Investor Protection Act of 1999,106,1,,
s1553-106,Finance and Financial Sector,Civil actions and liability|Consumer credit|Counseling|Federal aid to housing|Federally-guaranteed loans|Fees|Financial planning|Financial statements|Foreclosure|Government lending|Government paperwork|Income|Interest|Liens|Loan defaults|Mortgage guaranty insurance|Mortgage loans|Mortgages|Nonprofit organizations|Personnel records|Telephone,1999-08-05,"A bill establish a program to assist homeowners experiencing unavoidable, temporary difficulty making payments on mortgages insured under the National Housing Act.",Homeowners' Emergency Mortgage Assistance Act,106,1,,
hr3320-106,Finance and Financial Sector,Administrative procedure|Bank accounts|Bank records|Brokers|Child support enforcement|Consumer credit|Consumer education|Consumer protection|Credit unions|Department of the Treasury|Direct mail advertising|Federal Deposit Insurance Corporation|Federal Reserve System|Federal Trade Commission|Federal-state relations|Fraud|Government corporations|Government paperwork|Identification devices|Independent regulatory commissions|Injunctions|Investment advisers|Mutual funds|National Credit Union Administration|Private investigators|Restrictive trade practices|Right of privacy|Savings and loan associations|Securities and Exchange Commission|Securities regulation|Telemarketing,1999-11-10,To amend the privacy provisions of the Gramm-Leach-Bliley Act.,Consumer's Right to Financial Privacy Act,106,1,,
s1903-106,Finance and Financial Sector,Administrative procedure|Bank accounts|Bank records|Brokers|Child support enforcement|Consumer credit|Consumer education|Consumer protection|Credit unions|Department of the Treasury|Direct mail advertising|Federal Deposit Insurance Corporation|Federal Reserve System|Federal Trade Commission|Federal-state relations|Fraud|Government corporations|Government paperwork|Identification devices|Independent regulatory commissions|Injunctions|Investment advisers|Mutual funds|National Credit Union Administration|Private investigators|Restrictive trade practices|Right of privacy|Savings and loan associations|Securities and Exchange Commission|Securities regulation|Telemarketing,1999-11-10,A bill to amend the privacy provisions of the Gramm-Leach-Bliley Act.,Consumer's Right to Financial Privacy Act,106,1,,
hr3483-106,Finance and Financial Sector,Administrative procedure|Administrative remedies|Brokers|Business records|Derivative securities|Federal Reserve System|Financial statements|Futures trading|Government paperwork|Government publicity|Government securities|Holding companies|Independent regulatory commissions|Information disclosure (Securities law)|Licenses|Professional associations|Securities and Exchange Commission|Securities fraud|Securities regulation|Stock exchanges,1999-11-18,"To amend the Federal securities laws to enhance oversight over certain derivatives dealers and hedge funds, reduce the potential for such entitles to increase systemic risk in the financial markets, enhance investor protections, and for other purposes.",Derivatives Market Reform Act of 1999,106,1,,
s1968-106,Finance and Financial Sector,Administrative procedure|Administrative remedies|Brokers|Business records|Derivative securities|Federal Reserve System|Financial statements|Futures trading|Government paperwork|Government publicity|Government securities|Holding companies|Independent regulatory commissions|Information disclosure (Securities law)|Licenses|Professional associations|Securities and Exchange Commission|Securities fraud|Securities regulation|Stock exchanges,1999-11-18,"A bill to amend the Federal securities laws to enhance oversight over certain derivatives dealers and hedge funds, reduce the potential for such entities to increase systemic risk in the financial markets, ehance investor protections, and for other purposes.",Derivatives Market Reform Act of 1999,106,1,,
hr3997-106,Finance and Financial Sector,Administrative procedure|Brokers|Business records|Checks|Civil actions and liability|Computers and government|Congressional reporting requirements|Contracts|Damages|Data banks|Dividends|Government paperwork|Government publicity|Independent regulatory commissions|Information disclosure (Securities law)|Interest|Internet|Investors|Liability (Law)|Mutual funds|Presidential appointments|Presidential commissions|Punitive damages|Right of property|Securities|Securities and Exchange Commission|Securities industry|Securities regulation|Telephone|Trusts and trustees|Web sites,2000-03-15,"To improve systems for the delivery of dividends, interest, and other valuable property rights to lost security holders.",Money Return Act of 2000,106,1,,
hr4203-106,Finance and Financial Sector,Administrative procedure|Bank failures|Bankruptcy|Commodity Futures Trading Commission|Commodity exchanges|Computer networks|Corporate liquidations|Department of the Treasury|Derivative securities|Electronic commerce|Federal Reserve System|Federal preemption|Financial institutions|Foreign exchange futures|Futures trading|Independent regulatory commissions|International banking|Local laws|Options (Contract)|Parties to actions|Risk management|Securities and Exchange Commission|Securities industry|Securities regulation|State laws|Swaps (Finance)|Trusts and trustees,2000-04-06,"To establish a comprehensive regulatory framework over the clearing of over-the-counter derivative instruments that will operate under the supervision of the Federal banking agencies, to clarify the lawfulness of the use of multilateral clearing systems for over-the-counter derivative instrument transactions, and for other purposes.",Over-the-Counter Derivatives Systemic Risk Reduction Act of 2000,106,1,,
hr4332-106,Finance and Financial Sector,Administrative procedure|Automated teller machines|Bank accounts|Bank examination|Bank fraud|Bank records|Brokers|Checking accounts|Civil actions and liability|Commercial arbitration|Community development banking|Computers and government|Congressional reporting requirements|Consumer credit|Consumer education|Consumer protection|Credit cards|Credit unions|Damages|Department of the Treasury|Direct mail advertising|Federal Deposit Insurance Corporation|Federal Housing Finance Board|Federal Reserve System|Federal Trade Commission|Federal advisory bodies|Federal-state relations|Fees|Financial institutions|Fines (Penalties)|Government paperwork|Identification devices|Independent regulatory commissions|Informers|Injunctions|Internet|Legal fees|Licenses|National Credit Union Administration|Parties to actions|Public records|Restrictive trade practices|Right of privacy|Securities and Exchange Commission|Sentences (Criminal procedure)|Social security numbers|State laws|Surveys|Telemarketing|Telephone|Web sites,2000-04-13,"To protect consumers from exorbitant fees for basic financial services, and for other purposes.",Financial Consumers' Bill of Rights Act,106,1,,
hr4490-106,Finance and Financial Sector,Automated teller machines|Bank accounts|Checks|Community organization|Congressional reporting requirements|Consumer education|Depressed areas|Electronic funds transfers|Financial services|Government publicity|Internet|Performance measurement|Personal budgets|Poor|Public-private partnerships|Research and development|Savings accounts|Urban affairs,2000-05-18,"To establish a program to promote access to financial services, in particular for low- and moderate-income persons who lack access to such services, and for other purposes.",First Accounts Act of 2000,106,1,,
s2592-106,Finance and Financial Sector,Automated teller machines|Bank accounts|Checks|Community development banking|Community organization|Congressional reporting requirements|Consumer protection|Credit unions|Depressed areas|Electronic funds transfers|Financial services|Government publicity|Internet|Performance measurement|Personal budgets|Poor|Public-private partnerships|Research and development|Savings accounts|Urban affairs,2000-05-18,"A bill to establish a program to promote access to financial services, in particular for low- and moderate-income persons who lack access to such services, and for other purposes.",First Accounts Act of 2000,106,1,,
hr4541-106,Finance and Financial Sector,Administrative procedure|Antitrust law|Authorization|Commodity Futures Trading Commission|Commodity exchanges|Contracts|Cost effectiveness|Derivative securities|Electronic commerce|Federal preemption|Foreign exchange|Futures trading|Independent regulatory commissions|Margins (Security trading)|Options (Contract)|Securities fraud|Stock exchanges,2000-05-25,"To reauthorize and amend the Commodity Exchange Act to promote legal certainty, enhance competition, and reduce systemic risk in markets for futures and over-the-counter derivatives, and for other purposes.",Commodity Futures Modernization Act of 2000,106,1,,
s2697-106,Finance and Financial Sector,Administrative procedure|Authorization|Commodity Futures Trading Commission|Commodity exchanges|Contracts|Cost effectiveness|Derivative securities|Electronic commerce|Futures trading|Independent regulatory commissions|Margins (Security trading)|Securities fraud|Securities regulation|Stock exchanges|Swaps (Finance),2000-06-08,"A bill to reauthorize and amend the Commodity Exchange Act to promote legal certainty, enhance competition, and reduce systemic risk in markets for futures and over-the-counter derivatives, and for other purposes.",Commodity Futures Modernization Act of 2000,106,1,,
s2765-106,Finance and Financial Sector,Administrative procedure|Automated clearing houses|Brokers|Commodity Futures Trading Commission|Futures trading|Government paperwork|Independent regulatory commissions|Information disclosure (Securities law)|Insider trading in securities|Investment advisers|Licenses|Margins (Security trading)|Options (Contract)|Securities and Exchange Commission|Securities fraud|Securities industry|Securities regulation|Stock exchanges|Stocks,2000-06-21,"A bill to amend the securities laws to provide for regulatory parity for single stock futures, and for other purposes.",,106,1,,
s2772-106,Finance and Financial Sector,Administrative procedure|Automated clearing houses|Brokers|Commodity Futures Trading Commission|Futures trading|Government paperwork|Independent regulatory commissions|Information disclosure (Securities law)|Insider trading in securities|Investment advisers|Licenses|Margins (Security trading)|Options (Contract)|Securities and Exchange Commission|Securities fraud|Securities industry|Securities regulation|Stock exchanges|Stocks,2000-06-22,"A bill to amend the securities laws to provide for regulatory parity for single stock futures, and for other purposes.",Regulatory Parity for Single Stock Futures Act of 2000,106,1,,
hr4893-106,Finance and Financial Sector,Administrative procedure|Affiliated corporations|Affordable housing|Agricultural credit|Annuities|Automobile insurance|Bank examination|Bank holding companies|Bank loans|Bank marketing|Bank mergers|Bank records|Brokers|Business losses|Business records|Casualty insurance|Civil actions and liability|Community development|Community development banking|Community development corporations|Consent decrees|Consumer credit|Corporate mergers|Data banks|Department of Housing and Urban Development|Department of the Treasury|Deposit insurance|Depressed areas|Discrimination in consumer credit|Discrimination in insurance|Discrimination in mortgage loans|Electronic data interchange|Farm income|Federal Reserve System|Federally-guaranteed loans|Financial services|Fines (Penalties)|Freedom of information|Government paperwork|Government publicity|Government securities|Home equity loans|Home ownership|Housing discrimination|Housing finance|Infrastructure|Injunctions|Insurance|Insurance agents|Insurance companies|Insurance premiums|Insurance rates|Investment advisers|Investments|Job creation|Loans|Low-income housing|Marketing|Minorities|Minority business enterprises|Moderate income housing|Mortgage banks|Mortgage guaranty insurance|Mortgage interest rates|Mortgage loans|Mutual funds,2000-07-19,"To enhance the availability of capital and credit for all citizens and communities, to ensure that community reinvestment keeps pace as banks, securities firms, and other financial service providers become affiliates as a result of the enactment of the Gramm-Leach-Bliley Act, and for other purposes.",Community Reinvestment Modernization Act of 2000,106,1,,
s3046-106,Finance and Financial Sector,Abortion|Abortion clinics|Access to health care|Administrative procedure|Advertising|Alabama|Alimony|Alternative dispute resolution|Ammonia|Amnesties|Amphetamines|Auditing|Bank failures|Bank records|Bankruptcy|Bankruptcy courts|Brokers|Business records|California|Caregivers|Cemeteries and funerals|Chemicals|Child support|Child support enforcement|Church schools|Civil Service pensions|Civil actions and liability|Clinical trials|Clinton Administration|Close corporations|Cocaine|Collection of accounts|College costs|College students|Commercial aircraft|Community health services|Compensation for victims of crime|Computers and government|Congressional investigations|Congressional reporting requirements|Consumer credit|Consumer education|Contempt of court|Continuing education|Contracts|Cooperative housing|Corporate reorganizations|Corporation taxes|Counseling|Court records|Credit cards|Criminal investigation|Curricula|Damages|Data banks|Debit cards|Debtor and creditor|Delaware|Department of Justice|Deposit insurance|Discrimination in consumer credit|Drug abuse|Drug abuse prevention|Drug abuse treatment|Drug addiction|Drug industry,2000-09-14,"A bill to amend title II of the United States Code, and for other purposes.",Bankruptcy Reform Act of 2000,106,1,,
hr5273-106,Finance and Financial Sector,Coins and coinage|Commemorations|Financial statements|Government paperwork|Government trust funds|Platinum|Silver,2000-09-25,"To clarify the intention of the Congress with regard to the authority of the United States Mint to produce numismatic coins, and for other purposes.",United States Mint Numismatic Coin Clarification Act of 2000,106,1,,
s3186-106,Finance and Financial Sector,Administrative procedure|Advertising|Alabama|Alimony|Alternative dispute resolution|Appellate courts|Appellate procedure|Auditing|Bank failures|Bank marketing|Bank records|Bankruptcy|Bankruptcy courts|Branch banking|Brokers|Business records|California|Cemeteries and funerals|Change of venue|Charities|Child support|Child support enforcement|Civil Service pensions|Civil actions and liability|Close corporations|Collection of accounts|College costs|College students|Congressional investigations|Congressional reporting requirements|Consumer credit|Consumer education|Consumer goods|Consumer protection|Contracts|Cooperative housing|Corporate profits|Corporate reorganizations|Counseling|Court records|Credit cards|Criminal investigation|Curricula|Damages|Data banks|Debit cards|Debt limit|Debtor and creditor|Delaware|Department of Justice|Deposit insurance|District courts|Drug abuse|Drunk driving|Easements|Education savings accounts|Electronic commerce|Elementary and secondary education|Elementary education|Employee benefit plans|Evidence (Law)|Family farms|Federal Deposit Insurance Corporation|Federal Reserve System|Federal advisory bodies|Federal law enforcement officers,2000-10-11,"A bill to amend title 11, United States Code, and for other purposes.",Bankruptcy Reform Act of 2000,106,1,,
hr5660-106,Finance and Financial Sector,Administrative procedure|Antitrust law|Authorization|Commodity Futures Trading Commission|Commodity exchanges|Contracts|Cost effectiveness|Derivative securities|Electronic commerce|Federal preemption|Foreign exchange|Futures trading|Independent regulatory commissions|Margins (Security trading)|Options (Contract)|Securities and Exchange Commission|Securities fraud|Securities regulation|Stock exchanges|Swaps (Finance),2000-12-14,"To reauthorize and amend the Commodity Exchange Act to promote legal certainty, enhance competition, and reduce systemic risk in markets for futures and over-the-counter derivatives, and for other purposes.",Commodity Futures Modernization Act of 2000,106,1,,
s3283-106,Finance and Financial Sector,Administrative procedure|Antitrust law|Authorization|Commodity Futures Trading Commission|Commodity exchanges|Contracts|Cost effectiveness|Derivative securities|Electronic commerce|Federal preemption|Foreign exchange|Futures trading|Independent regulatory commissions|Margins (Security trading)|Options (Contract)|Securities and Exchange Commission|Securities fraud|Securities regulation|Stock exchanges|Swaps (Finance),2000-12-15,"A bill to reauthorize and amend the Commodity Exchange Act to promote legal certainty, enhance competition, and reduce systematic risk in markets for futures and over-the-counter derivatives, and for other purposes.",Commodity Futures Modernization Act of 2000,106,1,,
hr11-107,Finance and Financial Sector,Administrative procedure|Bank failures|Bank records|Bankruptcy|Brokers|Certificates of deposit|Civil actions and liability|Contracts|Damages|Debtor and creditor|Department of the Treasury|Federal Deposit Insurance Corporation|Financial institutions|Foreclosure|Foreign banks and banking|Foreign exchange|Fraud|Futures trading|Government corporations|Government lending|Government paperwork|Injunctions|Liability (Law)|Margins (Security trading)|Mortgage loans|Options (Contract)|Securities|Surety and fidelity|Swaps (Finance)|Trusts and trustees,2001-01-03,"To revise the banking and bankruptcy insolvency laws with respect to the termination and netting of financial contracts, and for other purposes.",Financial Contract Netting Improvement Act of 2001,107,1,,
s220-107,Finance and Financial Sector,Administrative procedure|Advertising|Alabama|Alimony|Alternative dispute resolution|Appellate courts|Appellate procedure|Auditing|Bank failures|Bank marketing|Bank records|Bankruptcy|Bankruptcy courts|Branch banking|Brokers|Business records|California|Cemeteries and funerals|Change of venue|Charities|Child support|Child support enforcement|Civil Service pensions|Civil actions and liability|Close corporations|Collection of accounts|College costs|College students|Congressional investigations|Congressional reporting requirements|Consumer credit|Consumer education|Consumer goods|Consumer protection|Contracts|Cooperative housing|Corporate profits|Corporate reorganizations|Counseling|Court records|Credit cards|Criminal investigation|Curricula|Damages|Data banks|Debit cards|Debt limit|Debtor and creditor|Delaware|Department of Justice|Deposit insurance|District courts|Drug abuse|Drunk driving|Easements|Education savings accounts|Electronic commerce|Elementary and secondary education|Elementary education|Employee benefit plans|Eviction|Evidence (Law)|Family farms|Federal Deposit Insurance Corporation|Federal Reserve System|Federal advisory bodies,2001-01-30,"A bill to amend title 11, United States Code, and for other purposes.",Bankruptcy Reform Act of 2001,107,1,,
hr333-107,Finance and Financial Sector,Administrative procedure|Advertising|Alabama|Alimony|Alternative dispute resolution|Appellate courts|Appellate procedure|Auditing|Automobiles|Bank failures|Bank marketing|Bank records|Bankruptcy|Bankruptcy courts|Books|Branch banking|Brokers|Business records|California|Caregivers|Cemeteries and funerals|Change of venue|Charities|Child health|Child support|Child support enforcement|Chronically ill|Civil Service pensions|Civil actions and liability|Close corporations|Collection of accounts|College costs|College students|Congressional investigations|Congressional reporting requirements|Consumer credit|Consumer education|Consumer goods|Consumer protection|Contracts|Cooperative housing|Corporate profits|Corporate reorganizations|Counseling|Court records|Credit cards|Credit unions|Criminal investigation|Curricula|Custody of children|Damages|Data banks|Debit cards|Debt limit|Debtor and creditor|Delaware|Department of Justice|Deposit insurance|Disabled|District courts|Divorce|Driver licenses|Drug abuse|Drug traffic|Drunk driving|Easements,2001-01-31,"To amend title 11, United States Code, and for other purposes.",Bankruptcy Reform Act of 2001,107,1,,
s420-107,Finance and Financial Sector,Administrative procedure|Advertising|Alabama|Alimony|Alternative dispute resolution|Appellate courts|Appellate procedure|Auditing|Automobiles|Bank failures|Bank marketing|Bank records|Bankruptcy|Bankruptcy courts|Books|Branch banking|Brokers|Business records|California|Caregivers|Cemeteries and funerals|Change of venue|Charities|Child health|Child support|Child support enforcement|Chronically ill|Civil Service pensions|Civil actions and liability|Close corporations|Collection of accounts|College costs|College students|Congressional investigations|Congressional reporting requirements|Consumer credit|Consumer education|Consumer goods|Consumer protection|Contracts|Cooperative housing|Corporate profits|Corporate reorganizations|Counseling|Court records|Credit cards|Credit unions|Criminal investigation|Curricula|Custody of children|Damages|Data banks|Debit cards|Debt limit|Debtor and creditor|Delaware|Department of Justice|Deposit insurance|Disabled|District courts|Divorce|Driver licenses|Drug abuse|Drug traffic|Drunk driving|Easements,2001-03-01,"An original bill to amend title 11, United States Code, and for other purposes.",Bankruptcy Reform Act of 2001,107,1,,
hr865-107,Finance and Financial Sector,Administrative procedure|Affiliated corporations|Affordable housing|Agricultural credit|Annuities|Automobile insurance|Bank examination|Bank holding companies|Bank loans|Bank marketing|Bank mergers|Bank records|Brokers|Business losses|Business records|Casualty insurance|Civil actions and liability|Community development|Community development banking|Community development corporations|Consent decrees|Consumer credit|Corporate mergers|Data banks|Department of Housing and Urban Development|Department of the Treasury|Deposit insurance|Depressed areas|Discrimination in consumer credit|Discrimination in insurance|Discrimination in mortgage loans|Electronic data interchange|Farm income|Federal Reserve System|Federally-guaranteed loans|Financial services|Fines (Penalties)|Freedom of information|Government paperwork|Government publicity|Government securities|Home equity loans|Home ownership|Housing discrimination|Housing finance|Independent regulatory commissions|Infrastructure|Injunctions|Insurance|Insurance agents|Insurance companies|Insurance premiums|Insurance rates|Investment advisers|Investments|Job creation|Loans|Low-income housing|Marketing|Minorities|Minority business enterprises|Moderate income housing|Mortgage banks|Mortgage guaranty insurance|Mortgage interest rates|Mortgage loans,2001-03-06,"To enhance the availability of capital and credit for all citizens and communities, to ensure that community reinvestment keeps pace as banks, securities firms, and other financial service providers become affiliates as a result of the enactment of the Gramm-Leach-Bliley Act, and for other purposes.",Community Reinvestment Modernization Act of 2001,107,1,,
hr1009-107,Finance and Financial Sector,Automated teller machines|Bank deposits|Bank reserves|Checking accounts|Congressional reporting requirements|Corporate finance|Credit cards|Dividends|Electronic funds transfers|Federal Reserve System|Fees|Finance charges|Governmental investigations|Interest|Interest rates|NOW accounts|Real estate business|Savings accounts|Savings and loan associations|Surveys,2001-03-13,To repeal the prohibition on the payment of interest on demand deposits.,Business Checking Freedom Act of 2002,107,1,,
hr1088-107,Finance and Financial Sector,Administrative fees|Appropriations|Collection of accounts|Congressional investigations|Congressional reporting requirements|Corporate mergers|Federal employees|Government publicity|Independent regulatory commissions|Information disclosure (Securities law)|Pay equity|Position classification|Salaries|Securities and Exchange Commission|Securities regulation|Stock exchanges|Stock repurchasing|Stockholders' voting|Tender offers|Trusts and trustees,2001-03-19,"To amend the Securities Exchange Act of 1934 to reduce fees collected by the Securities and Exchange Commission, and for other purposes.",Investor and Capital Markets Fee Relief Act,107,1,,
hr1408-107,Finance and Financial Sector,Administrative fees|Auditing|Bank examination|Bank fraud|Bank records|Brokers|Business records|Computer networks|Computers and government|Confidential communications|Congressional investigations|Congressional reporting requirements|Consumer complaints|Consumer education|Cost effectiveness|Credit unions|Criminal investigation|Criminal justice information|Criminal justice information systems|Criminal liability|Data banks|Discovery (Law)|District courts|Electronic data interchange|Electronic government information|Evidence (Law)|Ex-offenders|Executive reorganization|Federal preemption|Federal-state relations|Financial services|Fines (Penalties)|Fingerprints|Foreign banks and banking|Fraud|Government paperwork|Government securities|Governmental investigations|Identification of criminals|Information disclosure (Securities law)|Insurance|Insurance agents|Insurance companies|Insurance law|International banking|International cooperation|Investment advisers|Judicial opinions|Judicial review of administrative acts|Legislation|Liability (Law)|Licenses|Parties to actions|Presidential commissions|Professional associations|Prosecution|Restrictive trade practices|Right of privacy|Savings and loan associations|Securities industry|Securities regulation|State laws|State officials|Stock exchanges|Subpoena|Tax-exempt securities,2001-04-04,"To safeguard the public from fraud in the financial services industry, to streamline and facilitate the antifraud information-sharing efforts of Federal and State regulators, and for other purposes.",Financial Services Antifraud Network Act of 2001,107,1,,
hr1732-107,Finance and Financial Sector,Accounting|Auditing|Information disclosure (Securities law)|Securities regulation,2001-05-03,To require the Securities and Exchange Commission to review the annual reports of accounting standards-setting bodies.,,107,1,,
hr2720-107,Finance and Financial Sector,Administrative procedure|Bank accounts|Bank records|Brokers|Child support enforcement|Consumer credit|Consumer education|Consumer protection|Credit unions|Department of the Treasury|Direct mail advertising|Federal Deposit Insurance Corporation|Federal Reserve System|Federal Trade Commission|Federal-state relations|Fraud|Government corporations|Government paperwork|Identification devices|Independent regulatory commissions|Injunctions|Investment advisers|Mutual funds|National Credit Union Administration|Private investigators|Restrictive trade practices|Right of privacy|Savings and loan associations|Securities and Exchange Commission|Securities regulation|Telemarketing,2001-08-02,To amend the privacy provisions of the Gramm-Leach-Bliley Act.,Consumer's Right to Financial Privacy Act,107,1,,
hr3060-107,Finance and Financial Sector,Administrative procedure|Financial crises|Futures trading|Independent regulatory commissions|Investors|Mutual funds|Securities and Exchange Commission|Securities industry|Securities regulation|Stock exchanges,2001-10-09,To amend the Securities Exchange Act of 1934 to augment the emergency authority of the Securities and Exchange Commission.,Emergency Securities Response Act of 2001,107,1,,
s1511-107,Finance and Financial Sector,Accounting|Administrative procedure|Alien property|Aliens|American economic assistance|Arms sales|Auditing|Bank accounts|Bank directors|Bank employees|Bank examination|Bank records|Banking law|Bribery|Brokers|Checking accounts|Commercial arbitration|Congressional reporting requirements|Conspiracy|Consumer credit|Correspondent banks|Counterintelligence|Crime prevention|Criminal aliens|Criminal investigation|Criminal justice information|Department of the Treasury|EBB Terrorism|Elite (Social sciences)|Employee selection|Employee training|Evidence (Law)|Executive reorganization|Expedited congressional procedure|Export controls|Extradition agreements|Extraterritoriality|Federal advisory bodies|Financial institutions|Fines (Penalties)|Foreign banks and banking|Foreign leaders|Foreign loans|Forfeiture|Fugitives from justice|Gambling|Government paperwork|Holding companies|House rules and procedure|Identification devices|Income tax|Informers|Injunctions|International banking|International competitiveness|International cooperation|International monetary system|Judicial officers|Jurisdiction|Legislation|Legislative resolutions|Liability (Law)|Licenses|Military agreements|Misconduct in office|Money,2001-10-09,"An original bill to combat international money laundering, thwart the financing of terrorism, and protect the United States financial system, and for other purposes.",International Money Laundering Abatement and Anti-Terrorist Financing Act of 2001,107,1,,
hr3211-107,Finance and Financial Sector,Administrative procedure|Bank failures|Bank records|Bankruptcy|Brokers|Certificates of deposit|Civil actions and liability|Contracts|Damages|Debtor and creditor|Department of the Treasury|Derivative securities|Evidence (Law)|Federal Deposit Insurance Corporation|Federal Reserve System|Financial institutions|Foreclosure|Foreign banks and banking|Foreign exchange|Fraud|Futures trading|Government corporations|Government lending|Government paperwork|Information disclosure (Securities law)|Injunctions|Liability (Law)|Margins (Security trading)|Mortgage loans|Options (Contract)|Securities|Surety and fidelity|Swaps (Finance)|Trusts and trustees,2001-11-01,"To revise the banking and bankruptcy insolvency laws with respect to the termination and netting of financial contracts, and for other purposes.",Financial Contracts Bankruptcy Reform Act of 2001,107,1,,
hr3617-107,Finance and Financial Sector,Accounting|Accounting and auditing|Accounting and financial statements|Auditing|Auditing and auditors|Bankruptcy|Business records|Civil actions and liability|Class actions (Civil procedure)|Conflict of interests|Congressional reporting requirements|Consultants|Corporate collapse|Damages|Discovery (Law)|Financial services|Financial statements|Fines (Penalties)|Government paperwork|Information disclosure (Securities law)|Injunctions|Investment advisers|Juries|Liability (Law)|Mutual funds|Prosecution|Securities regulation|Stockholders,2002-01-23,"To withdraw certain benefits of the Private Securities Litigation Reform Act from auditors that perform non-audit functions, and for other purposes.",Accountability for Accountants Act of 2002,107,1,,
hr3634-107,Finance and Financial Sector,Accounting|Accounting and auditing|Affiliated corporations|Auditing and auditors|Campaign funds|Collection of accounts|Compensation (Law)|Corporate collapse|Corporate governance|Corporation directors|Employee ownership|Employee pensions|Energy industries|Executives|Fines (Penalties)|Gifts|Government trust funds|Pension funds|Securities fraud|Securities regulation|Stockholders|Subsidiary corporations,2002-01-24,"To permit certain funds assessed for securities laws violations to be used to compensate employees who are victims of excessive pension fund investments in the securities of their employers, and for other purposes.",Enron Employee Pension Recovery Act of 2002,107,1,,
s1897-107,Finance and Financial Sector,Accounting and financial statements|Affiliated corporations|Corporate collapse|Corporate governance|Corporation directors|Electronic data interchange|Electronic government information|Government paperwork|Government publicity|Information disclosure (Securities law)|Insider trading in securities|Internet|Securities regulation|Web sites,2002-01-24,"A bill to require disclosure of the sale of securities by an affiliate of the issuer of the securities to be made available to the Commission and to the public in electronic form, and for other purposes.",Fully Informed Investor Act of 2002,107,1,,
hr3671-107,Finance and Financial Sector,Accounting|Accounting and auditing|Administrative procedure|Auditing|Auditing and auditors|Conferences|Corporate collapse|Corporate mergers|Corporate reorganizations|Debt|Fees|Independent regulatory commissions|Information disclosure (Securities law)|Insider trading in securities|Investment advisers|Investments|Public speaking|Radio broadcasting|Securities|Securities and Exchange Commission|Securities regulation|Stocks|Television broadcasting,2002-02-04,"To require investment advisers to make prominent public disclosures of ties with companies being analyzed by them, and for other purposes.",Independent Investment Advisers Act of 2002,107,1,,
hr3693-107,Finance and Financial Sector,Accounting|Accounting and auditing|Administrative procedure|Auditing|Auditing and auditors|Conflict of interests|Consultants|Corporate collapse|Financial statements|Independent regulatory commissions|Information disclosure (Securities law)|Securities and Exchange Commission|Securities regulation,2002-02-07,To prevent accountants from providing non-audit services to audit clients.,,107,1,,
hr3725-107,Finance and Financial Sector,Accounting and financial statements|Corporate collapse|Corporate governance|Corporation directors|Electronic data interchange|Electronic government information|Executives|Government publicity|Information disclosure (Securities law)|Insider trading in securities|Intranets|Securities regulation|Web sites,2002-02-12,"To require disclosure of the sale of securities by insiders of issuers of the securities to be made available to the Commission and to the public in electronic form before the transaction is conducted, and for other purposes.",Investment Disclosure Act of 2002,107,1,,
s1933-107,Finance and Financial Sector,Auditing and auditors|Civil actions and liability|Class actions (Civil procedure)|Corporate collapse|Corporate governance|Criminal negligence|Damages|Injunctions|Liability (Law)|Limitation of actions|Parties to actions|Prosecution|Securities fraud|Securities regulation,2002-02-12,"A bill to amend the Securities Exchange Act of 1934 and the Securities Act of 1933, to address liability standards in connection with violations of the Federal securities laws, and for other purposes.",Investor Protection Act of 2002,107,1,,
hr3745-107,Finance and Financial Sector,Charitable contributions|Charities|Conflict of interests|Corporate philanthropy|Corporation directors|Executives|Income tax|Information disclosure (Securities law)|Married people|Nonprofit organizations|Trusts and trustees,2002-02-13,"To amend the Securities and Exchange Act of 1934 to require improved disclosure of corporate charitable contributions, and for other purposes.",Corporate Charitable Disclosure Act of 2002,107,1,,
hr3763-107,Finance and Financial Sector,Accounting|Accounting and auditing|Accounting and financial statements|Administrative fees|Administrative procedure|Administrative remedies|Affiliated corporations|Auditing|Auditing and auditors|Authorization|Bank examination|Bank loans|Bankruptcy|Brokers|Business ethics|Business income tax|Business records|Capital formation|Chief executive officers|Chief financial officers|Civil actions and liability|Compensation for victims of crime|Competition|Confidential communications|Conflict of interests|Congressional investigations|Congressional reporting requirements|Conspiracy|Consultants|Consumer credit|Corporate accountability|Corporate collapse|Corporate corruption|Corporate finance|Corporate governance|Corporate mergers|Corporate philanthropy|Corporation directors|Corporation taxes|Corporations|Credit cards|Credit unions|Crime prevention|Criminal investigation|Criminal liability|Criminal negligence|Damages|Debtor and creditor|Derivative securities|Disciplining of employees|Discrimination in employment|Dismissal of employees|Economic impact statements|Electronic data interchange|Electronic government information|Employee ownership|Energy industries|Energy prices|Evidence (Law)|Executive compensation|Executives|Federal incorporation|Financial research|Financial statements|Fines (Penalties)|Foreign corporations,2002-02-14,"To protect investors by improving the accuracy and reliability of corporate disclosures made pursuant to the securities laws, and for other purposes.",Sarbanes-Oxley Act of 2002,107,1,,
hr3764-107,Finance and Financial Sector,Authorization|Corporate collapse|Corporate finance|Federal employees|Financial statements|Governmental investigations|Independent regulatory commissions|Information disclosure (Securities law)|Position classification|Salaries|Securities and Exchange Commission|Securities regulation,2002-02-14,To authorize appropriations for the Securities and Exchange Commission.,Securities and Exchange Commission Authorization Act of 2002,107,1,,
hr3766-107,Finance and Financial Sector,"AIDS (Disease)|Accident insurance|Accounting|Accounting and auditing|Administrative fees|Administrative procedure|Administrative remedies|Administrative responsibility|Advertising|Advice and consent of the Senate|Affiliated corporations|Aliens|American technical assistance|Annuities|Antitrust law|Appellate procedure|Associations, institutions, etc.|Auditing|Bankruptcy|Bankruptcy courts|Business ethics|Business losses|Business records|Capital|Casualty insurance|Charities|Civil actions and liability|Civil procedure|Claims|Collection of accounts|Commercial arbitration|Compensation (Law)|Compensation for victims of crime|Confidential communications|Congressional reporting requirements|Consumer affairs departments|Consumer education|Consumer protection|Contracts|Corporate finance|Corporate governance|Corporate mergers|Corporate reorganizations|Corporation directors|Criminal justice information|Damages|Data banks|Debtor and creditor|Deceptive advertising|Delegation of powers|Department of the Treasury|Derivative securities|Disability insurance|Disabled|Discrimination in insurance|Dismissal of employees|District courts|Dividends|Embezzlement|Evidence (Law)|Executive reorganization|Executives|Family violence|Federal advisory bodies|Federal incorporation|Federal preemption",2002-02-14,"To establish an Office of the National Insurers within the Department of the Treasury to authorize the issuance of Federal charters for carrying out the underwriting and sale of insurance or any other insurance operations, and for other purposes.",Insurance Industry Modernization and Consumer Protection Act,107,1,,
hr3769-107,Finance and Financial Sector,Accounting and financial statements|Affiliated corporations|Corporate collapse|Corporate governance|Corporation directors|Electronic data interchange|Electronic government information|Executives|Government publicity|Information disclosure (Securities law)|Insider trading in securities|Intranets|Securities regulation|Web sites,2002-02-14,"To require disclosure of the sale of securities by an officer, director, affiliate, or principal shareholder of an issuer of the securities of such issuer to be made available to the Commission and to the public in electronic form, and for other purposes.",Insider Trading Full Disclosure Act of 2002,107,1,,
hr3795-107,Finance and Financial Sector,Accounting|Accounting and auditing|Administrative fees|Administrative procedure|Advice and consent of the Senate|Auditing|Auditing and auditors|Conflict of interests|Corporate collapse|Cost of living adjustments|Executive reorganization|Federal employees|Financial statements|Government ethics|Independent regulatory commissions|Indexing (Economic policy)|Information disclosure (Securities law)|Inspectors general|Investments|Presidential appointments|Salaries|Securities and Exchange Commission|Securities regulation|Standards|Trusts and trustees,2002-02-26,To establish a Federal Bureau of Audits within the Securities and Exchange Commission to conduct audits of all publicly registered companies.,"Investor, Shareholder, and Employee Protection Act of 2002",107,1,,
hr3818-107,Finance and Financial Sector,Accounting|Accounting and auditing|Accounting and financial statements|Administrative fees|Administrative procedure|Administrative remedies|Affiliated corporations|Auditing|Auditing and auditors|Authorization|Bankruptcy|Brokers|Business ethics|Business records|Charitable contributions|Chief executive officers|Chief financial officers|Class actions (Civil procedure)|Confidential communications|Conflict of interests|Congressional reporting requirements|Consultants|Consumer credit|Corporate accountability|Corporate collapse|Corporate finance|Corporate governance|Corporate management|Corporate philanthropy|Corporation directors|Criminal investigation|Damages|Derivative securities|Discovery (Law)|Electronic data interchange|Electronic government information|Employee ownership|Evidence (Law)|Executive reorganization|Executives|Federal-state relations|Financial research|Financial services|Financial statements|Fines (Penalties)|Foreign corporations|Fraud|Government paperwork|Governmental investigations|Independent regulatory commissions|Information disclosure (Securities law)|Injunctions|Insider trading in securities|Intranets|Investment advisers|Investment banking|Investors|Juries|Liability (Law)|Licenses|Limitation of actions|Loans|Mutual funds|Nonprofit organizations|Pension funds|Profit,2002-02-28,"To protect investors by enhancing regulation of public auditors, improving corporate governance, overhauling corporate disclosure made pursuant to the securities laws, and for other purposes.",Comprehensive Investor Protection Act of 2002,107,1,,
hr3829-107,Finance and Financial Sector,Auditing and auditors|Class actions (Civil procedure)|Corporate collapse|Corporate governance|Corporation directors|Damages|Discovery (Law)|District courts|Evidence (Law)|Fines (Penalties)|Frivolous lawsuits|Information disclosure (Securities law)|Injunctions|Investment advisers|Jurisdiction|Legal fees|Liability (Law)|Limitation of actions|Mutual funds|Prosecution|Securities fraud|Securities regulation|State courts|State laws|Stockholders|Surety and fidelity,2002-02-28,"To repeal the provisions of the Private Securities Litigation Reform Act and the Securities Litigation Uniform Standards Act that limit private securities actions, and for other purposes.",Shareholder and Employee Rights Restoration Act of 2002,107,1,,
hr3840-107,Finance and Financial Sector,Corporate collapse|Corporate governance|Corporation directors|Employee ownership|Employee pensions|Executives|Fines (Penalties)|Government paperwork|Information disclosure (Securities law)|Insider trading in securities|Pension funds|Securities regulation|Stocks|Trusts and trustees,2002-03-05,To amend title I of the Employee Retirement Income Security Act of 1974 to provide for timely notification of plan participants and beneficiaries whose individual accounts hold employer securities of insider trading in employer securities.,Inside Stock Sales Employee Notification Act of 2002,107,1,,
s2004-107,Finance and Financial Sector,"Accounting|Accounting and financial statements|Administrative fees|Administrative remedies|Affiliated corporations|Associations, institutions, etc.|Auditing|Auditing and auditors|Business ethics|Business records|Confidential communications|Conflict of interests|Congressional reporting requirements|Corporate accountability|Corporate collapse|Corporate governance|Corporation directors|Criminal investigation|Criminal justice information|Disciplining of employees|Electronic data interchange|Electronic government information|Employee stock options|Evidence (Law)|Executives|Federal employees|Fees|Financial statements|Fines (Penalties)|Fraud|Government liability|Government paperwork|Government publicity|Governmental investigations|Independent regulatory commissions|Information disclosure (Securities law)|Information technology|Insurance companies|Investment advisers|Investors|Legal services|Liability insurance|Licenses|Management audit|Management consultants|Negligence|Personnel management|Privileges and immunities|Professional ethics|Public meetings of administrative bodies|Quality control|Recruiting of employees|Securities and Exchange Commission|Securities fraud|Securities regulation|Standards|Stockholders|Tax preparers|Valuation|Witnesses",2002-03-08,"A bill to improve quality and transparency in financial reporting and independent audits and accounting services, to designate an Independent Public Accounting Board, to enhance the standard setting process for accounting practices, to improve Securities and Exchange Commission resources and oversight, and for other purposes.",Investor Confidence in Public Accounting Act of 2002,107,1,,
hr3951-107,Finance and Financial Sector,Administrative procedure|Affiliated corporations|Antitrust law|Bank capital|Bank directors|Bank employees|Bank examination|Bank failures|Bank holding companies|Bank loans|Bank management|Bank mergers|Bank records|Bonds|Branch banking|Checks|Churches|Civil actions and liability|Community development banking|Conflict of interests|Consumer credit|Consumer protection|Corporation directors|Credit cards|Credit unions|Debt|Debtor and creditor|Department of the Treasury|Dividends|Evidence (Law)|Ex-offenders|Executives|Federal Deposit Insurance Corporation|Federal Reserve System|Federal employees|Federal home loan banks|Federal preemption|Fines (Penalties)|Foreign banks and banking|Government paperwork|Information disclosure (Securities law)|Injunctions|Insurance|Insurance companies|Interstate banking|Investment advisers|Investments|Judicial review of administrative acts|Leases|Limitation of actions|Metropolitan areas|Microforms|Money laundering|Mortgage banks|Mortgages|Mutual funds|Public records|Religion|Savings and loan associations|Securities regulation|Small business|Stock exchanges|Stockholders|Stockholders' voting|Stocks|Subsidiary corporations,2002-03-13,"To provide regulatory relief and improve productivity for insured depository institutions, and for other purposes.",Financial Services Regulatory Relief Act of 2002,107,1,,
hr3970-107,Finance and Financial Sector,Accounting|Accounting and auditing|Accounting and financial statements|Administrative fees|Administrative procedure|Administrative remedies|Auditing|Auditing and auditors|Business ethics|Business records|Chief executive officers|Chief financial officers|Confidential communications|Conflict of interests|Congressional investigations|Congressional reporting requirements|Consultants|Corporate collapse|Corporate finance|Corporate governance|Corporate management|Corporation directors|Department of Energy|Derivative securities|Electric utilities|Energy industries|Executive reorganization|Federal Energy Regulatory Commission|Fees|Financial statements|Fines (Penalties)|Foreign corporations|Government paperwork|Government publicity|Governmental investigations|Independent regulatory commissions|Information disclosure (Securities law)|Injunctions|Insurance companies|Internet|Legislation|Liability insurance|Licenses|Professional ethics|Quality control|Securities and Exchange Commission|Securities regulation|Standards|Stockholders|Tax consultants|Telephone,2002-03-14,"To improve the setting of accounting standards by the Financial Accounting Standards Board, to provide sound and uniform accounting and financial reporting for public utilities, to clarify the responsibility of issuers for the transparency and honesty of their financial statements and reports, and to enhance the governance of the accounting profession.",Truth and Accountability in Accounting Act of 2002,107,1,,
hr4038-107,Finance and Financial Sector,Administrative procedure|Advice and consent of the Senate|Brokers|Capital|Civil actions and liability|Commodity Futures Trading Commission|Congressional reporting requirements|Corporate collapse|Corporation directors|Damages|Derivative securities|Derivatives regulation|District courts|Embezzlement|Employee rights|Executive reorganization|Executives|Federal Reserve System|Federal advisory bodies|Federal employees|Financial services|Fines (Penalties)|Futures trading|Government attorneys|Imprisonment|Independent regulatory commissions|Information disclosure (Securities law)|Insider trading in securities|Investment advisers|Investors|Jurisdiction|Larceny|Legal fees|Legislation|Liability (Law)|Licenses|Margins (Security trading)|Misconduct in office|Options (Contract)|Presidential appointments|Punitive damages|Securities and Exchange Commission|Securities fraud|Securities industry|Securities regulation|Stock exchanges|Swaps (Finance)|Transfer of employees,2002-03-20,"To establish a Securities and Derivatives Oversight Commission in order to combine the functions of the Commodity Futures Trading Commission and the Securities and Exchange Commission in a single independent regulatory commission, and for other purposes.",Market Oversight Consolidation and OTC Derivatives Regulation Act,107,1,,
hr4071-107,Finance and Financial Sector,Information disclosure (Securities law)|Secondary mortgage market|Securities regulation,2002-03-20,"To extend the registration and reporting requirements of the Federal securities laws to certain housing-related Government-sponsored enterprises, and for other purposes.",Uniform Securities Disclosure Act,107,1,,
s2056-107,Finance and Financial Sector,Accounting|Accounting and auditing|Accounting and financial statements|Administrative procedure|Auditing|Auditing and auditors|Conflict of interests|Corporate collapse|Corporate governance|Corporate planning|Corporation directors|Executives|Financial statements|Government paperwork|Independent regulatory commissions|Information technology|Management consultants|Marketing|Prosecution|Securities and Exchange Commission|Securities fraud|Securities regulation|Stockholders,2002-03-21,"A bill to ensure the independence of accounting firms that provide auditing services to publicly traded companies and of executives, audit committees, and financial compensation committees of such companies, and for other purposes.",Integrity in Auditing Act of 2002,107,1,,
hr4083-107,Finance and Financial Sector,Accounting and auditing|Administrative procedure|Administrative remedies|Auditing|Chief executive officers|Chief financial officers|Civil actions and liability|Corporate collapse|Corporate governance|Corporate management|Corporation directors|Employee stock options|Executives|Financial statements|Independent regulatory commissions|Information disclosure (Securities law)|Injunctions|Insider trading in securities|Losses|Profit|Salaries|Securities and Exchange Commission|Securities fraud|Securities regulation|Subsidiary corporations,2002-04-09,To provide for enhanced corporate responsibility under the securities laws.,Corporate Responsibility Act of 2002,107,1,,
s2247-107,Finance and Financial Sector,"Accounting|Accounting and auditing|Accounting and financial statements|Administrative fees|Administrative procedure|Administrative remedies|Administrative responsibility|Associations, institutions, etc.|Auditing|Auditing and auditors|Business records|Chief executive officers|Chief financial officers|Civil actions and liability|Conflict of interests|Congressional reporting requirements|Corporate collapse|Corporate governance|Criminal investigation|Disciplining of employees|Evidence (Law)|Executives|Fees|Financial statements|Fines (Penalties)|Foreign corporations|Fraud|Government paperwork|Governmental investigations|Independent regulatory commissions|Information disclosure (Securities law)|Information technology|Insurance companies|Investors|Liability (Law)|Liability insurance|Licenses|Management consultants|Negligence|Professional ethics|Promotions|Quality control|Recruiting of employees|Securities and Exchange Commission|Securities fraud|Securities regulation|Stockholders|Supervision of employees|Tax consultants|Witnesses",2002-04-24,"A bill to provide for the regulation of public accounting firms for purposes of the Federal securities laws, to promote quality and transparency in financial reporting, to improve the quality of independent audits and accounting services through and Independent Public Accounting Oversight Board, and for other purposes.",Truth in Auditing Act of 2002,107,1,,
s2460-107,Finance and Financial Sector,Accounting|Accounting and auditing|Accounting and financial statements|Administrative fees|Administrative procedure|Auditing|Auditing and auditors|Bankruptcy|Citizen participation|Confidential communications|Conflict of interests|Corporate collapse|Corporate governance|Corporation directors|Delegation of powers|Employee benefit plans|Employee health benefits|Employee stock options|Executive compensation|Fees|Financial planning|Financial statements|Government paperwork|Health insurance|Independent regulatory commissions|Information disclosure (Securities law)|Insurance|Management consultants|Nongovernmental organizations|Nonprofit organizations|Securities and Exchange Commission|Securities industry|Securities regulation|Severance pay|Stockholders|Stockholders' voting|Stocks|Tax consultants,2002-05-06,"A bill to guarantee persons who invest in publicly held companies accurate information about the financial condition of such companies so they can make fully informed investment decisions, to increase the independence of the Financial Accounting Standards Board, and for other purposes.",Shareholder Bill of Rights Act,107,1,,
hr4827-107,Finance and Financial Sector,Accounting and financial statements|Contracts|Corporate collapse|Corporate finance|Electric utilities|Energy prices|Financial statements|Information disclosure (Securities law)|Liability (Law)|Market manipulation|Securities fraud|Securities regulation|Wholesale trade,2002-05-22,To amend the Securities Exchange Act of 1934 to prohibit the fraudulent recording of revenue from round trip sales of electric power.,Truth in Electricity Revenue Reporting Act of 2002,107,1,,
hr4846-107,Finance and Financial Sector,Auditing|Coins and coinage|Collection of accounts|Commemorations|Congressional reporting requirements|Economic impact statements|Federal advisory bodies|Federal budgets|Financial statements|Government paperwork|Government trust funds|Governmental investigations|Marketing|Silver|Strategic materials,2002-05-23,"To amend title 31, United States Code, to clarify the sources of silver for bullion coins, and for other purposes.",Silver Eagle Coin Continuation Act of 2002,107,1,,
s2673-107,Finance and Financial Sector,Accounting|Accounting and auditing|Accounting and financial statements|Administrative fees|Administrative procedure|Administrative remedies|Auditing|Auditing and auditors|Authorization|Bank examination|Bankruptcy|Brokers|Business ethics|Business income tax|Business records|Chief executive officers|Chief financial officers|Civil actions and liability|Competition|Confidential communications|Conflict of interests|Congressional investigations|Congressional reporting requirements|Conspiracy|Consumer credit|Corporate accountability|Corporate collapse|Corporate corruption|Corporate governance|Corporate mergers|Corporation directors|Corporation taxes|Corporations|Credit unions|Criminal investigation|Criminal negligence|Debtor and creditor|Disciplining of employees|Discrimination in employment|Dismissal of employees|Economic impact statements|Electronic data interchange|Evidence (Law)|Executive compensation|Executives|Federal employees|Federal incorporation|Financial research|Financial statements|Fines (Penalties)|Foreign corporations|Fraud|Freedom of information|Fringe benefits|Government paperwork|Governmental investigations|Higher education|Income tax|Incorporation|Independent regulatory commissions|Information disclosure (Securities law)|Injunctions|Insider trading in securities|Insurance companies|Internet|Investment advisers,2002-06-25,"An original bill to improve quality and transparency in financial reporting and independent audits and accounting services for public companies, to create a Public Company Accounting Oversight Board, to enhance the standard setting process for accounting practices, to strengthen the independence of firms that audit public companies, to increase corporate responsibility and the usefulness of corporate financial disclosure, to protect the objectivity and independence of securities analysts, to improve Securities and Exchange Commission resources and oversight, and for other purposes.",Public Company Accounting Reform and Investor Protection Act of 2002,107,1,,
hr5048-107,Finance and Financial Sector,Business ethics|Conflict of interests|Corporate collapse|Corporate governance|Corporation directors|Executives|Loans|Securities regulation|Stock exchanges|Stockholders,2002-06-27,"To prohibit corporations from making loans to their officers, directors, and principal shareholders.",Corporate Executive Responsibility Act of 2002,107,1,,
hr5058-107,Finance and Financial Sector,Accounting|Administrative procedure|Auditing and auditors|Business records|Congressional investigations|Congressional reporting requirements|Corporate collapse|Debtor and creditor|Financial statements|Government paperwork|Information disclosure (Securities law)|Intangible property|Intellectual property|International cooperation|Investors|Standards|Valuation,2002-06-27,"To preserve the integrity of the establishment of accounting standards by the Financial Accounting Standards Board, and for other purposes.",Financial Accounting Standards Board Act,107,1,,
hr5070-107,Finance and Financial Sector,Accounting|Accounting and auditing|Accounting and financial statements|Administrative fees|Administrative procedure|Administrative remedies|Auditing|Auditing and auditors|Authorization|Bank examination|Brokers|Business ethics|Business records|Chief executive officers|Chief financial officers|Civil actions and liability|Competition|Confidential communications|Conflict of interests|Congressional investigations|Congressional reporting requirements|Consumer credit|Corporate accountability|Corporate collapse|Corporate corruption|Corporate governance|Corporate mergers|Corporation directors|Corporations|Credit unions|Criminal investigation|Disciplining of employees|Economic impact statements|Electronic data interchange|Executive compensation|Executives|Federal incorporation|Financial research|Financial statements|Fines (Penalties)|Foreign corporations|Fraud|Freedom of information|Fringe benefits|Government paperwork|Governmental investigations|Higher education|Incorporation|Independent regulatory commissions|Information disclosure (Securities law)|Injunctions|Insider trading in securities|Insurance companies|Internet|Investment advisers|Investment banking|Investors|Legal ethics|Licenses|Loans|Management|Negligence|Nonprofit organizations|Partnerships|Penny stocks|Professional education,2002-07-09,"To improve quality and transparency in financial reporting and independent audits and accounting services for public companies, to create a Public Company Accounting Oversight Board, to enhance the standard setting process for accounting practices, to strengthen the independence of firms that audit public companies, to increase corporate responsibility and the usefulness of corporate financial disclosure, to protect the objectivity and independence of securities analysts, to improve Securities and Exchange Commission resources and oversight, and for other purposes.",Public Company Accounting Reform and Investor Protection Act of 2002,107,1,,
hr5147-107,Finance and Financial Sector,Accounting|Accounting and financial statements|Administrative procedure|Corporate collapse|Corporate governance|Employee stock options|Executive compensation|Financial statements|Information disclosure (Securities law)|Standards,2002-07-17,To allow the Financial Accounting Standards Board to develop standards of financial accounting and reporting related to the treatment of stock options.,Stock Option Accounting Reform Act,107,1,,
hr5149-107,Finance and Financial Sector,Advice and consent of the Senate|Commodity Futures Trading Commission|Congressional reporting requirements|Corporate collapse|Derivative securities|Derivatives regulation|Employee rights|Executive reorganization|Federal Reserve System|Federal advisory bodies|Federal employees|Financial services|Futures trading|Government attorneys|Independent regulatory commissions|Legislation|Margins (Security trading)|Market manipulation|Options (Contract)|Presidential appointments|Securities and Exchange Commission|Securities industry|Securities regulation|Stock exchanges|Swaps (Finance)|Transfer of employees,2002-07-17,"To establish the Securities and Commodities Exchange Commission in order to combine the functions of the Commodity Futures Trading Commission and the Securities and Exchange Commission in a single independent regulatory commission, and for other purposes.",Markets and Trading Reorganization and Reform Act,107,1,,
s2760-107,Finance and Financial Sector,Accounting|Accounting and financial statements|Administrative procedure|Business income tax|Congressional reporting requirements|Corporate collapse|Corporate governance|Employee stock options|Entrepreneurs|Executive compensation|Executives|Governmental investigations|Income|Income tax|Industrial productivity|Information disclosure (Securities law)|Investors|Legislation|Recruiting of employees|Securities regulation|Skilled labor|Small business|Stockholders|Tax deductions|Women|Women's employment,2002-07-19,A bill to direct the Securities and Exchange Commission to conduct a study and make recommendations regarding the accounting treatment of stock options for purposes of the Federal securities laws.,Stock Option Fairness and Accountability Act,107,1,,
hr5184-107,Finance and Financial Sector,Accounting|Accounting and auditing|Administrative fees|Administrative procedure|Auditing|Auditing and auditors|Business ethics|Conflict of interests|Congressional reporting requirements|Corporate collapse|Executive reorganization|Financial statements|Independent regulatory commissions|Information disclosure (Securities law)|Management consultants|Securities and Exchange Commission|Securities regulation,2002-07-23,To establish an Office of Audit Review within the Securities and Exchange Commission to oversee the audits of certain public companies.,Corporate Auditing Integrity Act of 2002,107,1,,
hr5221-107,Finance and Financial Sector,Affiliated corporations|Annuities|Bankruptcy|Bankruptcy courts|Brokers|Change of venue|Consultants|Corporate collapse|Corporate finance|Corporate governance|Corporation directors|Corporations|Debtor and creditor|District courts|Employee pensions|Evidence (Law)|Executive compensation|Fraud|Fringe benefits|Leases|Legal fees|Liens|Loans|Margins (Security trading)|Partnerships|Pension funds|Retirement income|Severance pay|State laws|Stocks|Trusts and trustees|Wages,2002-07-25,"To protect employees and retirees from corporate practices that deprive them of their earnings and retirement savings when a business files for bankruptcy under title 11, United States Code.",Employee Abuse Prevention Act of 2002,107,1,,
s2798-107,Finance and Financial Sector,Affiliated corporations|Annuities|Bankruptcy|Bankruptcy courts|Brokers|Change of venue|Consultants|Corporate collapse|Corporate finance|Corporate governance|Corporation directors|Corporations|Debtor and creditor|District courts|Employee pensions|Evidence (Law)|Executive compensation|Fraud|Fringe benefits|Leases|Legal fees|Liens|Loans|Margins (Security trading)|Partnerships|Pension funds|Retirement income|Severance pay|State laws|Stocks|Trusts and trustees|Wages,2002-07-25,"A bill to protect employees and retirees from corporate practices that deprive them of their earnings and retirement savings when a business files for bankruptcy under title 11, United States Code.",Employee Abuse Prevention Act of 2002,107,1,,
s2822-107,Finance and Financial Sector,Administrative procedure|Corporate collapse|Corporate governance|Corporation directors|Employee stock options|Executive compensation|Government paperwork|Independent regulatory commissions|Information disclosure (Securities law)|Investors|Securities and Exchange Commission|Securities regulation|Stockholders|Stockholders' voting|Stocks,2002-07-30,A bill to prevent publicly traded corporations from issuing stock options to top management in a manner that is detrimental to the long-term interests of shareholders.,Prevention of Stock Option Abuse Act,107,1,,
s2877-107,Finance and Financial Sector,Administrative procedure|Business income tax|Chief executive officers|Department of the Treasury|Derivative securities|Employee stock options|Executive compensation|Governmental investigations|Income tax|Independent regulatory commissions|Information disclosure (Securities law)|Legislation|Securities and Exchange Commission|Securities regulation|Small business|Stockholders|Stocks|Tax deductions,2002-08-01,"A bill to amend the Internal Revenue Code of 1986 to ensure that stock options of public companies are granted to rank and file employees as wall as officers and directors, and for other purposes.",Rank and File Stock Option Act of 2002,107,1,,
s2901-107,Finance and Financial Sector,Accounting|Bankruptcy|Corporate collapse|Corporate corruption|Corporate finance|Corporate governance|Corporation directors|Debtor and creditor|Executive compensation|Fraud|Fringe benefits|Limitation of actions|Loans|Securities regulation|State laws|Trusts and trustees,2002-09-03,A bill to provide that bonuses and other extraordinary or excessive compensation of corporate insiders and wrongdoers may be included in the bankruptcy estate.,Corporate Accountability in Bankruptcy Act,107,1,,
hr5496-107,Finance and Financial Sector,Accounting|Accounting and auditing|Affiliated corporations|Auditing and auditors|Campaign funds|Collection of accounts|Compensation (Law)|Corporate collapse|Corporate governance|Corporation directors|Corporations|Employee ownership|Employee pensions|Executives|Fines (Penalties)|Gifts|Government trust funds|Pension funds|Securities fraud|Securities regulation|Stockholders|Subsidiary corporations,2002-09-26,"To permit certain funds assessed for securities laws violations to be used to compensate employees who are victims of excessive pension fund investments in the securities of their employers, and for other purposes.",Justice for Victims of Corporate Fraud Act,107,1,,
hr5525-107,Finance and Financial Sector,Bankruptcy|Bankruptcy courts|Collection of accounts|Corporate collapse|Corporate governance|Corporation directors|Debtor and creditor|Employee benefit plans|Employee pensions|Employee rights|Executive compensation|Executives|Fraud|Injunctions|Labor contracts|Pension funds|Retiree health benefits|Salaries|Severance pay|Wages,2002-10-02,"To amend title 11 of the United States Code to prevent corporate bankruptcy abuse and provide greater protection for employees, and for other purposes.",Corporate Bankruptcy Abuse Prevention and Employee Protection Act of 2002,107,1,,
hr5744-107,Finance and Financial Sector,Administrative procedure|Advertising|Alabama|Alimony|Alternative dispute resolution|Appellate courts|Appellate procedure|Aquaculture|Auditing|Automobiles|Bank failures|Bank marketing|Bank records|Bankruptcy|Bankruptcy courts|Books|Branch banking|Brokers|Business records|California|Caregivers|Cemeteries and funerals|Change of venue|Charities|Child health|Child support|Child support enforcement|Chronically ill|Civil Service pensions|Civil actions and liability|Close corporations|Clothing|Collection of accounts|College costs|College students|Congressional investigations|Congressional reporting requirements|Consumer credit|Consumer education|Consumer goods|Consumer protection|Contracts|Cooperative housing|Corporate debt|Corporate profits|Corporate reorganizations|Counseling|Court records|Credit cards|Credit unions|Criminal investigation|Curricula|Custody of children|Damages|Data banks|Debit cards|Debt limit|Debtor and creditor|Delaware|Department of Justice|Deposit insurance|Derivative securities|Disabled|District courts|Divorce|Driver licenses,2002-11-14,"To amend title 11 of the United States Code, and for other purposes.",Bankruptcy Abuse Prevention and Consumer Protection Act of 2002,107,1,,
hr5745-107,Finance and Financial Sector,Administrative procedure|Advertising|Alimony|Alternative dispute resolution|Appellate courts|Appellate procedure|Aquaculture|Auditing|Automobiles|Bank failures|Bank marketing|Bank records|Bankruptcy|Bankruptcy courts|Books|Branch banking|Brokers|Business records|Caregivers|Cemeteries and funerals|Change of venue|Charities|Child health|Child support|Child support enforcement|Chronically ill|Civil Service pensions|Civil actions and liability|Close corporations|Clothing|Collection of accounts|College costs|College students|Congressional investigations|Congressional reporting requirements|Consumer credit|Consumer education|Consumer goods|Consumer protection|Contracts|Cooperative housing|Corporate debt|Corporate profits|Corporate reorganizations|Counseling|Court records|Credit cards|Credit unions|Criminal investigation|Curricula|Custody of children|Damages|Data banks|Debit cards|Debt limit|Debtor and creditor|Department of Justice|Deposit insurance|Derivative securities|Disabled|District courts|Divorce|Driver licenses|Drug abuse|Drug traffic|Drunk driving,2002-11-14,"To amend title 11 of the United States Code, and for other purposes.",Bankruptcy Abuse Prevention and Consumer Protection Act of 2002,107,1,,
hr21-108,Finance and Financial Sector,Administrative procedure|Bank loans|Checks|Civil actions and liability|Civil procedure|Computer crimes|Congressional reporting requirements|Consumer credit|Credit|Credit cards|Department of the Treasury|District courts|Electronic commerce|Electronic funds transfers|Evidence (Law)|Financial institutions|Fines (Penalties)|Gambling|Government paperwork|Governmental investigations|Indian lands|Injunctions|Interactive media|International cooperation|Internet|Jurisdiction|Liability (Law)|Lotteries|Minorities|Money laundering|Negotiations|Public corruption|Sentences (Criminal procedure)|Web sites|Wireless communication,2003-01-07,"To prevent the use of certain bank instruments for unlawful Internet gambling, and for other purposes.",Unlawful Internet Gambling Funding Prohibition Act,108,1,,
hr275-108,Finance and Financial Sector,Charitable contributions|Charities|Conflict of interests|Corporate philanthropy|Corporation directors|Executives|Income tax|Information disclosure (Securities law)|Married people|Nonprofit organizations|Trusts and trustees,2003-01-08,"To amend the Securities and Exchange Act of 1934 to require improved disclosure of corporate charitable contributions, and for other purposes.",Corporate Charitable Disclosure Act of 2003,108,1,,
s183-108,Finance and Financial Sector,Administrative procedure|Administrative remedies|Business records|Evidence (Law)|Fines (Penalties)|Government paperwork|Independent regulatory commissions|Injunctions|Investment advisers|Securities and Exchange Commission|Securities fraud,2003-01-16,"A bill to address Securities and Exchange Commission authority to impose civil money penalties in administrative proceedings for violations of securities laws, and for other purposes.",SEC Civil Enforcement Act,108,1,,
hr600-108,Finance and Financial Sector,Corporation directors|Electronic data interchange|Electronic government information|Executives|Government publicity|Information disclosure (Securities law)|Insider trading in securities|Intranets|Web sites,2003-02-05,"To require disclosure of the sale of securities by insiders of issuers of the securities to be made available to the Commission and to the public in electronic form before the transaction is conducted, and for other purposes.",Investment Disclosure Act of 2003,108,1,,
hr636-108,Finance and Financial Sector,Class actions (Civil procedure)|Corporation directors|Damages|Discovery (Law)|District courts|Evidence (Law)|Fines (Penalties)|Frivolous lawsuits|Information disclosure (Securities law)|Injunctions|Investment advisers|Jurisdiction|Legal fees|Liability (Law)|Limitation of actions|Mutual funds|Prosecution|Securities fraud|State courts|State laws|Stockholders|Surety and fidelity,2003-02-05,"To repeal the provisions of the Private Securities Litigation Reform Act and the Securities Litigation Uniform Standards Act that limit private securities actions, and for other purposes.",Shareholder and Employee Rights Restoration Act of 2003,108,1,,
hr657-108,Finance and Financial Sector,Administrative procedure|Department of the Treasury|Financial crises|Futures trading|Government securities|Independent regulatory commissions|Investors|Mutual funds|Securities and Exchange Commission|Securities industry|Securities regulation|Stock exchanges,2003-02-11,To amend the Securities Exchange Act of 1934 to augment the emergency authority of the Securities and Exchange Commission.,Emergency Securities Response Act of 2003,108,1,,
hr833-108,Finance and Financial Sector,Administrative procedure|Administrative remedies|Affiliated corporations|Auctions|Civil actions and liability|Class actions (Civil procedure)|Commercial arbitration|Computer software|Confidential communications|Consumer complaints|Consumer credit|Consumer education|Continuing education|Counseling|Criminal justice information|Criminal liability|Damages|Data banks|Debtor and creditor|Department of Housing and Urban Development|Department of the Treasury|District courts|Electronic government information|Employment tests|Evidence (Law)|Executive reorganization|Express service|Facsimile transmission|Federal Reserve System|Federal aid to housing|Federal preemption|Federally-assisted loans|Federally-guaranteed loans|Fees|Finance charges|Financial services|Financial statements|Fines (Penalties)|Foreclosure|Government contractors|Government lending|Government liability|Government publications|Government publicity|Higher education|Home ownership|Home repair and improvement|Housing finance|Identification of criminals|Income|Insurance premiums|Internet|Judicial review|Jurisdiction|Liability (Law)|Licenses|Liens|Loan defaults|Loans|Mortgage banks|Mortgage guaranty insurance|Mortgage interest rates|Mortgages|Performance measurement|Profit|Public service advertising,2003-02-13,"To combat unfair and deceptive practices in the high-cost mortgage market, establish a consumer mortgage protection board, and establish licensing and minimum standards for mortgage brokers, and for other purposes.",Responsible Lending Act,108,1,,
hr975-108,Finance and Financial Sector,Accounting|Administrative procedure|Advertising|Alabama|Alimony|Alternative dispute resolution|Appellate courts|Appellate procedure|Aquaculture|Auditing|Automobiles|Bank failures|Bank records|Bankruptcy|Bankruptcy courts|Books|Branch banking|Brokers|Business records|California|Caregivers|Cemeteries and funerals|Change of venue|Charities|Child health|Child support|Chronically ill|Civil actions and liability|Civil service retirement|Close corporations|Clothing|Collection of accounts|College costs|Compensation for victims of crime|Conflict of interests|Congressional investigations|Congressional reporting requirements|Consumer credit|Consumer education|Consumer goods|Consumer protection|Contracts|Cooperative housing|Corporate debt|Corporate reorganizations|Counseling|Court records|Credit cards|Credit unions|Criminal investigation|Curricula|Custody of children|Damages|Data banks|Debit cards|Debt limit|Debtor and creditor|Delaware|Department of Justice|Deposit insurance|Derivative securities|Disabled|District courts|Divorce|Driver licenses|Drug abuse,2003-02-27,"To amend title 11 of the United States Code, and for other purposes.",Bankruptcy Abuse Prevention and Consumer Protection Act of 2003,108,1,,
hr1109-108,Finance and Financial Sector,Administrative procedure|Advice and consent of the Senate|Brokers|Capital|Civil actions and liability|Commodity Futures Trading Commission|Congressional reporting requirements|Corporation directors|Damages|Derivative securities|District courts|Embezzlement|Employee rights|Executive reorganization|Executives|Federal Reserve System|Federal advisory bodies|Federal employees|Financial services|Fines (Penalties)|Futures trading|Government attorneys|Imprisonment|Independent regulatory commissions|Information disclosure (Securities law)|Insider trading in securities|Investment advisers|Investors|Jurisdiction|Larceny|Legal fees|Legislation|Liability (Law)|Licenses|Margins (Security trading)|Misconduct in office|Options (Contract)|Presidential appointments|Punitive damages|Securities and Exchange Commission|Securities fraud|Securities industry|Securities regulation|Stock exchanges|Swaps (Finance)|Transfer of employees,2003-03-06,"To establish a Financial Markets Oversight Commission in order to combine the functions of the Commodity Futures Trading Commission and the Securities and Exchange Commission in a single independent regulatory commission, and for other purposes.",Market Oversight Consolidation and OTC Derivatives Regulation Act,108,1,,
hr1255-108,Finance and Financial Sector,Accounting|Contracts|Electric power|Electric utilities|Electric utility rates|Financial statements|Information disclosure (Securities law)|Restrictive trade practices|Securities fraud|Wholesale trade,2003-03-12,To amend the Securities Exchange Act of 1934 to prohibit the fradulent recording of revenue from round trip sales of electric power.,Truth in Electricity Revenue Reporting Act of 2003,108,1,,
s627-108,Finance and Financial Sector,Administrative procedure|Bank loans|Checks|Civil actions and liability|Civil procedure|Computer crimes|Congressional reporting requirements|Consumer credit|Credit|Credit cards|Department of the Treasury|District courts|Electronic commerce|Electronic funds transfers|Evidence (Law)|Executive reorganization|Financial institutions|Fines (Penalties)|Gambling|Government paperwork|Governmental investigations|Indian lands|Injunctions|Interactive media|International cooperation|Internet|Jurisdiction|Liability (Law)|Lotteries|Minorities|Money laundering|Negotiations|Public corruption|Sentences (Criminal procedure)|Web sites|Wireless communication,2003-03-13,"A bill to prevent the use of certain payments instruments, credit cards, and fund transfers for unlawful Internet gambling, and for other purposes.",Internet Gambling Funding Prohibition Act,108,1,,
hr1357-108,Finance and Financial Sector,Civil actions and liability|Consumer credit|Counseling|Federal aid to housing|Federally-guaranteed loans|Fees|Financial planning|Financial statements|Foreclosure|Government lending|Government paperwork|Income|Interest|Liens|Loan defaults|Mortgage guaranty insurance|Mortgages|Nonprofit organizations|Personnel records|Telephone,2003-03-19,"To establish a program to assist homeowners experiencing unavoidable, temporary difficulty making payments on mortgages insured under the National Housing Act.",Homeowners' Emergency Mortgage Assistance Act,108,1,,
hr1372-108,Finance and Financial Sector,Accounting|Congressional reporting requirements|Earnings|Economic impact statements|Employee motivation|Employee ownership|Employee stock options|Executive compensation|Financial statements|High technology|Independent regulatory commissions|Industrial research|Information disclosure (Securities law)|International competitiveness|Investors|Product development|Recruiting of employees|Securities and Exchange Commission|Skilled labor|Standards|Technological innovations,2003-03-20,"To direct the Securities and Exchange Commission to require enhanced disclosures of employee stock options, and to require a study on the economic impact of broad-based employee stock option plans, and for other purposes.",Broad-Based Stock Option Plan Transparency Act of 2003,108,1,,
hr1375-108,Finance and Financial Sector,Administrative procedure|Affiliated corporations|Antitrust law|Auditing|Bank capital|Bank deposits|Bank employees|Bank examination|Bank failures|Bank fraud|Bank holding companies|Bank loans|Bank management|Bank mergers|Bank records|Bonds|Branch banking|Brokers|Cemeteries and funerals|Checks|Churches|Civil actions and liability|Claims|Community development banking|Compensation (Law)|Confidential communications|Conflict of interests|Congressional reporting requirements|Consumer credit|Consumer protection|Contractors|Corporate governance|Corporate mergers|Corporation directors|Correspondent banks|Credit cards|Credit unions|Damages|Data banks|Debt|Debtor and creditor|Deceptive advertising|Department of the Treasury|Deposit insurance|Dismissal of employees|District courts|Dividends|Electronic funds transfers|Electronic government information|Evidence (Law)|Ex-offenders|Executives|Federal Deposit Insurance Corporation|Federal Reserve System|Federal employees|Federal home loan banks|Federal preemption|Fines (Penalties)|Foreign banks and banking|Funeral industry|Golden parachutes|Government liability|Government paperwork|Government trust funds|Holding companies|Indexing (Economic policy),2003-03-20,"To provide regulatory relief and improve productivity for insured depository institutions, and for other purposes.",Financial Services Regulatory Relief Act of 2004,108,1,,
s690-108,Finance and Financial Sector,Administrative procedure|Corporation directors|Employee stock options|Executive compensation|Government paperwork|Independent regulatory commissions|Information disclosure (Securities law)|Investors|Securities and Exchange Commission|Securities regulation|Stockholders|Stocks,2003-03-21,A bill to prevent publicly traded corporations from issuing stock options to top management in a manner that is detrimental to the long-term interests of shareholders.,Prevention of Stock Option Abuse Act of 2003,108,1,,
hr1533-108,Finance and Financial Sector,Churches|Clergy|Information disclosure (Securities law)|Investments|Mutual funds|Pension funds|Religion|Securities fraud|Securities regulation|Trusts and trustees,2003-04-01,To amend the securities laws to permit church pension plans to be invested in collective trusts.,,108,1,,
s832-108,Finance and Financial Sector,Accounting|Bankruptcy|Corporate corruption|Corporate finance|Corporation directors|Debtor and creditor|Executive compensation|Fraud|Fringe benefits|Limitation of actions|Loans|Securities regulation|State laws|Trusts and trustees,2003-04-09,A bill to provide that bonuses and other extraordinary or excessive compensation of corporate insiders and wrongdoers may be included in the bankruptcy estate.,Corporate Accountability in Bankruptcy Act,108,1,,
s979-108,Finance and Financial Sector,Accounting|Congressional reporting requirements|Earnings|Economic impact statements|Employee motivation|Employee ownership|Employee stock options|Executive compensation|Financial statements|High technology|Independent regulatory commissions|Industrial research|Information disclosure (Securities law)|International competitiveness|Investors|Product development|Recruiting of employees|Securities and Exchange Commission|Skilled labor|Standards|Technological innovations,2003-05-01,"A bill to direct the Securities and Exchange Commission to require enhanced disclosures of employee stock options, to require a study on the economic impact of broad-based employee stock option plans, and for other purposes.",Broad-Based Stock Option Plan Transparency Act of 2003,108,1,,
hr2022-108,Finance and Financial Sector,Administrative fees|Brokers|Information disclosure (Securities law)|Secondary mortgage market|Securities regulation,2003-05-07,"To extend the registration and reporting requirements of the Federal securities laws to certain housing-related Government-sponsored enterprises, and for other purposes.",Leave No Securities Behind Act,108,1,,
hr2120-108,Finance and Financial Sector,Administrative procedure|Bank deposits|Bank failures|Bank records|Bankruptcy|Brokers|Civil actions and liability|Contracts|Credit unions|Damages|Debtor and creditor|Department of the Treasury|Derivative securities|Evidence (Law)|Federal Deposit Insurance Corporation|Federal Reserve System|Federal preemption|Financial institutions|Foreclosure|Foreign banks and banking|Foreign exchange|Fraud|Futures trading|Government corporations|Government lending|Government paperwork|Information disclosure (Securities law)|Injunctions|Liability (Law)|Margins (Security trading)|Mortgages|National Credit Union Administration|Options (Contract)|Securities|Securities regulation|State laws|Surety and fidelity|Swaps (Finance)|Trusts and trustees,2003-05-15,"To revise the banking and bankruptcy insolvency laws with respect to the termination and netting of financial contracts, and for other purposes.",Financial Contracts Bankruptcy Reform Act of 2003,108,1,,
hr2179-108,Finance and Financial Sector,Administrative remedies|Bank records|Brokers|Civil actions and liability|Collection of accounts|Confidential communications|Court records|Criminal investigation|Debtor and creditor|Discovery (Law)|Evidence (Law)|Federal preemption|Financial planning|Financial services|Fines (Penalties)|Foreclosure|Government procurement|Government trust funds|Governmental investigations|Grand jury|Independent regulatory commissions|Insider trading in securities|Investment advisers|Investors|Lawyers|Legal fees|Legal services|Liens|Mutual funds|Right of privacy|Securities and Exchange Commission|Securities fraud|Securities regulation|State constitutions|State laws|Subpoena|Trials|Witnesses,2003-05-21,"To enhance the authority of the Securities and Exchange Commission to investigate, punish, and deter securities laws violations, and to improve its ability to return funds to defrauded investors, and for other purposes.",Securities Fraud Deterrence and Investor Restitution Act of 2004,108,1,,
hr2420-108,Finance and Financial Sector,Accounting|Administrative procedure|Auditing|Brokers|Commercial arbitration|Conflict of interests|Congressional reporting requirements|Consultants|Consumer complaints|Consumer discounts|Consumer education|Contracts|Corporate governance|Corporation directors|Cost accounting|Electronic government information|Fees|Financial research|Financial statements|Government paperwork|Government publicity|Governmental investigations|Independent regulatory commissions|Information disclosure (Securities law)|Internet|Investment advisers|Investors|Mutual funds|Salaries|Sales promotion|Securities and Exchange Commission|Securities industry|Securities regulation|Stock exchanges|Stockholders|Trusts and trustees|Web sites|Whistle blowing,2003-06-11,To improve transparency relating to the fees and costs that mutual fund investors incur and to improve corporate governance of mutual funds.,Mutual Funds Integrity and Fee Transparency Act of 2003,108,1,,
hr2622-108,Finance and Financial Sector,Administrative procedure|Armed forces reserves|Auditing|Congressional investigations|Congressional reporting requirements|Consumer complaints|Consumer credit|Consumer education|Consumer protection|Cost effectiveness|Credit cards|Credit unions|Debit cards|Department of the Treasury|Discrimination in consumer credit|Employee crimes|Federal Deposit Insurance Corporation|Federal Reserve System|Federal Trade Commission|Federal preemption|Fraud|Government corporations|Government paperwork|Government publicity|Governmental investigations|Housing finance|Identification devices|Identity theft|Independent regulatory commissions|Insurance companies|Interest rates|Internet|Limitation of actions|Medical records|Military personnel|Mortgages|National Credit Union Administration|Personal budgets|Right of privacy|State laws|Telemarketing|Telephone|Victims of crimes|Web sites,2003-06-26,"To amend the Fair Credit Reporting Act, to prevent identity theft, improve resolution of consumer disputes, improve the accuracy of consumer records, make improvements in the use of, and consumer access to, credit information, and for other purposes.",Fair and Accurate Credit Transactions Act of 2003,108,1,,
s1753-108,Finance and Financial Sector,Administrative procedure|Armed forces reserves|Auditing|Congressional investigations|Congressional reporting requirements|Consumer complaints|Consumer credit|Consumer education|Consumer protection|Cost effectiveness|Credit cards|Credit unions|Debit cards|Department of the Treasury|Discrimination in consumer credit|Employee crimes|Federal Deposit Insurance Corporation|Federal Reserve System|Federal Trade Commission|Federal preemption|Fraud|Government corporations|Government paperwork|Government publicity|Governmental investigations|Housing finance|Identification devices|Identity theft|Independent regulatory commissions|Insurance companies|Interest rates|Internet|Limitation of actions|Medical records|Military personnel|Mortgages|National Credit Union Administration|Personal budgets|Right of privacy|State laws|Telemarketing|Telephone|Victims of crimes|Web sites,2003-10-17,"An original bill to amend the Fair Credit Reporting Act in order to prevent identity theft, to improve the use of and consumer access to consumer reports, to enhance the accuracy of consumer reports, to limit the sharing of certain consumer information, to improve financial education and literacy, and for other purposes.",National Consumer Credit Reporting System Improvement Act of 2003,108,1,,
s1767-108,Finance and Financial Sector,Accounting|Auditing|Business ethics|Conflict of interests|Corporate accountability|Corporate governance|Corporation directors|Executives|Financial planning|Financial services|Income tax|Investment advisers|Securities fraud|Securities regulation|Stocks|Tax evasion|Tax shelters,2003-10-21,A bill to prevent corporate auditors from providing tax shelter services to their audit clients.,Auditor Independence and Tax Shelters Act,108,1,,
hr3599-108,Finance and Financial Sector,Accounting|Auditing|Business ethics|Conflict of interests|Corporate accountability|Corporate governance|Corporation directors|Executives|Financial planning|Financial services|Income tax|Investment advisers|Securities fraud|Securities regulation|Stocks|Tax evasion|Tax shelters,2003-11-21,To prevent corporate auditors from providing tax shelter services to their audit clients.,Auditor Independence and Tax Shelters Act,108,1,,
s1958-108,Finance and Financial Sector,Administrative fees|Administrative procedure|Administrative remedies|Auditing|Brokers|Confidential communications|Conflict of interests|Congressional reporting requirements|Consumer protection|Contraceptives|Cost accounting|Criminal investigation|Disciplining of employees|Ethics|Evidence (Law)|Executive reorganization|Federal advisory bodies|Fees|Financial disclosure|Financial institutions|Financial research|Financial statements|Fines (Penalties)|Government paperwork|Governmental investigations|Independent regulatory commissions|Information disclosure (Securities law)|Institutional investments|Investment advisers|Investments|Investors|Mutual funds|Organized crime|Performance measurement|Quality control|Securities|Securities and Exchange Commission|Securities fraud|Securities industry|Securities regulation|Sentences (Criminal procedure)|Small business|Standards|State laws|Stock exchanges|Stockholders|Stocks|Trusts and trustees,2003-11-25,"A bill to prevent the practice of late trading by mutual funds, and for other purposes.",Mutual Fund Investor Protection Act of 2003,108,1,,
s1971-108,Finance and Financial Sector,Accounting|Administrative procedure|Auditing|Brokers|Commercial arbitration|Conflict of interests|Congressional reporting requirements|Consumer complaints|Consumer discounts|Consumer education|Contracts|Corporate governance|Corporation directors|Cost accounting|Federal advisory bodies|Fees|Financial research|Financial services|Financial statements|Government paperwork|Governmental investigations|Independent regulatory commissions|Information disclosure (Securities law)|Investment advisers|Investors|Mutual funds|Securities|Securities and Exchange Commission|Securities industry|Securities regulation|Stock exchanges|Stockholders|Trusts and trustees,2003-11-25,A bill to improve transparency relating to the fees and costs that mutual fund investors incur and to improve corporate governance of mutual funds.,Mutual Fund Investor Confidence Restoration Act of 2003,108,1,,
s2059-108,Finance and Financial Sector,Accounting|Administrative procedure|Advertising|Auditing|Auditing and auditors|Brokers|Business ethics|Chief executive officers|Commercial arbitration|Conflict of interests|Congressional investigations|Congressional reporting requirements|Consultants|Consumer education|Contracts|Corporate finance|Corporate management|Corporation directors|Corporation reports|Cost accounting|Crime prevention|Deceptive advertising|Derivative securities|Disciplining of employees|Discrimination in employment|Dismissal of employees|Electronic government information|Executive compensation|Executive reorganization|Federal-state relations|Fees|Financial services|Financial statements|Government paperwork|Government publicity|Governmental investigations|Grievance procedures|Independent regulatory commissions|Information disclosure (Securities law)|Information services|Insider trading in securities|Internet|Investment advisers|Investment banking|Investments|Investors|Lawyers|Legislation|Marketing|Mutual funds|Restrictive trade practices|Sales promotion|Securities and Exchange Commission|Securities fraud|Securities industry|Securities regulation|Stock exchanges|Stockholders|Telephone|Trusts and trustees|Valuation|Web sites|Whistle blowing,2004-02-10,"A bill to improve the governance and regulation of mutual funds under the securities laws, and for other purposes.",Mutual Fund Reform Act of 2004,108,1,,
hr4505-108,Finance and Financial Sector,Accounting|Administrative procedure|Advertising|Auditing|Auditing and auditors|Brokers|Business ethics|Chief executive officers|Commercial arbitration|Conflict of interests|Congressional investigations|Congressional reporting requirements|Consultants|Consumer education|Contracts|Corporate finance|Corporate management|Corporation directors|Corporation reports|Cost accounting|Crime prevention|Deceptive advertising|Derivative securities|Disciplining of employees|Discrimination in employment|Dismissal of employees|Electronic government information|Executive compensation|Executive reorganization|Federal-state relations|Fees|Financial services|Financial statements|Government paperwork|Government publicity|Governmental investigations|Grievance procedures|Independent regulatory commissions|Information disclosure (Securities law)|Information services|Insider trading in securities|Internet|Investment advisers|Investment banking|Investments|Investors|Lawyers|Legislation|Marketing|Mutual funds|Restrictive trade practices|Sales promotion|Securities and Exchange Commission|Securities fraud|Securities industry|Securities regulation|Stock exchanges|Stockholders|Telephone|Trusts and trustees|Valuation|Web sites|Whistle blowing,2004-06-03,"To improve the governance and regulation of mutual funds under the securities laws, and for other purposes.",Mutual Fund Reform Act of 2004,108,1,,
s2497-108,Finance and Financial Sector,Administrative procedure|Consumer complaints|Consumer protection|Executive reorganization|Financial services|Government paperwork|Government publicity|Governmental investigations|Independent regulatory commissions|Information disclosure (Securities law)|Investments|Investors|Mutual funds|Risk|Saving and investment|Securities and Exchange Commission|Securities industry|Securities regulation,2004-06-03,"A bill to amend the securities laws to provide for enhanced mutual fund investor protections, and for other purposes.",Small Investor Protection Act of 2004,108,1,,
hr378-109,Finance and Financial Sector,Civil actions and liability|Consumer credit|Counseling|Federal aid to housing|Federally-guaranteed loans|Fees|Financial planning|Financial statements|Foreclosure|Government lending|Government paperwork|Income|Interest|Liens|Loan defaults|Mortgage guaranty insurance|Mortgages|Nonprofit organizations|Personnel records|Telephone,2005-01-26,"To establish a program to assist homeowners experiencing unavoidable, temporary difficulty making payments on mortgages insured under the National Housing Act.",Homeowners' Emergency Mortgage Assistance Act,109,1,,
s256-109,Finance and Financial Sector,Accounting|Administrative procedure|Advertising|Alabama|Alimony|Alternative dispute resolution|Appellate courts|Appellate procedure|Aquaculture|Auditing|Automobiles|Bank failures|Bank records|Bankruptcy|Bankruptcy courts|Books|Branch banking|Brokers|Business records|California|Caregivers|Cemeteries and funerals|Change of venue|Charities|Child health|Child support|Chronically ill|Civil actions and liability|Civil service retirement|Close corporations|Clothing|Collection of accounts|College costs|Compensation for victims of crime|Conflict of interests|Congressional investigations|Congressional reporting requirements|Consumer credit|Consumer education|Consumer goods|Consumer protection|Contracts|Cooperative housing|Corporate debt|Corporate reorganizations|Counseling|Court records|Credit cards|Credit unions|Criminal investigation|Curricula|Custody of children|Damages|Data banks|Debit cards|Debt limit|Debtor and creditor|Delaware|Department of Justice|Deposit insurance|Derivative securities|Disabled|District courts|Divorce|Driver licenses|Drug abuse,2005-02-01,"A bill to amend title 11 of the United States Code, and for other purposes.",Bankruptcy Abuse Prevention and Consumer Protection Act of 2005,109,1,,
hr543-109,Finance and Financial Sector,Charitable contributions|Charities|Conflict of interests|Corporate philanthropy|Corporation directors|Executives|Income tax|Information disclosure (Securities law)|Married people|Nonprofit organizations|Trusts and trustees,2005-02-02,"To amend the Securities and Exchange Act of 1934 to require improved disclosure of corporate charitable contributions, and for other purposes.",Corporate Charitable Disclosure Act of 2005,109,1,,
hr685-109,Finance and Financial Sector,Accounting|Administrative procedure|Advertising|Alabama|Alimony|Alternative dispute resolution|Appellate courts|Appellate procedure|Aquaculture|Auditing|Automobiles|Bank failures|Bank records|Bankruptcy|Bankruptcy courts|Books|Branch banking|Brokers|Business records|California|Caregivers|Cemeteries and funerals|Change of venue|Charities|Child health|Child support|Chronically ill|Civil actions and liability|Civil service retirement|Close corporations|Clothing|Collection of accounts|College costs|Compensation for victims of crime|Conflict of interests|Congressional investigations|Congressional reporting requirements|Consumer credit|Consumer education|Consumer goods|Consumer protection|Contracts|Cooperative housing|Corporate debt|Corporate reorganizations|Counseling|Court records|Credit cards|Credit unions|Criminal investigation|Curricula|Custody of children|Damages|Data banks|Debit cards|Debt limit|Debtor and creditor|Delaware|Department of Justice|Deposit insurance|Derivative securities|Disabled|District courts|Divorce|Driver licenses|Drug abuse,2005-02-09,"To amend title 11 of the United States Code, and for other purposes.",Bankruptcy Abuse Prevention and Consumer Protection Act of 2005,109,1,,
hr913-109,Finance and Financial Sector,Accounting|Congressional reporting requirements|Earnings|Economic impact statements|Employee motivation|Employee ownership|Employee stock options|Executive compensation|Financial statements|High technology|Independent regulatory commissions|Industrial research|Information disclosure (Securities law)|International competitiveness|Investors|Product development|Recruiting of employees|Securities and Exchange Commission|Skilled labor|Standards|Technological innovations,2005-02-17,"To direct the Securities and Exchange Commission to require enhanced disclosures of employee stock options, and to require a study on the economic impact of broad-based employee stock option plans, and for other purposes.",Broad-Based Stock Option Plan Transparency Act,109,1,,
s418-109,Finance and Financial Sector,Administrative procedure|Administrative remedies|Brokers|Choice of law|Civil service retirement|Congressional investigations|Congressional reporting requirements|Consumer education|Department of Defense|Disciplining of employees|Federal-state relations|Financial services|Fraud|Government life insurance|Government paperwork|Independent regulatory commissions|Insurance agents|Insurance companies|Investment advisers|Investments|Legislation|Life insurance|Military bases|Military dependents|Military pensions|Military personnel|Mutual funds|Restrictive trade practices|Sales promotion|Securities and Exchange Commission|Securities industry|Securities regulation|Standards|State laws|Tax-deferred compensation plans|Telephone,2005-02-17,"A bill to protect members of the Armed Forces from unscrupulous practices regarding sales of insurance, financial, and investment products.",Military Personnel Financial Services Protection Act,109,1,,
hr1295-109,Finance and Financial Sector,Administrative procedure|Bank accounts|Bribery|Civil actions and liability|Class actions (Civil procedure)|Commercial arbitration|Compensation (Law)|Computer software|Confidential communications|Conflict of interests|Congressional investigations|Congressional reporting requirements|Consumer complaints|Consumer credit|Consumer education|Consumer protection|Contractors|Contracts|Counseling|Credit insurance|Damages|Data banks|Debtor and creditor|Department of Housing and Urban Development|Depreciation and amortization|Disaster insurance|Electronic government information|Evidence (Law)|Executive reorganization|Extortion|Federal Reserve System|Federal advisory bodies|Federal aid to housing|Federal officials|Federal preemption|Fees|Finance charges|Financial statements|Fines (Penalties)|Foreclosure|Fraud|Government contractors|Government paperwork|Government publications|Government publicity|Governmental investigations|Home equity conversion|Home ownership|Home repair and improvement|Housing finance|Insurance premiums|Interest|Internet|Interstate relations|Judicial review|Legal fees|Liability (Law)|Licenses|Limitation of actions|Loan defaults|Mortgage banks|Mortgage guaranty insurance|Mortgage interest rates|Mortgages|Nonprofit organizations|Performance measurement,2005-03-15,"To protect consumers against unfair and deceptive practices in connection with higher cost mortgage transactions, to strengthen the civil remedies available to consumers under existing law, to provide for certain uniform lending standards, to improve housing counseling, to better mortgage servicing, to enhance appraisal standards and oversight, to establish licensing and minimum standards for mortgage brokers, and for other purposes.",Responsible Lending Act,109,1,,
hr1657-109,Finance and Financial Sector,Accounting|Auditing|Chief executive officers|Corporate accountability|Corporate finance|Corporate management|Criminal liability|Financial statements|Government paperwork|Information disclosure (Securities law),2005-04-14,"To ensure financial regulations do not harm economic competitiveness, nor deprive Americans of due process of law, by repealing provisions of Federal law that hold corporate chief executive officers criminally liable for the content and quality of their companies' financial report, even when the chief executive officers had no intention to engage in criminal behavior, and had taken all reasonable steps to assure the accuracy of the statement.",Due Process and Economic Competitiveness Restoration Act,109,1,,
hr2061-109,Finance and Financial Sector,Accounting|Administrative procedure|Auditing|Bank deposits|Bank employees|Bank examination|Bank holding companies|Bank loans|Bank management|Bank records|Bankruptcy|Congressional reporting requirements|Consumer credit|Consumer education|Corporation taxes|Cost effectiveness|Cost of living adjustments|Debtor and creditor|Department of the Treasury|Depressed areas|Dividends|Enterprise zones|Executives|Farms|Federal Deposit Insurance Corporation|Federal Reserve System|Financial statements|Government paperwork|Income tax|Indexing (Economic policy)|Interest|Investors|Legislation|Metropolitan areas|Minimum tax|Mortgage banks|Mortgages|Partnerships|Right of privacy|Savings and loan associations|Securities|Securities regulation|Small business|Tax exclusion|Tax exemption|Tax rates|Tax-exempt securities|Urban affairs,2005-05-03,"To enhance the ability of community banks to foster economic growth and serve their communities, and for other purposes.",Communities First Act,109,1,,
hr2990-109,Finance and Financial Sector,Administrative procedure|Administrative remedies|Business records|Competition|Confidential communications|Conflict of interests|Congressional investigations|Congressional reporting requirements|Consumer credit|Corporate mergers|Ex-offenders|Government paperwork|Independent regulatory commissions|Information disclosure (Securities law)|Information services|Internet|Investment advisers|Investors|Licenses|Performance measurement|Restrictive trade practices|Securities and Exchange Commission|Securities fraud|Securities regulation|State laws|Statistics,2005-06-20,"To improve ratings quality by fostering competition, transparency, and accountability in the credit rating agency industry.",Credit Rating Agency Duopoly Relief Act of 2006,109,1,,
hr3505-109,Finance and Financial Sector,Administrative procedure|Affiliated corporations|Alabama|Antitrust law|Bank capital|Bank deposits|Bank employees|Bank examination|Bank failures|Bank fraud|Bank holding companies|Bank loans|Bank management|Bank mergers|Bank records|Branch banking|Cemeteries and funerals|Checks|Churches|Civil actions and liability|Collection of accounts|Community development banking|Confidential communications|Conflict of interests|Congressional investigations|Congressional reporting requirements|Consumer protection|Cooperative societies|Credit cards|Credit unions|Department of the Treasury|Deposit insurance|Disaster relief|District courts|Dividends|Electronic data interchange|Employee ownership|Ex-offenders|Executive reorganization|Federal Deposit Insurance Corporation|Federal Reserve System|Federal home loan banks|Federal officials|Federal preemption|Fines (Penalties)|Foreign banks and banking|Funeral industry|Golden parachutes|Government paperwork|Hurricane aftermath legislation|Hurricanes|Indexing (Economic policy)|International banking|Interstate banking|Investment advisers|Investments|Judicial review|Jurisdiction|Leases|Limitation of actions|Louisiana|Marketing|Metropolitan areas|Minorities|Minority employment|Mississippi,2005-07-28,"To provide regulatory relief and improve productivity for insured depository institutions, and for other purposes.",Financial Services Regulatory Relief Act of 2005,109,1,,
s1568-109,Finance and Financial Sector,Accounting|Administrative procedure|Auditing|Bank deposits|Bank employees|Bank examination|Bank holding companies|Bank loans|Bank management|Bank records|Bankruptcy|Congressional reporting requirements|Consumer credit|Consumer education|Corporation taxes|Cost effectiveness|Cost of living adjustments|Debtor and creditor|Department of the Treasury|Depressed areas|Dividends|Enterprise zones|Executives|Farms|Federal Deposit Insurance Corporation|Federal Reserve System|Financial statements|Government paperwork|Income tax|Indexing (Economic policy)|Interest|Investors|Legislation|Metropolitan areas|Minimum tax|Mortgage banks|Mortgages|Partnerships|Right of privacy|Savings and loan associations|Securities|Securities regulation|Small business|Tax exclusion|Tax exemption|Tax rates|Tax-exempt securities|Urban affairs,2005-07-29,"A bill to enhance the ability of community banks to foster economic growth and serve their communities, and for other purposes.",Communities First Act,109,1,,
s1594-109,Finance and Financial Sector,Administrative procedure|Bank records|Civil actions and liability|Computer security measures|Congressional reporting requirements|Consumer credit|Consumer education|Credit unions|Damages|Department of the Treasury|Federal Deposit Insurance Corporation|Federal Reserve System|Fraud|Government corporations|Governmental investigations|Identification devices|Identity theft|Independent regulatory commissions|Injunctions|National Credit Union Administration|Securities and Exchange Commission,2005-07-29,"A bill to require financial services providers to maintain customer information security systems and to notify customers of unauthorized access to personal information, and for other purposes.",Financial Privacy Protection Act of 2005,109,1,,
hr3997-109,Finance and Financial Sector,Administrative procedure|Bank accounts|Bank records|Business records|Computer security measures|Confidential communications|Congressional reporting requirements|Consumer credit|Consumer education|Consumer protection|Criminal investigation|Data banks|Department of the Treasury|Federal Reserve System|Federal Trade Commission|Federal preemption|Financial institutions|Financial statements|Fraud|Government paperwork|Governmental investigations|Identification devices|Identity theft|Independent regulatory commissions|Liability (Law)|Security measures|Standards|State laws|Victims of crimes,2005-10-06,"To amend the Fair Credit Reporting Act to provide for secure financial data, and for other purposes.",Data Accountability and Trust Act (DATA),109,1,,
hr4100-109,Finance and Financial Sector,Accounting|Advice and consent of the Senate|Auditing|Building construction|Church and social problems|Civil actions and liability|Commemorations|Competitive bidding|Contractors|Corporate finance|Debtor and creditor|Eminent domain|Executive reorganization|Financial statements|Floods|Government contractors|Government corporations|Government paperwork|Government securities|Historic sites|History|Hurricane aftermath legislation|Hurricanes|Infrastructure|Infrastructure (Economics)|Job creation|Land transfers|Landowners|Louisiana|Mortgages|Nonprofit organizations|Presidential appointments|Profit|Public utilities|Real estate appraisal|Real estate business|Real estate development|Regional economic development|Religion|Right of property|Road construction|Sewerage|Stocks|Subcontractors|Urban affairs|Urban economic development|Urban housing|Waste water treatment|Water supply,2005-10-20,"To establish the Louisiana Recovery Corporation for purposes of economic stabilization and redevelopment of devastated areas in Louisiana, and for other purposes.",Louisiana Recovery Corporation Act,109,1,,
hr4411-109,Finance and Financial Sector,Administrative procedure|Bank loans|Checks|Civil actions and liability|Computer crimes|Congressional reporting requirements|Consumer credit|Credit|Credit cards|Department of the Treasury|Electronic commerce|Electronic funds transfers|Financial institutions|Fines (Penalties)|Gambling|Indian lands|Injunctions|Interactive media|International cooperation|Internet|Liability (Law)|Minorities|Money laundering|Web sites,2005-11-18,"To prevent the use of certain payment instruments, credit cards, and fund transfers for unlawful Internet gambling, and for other purposes.",Internet Gambling Prohibition and Enforcement Act,109,1,,
s2141-109,Finance and Financial Sector,Contracts|Credit unions|Deposit insurance|Mortgages|Secondary mortgage market|Securities|Swaps (Finance),2005-12-17,A bill to make improvements to the Federal Insurance Deposit Act.,,109,1,,
s2509-109,Finance and Financial Sector,Administrative fees|Administrative remedies|Antitrust law|Bankruptcy|Casualty insurance|Consumer protection|Corporate governance|Corporate mergers|Corporations|Criminal investigation|Data banks|Department of the Treasury|Electronic data interchange|Electronic government information|Executive reorganization|Federal preemption|Federal-state relations|Fines (Penalties)|Foreign corporations|Fraud|Government paperwork|Governmental investigations|Holding companies|Injunctions|Insurance agents|Insurance companies|International cooperation|Judicial review|Licenses|Life insurance|Local taxation|Marketing|Nonprofit organizations|Ombudsman|Property insurance|Reinsurance|State laws|State taxation|Trusts and trustees,2006-04-05,"A bill to authorize the issuance of charters and licenses for carrying on the sale, solicitation, negotiation, and underwriting of insurance or any other insurance operations, to provide a comprehensive system for the regulation and supervision of National Insurers and National Agencies, to provide for policyholder protections in the event of an insolvency or impairment of a National Insurer, and for other purposes.",National Insurance Act of 2006,109,1,,
hr5113-109,Finance and Financial Sector,Affiliated corporations|Bankruptcy|Bankruptcy courts|Collective bargaining|Consultants|Corporate reorganizations|Corporation directors|Debtor and creditor|Evidence (Law)|Executive compensation|Foreign corporations|Fringe benefits|Labor contracts|Retiree health benefits|Subsidiary corporations,2006-04-06,"To amend title 11, United States Code, with respect to reform of executive compensation in corporate bankruptcies.",Fairness and Accountability in Reorganizations Act of 2006,109,1,,
s2556-109,Finance and Financial Sector,Affiliated corporations|Bankruptcy|Bankruptcy courts|Collective bargaining|Consultants|Corporate reorganizations|Corporation directors|Debtor and creditor|Evidence (Law)|Executive compensation|Foreign corporations|Fringe benefits|Labor contracts|Retiree health benefits|Subsidiary corporations,2006-04-06,"A bill to amend title 11, United States Code, with respect to reform of executive compensation in corporate bankruptcies.",Fairness and Accountability in Reorganizations Act of 2006,109,1,,
hr5341-109,Finance and Financial Sector,Administrative procedure|Bank deposits|Bank records|Coins and coinage|Congressional reporting requirements|Crime prevention|Department of the Treasury|Financial institutions|Government paperwork|Money|Money laundering,2006-05-10,"To amend section 5313 of title 31, United States Code, to reform certain requirements for reporting cash transactions, and for other purposes.",Seasoned Customer CTR Exemption Act of 2006,109,1,,
hr5405-109,Finance and Financial Sector,Accounting|Administrative procedure|Auditing|Congressional reporting requirements|Consultants|Corporate accountability|Corporate finance|Corporate management|Europe|Financial statements|Government paperwork|Governmental investigations|Independent regulatory commissions|Information disclosure (Securities law)|Securities and Exchange Commission|Securities regulation|Small business|United Kingdom,2006-05-17,To reduce the burdens of the implementation of section 404 of the Sarbanes-Oxley Act of 2002.,COMPETE Act,109,1,,
s2824-109,Finance and Financial Sector,Accounting|Administrative procedure|Auditing|Congressional reporting requirements|Consultants|Corporate accountability|Corporate finance|Corporate management|Europe|Financial statements|Government paperwork|Governmental investigations|Independent regulatory commissions|Information disclosure (Securities law)|Securities and Exchange Commission|Securities regulation|Small business|United Kingdom,2006-05-17,A bill to reduce the burdens of the implementation of section 404 of the Sarbanes-Oxley Act of 2002.,COMPETE Act,109,1,,
s2856-109,Finance and Financial Sector,Accounting|Administrative procedure|Administrative remedies|Bank accounts|Bank capital|Bank employees|Bank examination|Bank failures|Bank holding companies|Bank loans|Bank management|Bank mergers|Bank records|Bank reserves|Brokers|Checks|Collection of accounts|Community development banking|Congressional investigations|Consumer credit|Credit unions|Department of the Treasury|Deposit insurance|District courts|Dividends|Economic assistance|Electronic funds transfers|Executive reorganization|Federal Reserve System|Federal officials|Financial services|Foreign banks and banking|Golden parachutes|Government paperwork|Independent regulatory commissions|Indexing (Economic policy)|Interest|International banking|Investment advisers|Investments|Judicial review|Jurisdiction|Leases|Limitation of actions|Marketing|Missouri|Mortgage banks|Mortgages|Right of privacy|Savings and loan associations|Securities and Exchange Commission|Stockholders|Surety and fidelity|Trusts and trustees,2006-05-18,"An original bill to provide regulatory relief and improve productivity for insured depository institutions, and for other purposes.",Financial Services Regulatory Relief Act of 2006,109,1,,
hr5469-109,Finance and Financial Sector,Administrative procedure|Corporate accountability|Corporate finance|Data banks|Financial statements|Income tax|Independent regulatory commissions|Information disclosure (Securities law)|Securities and Exchange Commission|Securities regulation|Tax returns,2006-05-24,To require corporate income reported to the Internal Revenue Service to be included in annual reports to the Securities and Exchange Commission.,Honest Income Disclosure Act,109,1,,
hr5585-109,Finance and Financial Sector,Administrative fees|Bank failures|Bankruptcy|Collection of accounts|Compensation (Law)|Contracts|Credit unions|Futures trading|Loan defaults|Securities|Securities regulation|Swaps (Finance)|Trusts and trustees,2006-06-12,"To improve the netting process for financial contracts, and for other purposes.",Financial Netting Improvements Act of 2006,109,1,,
hr5637-109,Finance and Financial Sector,Administrative fees|Business insurance|Casualty insurance|Commercial arbitration|Congressional investigations|Congressional reporting requirements|Contracts|Data banks|Federal preemption|Financial statements|Government paperwork|Insurance|Insurance agents|Insurance companies|Insurance premiums|Interstate compacts|Interstate relations|Licenses|Property insurance|Reinsurance|State laws|State taxation|Tax returns,2006-06-19,"To streamline the regulation of nonadmitted insurance and reinsurance, and for other purposes.",Nonadmitted and Reinsurance Reform Act of 2006,109,1,,
hr5956-109,Finance and Financial Sector,Collection of accounts|Compensation for victims of crime|Fines (Penalties)|Government procurement|Government service contracts|Legal fees|Legal services|Securities fraud|Victims,2006-07-28,"To make all civil penalties collected by the Securities and Exchange Commission in securities law enforcement actions available for the benefit of victims of securities law violations, and for other purposes.",Fair Fund Improvement Act,109,1,,
s3850-109,Finance and Financial Sector,Administrative procedure|Brokers|Business ethics|Conflict of interests|Congressional investigations|Congressional reporting requirements|Consumer credit|Government paperwork|Government publicity|Government securities|Independent regulatory commissions|Insurance companies|Licenses|Securities|Securities and Exchange Commission|Securities regulation|Statistics,2006-09-06,"An original bill to improve ratings quality for the protection of investors and in the public interest by fostering accountability, transparency, and competition in the credit rating agency industry.",Credit Rating Agency Reform Act of 2006,109,1,,
hr6225-109,Finance and Financial Sector,Administrative fees|Administrative remedies|Bankruptcy|Casualty insurance|Congressional investigations|Congressional reporting requirements|Consumer protection|Corporate governance|Corporate mergers|Corporations|Criminal investigation|Data banks|Department of the Treasury|Electronic data interchange|Electronic government information|Executive reorganization|Federal preemption|Federal-state relations|Fines (Penalties)|Foreign corporations|Fraud|Government paperwork|Governmental investigations|Holding companies|Injunctions|Insurance agents|Insurance companies|International cooperation|Judicial review|Licenses|Life insurance|Local taxation|Marketing|Nonprofit organizations|Ombudsman|Property insurance|Reinsurance|State laws|State taxation,2006-09-28,"To authorize the issuance of Federal charters and licenses for carrying on the sale, solicitation, negotiation, and underwriting of insurance or any other insurance operations, to provide a comprehensive system for the regulation and supervision of National Insurers and National Agencies, to provide for policyholder protections in the event of an insolvency or impairment of a National Insurer, and for other purposes.",National Insurance Act of 2006,109,1,,
hr6272-109,Finance and Financial Sector,Administrative procedure|Brokers|Civil actions and liability|Civil procedure|Independent regulatory commissions|Investment advisers|Investors|Securities and Exchange Commission|Securities industry|Securities regulation|Subpoena,2006-09-29,To provide additional emergency and enhanced enforcement authority to the Securities and Exchange Commission.,Enhanced Emergency and Enforcement Authority Act,109,1,,
hr6325-109,Finance and Financial Sector,Auditing|Coins and coinage|Financial statements|Fund raising|Intellectual property|Inventors|Museums,2006-11-15,To provide a new effective date for the applicability of certain provisions of law to Public Law 105-331.,,109,1,,
hr6366-109,Finance and Financial Sector,Administrative procedure|Bank deposits|Bank records|Coins and coinage|Congressional reporting requirements|Consumer education|Crime prevention|Department of the Treasury|Financial institutions|Government paperwork|Indexing (Economic policy)|Money|Money laundering,2006-12-05,"To amend sections 5313 and 5318 of title 31, United States Code, to reform certain requirements for reporting cash transactions, and for other purposes.",CTR Modernization Act,109,1,,
hr323-110,Finance and Financial Sector,Administrative procedure|Bank deposits|Bank records|Coins and coinage|Congressional reporting requirements|Crime prevention|Department of the Treasury|Financial institutions|Government paperwork|Money|Money laundering,2007-01-09,"To amend section 5313 of title 31, United States Code, to reform certain requirements for reporting cash transactions, and for other purposes.",Seasoned Customer CTR Exemption Act of 2007,110,1,,
hr698-110,Finance and Financial Sector,Administrative procedure|Bank examination|Bank holding companies|Corporate finance|Federal Deposit Insurance Corporation|Financial statements|Government corporations|Government paperwork|Subsidiary corporations,2007-01-29,"To amend the Federal Deposit Insurance Act to establish industrial bank holding company regulation, and for other purposes.",Industrial Bank Holding Company Act of 2007,110,1,,
hr1049-110,Finance and Financial Sector,Accounting|Administrative fees|Administrative procedure|Advice and consent of the Senate|Auditing|Civil actions and liability|Corporate management|Cost control|Financial statements|Independent regulatory commissions|Information disclosure (Securities law)|Nonprofit organizations|Ombudsman|Presidential appointments|Risk|Securities and Exchange Commission,2007-02-14,"To reduce the unintended costs and burdens that the Sarbanes-Oxley Act of 2002 imposes on United States businesses, while maintaining that Act's goals of bolstering confidence in the integrity of publicly held companies.",Amend Misinterpreted Excessive Regulation In Corporate America Act,110,1,,
hr1065-110,Finance and Financial Sector,Administrative fees|Business insurance|Casualty insurance|Commercial arbitration|Congressional investigations|Congressional reporting requirements|Contracts|Data banks|Federal preemption|Financial statements|Government paperwork|Insurance|Insurance agents|Insurance companies|Insurance premiums|Interstate compacts|Interstate relations|Licenses|Property insurance|Reinsurance|State laws|State taxation|Tax returns,2007-02-15,"To streamline the regulation of nonadmitted insurance and reinsurance, and for other purposes.",Nonadmitted and Reinsurance Reform Act of 2007,110,1,,
hr1208-110,Finance and Financial Sector,Charitable contributions|Charities|Conflict of interests|Corporate philanthropy|Corporation directors|Executives|Income tax|Information disclosure (Securities law)|Married people|Nonprofit organizations|Trusts and trustees,2007-02-27,"To amend the Securities and Exchange Act of 1934 to require improved disclosure of corporate charitable contributions, and for other purposes.",Corporate Charitable Disclosure Act of 2007,110,1,,
hr1289-110,Finance and Financial Sector,Administrative procedure|Affiliated corporations|Automobile insurance|Bank accounts|Bank examination|Bank holding companies|Bank loans|Bank mergers|Bank records|Brokers|Business insurance|Business records|Casualty insurance|Community development banking|Consent decrees|Consumer credit|Data banks|Department of Housing and Urban Development|Department of the Treasury|Depressed areas|Discrimination in consumer credit|Federal Deposit Insurance Corporation|Federal Reserve System|Financial institutions|Financial services|Fines (Penalties)|Government corporations|Government paperwork|Government publicity|Housing discrimination|Information disclosure (Securities law)|Injunctions|Insurance|Insurance agents|Insurance companies|Insurance premiums|Investment advisers|Investments|Liability (Law)|Minorities|Mortgage banks|Mortgage guaranty insurance|Mortgages|Mutual funds|Nonbank banks|Property insurance|Public meetings|Racial discrimination|Securities industry|Securities regulation|Small business|Usury,2007-03-01,"To enhance the availability of capital and credit for all citizens and communities, to ensure that community reinvestment keeps pace as banks, securities firms, and other financial service providers become affiliates as a result of the enactment of the Gramm-Leach-Bliley Act, and for other purposes.",Community Reinvestment Modernization Act of 2007,110,1,,
hr1341-110,Finance and Financial Sector,Administrative procedure|Corporate accountability|Corporate finance|Data banks|Financial statements|Income tax|Independent regulatory commissions|Information disclosure (Securities law)|Securities and Exchange Commission|Securities regulation|Tax returns,2007-03-06,To require corporate income reported to the Internal Revenue Service to be included in annual reports to the Securities and Exchange Commission.,Honest Income Disclosure Act,110,1,,
hr1447-110,Finance and Financial Sector,Administrative procedure|Bank deposits|Bank records|Coins and coinage|Congressional reporting requirements|Consumer education|Crime prevention|Department of the Treasury|Financial institutions|Government paperwork|Indexing (Economic policy)|Money|Money laundering,2007-03-09,"To amend sections 5313 and 5318 of title 31, United States Code, to reform certain requirements for reporting cash transactions, and for other purposes.",CTR Modernization Act,110,1,,
hr1508-110,Finance and Financial Sector,Accounting|Administrative procedure|Auditing|Competition|Conflict of interests|Congressional reporting requirements|Corporate finance|Corporation reports|Economic concentration|Europe|Financial statements|Governmental investigations|Independent regulatory commissions|Information disclosure (Securities law)|Investors|Legislation|Securities and Exchange Commission|Securities regulation|Small business|Standards|United Kingdom,2007-03-13,"To reform certain provisions of section 404 of the Sarbanes-Oxley Act of 2002 to make compliance with that section more efficient, with the goal of maintaining United States capital market global competitiveness.",Compete Act of 2007,110,1,,
s869-110,Finance and Financial Sector,Accounting|Auditing|Competition|Conflict of interests|Congressional reporting requirements|Corporate finance|Corporation reports|Europe|Financial statements|Governmental investigations|Information disclosure (Securities law)|Investors|Legislation|Securities regulation|Small business|Standards|United Kingdom,2007-03-14,"A bill to reform certain provisions of section 404 of the Sarbanes-Oxley Act of 2002, to make compliance with that section more efficient, with the goal of maintaining United States capital market global competitiveness.",Compete Act of 2007,110,1,,
s929-110,Finance and Financial Sector,Administrative fees|Business insurance|Casualty insurance|Commercial arbitration|Congressional investigations|Congressional reporting requirements|Contracts|Data banks|Federal preemption|Financial statements|Government paperwork|Insurance|Insurance agents|Insurance companies|Insurance premiums|Interstate compacts|Interstate relations|Licenses|Property insurance|Reinsurance|State laws|State taxation|Tax returns,2007-03-20,"A bill to streamline the regulation of nonadmitted insurance and reinsurance, and for other purposes.",Nonadmitted and Reinsurance Reform Act of 2007,110,1,,
hr1780-110,Finance and Financial Sector,Administrative procedure|Auditing|Corporate accountability|Corporate management|Corporation directors|Financial statements|Independent regulatory commissions|Information disclosure (Securities law)|Risk|Securities and Exchange Commission|Securities regulation|Small business,2007-03-29,To improve the implementation of section 404 of the Sarbanes-Oxley Act of 2002.,Small Business Securities Protection Act,110,1,,
hr1869-110,Finance and Financial Sector,Administrative procedure|Bank holding companies|Bank loans|Bank management|Bank records|Bonds|Community development banking|Congressional investigations|Congressional reporting requirements|Consumer credit|Consumer education|Corporation directors|Corporation taxes|Debtor and creditor|Department of the Treasury|Farm lands|Federal Reserve System|Fees|Government paperwork|Income tax|Individual retirement accounts|Information disclosure (Securities law)|Interest|Minimum tax|Money|Mortgage banks|Mortgages|Partnerships|Right of privacy|Small business|Stockholders|Tax credits|Tax rates,2007-04-17,"To enhance the ability of community banks to foster economic growth and serve their communities, boost small businesses, increase individual savings, and for other purposes.",Communities First Act,110,1,,
s1356-110,Finance and Financial Sector,Bank capital|Bank examination|Bank holding companies|Bank management|Bank mergers|Bank records|Deposit insurance|Foreign banks and banking|Nonbank banks|Subsidiary corporations,2007-05-10,"A bill to amend the Federal Deposit Insurance Act to establish industrial bank holding company regulation, and for other purposes.",Industrial Bank Holding Company Act of 2007,110,1,,
s1405-110,Finance and Financial Sector,Administrative procedure|Bank holding companies|Bank loans|Bank management|Bank records|Bonds|Community development banking|Congressional investigations|Congressional reporting requirements|Consumer credit|Consumer education|Corporation directors|Corporation taxes|Debtor and creditor|Department of the Treasury|Farm lands|Federal Reserve System|Fees|Government paperwork|Income tax|Individual retirement accounts|Information disclosure (Securities law)|Interest|Minimum tax|Money|Mortgage banks|Mortgages|Partnerships|Right of privacy|Small business|Stockholders|Tax credits|Tax rates,2007-05-16,"A bill to enhance the ability of community banks to foster economic growth and serve their communities, boost small businesses, increase individual savings, and for other purposes.",Communities First Act,110,1,,
s40-110,Finance and Financial Sector,Antitrust law|Bankruptcy|Casualty insurance|Corporate mergers|Corporate reorganizations|Department of the Treasury|Executive reorganization|Federal preemption|Holding companies|Insurance agents|Insurance companies|Insurance law|Licenses|Life insurance|Ombudsman|Property insurance|State laws,2007-05-24,"A bill to authorize the issuance of Federal charters and licenses for carrying on the sale, solicitation, negotiation, and underwriting of insurance or any other insurance operations, to provide a comprehensive system for the Federal regulation and supervision of national insurers and national agencies, to provide for policyholder protections in the event of an insolvency or the impairment of a national insurer, and for other purposes.",National Insurance Act of 2007,110,1,,
hr3200-110,Finance and Financial Sector,Antitrust law|Bankruptcy|Casualty insurance|Corporate mergers|Corporate reorganizations|Department of the Treasury|Executive reorganization|Federal preemption|Holding companies|Insurance agents|Insurance companies|Insurance law|Licenses|Life insurance|Ombudsman|Property insurance|State laws,2007-07-26,"To authorize the issuance of Federal charters and licenses for carrying on the sale, solicitation, negotiation, and underwriting of insurance or any other insurance operations, to provide a comprehensive system for the Federal regulation and supervision of national insurers and national agencies, to provide for policyholder protections in the event of an insolvency or the impairment of a national insurer, and for other purposes.",National Insurance Act of 2007,110,1,,
hr3355-110,Finance and Financial Sector,Casualty insurance|Disaster insurance|Government lending|Government liability|Government securities|Governmental investigations|Home ownership|Insurance companies|Property insurance|Reinsurance|Risk|Securities,2007-08-03,To ensure the availability and affordability of homeowners' insurance coverage for catastrophic events.,Homeowners' Defense Act of 2007,110,1,,
hr3505-110,Finance and Financial Sector,Holding companies|Investment advisers|Mutual funds|Public utilities|Securities|Securities industry|Securities regulation,2007-09-07,To make various technical and clerical amendments to the Federal securities laws.,Securities Law Technical Corrections Act of 2007,110,1,,
hr3587-110,Finance and Financial Sector,Civil actions and liability|Consumer credit|Counseling|Federal aid to housing|Federally-guaranteed loans|Fees|Financial planning|Financial statements|Foreclosure|Government lending|Government paperwork|Income|Interest|Liens|Loan defaults|Mortgage guaranty insurance|Mortgages|Nonprofit organizations|Personnel records|Telephone,2007-09-19,"To establish a program to assist homeowners experiencing unavoidable, temporary difficulty making payments on mortgages insured under the National Housing Act.",Homeowners' Emergency Mortgage Assistance Act,110,1,,
hr3652-110,Finance and Financial Sector,Bankruptcy|Collective bargaining|Corporate reorganizations|Defined benefit pension plans|Defined contribution plans|Employee benefit plans|Executive compensation|Fraud|Layoffs|Pension funds|Retiree health benefits|Securities|Severance pay|Trusts and trustees,2007-09-25,"To amend title 11, United States Code, to improve protections for employees and retirees in business bankruptcies.",Protecting Employees and Retirees in Business Bankruptcies Act of 2007,110,1,,
s2092-110,Finance and Financial Sector,Bankruptcy|Collective bargaining|Corporate reorganizations|Defined benefit pension plans|Defined contribution plans|Employee benefit plans|Executive compensation|Fraud|Layoffs|Pension funds|Retiree health benefits|Securities|Severance pay|Trusts and trustees,2007-09-25,"A bill to amend title 11, United States Code, to improve protections for employees and retirees in business bankruptcies.",Protecting Employees and Retirees in Business Bankruptcies Act of 2007,110,1,,
s2310-110,Finance and Financial Sector,Casualty insurance|Disaster insurance|Government lending|Government securities|Governmental investigations|Home ownership|Insurance companies|Nonprofit organizations|Property insurance|Reinsurance|Risk|Securities,2007-11-06,"A bill to establish a National Catastrophic Risks Consortium and a National Homeowners' Insurance Stabilization Program, and for other purposes.",Homeowners' Defense Act of 2007,110,1,,
s2452-110,Finance and Financial Sector,Administrative procedure|Commercial arbitration|Consumer credit|Consumer protection|Credit unions|Damages|Department of Justice|Executive reorganization|Federal Bureau of Investigation (FBI)|Federal Deposit Insurance Corporation|Federal Reserve System|Federal law enforcement officers|Fees|Foreclosure|Fraud|Government corporations|Insurance premiums|Liability (Law)|Loan defaults|Mortgage guaranty insurance|Mortgage interest rates|Mortgages|National Credit Union Administration|Property insurance|Property tax|Prosecution|Public prosecutors|Real estate appraisal|Restrictive trade practices|Settlement costs,2007-12-12,"A bill to amend the Truth in Lending Act to provide protection to consumers with respect to certain high-cost loans, and for other purposes.",Home Ownership Preservation and Protection Act of 2007,110,1,,
hr5519-110,Finance and Financial Sector,Administrative procedure|Bank capital|Bank loans|Bank mergers|Churches|Credit unions|Government paperwork|Investments|National Credit Union Administration|Nonprofit organizations|Religion|Securities|Small business,2008-03-03,"To advance credit union efforts to promote economic growth, modify credit union regulatory standards and reduce burdens, and for other purposes.",Credit Union Regulatory Relief Act of 2008,110,1,,
hr5792-110,Finance and Financial Sector,Bermuda|Business records|Caribbean area|Corporate governance|Corporation directors|Europe|Federal preemption|Financial statements|Government paperwork|Injunctions|Insurance companies|Liability insurance|Property insurance|Standards|State laws|Trusts and trustees|United Kingdom,2008-04-15,To amend the Liability Risk Retention Act of 1986 to increase insurance competition and available coverage for consumers.,Increasing Insurance Coverage Options for Consumers Act of 2008,110,1,,
hr6069-110,Finance and Financial Sector,Administrative procedure|Brokers|Civil actions and liability|Civil procedure|Independent regulatory commissions|Investment advisers|Investors|Securities and Exchange Commission|Securities industry|Securities regulation|Subpoena,2008-05-15,To provide additional emergency and enhanced enforcement authority to the Securities and Exchange Commission.,Enhanced Emergency and Enforcement Authority Act,110,1,,
hr6308-110,Finance and Financial Sector,Administrative procedure|Bonds|Government securities|Independent regulatory commissions|Information disclosure (Securities law)|Investment guaranty insurance|Investors|Money market funds|Performance measurement|Risk|Securities|Securities and Exchange Commission|Securities regulation|Signs and symbols,2008-06-19,To ensure uniform and accurate credit rating of municipal bonds and provide for a review of the municipal bond insurance industry.,Municipal Bond Fairness Act,110,1,,
hr6312-110,Finance and Financial Sector,Administrative procedure|Automated teller machines|Bank accounts|Bank loans|Bank management|Checks|Churches|Community development banking|Congressional reporting requirements|Consumer education|Cost accounting|Credit unions|Depressed areas|Electronic funds transfers|Fees|Government paperwork|Interest|Interest rates|Investments|Leases|Mortgages|Motor vehicles|NOW accounts|National Credit Union Administration|Nonprofit organizations|Religion|Right of privacy|Savings and loan associations|Securities|Small business|Surveys,2008-06-19,"To advance credit union efforts to promote economic growth, modify credit union regulatory standards and reduce burdens, to provide regulatory relief and improve productivity for insured depository institutions, and for other purposes.","Credit Union, Bank, and Thrift Regulatory Relief Act of 2008",110,1,,
s3219-110,Finance and Financial Sector,Administrative procedure|Crimes against the elderly|Fines (Penalties)|Investment advisers|Investors|Securities fraud|Securities regulation|Sentencing guidelines|U.S. Sentencing Commission,2008-06-27,A bill to enhance penalties for violations of securities protections that involve targeting seniors.,Senior Investor Protections Enhancement Act of 2008,110,1,,
s3248-110,Finance and Financial Sector,Administrative procedure|Commodity Futures Trading Commission|Commodity exchanges|Congressional reporting requirements|Derivative securities|Federal employees|Futures trading|Government paperwork|Independent regulatory commissions|Metals,2008-07-10,"A bill to amend the Commodity Exchange Act to clarify the treatment of purchases of certain commodity futures contracts and financial instruments with respect to limits established by the Commodity Futures Trading Commission relating to excessive speculation, and for other purposes.",Commodity Speculation Reform Act of 2008,110,1,,
hr6513-110,Finance and Financial Sector,Brokers|Collection of accounts|Confidential communications|Congressional reporting requirements|Congressional witnesses|Debtor and creditor|Federal preemption|Fines (Penalties)|Fingerprints|Futures trading|Government securities|Information disclosure (Securities law)|Investment advisers|Investors|Margins (Security trading)|Options (Contract)|Securities fraud|Securities industry|Securities regulation|State laws|Stock exchanges|Subpoena,2008-07-16,"To amend the Federal securities laws to enhance the effectiveness of the Securities and Exchange Commission's enforcement, corporation finance, trading and markets, investment management, and examination programs, and for other purposes.",Securities Act of 2008,110,1,,
hr6688-110,Finance and Financial Sector,"Administrative law and regulatory procedures|Bank accounts, deposits, capital|Banking and financial institutions regulation|Business records|Currency|Department of the Treasury|Government information and archives",2008-07-31,"To amend section 5313 of title 31, United States Code, to reform certain requirements for reporting cash transactions, and for other purposes.",Seasoned Customer CTR Exemption Act of 2008,110,1,,
hr6690-110,Finance and Financial Sector,Accounting|Administrative procedure|Capital investments|Congressional investigations|Federal Reserve System|Gold|Income tax|Monetary policy|Money|Open market operations|Tax deductions|Valuation,2008-07-31,"To stimulate the economy and provide for a sound United States dollar by defining a value for the dollar, and for other purposes.",Sound Dollar and Economic Stimulus Act of 2008,110,1,,
hr7190-110,Finance and Financial Sector,"Accounting and auditing|Administrative law and regulatory procedures|Bank accounts, deposits, capital|Banking and financial institutions regulation|Financial crises and stabilization|Securities and Exchange Commission (SEC)",2008-09-27,To provide for the reform of fair value accounting standards applicable to financial institutions.,Fair Value Accounting Standards Reform Act of 2008,110,1,,
hr7223-110,Finance and Financial Sector,"Accounting and auditing|Administrative law and regulatory procedures|Bank accounts, deposits, capital|Banking and financial institutions regulation|Bankruptcy|Business investment and capital|Business records|Capital gains tax|Congressional oversight|Corporate finance and management|Federally chartered organizations|Financial crises and stabilization|Financial services and investments|Foreign and international corporations|Government corporations and government-sponsored enterprises|Government information and archives|Government lending and loan guarantees|Government studies and investigations|Government trust funds|Housing finance and home ownership|Income tax deductions|Income tax rates|Interest, dividends, interest rates|Monetary policy|Securities|Securities and Exchange Commission (SEC)|State and local taxation|Tax administration and collection, taxpayers|Taxation of foreign income|Wages and earnings",2008-09-29,"To suspend the capital gains tax, schedule the government-sponsored enterprises for privatization, repeal the Humphrey-Hawkins Full Employment Act, and suspend mark-to-market accounting requirements, and for other purposes.",Free Market Protection Act of 2008,110,1,,
s3652-110,Finance and Financial Sector,Bank fraud|Business ethics|Commodity exchanges|Conflict of interests|Congressional investigations|Congressional joint committees|Congressional reorganization|Derivative securities|Economic conditions|Executive reorganization|Federal advisory bodies|Financial services|Fines (Penalties)|Fraud|Futures trading|Government ethics|Governmental investigations|Inspectors general|Insurance companies|Mortgage banks|Mortgages|Secondary mortgage market|Securities regulation|Stock exchanges,2008-09-29,"A bill to provide for financial market investigation, oversight, and reform.","Financial Market Investigation, Oversight, and Reform Act of 2008",110,1,,
hr7260-110,Finance and Financial Sector,"Accounting and auditing|Bank accounts, deposits, capital|Census and government statistics|Congressional oversight|Consumer credit|Credit and credit markets|Currency|Economic performance and conditions|Federal Reserve System|Foreign loans and debt|Government information and archives|Interest, dividends, interest rates|Monetary policy|Unemployment",2008-10-03,"To increase the quality and public accessibility of research by the Board of Governors of the Federal Reserve System on the effects of monetary policy on the distribution of wealth in the United States, and the proportion of newly created monetary resources directed into various sectors of the economy, and for other purposes.",Transparency in the Creation of Wealth Act of 2008,110,1,,
hr7264-110,Finance and Financial Sector,"Bank accounts, deposits, capital|Banking and financial institutions regulation|Bankruptcy|Capital gains tax|Congressional oversight|Corporate finance and management|Federally chartered organizations|Financial crises and stabilization|Government corporations and government-sponsored enterprises|Government lending and loan guarantees|Government studies and investigations|Housing finance and home ownership|Income tax deductions|Income tax exclusion|Interest, dividends, interest rates|Securities|Taxation of foreign income|U.S. and foreign investments",2008-10-03,"To amend the Internal Revenue Code of 1986 to provide for economic stabilization, capital utilization, and enterprise reform, and for other purposes.","Reliable Economic Stabilization, Capital Utilization, and Enterprise Reform Act of 2008",110,1,,
hr7266-110,Finance and Financial Sector,Accounting and auditing|Administrative law and regulatory procedures|Banking and financial institutions regulation|Business records|Commodities markets|Credit and credit markets|Financial services and investments|Licensing and registrations|Securities|Securities and Exchange Commission (SEC)|State and local finance,2008-10-03,"To amend the Federal securities laws to enhance oversight over certain derivatives dealers and hedge funds, reduce the potential for such entities to increase systemic risk in the financial markets, enhance investor protections, and for other purposes.",Derivatives Market Reform Act of 1999,110,1,,
s3691-110,Finance and Financial Sector,Administrative procedure|Bank holding companies|Commodity Futures Trading Commission|Commodity exchanges|Federal Reserve System|Federal advisory bodies|Futures trading|Independent regulatory commissions|Investment banking|Securities and Exchange Commission|Securities fraud|Swaps (Finance),2008-11-19,"A bill to amend the Commodity Exchange Act to require reporting and recordkeeping for positions involving credit-default swaps, to grant the Federal Reserve Board authority over investment-bank holding companies, and for other purposes.",Financial Regulation Reform Act of 2008,110,1,,
s3698-110,Finance and Financial Sector,Bank failures|Business ethics|Business records|Business travel|Campaign funds|Conferences|Corporate finance|Corporate governance|Economic stabilization|Financial crises|Government paperwork|Lobbying|Private aviation|Relocation|Travel costs,2008-11-19,"A bill to prohibit any recipient of emergency Federal economic assistance from using such funds for lobbying expenditures or political contributions, to improve transparency, enhance accountability, encourage responsible corporate governance, and for other purposes.",Accountability for Economic Rescue Assistance Act of 2008,110,1,,
hr7305-110,Finance and Financial Sector,"Bank accounts, deposits, capital|Business investment and capital|Buy American requirements|Corporate finance and management|Employee hiring|Employment and training programs|Financial crises and stabilization|Foreign and international corporations|Government lending and loan guarantees|Government trust funds|Housing finance and home ownership|Income tax deductions|Infrastructure development|Interest, dividends, interest rates|Research and development|Securities|Taxation of foreign income|U.S. and foreign investments",2008-11-20,"To immediately terminate the authority of the Secretary of the Treasury under the Emergency Economic Stabilization Act of 2008 to purchase troubled assets, to require the Secretary to make insurance of troubled mortgage-backed securities available for purchase, and to provide incentives to reinvest foreign earnings in the United States, and for other purposes.",REAP Act of 2008,110,1,,
s133-111,Finance and Financial Sector,"Aviation and airports|Business ethics|Business records|Corporate finance and management|Elections, voting, political campaign regulation|Financial crises and stabilization|Public participation and lobbying|Transportation costs",2009-01-06,"A bill to prohibit any recipient of emergency Federal economic assistance from using such funds for lobbying expenditures or political contributions, to improve transparency, enhance accountability, encourage responsible corporate governance, and for other purposes.",Troubled Asset Relief Program Transparency Reporting Act,111,1,,
s3-111,Finance and Financial Sector,Consumer credit|Financial crises and stabilization|General taxation matters|Housing finance and home ownership|Small business,2009-01-06,"A bill to protect homeowners and consumers by reducing foreclosures, ensuring the availability of credit for homeowners, businesses, and consumers, and reforming the financial regulatory system, and for other purposes.",Homeowner Protection and Wall Street Accountability Act of 2009,111,1,,
hr384-111,Finance and Financial Sector,"Bank accounts, deposits, capital|Banking and financial institutions regulation|Congressional oversight|Consumer credit|Corporate finance and management|Financial crises and stabilization|Financial services and investments|Government information and archives|Housing finance and home ownership|Interest, dividends, interest rates|Manufacturing|Motor vehicles",2009-01-09,To reform the Troubled Assets Relief Program of the Secretary of the Treasury and ensure accountability under such Program.,TARP Reform and Accountability Act of 2009,111,1,,
s195-111,Finance and Financial Sector,"Advisory bodies|Aviation and airports|Banking and financial institutions regulation|Business records|Congressional oversight|Corporate finance and management|Credit and credit markets|Criminal investigation, prosecution, interrogation|Financial crises and stabilization|Fraud offenses and financial crimes|Government lending and loan guarantees|Government studies and investigations|Public participation and lobbying|Wages and earnings",2009-01-09,"A bill to extend oversight, accountability, and transparency provisions of the Emergency Economic Assistance Act of 2008 to all Federal emergency economic assistance to private entities, to impose tough conditions for all recipients of such emergency economic assistance, to set up a Federal task force to investigate and prosecute criminal activities that contributed to our economic crisis, and to establish a bipartisan financial market investigation and reform commission, and for other purposes.",Taxpayer Protection Act,111,1,,
s344-111,Finance and Financial Sector,Administrative law and regulatory procedures|Currency|Department of the Treasury|Financial services and investments|Foreign and international corporations|Securities|Securities and Exchange Commission (SEC)|Terrorism,2009-01-29,"A bill to require hedge funds to register with the Securities and Exchange Commission, and for other purposes.",Hedge Fund Transparency Act,111,1,,
hr835-111,Finance and Financial Sector,Accounting and auditing|Banking and financial institutions regulation|Business investment and capital|Currency|Income tax deductions|Metals|Monetary policy,2009-02-03,"To stimulate the economy and provide for a sound United States dollar by defining a value for the dollar, and for other purposes.",Dollar Bill Act of 2009,111,1,,
hr846-111,Finance and Financial Sector,"Aviation and airports|Bank accounts, deposits, capital|Banking and financial institutions regulation|Business records|Corporate finance and management|Financial crises and stabilization|Government information and archives|Marketing and advertising|Motor vehicles|Public participation and lobbying|Transportation costs|Wages and earnings",2009-02-04,"To require institutions receiving assistance under the Emergency Economic Stabilization Act of 2008 to report certain corporate data, and for other purposes.",Account Act,111,1,,
hr851-111,Finance and Financial Sector,"Aviation and airports|Bank accounts, deposits, capital|Banking and financial institutions regulation|Corporate finance and management|Financial crises and stabilization|Wages and earnings",2009-02-04,To establish executive compensation and corporate governance requirements for institutions receiving assistance under the Troubled Assets Relief Program.,Executive Compensation and Corporate Governance Act of 2009,111,1,,
s400-111,Finance and Financial Sector,Banking and financial institutions regulation|Commodities markets|Congressional oversight|Credit and credit markets|Financial crises and stabilization|Financial services and investments|Government corporations and government-sponsored enterprises|Housing finance and home ownership|Securities|Securities and Exchange Commission (SEC),2009-02-09,"A bill to expand the authority and responsibilities of the Oversight Panel of the Troubled Asset Relief Program, and for other purposes.",Financial Crisis Investigation Act of 2009,111,1,,
hr977-111,Finance and Financial Sector,"Administrative law and regulatory procedures|Air quality|Banking and financial institutions regulation|Business records|Climate change and greenhouse gases|Commodities markets|Commodity Futures Trading Commission|Contracts and agency|Criminal investigation, prosecution, interrogation|Government employee pay, benefits, personnel management|Government information and archives|Government studies and investigations|International monetary system and foreign exchange|Securities",2009-02-11,"To amend the Commodity Exchange Act to bring greater transparency and accountability to commodity markets, and for other purposes.",Derivatives Markets Transparency and Accountability Act of 2009,111,1,,
s414-111,Finance and Financial Sector,"Administrative law and regulatory procedures|Banking and financial institutions regulation|Child safety and welfare|Congressional oversight|Consumer credit|Federal Reserve System|Federal Trade Commission (FTC)|Government Accountability Office (GAO)|Interest, dividends, interest rates|National Credit Union Administration",2009-02-11,"A bill to amend the Consumer Credit Protection Act, to ban abusive credit practices, enhance consumer disclosures, protect underage consumers, and for other purposes.",Credit Card Accountability Responsibility and Disclosure Act of 2009,111,1,,
hr1095-111,Finance and Financial Sector,"Aviation and airports|Business ethics|Business records|Corporate finance and management|Elections, voting, political campaign regulation|Financial crises and stabilization|Public participation and lobbying|Transportation costs",2009-02-13,"To prohibit any recipient of emergency Federal economic assistance from using such funds for lobbying expenditures or political contributions, to improve transparency, enhance accountability, encourage responsible corporate governance, and for other purposes.",Troubled Asset Relief Program Transparency Reporting Act,111,1,,
hr1212-111,Finance and Financial Sector,Accounting and auditing|Banking and financial institutions regulation|Financial services and investments|Licensing and registrations|Securities,2009-02-26,"To amend the Sarbanes-Oxley Act of 2002 to provide oversight of auditors of brokers and dealers by the Public Company Accounting Oversight Board, and for other purposes.",,111,1,,
s505-111,Finance and Financial Sector,Disaster relief and insurance|Housing finance and home ownership|Insurance industry and regulation|Securities|State and local finance,2009-02-27,"A bill to establish a National Catastrophe Risks Consortium and a National Homeowner's Insurance Stabilization Program, and for the other purposes.",Homeowners' Defense Act of 2009,111,1,,
hr1242-111,Finance and Financial Sector,"Accounting and auditing|Bank accounts, deposits, capital|Banking and financial institutions regulation|Congressional oversight|Financial crises and stabilization|Government information and archives|Government studies and investigations",2009-03-02,To amend the Emergency Economic Stabilization Act of 2008 to provide for additional monitoring and accountability of the Troubled Asset Relief Program.,,111,1,,
hr1349-111,Finance and Financial Sector,"Accounting and auditing|Administrative law and regulatory procedures|Administrative remedies|Bank accounts, deposits, capital|Banking and financial institutions regulation|Department of the Treasury|Executive agency funding and structure|Federal Deposit Insurance Corporation (FDIC)|Federal Reserve System|Government information and archives|Licensing and registrations|National Credit Union Administration|Securities and Exchange Commission (SEC)|User charges and fees",2009-03-05,"To establish the Federal Accounting Oversight Board to approve and oversee accounting principles and standards for the purposes of the Federal financial regulatory agencies, and for other purposes.",Federal Accounting Oversight Board Act of 2009,111,1,,
hr1353-111,Finance and Financial Sector,Administrative law and regulatory procedures|Banking and financial institutions regulation|Corporate finance and management|Government corporations and government-sponsored enterprises|Housing finance and home ownership|Licensing and registrations|Securities|Securities and Exchange Commission (SEC)|User charges and fees,2009-03-05,"To extend the registration and reporting requirements of the Federal securities laws to certain housing-related Government-sponsored enterprises, and for other purposes.",Fannie Mae and Freddie Mac Full Disclosure Act,111,1,,
hr1479-111,Finance and Financial Sector,"Administrative law and regulatory procedures|Bank accounts, deposits, capital|Banking and financial institutions regulation|Business records|Competition and antitrust|Corporate finance and management|Department of Housing and Urban Development|Department of the Treasury|Federal Deposit Insurance Corporation (FDIC)|Federal Reserve System|Financial services and investments|Government information and archives|Housing discrimination|Housing finance and home ownership|Insurance industry and regulation|Minority and disadvantaged businesses|National Credit Union Administration|Public participation and lobbying|Rural conditions and development|Securities|Securities and Exchange Commission (SEC)|Small business|Women in business",2009-03-12,"To enhance the availability of capital, credit, and other banking and financial services for all citizens and communities, to ensure that community reinvestment requirements are updated to account for changes in the financial industry and that reinvestment requirements keep pace as banks, securities firms, and other financial service providers become affiliates as a result of the enactment of the Gramm-Leach-Bliley Act, and for other purposes.",Community Reinvestment Modernization Act of 2009,111,1,,
s664-111,Finance and Financial Sector,Administrative law and regulatory procedures|Banking and financial institutions regulation|Business records|Commodities markets|Commodity Futures Trading Commission|Credit and credit markets|Department of the Treasury|Executive agency funding and structure|Federal Reserve System|Financial crises and stabilization|Financial services and investments|Fraud offenses and financial crimes|Securities|Securities and Exchange Commission (SEC),2009-03-23,"A bill to create a systemic risk monitor for the financial system of the United States, to oversee financial regulatory activities of the Federal Government, and for other purposes.",Financial System Stabilization and Reform Act of 2009,111,1,,
hr1754-111,Finance and Financial Sector,Administrative law and regulatory procedures|Banking and financial institutions regulation|Business records|Commodities markets|Commodity Futures Trading Commission|Credit and credit markets|Department of the Treasury|Executive agency funding and structure|Federal Reserve System|Financial crises and stabilization|Financial services and investments|Fraud offenses and financial crimes|Securities|Securities and Exchange Commission (SEC),2009-03-26,"To create a systemic risk monitor for the financial system of the United States, to oversee financial regulatory activities of the Federal Government, and for other purposes.",Financial System Stabilization and Reform Act of 2009,111,1,,
hr1797-111,Finance and Financial Sector,Accounting and auditing|Administrative law and regulatory procedures|Business records|Corporate finance and management|Financial services and investments|Securities|Securities and Exchange Commission (SEC)|Small business,2009-03-30,"To reform certain provisions of section 404 of the Sarbanes-Oxley Act of 2002 to make compliance with that section more efficient, with the goal of maintaining United States capital market global competitiveness.",Compete Act of 2009,111,1,,
hr1880-111,Finance and Financial Sector,"Administrative law and regulatory procedures|Administrative remedies|Advisory bodies|Banking and financial institutions regulation|Bankruptcy|Business investment and capital|Business records|Competition and antitrust|Congressional oversight|Consumer affairs|Corporate finance and management|Criminal investigation, prosecution, interrogation|Department of the Treasury|Executive agency funding and structure|Federal preemption|Financial crises and stabilization|Fraud offenses and financial crimes|Government corporations and government-sponsored enterprises|Government information and archives|Government studies and investigations|Health care costs and insurance|Insurance industry and regulation|International monetary system and foreign exchange|International organizations and cooperation|Judicial review and appeals|Licensing and registrations|Life, casualty, property insurance|Organized crime|State and local government operations|State and local taxation|Trade agreements and negotiations|User charges and fees",2009-04-02,"To establish a system of regulation and supervision for insurers, insurance agencies, and insurance producers chartered or licensed under Federal law that ensures the stability and financial integrity of those insurers, agencies, and producers and that protects policyholders and other consumers served by such insurers, agencies, or producers.",National Insurance Consumer Protection Act,111,1,,
hr2111-111,Finance and Financial Sector,"Advisory bodies|Banking and financial institutions regulation|Business ethics|Corporate finance and management|Financial crises and stabilization|Financial services and investments|Fraud offenses and financial crimes|Government ethics and transparency, public corruption|Government studies and investigations",2009-04-27,"To establish the Congressional Commission on Financial Accountability and Preparedness to examine and report upon the facts and causes relating to the breakdown in the financial and credit markets in 2008, and investigate and report to the Congress on its findings, conclusions, and recommendations for prosecution of criminal behavior.",Congressional Commission on Financial Accountability and Preparedness Act of 2009,111,1,,
s900-111,Finance and Financial Sector,"Administrative law and regulatory procedures|Advisory bodies|Banking and financial institutions regulation|Consumer credit|Federal Reserve System|Interest, dividends, interest rates",2009-04-27,"A bill to require the establishment of a credit card safety star rating system for the benefit of consumers, and for other purposes.",Credit Card Safety Star Act of 2009,111,1,,
s927-111,Finance and Financial Sector,Accounting and auditing|Credit and credit markets|Securities,2009-04-29,"A bill to amend the Securities Exchange Act of 1934 to enhance oversight of nationally recognized statistical rating organizations, and for other purposes.",Credit Rating Agency Responsibility Act of 2009,111,1,,
s961-111,Finance and Financial Sector,Banking and financial institutions regulation|Commodities markets|Commodity Futures Trading Commission|Credit and credit markets|Department of the Treasury|Federal Deposit Insurance Corporation (FDIC)|Federal Reserve System|Securities|Securities and Exchange Commission (SEC),2009-05-04,"A bill to authorize the regulation of credit default swaps and other swap agreements, and for other purposes.",Authorizing the Regulation of Swaps Act,111,1,,
hr2351-111,Finance and Financial Sector,"Bank accounts, deposits, capital|Bankruptcy|Credit and credit markets|Financial crises and stabilization|Government lending and loan guarantees|Government trust funds",2009-05-12,"To amend the Federal Credit Union Act to increase the borrowing authority of the National Credit Union Administration, establish a National Credit Union Share Insurance Fund restoration plan period, assess insured credit unions for the costs associated with the corporate credit union stabilization effort on an anti-cyclical basis, and for other purposes.",Credit Union Share Insurance Stabilization Act,111,1,,
hr2448-111,Finance and Financial Sector,Administrative law and regulatory procedures|Administrative remedies|Advisory bodies|Commodities markets|Commodity Futures Trading Commission|Contracts and agency|Energy prices|Executive agency funding and structure|Federal officials|Financial services and investments|Government information and archives|Judicial review and appeals|Oil and gas|Securities|User charges and fees,2009-05-14,"To provide for regulation of futures transactions involving energy commodities, to regulate credit default swaps, to strengthen the enforcement authorities of the Federal Energy Regulatory Commission under the Natural Gas Act,Natural Gas Policy Act of 1978, and the Federal Power Act, and for other purposes.",Prevent Unfair Manipulation of Prices Act of 2009,111,1,,
s1073-111,Finance and Financial Sector,Administrative law and regulatory procedures|Business ethics|Business records|Civil actions and liability|Congressional oversight|Credit and credit markets|Financial services and investments|Government information and archives|Securities and Exchange Commission (SEC),2009-05-19,"A bill to provide for credit rating reforms, and for other purposes.",RATE Act,111,1,,
s1074-111,Finance and Financial Sector,Administrative law and regulatory procedures|Corporate finance and management|Securities|Securities and Exchange Commission (SEC)|Wages and earnings,2009-05-19,"A bill to provide shareholders with enhanced authority over the nomination, election, and compensation of public company executives.",Shareholder Bill of Rights Act of 2009,111,1,,
hr2551-111,Finance and Financial Sector,"Financial crises and stabilization|Government lending and loan guarantees|Interest, dividends, interest rates|Securities|State and local finance",2009-05-21,"To amend the Federal Reserve Act to provide for lending authority for certain securities purchases, and for other purposes.",Municipal Market Liquidity Enhancement Act of 2009,111,1,,
hr2554-111,Finance and Financial Sector,Consumer affairs|Criminal justice information and records|Government corporations and government-sponsored enterprises|Insurance industry and regulation|State and local government operations,2009-05-21,"To reform the National Association of Registered Agents and Brokers, and for other purposes.",National Association of Registered Agents and Brokers Reform Act of 2010,111,1,,
hr2555-111,Finance and Financial Sector,"Disaster relief and insurance|Government corporations and government-sponsored enterprises|Government lending and loan guarantees|Government studies and investigations|Government trust funds|Housing finance and home ownership|Intergovernmental relations|Land use and conservation|Life, casualty, property insurance|Natural disasters|State and local finance|State and local government operations|User charges and fees",2009-05-21,To ensure the availability and affordability of homeowners' insurance coverage for catastrophic events.,Homeowners' Defense Act of 2010,111,1,,
hr2571-111,Finance and Financial Sector,"Business records|Foreign and international corporations|Insurance industry and regulation|Intergovernmental relations|Licensing and registrations|State and local government operations|State and local taxation|Tax administration and collection, taxpayers|User charges and fees",2009-05-21,"To streamline the regulation of nonadmitted insurance and reinsurance, and for other purposes.",Nonadmitted and Reinsurance Reform Act of 2009,111,1,,
hr2589-111,Finance and Financial Sector,"Department of the Treasury|Executive agency funding and structure|Government lending and loan guarantees|Insurance industry and regulation|Interest, dividends, interest rates|Securities|State and local finance|Tax administration and collection, taxpayers",2009-05-21,To establish the Office of Public Finance in the Department of the Treasury to make available Federal reinsurance for insurers of tax-exempt municipal bonds.,Municipal Bond Insurance Enhancement Act of 2009,111,1,,
hr2623-111,Finance and Financial Sector,Administrative law and regulatory procedures|Banking and financial institutions regulation|Corporate finance and management|Financial services and investments|Government studies and investigations|Securities and Exchange Commission (SEC),2009-05-21,To amend the Federal securities laws to clarify and expand the definition of certain persons under those laws.,,111,1,,
hr2727-111,Finance and Financial Sector,"Bank accounts, deposits, capital|Banking and financial institutions regulation|News media and reporting",2009-06-04,"To provide for the implementation of a system under which each financial institution will report on the financial condition of the institution to the public, and for other purposes.",Financial Transparency Restoration Act,111,1,,
s1198-111,Finance and Financial Sector,Civil actions and liability|Corporate finance and management|Economic performance and conditions|Motor vehicles|Securities,2009-06-08,"A bill to limit disbursement of additional funds under the Troubled Asset Relief Program to certain automobile manufacturers, to impose fiduciary duties on the Secretary of the Treasury with respect to shareholders of such automobile manufacturers, to require the issuance of shares of common stock to eligible taxpayers which represent the common stock holdings of the United States Government in such automobile manufacturers, and for other purposes.",Auto Stock for Every Taxpayer Act,111,1,,
hr2861-111,Finance and Financial Sector,Administrative law and regulatory procedures|Banking and financial institutions regulation|Business ethics|Corporate finance and management|Employee benefits and pensions|Financial services and investments|Fraud offenses and financial crimes|Performance measurement|Securities|Securities and Exchange Commission (SEC)|Wages and earnings,2009-06-12,To amend the Securities Exchange Act of 1934 to provide for rules and standards relating to the election of boards of directors and certain requirements relating to compensation of executives.,Shareholder Empowerment Act of 2009,111,1,,
s1280-111,Finance and Financial Sector,Corporate finance and management|Financial crises and stabilization,2009-06-17,"A bill to authorize the Secretary of the Treasury to delegate management authority over troubled assets purchased under the Troubled Asset Relief Program, to require the establishment of a trust to manage assets of certain designated TARP recipients, and for other purposes.",TARP Recipient Ownership Trust Act of 2009,111,1,,
hr2947-111,Finance and Financial Sector,Banking and financial institutions regulation|Financial services and investments|Securities,2009-06-18,To amend the Federal securities laws to make technical corrections and to make conforming amendments related to the repeal of the Public Utility Holding Company Act of 1935.,Securities Law Technical Corrections Act of 2009,111,1,,
s1363-111,Finance and Financial Sector,"Business records|Foreign and international corporations|Insurance industry and regulation|Intergovernmental relations|Licensing and registrations|State and local government operations|State and local taxation|Tax administration and collection, taxpayers|User charges and fees",2009-06-25,"A bill to streamline the regulation of nonadmitted insurance and reinsurance, and for other purposes.",Nonadmitted and Reinsurance Reform Act of 2009,111,1,,
hr3126-111,Finance and Financial Sector,"Administrative law and regulatory procedures|Advisory bodies|Bank accounts, deposits, capital|Banking and financial institutions regulation|Business records|Consumer affairs|Consumer credit|Credit and credit markets|Department of the Treasury|Executive agency funding and structure|Federal Deposit Insurance Corporation (FDIC)|Federal Reserve System|Federal Trade Commission (FTC)|Fraud offenses and financial crimes|Government information and archives|Government studies and investigations|Government trust funds|Housing finance and home ownership|Judicial review and appeals|Marketing and advertising|Minority and disadvantaged businesses|National Credit Union Administration|Real estate business|Small business|Women in business",2009-07-08,"To establish the Consumer Financial Protection Agency, and for other purposes.",Consumer Financial Protection Agency Act of 2009,111,1,,
hr3145-111,Finance and Financial Sector,Administrative law and regulatory procedures|Contracts and agency|Credit and credit markets|Fraud offenses and financial crimes|Licensing and registrations|Securities|Securities and Exchange Commission (SEC),2009-07-09,To amend the securities laws to prohibit credit default swaps and to provide the Securities and Exchange Commission with the authority to regulate swap agreements.,Credit Default Swap Prohibition Act of 2009,111,1,,
hr3147-111,Finance and Financial Sector,"Adult education and literacy|Education programs funding|Elementary and secondary education|Financial literacy|Higher education|Research administration and funding|Teaching, teachers, curricula",2009-07-09,"To establish a grant program in the Department of the Treasury to fund the establishment of centers of excellence to support research, development and planning, implementation, and evaluation of effective programs in financial literacy education for young adults and families ages 15-24 years old, and for other purposes.",Young Adults Financial Literacy Act,111,1,,
hr3171-111,Finance and Financial Sector,"Bank accounts, deposits, capital|Consumer credit|Financial literacy|Financial services and investments|Housing finance and home ownership|Income tax exclusion|Interest, dividends, interest rates",2009-07-10,"To help stabilize and restore the economy by providing for greater access to credit for the underbanked, the unbanked, and consumers with low credit scores through the establishment of bridging bank depository institutions, and for other purposes.",Bridging Bank to Recovery Act of 2009,111,1,,
hr3214-111,Finance and Financial Sector,Administrative law and regulatory procedures|Business ethics|Business records|Civil actions and liability|Congressional oversight|Credit and credit markets|Financial services and investments|Government information and archives|Securities and Exchange Commission (SEC),2009-07-14,"To provide for credit rating reforms, and for other purposes.",RATE Act,111,1,,
hr3291-111,Finance and Financial Sector,Banking and financial institutions regulation|Corporate finance and management|Employee benefits and pensions|Securities|Wages and earnings,2009-07-22,"To protect the rights of public shareholders of mutual holding companies by promoting fair corporate governance procedures when considering management or employee stock benefit plans, and for other purposes.",Mutual Holding Company Beneficial Owners' Protection Act of 2009,111,1,,
hr3300-111,Finance and Financial Sector,Accounting and auditing|Administrative law and regulatory procedures|Banking and financial institutions regulation|Civil actions and liability|Commodities markets|Commodity Futures Trading Commission|Department of the Treasury|Executive agency funding and structure|Financial services and investments|Licensing and registrations|Securities|Securities and Exchange Commission (SEC)|U.S. and foreign investments,2009-07-22,To provide increased transparency and regulatory requirements for the trading of certain derivative financial instruments.,Derivative Trading Accountability and Disclosure Act,111,1,,
hr3310-111,Finance and Financial Sector,"Accounting and auditing|Administrative law and regulatory procedures|Bank accounts, deposits, capital|Banking and financial institutions regulation|Bankruptcy|Business investment and capital|Civil actions and liability|Congressional oversight|Consumer affairs|Consumer credit|Credit and credit markets|Department of the Treasury|Executive agency funding and structure|Federal Deposit Insurance Corporation (FDIC)|Federal Reserve System|Financial crises and stabilization|Financial services and investments|Foreign and international banking|Fraud offenses and financial crimes|Government corporations and government-sponsored enterprises|Government lending and loan guarantees|Government studies and investigations|Housing finance and home ownership|Inflation and prices|Legislative rules and procedure|Monetary policy|National Credit Union Administration|Public contracts and procurement|Securities|Securities and Exchange Commission (SEC)",2009-07-23,"To reform the financial regulatory system of the United States, and for other purposes.",Consumer Protection and Regulatory Enhancement Act,111,1,,
hr3380-111,Finance and Financial Sector,"Bank accounts, deposits, capital|Banking and financial institutions regulation|Credit and credit markets|Small business",2009-07-29,"To amend the Federal Credit Union Act to advance the ability of credit unions to promote small business growth and economic development opportunities, and for other purposes.",Promoting Lending to America's Small Businesses Act of 2009,111,1,,
s1540-111,Finance and Financial Sector,"Administrative law and regulatory procedures|Bank accounts, deposits, capital|Banking and financial institutions regulation|Bankruptcy|Federal Deposit Insurance Corporation (FDIC)|Financial crises and stabilization",2009-07-30,"A bill to provide for enhanced authority of the Federal Deposit Insurance Corporation to act as receiver for certain affiliates of depository institutions, and for other purposes.",Resolution Reform Act of 2009,111,1,,
hr3436-111,Finance and Financial Sector,"Bank accounts, deposits, capital|Business ethics|Business records|Corporate finance and management|Financial crises and stabilization|Government ethics and transparency, public corruption|Government information and archives",2009-07-31,"To require chief executive officers of certain financial institutions that receive assistance under title I of the Emergency Economic Stabilization Act of 2008, under the 3rd undesignated paragraph of section 13 of the Federal Reserve Act, or from the Secretary of the Treasury or the Federal Deposit Insurance Corporation under any other provision of law to submit financial disclosures under the Ethics in Government Act of 1978 to the Secretary of the Treasury, and for other purposes.",TARP Executive Disclosure Act,111,1,,
hr3550-111,Finance and Financial Sector,Aging|Civil actions and liability|Criminal procedure and sentencing|Financial services and investments|Fraud offenses and financial crimes|Securities|U.S. Sentencing Commission,2009-09-10,To enhance penalties for violations of securities protections that involve targeting seniors.,Senior Investor Protections Enhancement Act of 2009,111,1,,
s1659-111,Finance and Financial Sector,Aging|Civil actions and liability|Criminal procedure and sentencing|Financial services and investments|Fraud offenses and financial crimes|Securities|U.S. Sentencing Commission,2009-09-10,A bill to enhance penalties for violations of securities protections that involve targeting seniors.,Senior Investor Protections Enhancement Act of 2009,111,1,,
hr3594-111,Finance and Financial Sector,"Bank accounts, deposits, capital|Business investment and capital|Congressional oversight|Corporate finance and management|Financial crises and stabilization|Financial services and investments|House of Representatives|Legislative rules and procedure|Public-private cooperation|Securities|Senate",2009-09-17,"To authorize the Secretary of the Treasury to delegate management authority over troubled assets purchased under the Troubled Asset Relief Program, to require the establishment of a trust to manage assets of certain designated TARP recipients, and for other purposes.",TARP Recipient Ownership Trust Act of 2009,111,1,,
s1682-111,Finance and Financial Sector,Administrative law and regulatory procedures|Administrative remedies|Civil actions and liability|Commodities markets|Commodity Futures Trading Commission|Fraud offenses and financial crimes,2009-09-17,"A bill to provide the Commodity Futures Trading Commission with clear antimarket manipulation authority, and for other purposes.",Derivatives Market Manipulation Prevention Act of 2009,111,1,,
s1691-111,Finance and Financial Sector,"Administrative law and regulatory procedures|Administrative remedies|Business records|Commodities markets|Commodity Futures Trading Commission|Congressional oversight|Executive agency funding and structure|Federal officials|Fraud offenses and financial crimes|Government employee pay, benefits, personnel management|Judicial review and appeals|Licensing and registrations|Securities|Securities and Exchange Commission (SEC)",2009-09-22,A bill to comprehensively regulate derivatives markets to increase transparency and reduce risks in the financial system.,Comprehensive Derivatives Regulation Act of 2009,111,1,,
s1723-111,Finance and Financial Sector,"Bank accounts, deposits, capital|Business investment and capital|Congressional oversight|Corporate finance and management|Financial crises and stabilization|Financial services and investments|House of Representatives|Legislative rules and procedure|Public-private cooperation|Securities|Senate",2009-09-29,"A bill to authorize the Secretary of the Treasury to delegate management authority over troubled assets purchased under the Troubled Asset Relief Program, to require the establishment of a trust to manage assets of certain designated TARP recipients, and for other purposes.",TARP Recipient Ownership Trust Act of 2009,111,1,,
hr3795-111,Finance and Financial Sector,Administrative law and regulatory procedures|Banking and financial institutions regulation|Commodities markets|Commodity Futures Trading Commission|Contracts and agency|Department of the Treasury|Federal Deposit Insurance Corporation (FDIC)|Federal Reserve System|Financial services and investments|Government information and archives|Licensing and registrations|Securities|Securities and Exchange Commission (SEC)|U.S. and foreign investments,2009-10-13,To enact the Over-the-Counter Derivatives Markets Act of 2009.,Over-the-Counter Derivatives Markets Act of 2009,111,1,,
hr3817-111,Finance and Financial Sector,"Accounting and auditing|Administrative law and regulatory procedures|Advisory bodies|Alternative dispute resolution, mediation, arbitration|Banking and financial institutions regulation|Bankruptcy|Business ethics|Business records|Congressional oversight|Consumer affairs|Criminal investigation, prosecution, interrogation|Employment discrimination and employee rights|Evidence and witnesses|Financial services and investments|Fraud offenses and financial crimes|Government lending and loan guarantees|Securities|Securities and Exchange Commission (SEC)|User charges and fees",2009-10-15,"To provide the Securities and Exchange Commission with additional authorities to protect investors from violations of the securities laws, and for other purposes.",Investor Protection Act of 2009,111,1,,
s1803-111,Finance and Financial Sector,Accounting and auditing|Congressional oversight|Credit and credit markets|Federal Reserve System|Government information and archives,2009-10-20,"A bill to amend title 31, United States Code, to authorize reviews by the Comptroller General of the United States of emergency credit facilities established by the Board of Governors of the Federal Reserve System or any Federal Reserve bank, and for other purposes.",Federal Reserve Accountability Act of 2009,111,1,,
hr3890-111,Finance and Financial Sector,Administrative law and regulatory procedures|Banking and financial institutions regulation|Business ethics|Corporate finance and management|Credit and credit markets|Executive agency funding and structure|Financial services and investments|Government information and archives|Government studies and investigations|Securities|Securities and Exchange Commission (SEC),2009-10-21,"To amend the Securities Exchange Act of 1934 to enhance oversight of nationally recognized statistical rating organizations, and for other purposes.",Accountability and Transparency in Rating Agencies Act,111,1,,
hr3968-111,Finance and Financial Sector,"Administrative law and regulatory procedures|Bank accounts, deposits, capital|Banking and financial institutions regulation|Bankruptcy|Business investment and capital|Corporate finance and management|Federal Reserve System|Wages and earnings",2009-10-29,To amend the Bank Holding Company Act of 1956 to require the Board of Governors of the Federal Reserve System to take prompt corrective action to resolve problems of bank holding companies.,,111,1,,
hr3996-111,Finance and Financial Sector,"Administrative law and regulatory procedures|Bank accounts, deposits, capital|Banking and financial institutions regulation|Bankruptcy|Business investment and capital|Commodities markets|Commodity Futures Trading Commission|Corporate finance and management|Credit and credit markets|Department of the Treasury|Executive agency funding and structure|Federal Deposit Insurance Corporation (FDIC)|Federal Housing Finance Agency|Federal Reserve System|Financial crises and stabilization|Financial services and investments|Government lending and loan guarantees|Housing finance and home ownership|National Credit Union Administration|Securities|Securities and Exchange Commission (SEC)",2009-11-03,"To improve financial stability, and for other purposes.",Financial Stability Improvement Act of 2009,111,1,,
s2756-111,Finance and Financial Sector,Administrative law and regulatory procedures|Banking and financial institutions regulation|Congressional oversight|Executive agency funding and structure|Financial crises and stabilization|Financial services and investments|Foreign and international banking,2009-11-09,"A bill to establish the Financial Services Systemic Risk Oversight Council, and for other purposes.",Financial Services Systemic Risk Oversight Council Act of 2009,111,1,,
hr4118-111,Finance and Financial Sector,"Bank accounts, deposits, capital|Budget deficits and national debt|Business investment and capital|Congressional oversight|Financial crises and stabilization|Financial services and investments|Insurance industry and regulation|Manufacturing|Motor vehicles",2009-11-19,"To prohibit the Federal Government from holding security interests, and for other purposes.",Taxpayer Investment Protection Act of 2009,111,1,,
s2813-111,Finance and Financial Sector,Administrative law and regulatory procedures|Business ethics|Civil actions and liability|Employee benefits and pensions|Employment discrimination and employee rights|Financial services and investments|Securities|Securities and Exchange Commission (SEC)|Wages and earnings,2009-11-20,"A bill to increase corporate responsibility, and for other purposes.",Investors Rights and Corporate Accountability Act of 2009,111,1,,
hr4173-111,Finance and Financial Sector,"Accounting and auditing|Administrative law and regulatory procedures|Administrative remedies|Advisory bodies|Aging|Asia|Bank accounts, deposits, capital|Banking and financial institutions regulation|Bankruptcy|Business ethics|Business records|Capital gains tax|China|Civil actions and liability|Climate change and greenhouse gases|Commodities markets|Commodity Futures Trading Commission|Congressional oversight|Consumer affairs|Consumer credit|Credit and credit markets|Department of Housing and Urban Development|Department of the Treasury|Employment discrimination and employee rights|Evidence and witnesses|Executive agency funding and structure|Federal Deposit Insurance Corporation (FDIC)|Federal Reserve System|Federal Trade Commission (FTC)|Federal preemption|Financial crises and stabilization|Financial literacy|Financial services and investments|Foreign and international banking|Fraud offenses and financial crimes|Government corporations and government-sponsored enterprises|Government information and archives|Government studies and investigations|Government trust funds|Hazardous wastes and toxic substances|Housing and community development funding|Housing finance and home ownership|Housing industry and standards|Insurance industry and regulation|Interest, dividends, interest rates|Judicial review and appeals|Licensing and registrations|Marketing and advertising|Minority and disadvantaged businesses|National Credit Union Administration|Product safety and quality|Real estate business|Residential rehabilitation and home repair|Securities|Securities and Exchange Commission (SEC)|Small business|State and local finance|Student aid and college costs|Women in business|Women's employment",2009-12-02,"A bill to promote the financial stability of the United States by improving accountability and transparency in the financial system, to end ""too big to fail"", to protect the American taxpayer by ending bailouts, to protect consumers from abusive financial services practices, and for other purposes.",Dodd-Frank Wall Street Reform and Consumer Protection Act,111,1,,
hr4375-111,Finance and Financial Sector,Banking and financial institutions regulation|Financial services and investments|Securities,2009-12-16,"To restore certain provisions of the Banking Act of 1933, commonly referred to as the ""Glass-Steagall Act"", and for other purposes.",Glass-Steagall Restoration Act,111,1,,
s2886-111,Finance and Financial Sector,Banking and financial institutions regulation|Insurance industry and regulation|Securities,2009-12-16,"A bill to prohibit certain affiliations (between commercial banking and investment banking companies), and for other purposes.",Banking Integrity Act of 2009,111,1,,
hr4461-111,Finance and Financial Sector,Banking and financial institutions regulation|Insurance industry and regulation|Securities,2010-01-15,"To prohibit certain affiliations (between commercial banking and investment banking companies), and for other purposes.",Banking Integrity Act of 2010,111,1,,
hr4516-111,Finance and Financial Sector,"Administrative law and regulatory procedures|Bank accounts, deposits, capital|Banking and financial institutions regulation|Business investment and capital|Corporate finance and management|Federal Reserve System|Financial crises and stabilization|Financial services and investments|Government trust funds|User charges and fees",2010-01-26,"To provide stability in the financial services industry by promoting transparency, simplicity, fairness, accountability, and equal access in the market for consumer financial products or services and ensuring that no financial company becomes too big to fail, and for other purposes.",Financial Services Industry Stability Act of 2010,111,1,,
hr4537-111,Finance and Financial Sector,"Administrative law and regulatory procedures|Business records|Civil actions and liability|Corporate finance and management|Elections, voting, political campaign regulation|Financial services and investments|Government information and archives|News media and reporting|Securities|Securities and Exchange Commission (SEC)",2010-01-27,"To amend the Securities Exchange Act of 1934 to require the express authorization of a majority of shareholders of a public company for certain political expenditures by that company, and for other purposes.",Shareholder Protection Act of 2010,111,1,,
s3005-111,Finance and Financial Sector,Banking and financial institutions regulation|Executive agency funding and structure|Financial services and investments|Government information and archives|Securities,2010-02-04,"A bill to create an independent research institute, to be known as the ""National Institute of Finance"", that will oversee the collection and standardization of data on financial entities and activities, and conduct monitoring and other research and analytical activities to support the work of the Federal financial regulatory agencies and the Congress.",National Institute of Finance Act of 2010,111,1,,
hr4630-111,Finance and Financial Sector,"Business records|Corporate finance and management|Elections, voting, political campaign regulation|Securities",2010-02-22,"To amend the securities laws to require that registration statements, quarterly and annual reports, and proxy solicitations of public companies include a disclosure to shareholders of any expenditure made by that company in support of or in opposition to any candidate for Federal, State, or local public office.",Corporate Politics Transparency Act,111,1,,
hr4677-111,Finance and Financial Sector,Bankruptcy|Corporate finance and management|Employee benefits and pensions|Health care costs and insurance|Labor-management relations|Securities|Unemployment|Wages and earnings,2010-02-24,"To amend title 11, United States Code, to improve protections for employees and retirees in business bankruptcies.",Protecting Employees and Retirees in Business Bankruptcies Act of 2010,111,1,,
s3033-111,Finance and Financial Sector,Bankruptcy|Corporate finance and management|Employee benefits and pensions|Health care costs and insurance|Labor-management relations|Securities|Unemployment|Wages and earnings,2010-02-24,"A bill to amend title 11, United States Code, to improve protections for employees and retirees in business bankruptcies.",Protecting Employees and Retirees in Business Bankruptcies Act of 2010,111,1,,
s3049-111,Finance and Financial Sector,Administrative law and regulatory procedures|Business ethics|Corporate finance and management|Fraud offenses and financial crimes|Securities|Securities and Exchange Commission (SEC)|Wages and earnings,2010-02-26,"A bill to give shareholders a vote on executive pay, to hold executives accountable for failure or fraud, to structure executive pay to encourage the long-term viability of companies, and for other purposes.",Corporate Executive Accountability Act of 2010,111,1,,
hr4790-111,Finance and Financial Sector,"Administrative law and regulatory procedures|Business records|Civil actions and liability|Corporate finance and management|Elections, voting, political campaign regulation|Financial services and investments|Government information and archives|Government studies and investigations|Securities|Securities and Exchange Commission (SEC)",2010-03-09,"To amend the Securities Exchange Act of 1934 to require shareholder authorization before a public company may make certain political expenditures, and for other purposes.",Shareholder Protection Act of 2010,111,1,,
hr4802-111,Finance and Financial Sector,"Administrative law and regulatory procedures|Business ethics|Business records|Corporate finance and management|Department of the Treasury|Federal preemption|Government studies and investigations|Insurance industry and regulation|Life, casualty, property insurance|State and local government operations",2010-03-10,"To modernize the Liability Risk Retention Act of 1986 and expand coverage to include commercial property insurance, and for other purposes.",Risk Retention Modernization Act of 2010,111,1,,
s3098-111,Finance and Financial Sector,Banking and financial institutions regulation|Financial services and investments|Securities,2010-03-10,"A bill to prohibit proprietary trading and certain relationships with hedge funds and private equity funds, to address conflicts of interest with respect to certain securitizations, and for other purposes.",PROP Trading Act,111,1,,
hr4884-111,Finance and Financial Sector,Administrative law and regulatory procedures|Banking and financial institutions regulation|Bankruptcy|Department of the Treasury|Financial services and investments|Fraud offenses and financial crimes|Government information and archives|Housing finance and home ownership|Securities,2010-03-18,"To establish a covered bond regulatory oversight program, and for other purposes.",United States Covered Bond Act of 2010,111,1,,
s3217-111,Finance and Financial Sector,"Administrative law and regulatory procedures|Advisory bodies|Bank accounts, deposits, capital|Banking and financial institutions regulation|Bankruptcy|Business investment and capital|Civil actions and liability|Commodities markets|Commodity Futures Trading Commission|Congressional oversight|Consumer affairs|Consumer credit|Corporate finance and management|Credit and credit markets|Department of the Treasury|Executive agency funding and structure|Federal Deposit Insurance Corporation (FDIC)|Federal Reserve System|Federal Trade Commission (FTC)|Federal preemption|Financial crises and stabilization|Financial services and investments|Fraud offenses and financial crimes|Government information and archives|Housing finance and home ownership|Insurance industry and regulation|Securities|Securities and Exchange Commission (SEC)|State and local government operations",2010-04-15,"An original bill to promote the financial stability of the United States by improving accountability and transparency in the financial system, to end ""too big to fail"", to protect the American taxpayer by ending bailouts, to protect consumers from abusive financial services practices, and for other purposes.",Restoring American Financial Stability Act of 2010,111,1,,
s3241-111,Finance and Financial Sector,"Administrative law and regulatory procedures|Bank accounts, deposits, capital|Banking and financial institutions regulation|Department of the Treasury|Federal Deposit Insurance Corporation (FDIC)|Federal Reserve System|Financial services and investments|Foreign and international banking|Securities|Securities and Exchange Commission (SEC)",2010-04-21,"A bill to provide for a safe, accountable, fair, and efficient banking system, and for other purposes.","Safe, Accountable, Fair, and Efficient Banking Act of 2010",111,1,,
s3258-111,Finance and Financial Sector,Accounting and auditing|Administrative law and regulatory procedures|Business records|Civil actions and liability|Congressional oversight|Evidence and witnesses|Executive agency funding and structure|Financial services and investments|Fraud offenses and financial crimes|Government information and archives|Jurisdiction and venue|Securities|Securities and Exchange Commission (SEC),2010-04-26,"A bill to amend the securities laws to modernize and strengthen investor protection, and for other purposes.",Modernizing and Strengthening Investor Protection Act of 2010,111,1,,
hr5159-111,Finance and Financial Sector,"Administrative law and regulatory procedures|Bank accounts, deposits, capital|Banking and financial institutions regulation|Department of the Treasury|Federal Deposit Insurance Corporation (FDIC)|Federal Reserve System|Financial services and investments|Foreign and international banking|Securities|Securities and Exchange Commission (SEC)",2010-04-28,"To provide for a safe, accountable, fair, and efficient banking system, and for other purposes.","Safe, Accountable, Fair, and Efficient Banking Act of 2010",111,1,,
hr5297-111,Finance and Financial Sector,"Bank accounts, deposits, capital|Business investment and capital|Credit and credit markets|Minority and disadvantaged businesses|Securities|Small business",2010-05-13,"An act to create the Small Business Lending Fund Program to direct the Secretary of the Treasury to make capital investments in eligible institutions in order to increase the availability of credit for small businesses, to amend the Internal Revenue Code of 1986 to provide tax incentives for small business job creation, and for other purposes",Small Business Jobs Act of 2010,111,1,,
hr5823-111,Finance and Financial Sector,Administrative law and regulatory procedures|Banking and financial institutions regulation|Bankruptcy|Department of the Treasury|Financial services and investments|Government information and archives|Securities|User charges and fees,2010-07-22,"To establish a covered bond regulatory oversight program, and for other purposes.",United States Covered Bond Act of 2010,111,1,,
hr5942-111,Finance and Financial Sector,Consumer affairs|Consumer credit|Financial literacy|Financial services and investments|Government corporations and government-sponsored enterprises|Government studies and investigations|Small business|User charges and fees,2010-07-29,To create a charter for Federal Financial Services and Credit Companies.,FFSCC Act of 2010,111,1,,
hr5970-111,Finance and Financial Sector,Accounting and auditing|Business records|Corporate finance and management|Financial services and investments|Freedom of information|Government information and archives|Securities,2010-07-29,To repeal the amendments made by section 929I of the Dodd-Frank Wall Street Reform and Consumer Protection Act relating to the confidentiality of materials submitted to the Securities and Exchange Commission.,SEC Transparency Act of 2010,111,1,,
hr6038-111,Finance and Financial Sector,Accounting and auditing|Administrative law and regulatory procedures|Banking and financial institutions regulation|Business records|Department of the Treasury|Federal Deposit Insurance Corporation (FDIC)|Federal Reserve System|Financial services and investments|Government information and archives|Insurance industry and regulation|Securities|Securities and Exchange Commission (SEC),2010-07-30,"To amend the Dodd-Frank Wall Street Reform and Consumer Protection Act to increase financial industry transparency, and for other purposes.",Financial Industry Transparency Act of 2010,111,1,,
hr6198-111,Finance and Financial Sector,"Bankruptcy|Fraud offenses and financial crimes|Government information and archives|Government liability|Tax administration and collection, taxpayers",2010-09-23,To amend title 11 of the United States Code to make technical corrections; and for related purposes.,Bankruptcy Technical Corrections Act of 2010,111,1,,
hr6317-111,Finance and Financial Sector,"Bank accounts, deposits, capital|Banking and financial institutions regulation|Business investment and capital|Business records|Civil actions and liability|Credit and credit markets|Government information and archives|Government studies and investigations|Housing finance and home ownership|Income tax deductions|Industrial facilities|Real estate business",2010-09-29,"To amend Federal law, including the Internal Revenue Code of 1986, to reform and encourage investment in commercial real estate, and for other purposes.",Investment in Commercial Real Estate Act of 2010,111,1,,
hr6334-111,Finance and Financial Sector,"Administrative law and regulatory procedures|Bank accounts, deposits, capital|Banking and financial institutions regulation|Corporate finance and management|Credit and credit markets|Department of Commerce|Department of the Treasury|Federal Deposit Insurance Corporation (FDIC)|Federal Reserve System|Financial services and investments|Housing and community development funding|Housing finance and home ownership|Interest, dividends, interest rates|Public contracts and procurement|Securities and Exchange Commission (SEC)|Wages and earnings",2010-09-29,"To amend the Community Reinvestment Act of 1977 to improve the assessments of regulated financial institutions, and for other purposes.",American Community Investment Reform Act of 2010,111,1,,
hr6529-111,Finance and Financial Sector,Administrative law and regulatory procedures|Consumer affairs|Department of the Treasury|Federal preemption|Foreign and international corporations|Insurance industry and regulation|Licensing and registrations|Trade agreements and negotiations,2010-12-16,"To amend title 31, United States Code, to provide for a Federal license for reinsurers, and for other purposes.",Federal License for Reinsurers Act of 2010,111,1,,
hr6531-111,Finance and Financial Sector,Bankruptcy|Consumer affairs|Financial services and investments|Securities,2010-12-16,"To amend the Securities Investor Protection Act of 1970 to determine a customer's net equity based on the customer's last statement, to prohibit certain recoveries, to change how trustees are appointed, and for other purposes.",Equitable Treatment of Investors Act,111,1,,
s4036-111,Finance and Financial Sector,"Bank accounts, deposits, capital|Banking and financial institutions regulation|Congressional oversight|Government trust funds",2010-12-16,A bill to clarify the National Credit Union Administration authority to make stabilization fund expenditures without borrowing from the Treasury.,,111,1,,
hr300-112,Finance and Financial Sector,"Adult education and literacy|Education programs funding|Elementary and secondary education|Financial literacy|Higher education|Research administration and funding|Teaching, teachers, curricula",2011-01-18,"To establish a grant program in the Department of the Treasury to fund the establishment of centers of excellence to support research, development and planning, implementation, and evaluation of effective programs in financial literacy education for young adults and families ages 15-24 years old, and for other purposes.",Young Adults Financial Literacy Act,112,1,,
hr757-112,Finance and Financial Sector,Bankruptcy|Consumer affairs|Financial services and investments|Securities,2011-02-17,"To amend the Securities Investor Protection Act of 1970 to confirm that a customer's net equity claim is based on the customer's last statement and that certain recoveries are prohibited, to change how trustees are appointed, and for other purposes.",Equitable Treatment of Investors Act,112,1,,
hr774-112,Finance and Financial Sector,Aging|Civil actions and liability|Criminal procedure and sentencing|Financial services and investments|Fraud offenses and financial crimes|Securities|U.S. Sentencing Commission,2011-02-17,To enhance penalties for violations of securities protections that involve targeting seniors.,Senior Investor Protections Enhancement Act of 2011,112,1,,
hr940-112,Finance and Financial Sector,Administrative law and regulatory procedures|Banking and financial institutions regulation|Bankruptcy|Business records|Department of the Treasury|Financial services and investments|Government information and archives|Housing finance and home ownership|Securities|User charges and fees,2011-03-08,"To establish standards for covered bond programs and a covered bond regulatory oversight program, and for other purposes.",United States Covered Bond Act of 2011,112,1,,
s556-112,Finance and Financial Sector,Administrative law and regulatory procedures|Congressional oversight|Government studies and investigations|Securities|Securities and Exchange Commission (SEC),2011-03-10,"A bill to amend the securities laws to establish certain thresholds for shareholder registration, and for other purposes.",,112,1,,
hr1070-112,Finance and Financial Sector,Administrative law and regulatory procedures|Business investment and capital|Business records|Securities|Securities and Exchange Commission (SEC)|Small business,2011-03-14,To amend the Securities Act of 1933 to require the Securities and Exchange Commission to exempt a certain class of securities from such Act.,Small Company Capital Formation Act of 2011,112,1,,
hr1112-112,Finance and Financial Sector,Consumer affairs|Criminal justice information and records|Government corporations and government-sponsored enterprises|Insurance industry and regulation|State and local government operations,2011-03-16,"To reform the National Association of Registered Agents and Brokers, and for other purposes.",National Association of Registered Agents and Brokers Reform Act of 2011,112,1,,
hr1638-112,Finance and Financial Sector,Accounting and auditing|Banking and financial institutions regulation|Business investment and capital|Commodities markets|Currency|Income tax deductions|Metals|Monetary policy,2011-04-15,"To stimulate the economy, provide for a sound United States dollar by defining a value for the dollar, to remove the authority of Federal Reserve banks to pay earnings on certain balances maintained at such banks, and for other purposes.",Dollar Bill Act of 2011,112,1,,
hr1697-112,Finance and Financial Sector,"Accounting and auditing|Administrative law and regulatory procedures|Agricultural prices, subsidies, credit|Bank accounts, deposits, capital|Banking and financial institutions regulation|Business records|Consumer Financial Protection Bureau|Corporate finance and management|Employee benefits and pensions|Federal Reserve System|Financial Stability Oversight Council|Financial services and investments|Government information and archives|Government lending and loan guarantees|Income tax credits|Income tax deductions|Income tax deferral|Income tax exclusion|Income tax rates|Interest, dividends, interest rates|Right of privacy|Securities|Small business|User charges and fees",2011-05-03,"To enhance the ability of community banks to foster economic growth and serve their communities, boost small businesses, increase individual savings, and for other purposes.",Communities First Act,112,1,,
hr1909-112,Finance and Financial Sector,Consumer affairs|Consumer credit|Federally chartered organizations|Financial literacy|Financial services and investments|Government studies and investigations|Small business|User charges and fees,2011-05-13,To create a charter for Federal Financial Services and Credit Companies.,FFSCC Charter Act of 2011,112,1,,
hr1965-112,Finance and Financial Sector,Administrative law and regulatory procedures|Congressional oversight|Government studies and investigations|Securities|Securities and Exchange Commission (SEC),2011-05-24,"To amend the securities laws to establish certain thresholds for shareholder registration, and for other purposes.",,112,1,,
hr1987-112,Finance and Financial Sector,Accounting and auditing|Administrative law and regulatory procedures|Administrative remedies|Bankruptcy|Financial services and investments|Fraud offenses and financial crimes|Government corporations and government-sponsored enterprises|Government trust funds|Securities|User charges and fees|Wages and earnings,2011-05-25,"To amend the Securities Investor Protection Act of 1970 to provide insurance coverage for certain indirect investors caught in Ponzi schemes, and for other purposes.",Ponzi Scheme Investor Protection Act of 2011,112,1,,
s1091-112,Finance and Financial Sector,"Alternative dispute resolution, mediation, arbitration|Atmospheric science and weather|Banking and financial institutions regulation|Congressional oversight|Disaster relief and insurance|Floods and storm protection|Government information and archives|Insurance industry and regulation|Marine and coastal resources, fisheries",2011-05-26,"A bill to amend the National Flood Insurance Act of 1968 to include a system for indeterminate loss insurance claims, and for other purposes.",COASTAL Act of 2011,112,1,,
hr2126-112,Finance and Financial Sector,"Administrative law and regulatory procedures|Business ethics|Business records|Corporate finance and management|Department of the Treasury|Federal preemption|Government studies and investigations|Insurance industry and regulation|Life, casualty, property insurance|State and local government operations",2011-06-03,"To modernize the Liability Risk Retention Act of 1986 and expand coverage to include commercial property insurance, and for other purposes.",Risk Retention Modernization Act of 2011,112,1,,
hr2308-112,Finance and Financial Sector,Administrative law and regulatory procedures|Corporate finance and management|Financial services and investments|Government studies and investigations|Securities|Securities and Exchange Commission (SEC),2011-06-23,To improve the consideration by the Securities and Exchange Commission of the costs and benefits of its regulations and orders.,SEC Regulatory Accountability Act,112,1,,
hr2451-112,Finance and Financial Sector,Banking and financial institutions regulation|Financial services and investments|Securities,2011-07-07,"To restore certain provisions of the Banking Act of 1933, commonly referred to as the ""Glass-Steagall Act"", and for other purposes.",Glass-Steagall Restoration Act of 2011,112,1,,
hr2483-112,Finance and Financial Sector,Administrative remedies|Business ethics|Commodities markets|Congressional oversight|Corporate finance and management|Employment discrimination and employee rights|Financial services and investments|Government information and archives|Government studies and investigations|Securities|Securities and Exchange Commission (SEC),2011-07-11,To amend the Securities Exchange Act of 1934 and the Commodity Exchange Act to modify certain provisions relating to whistleblower incentives and protection.,Whistleblower Improvement Act of 2011,112,1,,
hr2517-112,Finance and Financial Sector,"Administrative law and regulatory procedures|Civil actions and liability|Congressional oversight|Corporate finance and management|Elections, voting, political campaign regulation|Financial services and investments|Government information and archives|Securities|Securities and Exchange Commission (SEC)",2011-07-13,"To amend the Securities Exchange Act of 1934 to require shareholder authorization before a public company may make certain political expenditures, and for other purposes.",Shareholder Protection Act of 2011,112,1,,
s1360-112,Finance and Financial Sector,"Administrative law and regulatory procedures|Civil actions and liability|Congressional oversight|Corporate finance and management|Elections, voting, political campaign regulation|Financial services and investments|Government information and archives|Securities|Securities and Exchange Commission (SEC)",2011-07-13,"A bill to amend the Securities Exchange Act of 1934 to require shareholder authorization before a public company may make certain political expenditures, and for other purposes.",Shareholder Protection Act of 2011,112,1,,
hr2582-112,Finance and Financial Sector,"Congressional oversight|Disaster relief and insurance|Government corporations and government-sponsored enterprises|Government lending and loan guarantees|Government studies and investigations|Government trust funds|Housing finance and home ownership|Intergovernmental relations|Land use and conservation|Life, casualty, property insurance|Natural disasters|State and local finance|State and local government operations|User charges and fees",2011-07-19,To ensure the availability and affordability of homeowners' insurance coverage for catastrophic events.,Homeowners' Defense Act of 2011,112,1,,
hr2728-112,Finance and Financial Sector,"Business records|Corporate finance and management|Elections, voting, political campaign regulation|Political advertising|Securities",2011-08-01,"To amend the securities laws to require that registration statements, quarterly and annual reports, and proxy solicitations of public companies include a disclosure to shareholders of any expenditure made by that company in support of or in opposition to any candidate for Federal, State, or local public office.",Corporate Politics Transparency Act,112,1,,
hr2759-112,Finance and Financial Sector,Administrative law and regulatory procedures|Business ethics|Business records|Corporate finance and management|Employment discrimination and employee rights|Foreign and international corporations|Government information and archives|Human rights|Human trafficking|Securities|Securities and Exchange Commission (SEC)|Youth employment and child labor,2011-08-01,"To require companies to include in their annual reports to the Securities and Exchange Commission a disclosure describing any measures the company has taken during the year to identify and address conditions of forced labor, slavery, human trafficking, and the worst forms of child labor within the company's supply chains.",Business Transparency on Trafficking and Slavery Act,112,1,,
hr2779-112,Finance and Financial Sector,Banking and financial institutions regulation|Commodities markets|Financial services and investments|Government information and archives|Securities,2011-08-01,To exempt inter-affiliate swaps from certain regulatory requirements put in place by the Dodd-Frank Wall Street Reform and Consumer Protection Act.,,112,1,,
s1544-112,Finance and Financial Sector,Administrative law and regulatory procedures|Business investment and capital|Business records|Congressional oversight|Securities|Securities and Exchange Commission (SEC)|Small business|State and local government operations,2011-09-12,A bill to amend the Securities Act of 1933 to require the Securities and Exchange Commission to exempt a certain class of securities from such Act.,Small Company Capital Formation Act of 2011,112,1,,
hr2930-112,Finance and Financial Sector,Administrative law and regulatory procedures|Federal preemption|Financial services and investments|Licensing and registrations|Securities|Securities and Exchange Commission (SEC)|Small business,2011-09-14,"To amend the securities laws to provide for registration exemptions for certain crowdfunded securities, and for other purposes.",Entrepreneur Access to Capital Act,112,1,,
s1600-112,Finance and Financial Sector,"Accounting and auditing|Administrative law and regulatory procedures|Agricultural prices, subsidies, credit|Bank accounts, deposits, capital|Banking and financial institutions regulation|Business records|Congressional oversight|Consumer Financial Protection Bureau|Corporate finance and management|Employee benefits and pensions|Federal Reserve System|Financial Stability Oversight Council|Financial services and investments|Government information and archives|Government lending and loan guarantees|Income tax credits|Income tax deductions|Income tax deferral|Income tax exclusion|Income tax rates|Interest, dividends, interest rates|Right of privacy|Securities|Small business|User charges and fees",2011-09-22,"A bill to enhance the ability of community banks to foster economic growth and serve their communities, boost small businesses, increase individual savings, and for other purposes.",Communities First Act,112,1,,
s1615-112,Finance and Financial Sector,Administrative law and regulatory procedures|Banking and financial institutions regulation|Commodity Futures Trading Commission|Congressional oversight|Consumer Financial Protection Bureau|Department of the Treasury|Economic performance and conditions|Economic theory|Executive agency funding and structure|Federal Deposit Insurance Corporation (FDIC)|Federal Housing Finance Agency|Federal Reserve System|Financial Stability Oversight Council|Government information and archives|Judicial review and appeals|National Credit Union Administration|Securities and Exchange Commission (SEC),2011-09-22,"A bill to require enhanced economic analysis and justification of regulations proposed by certain Federal banking, housing, securities, and commodity regulators, and for other purposes.",Financial Regulatory Responsibility Act of 2011,112,1,,
hr3283-112,Finance and Financial Sector,Banking and financial institutions regulation|Commodities markets|Financial services and investments|Government information and archives|Securities|U.S. and foreign investments,2011-10-31,"To amend the Commodity Exchange Act and the Securities Exchange Act of 1934 to provide an exemption for certain swaps and security-based swaps involving Non-U.S. persons, and for other purposes.",Swap Jurisdiction Certainty Act,112,1,,
s1791-112,Finance and Financial Sector,Administrative law and regulatory procedures|Financial services and investments|Fraud offenses and financial crimes|Securities|Securities and Exchange Commission (SEC)|State and local government operations|User charges and fees,2011-11-02,"A bill to amend the securities laws to provide for registration exemptions for certain crowdfunded securities, and for other purposes.",Democratizing Access to Capital Act of 2011,112,1,,
s1824-112,Finance and Financial Sector,Administrative law and regulatory procedures|Banking and financial institutions regulation|Corporate finance and management|Employee benefits and pensions|Financial services and investments|Securities|Securities and Exchange Commission (SEC)|State and local finance,2011-11-08,"A bill to amend the securities laws to establish certain thresholds for shareholder registration under that Act, and for other purposes.",Private Company Flexibility and Growth Act,112,1,,
s1835-112,Finance and Financial Sector,Administrative law and regulatory procedures|Banking and financial institutions regulation|Bankruptcy|Business records|Department of the Treasury|Financial services and investments|Government information and archives|Housing finance and home ownership|Securities|User charges and fees,2011-11-09,"A bill to establish standards for covered bond programs and a covered bond regulatory oversight program, and for other purposes.",United States Covered Bond Act,112,1,,
s1933-112,Finance and Financial Sector,Accounting and auditing|Administrative law and regulatory procedures|Business investment and capital|Business records|Government information and archives|Securities|Securities and Exchange Commission (SEC),2011-12-01,A bill to increase American job creation and economic growth by improving access to the public capital markets for emerging growth companies.,Reopening American Capital Markets to Emerging Growth Companies Act of 2011,112,1,,
s1940-112,Finance and Financial Sector,"Administrative law and regulatory procedures|Administrative remedies|Advisory bodies|Alternative dispute resolution, mediation, arbitration|Banking and financial institutions regulation|Building construction|Business records|Congressional oversight|Department of Homeland Security|Disaster relief and insurance|Federal Emergency Management Agency (FEMA)|Floods and storm protection|Government information and archives|Government studies and investigations|Indian lands and resources rights|Insurance industry and regulation|Natural disasters|Residential rehabilitation and home repair",2011-12-05,"An original bill to amend the National Flood Insurance Act of 1968, to restore the financial solvency of the flood insurance fund, and for other purposes.",Commission on Natural Catastrophe Risk Management and Insurance Act of 2011,112,1,,
s1941-112,Finance and Financial Sector,Administrative law and regulatory procedures|Government information and archives|Securities|Securities and Exchange Commission (SEC),2011-12-05,"A bill to amend the securities laws to establish certain thresholds for shareholder registration, and for other purposes.",,112,1,,
hr3606-112,Finance and Financial Sector,Accounting and auditing|Administrative law and regulatory procedures|Business investment and capital|Business records|Government information and archives|Securities|Securities and Exchange Commission (SEC),2011-12-08,To increase American job creation and economic growth by improving access to the public capital markets for emerging growth companies.,Jumpstart Our Business Startups,112,1,,
s1970-112,Finance and Financial Sector,Administrative law and regulatory procedures|Business investment and capital|Financial services and investments|Fraud offenses and financial crimes|Securities|Securities and Exchange Commission (SEC)|Small business,2011-12-08,"A bill to amend the securities laws to provide for registration exemptions for certain crowdfunded securities, and for other purposes.",Capital Raising Online While Deterring Fraud and Unethical Non-Disclosure Act of 2011,112,1,,
hr4088-112,Finance and Financial Sector,Administrative law and regulatory procedures|Government information and archives|Securities|Securities and Exchange Commission (SEC),2012-02-24,"To amend the securities laws to establish certain thresholds for shareholder registration, and for other purposes.",Capital Expansion Act,112,1,,
s2190-112,Finance and Financial Sector,Administrative law and regulatory procedures|Business investment and capital|Congressional oversight|Financial services and investments|Fraud offenses and financial crimes|Securities|Securities and Exchange Commission (SEC)|Small business|State and local government operations,2012-03-13,"A bill to amend the securities laws to provide for registration exemptions for certain crowdfunded securities, and for other purposes.",Capital Raising Online While Deterring Fraud and Unethical Non-Disclosure Act of 2012,112,1,,
hr4217-112,Finance and Financial Sector,"Administrative law and regulatory procedures|Bank accounts, deposits, capital|Banking and financial institutions regulation|Civil actions and liability|Department of the Treasury|Federal Reserve System|Federally chartered organizations|Securities|Small business|Social work, volunteer service, charitable organizations",2012-03-20,"To support and promote community financial institutions in the mutual form, and for other purposes.",Mutual Community Bank Competitive Equality Act,112,1,,
hr4293-112,Finance and Financial Sector,Administrative law and regulatory procedures|Banking and financial institutions regulation|Credit and credit markets|National Credit Union Administration|Small business,2012-03-28,"To amend the Federal Credit Union Act to exclude loans made to Main Street businesses from the definition of a member business loan, and for other purposes.",Restore Main Street's Credit Act of 2012,112,1,,
s2342-112,Finance and Financial Sector,Consumer affairs|Criminal justice information and records|Government corporations and government-sponsored enterprises|Insurance industry and regulation|State and local government operations,2012-04-24,"A bill to reform the National Association of Registered Agents and Brokers, and for other purposes.",National Association of Registered Agents and Brokers Reform Act of 2012,112,1,,
hr4624-112,Finance and Financial Sector,Administrative law and regulatory procedures|Administrative remedies|Banking and financial institutions regulation|Business ethics|Business records|Computer security and identity theft|Financial services and investments|Licensing and registrations|Securities and Exchange Commission (SEC),2012-04-25,To amend the Investment Advisers Act of 1940 to provide for the registration and oversight of national investment adviser associations.,Investment Adviser Oversight Act of 2012,112,1,,
s2373-112,Finance and Financial Sector,Administrative law and regulatory procedures|Corporate finance and management|Financial services and investments|Government studies and investigations|Securities|Securities and Exchange Commission (SEC),2012-04-26,A bill to improve the consideration by the Securities and Exchange Commission of the costs and benefits of its regulations and orders.,SEC Regulatory Accountability Act,112,1,,
hr5649-112,Finance and Financial Sector,Commodities markets|Consumer credit|Corporate finance and management|Financial services and investments,2012-05-08,To amend the Commodity Exchange Act to clarify the exemptions for captive finance companies from the definition of major swap participant and from the swap clearing requirement.,Manufacturing Certainty and Captive Finance Affiliate Clarification Act,112,1,,
s3048-112,Finance and Financial Sector,"Administrative law and regulatory procedures|Bank accounts, deposits, capital|Banking and financial institutions regulation|Department of the Treasury|Federal Deposit Insurance Corporation (FDIC)|Federal Reserve System|Foreign and international banking",2012-05-09,"A bill to provide for a safe, accountable, fair, and efficient banking system, and for other purposes.","Safe, Accountable, Fair, and Efficient Banking Act of 2012",112,1,,
hr5714-112,Finance and Financial Sector,"Administrative law and regulatory procedures|Bank accounts, deposits, capital|Banking and financial institutions regulation|Department of the Treasury|Federal Deposit Insurance Corporation (FDIC)|Federal Reserve System|Foreign and international banking",2012-05-10,"To provide for a safe, accountable, fair, and efficient banking system, and for other purposes.","Safe, Accountable, Fair, and Efficient Banking Act of 2012",112,1,,
hr5860-112,Finance and Financial Sector,Banking and financial institutions regulation|Civil actions and liability|Corporate finance and management|Wages and earnings,2012-05-30,"To prohibit individuals from insuring against possible losses from having to repay illegally-received compensation or from having to pay civil penalties, and for other purposes.",Executive Compensation Clawback Full Enforcement Act,112,1,,
hr5929-112,Finance and Financial Sector,Administrative law and regulatory procedures|Banking and financial institutions regulation|Business investment and capital|Business records|Financial services and investments|Licensing and registrations|Securities|Securities and Exchange Commission (SEC),2012-06-08,"To amend the Investment Company Act of 1940 to change the asset coverage ratio and treatment of preferred stock for business development companies, to allow business development companies to purchase, otherwise acquire, or hold certain securities, and to direct the Securities and Exchange Commission to revise rules under the Securities Act of 1933 relating to business development companies.",Next Steps for Credit Availability Act,112,1,,
hr6117-112,Finance and Financial Sector,Bankruptcy|Corporate finance and management|Employee benefits and pensions|Health care costs and insurance|Labor-management relations|Securities|Unemployment|Wages and earnings,2012-07-12,"To amend title 11, United States Code, to improve protections for employees and retirees in business bankruptcies.",Protecting Employees and Retirees in Business Bankruptcies Act of 2012,112,1,,
s3381-112,Finance and Financial Sector,Bankruptcy|Corporate finance and management|Employee benefits and pensions|Health care costs and insurance|Labor-management relations|Securities|Unemployment|Wages and earnings,2012-07-12,"A bill to amend title 11, United States Code, to improve protections for employees and retirees in business bankruptcies.",Protecting Employees and Retirees in Business Bankruptcies Act of 2012,112,1,,
hr6139-112,Finance and Financial Sector,Administrative law and regulatory procedures|Banking and financial institutions regulation|Consumer credit|Credit and credit markets|Department of the Treasury|Federally chartered organizations|Financial services and investments|Small business|User charges and fees,2012-07-18,"To create a Federal charter for National Consumer Credit Corporations, and for other purposes.","Consumer Credit Access, Innovation, and Modernization Act",112,1,,
hr6161-112,Finance and Financial Sector,Administrative law and regulatory procedures|Business records|Corporate finance and management|Government information and archives|Securities|Securities and Exchange Commission (SEC),2012-07-19,To provide an exemption for low-revenue companies from certain SEC regulations.,Fostering Innovation Act,112,1,,
s3416-112,Finance and Financial Sector,Administrative remedies|Civil actions and liability|Financial services and investments|Fraud offenses and financial crimes|Securities,2012-07-23,"A bill to enhance civil penalties under the Federal securities laws, and for other purposes.",Stronger Enforcement of Civil Penalties Act of 2012,112,1,,
hr6667-112,Finance and Financial Sector,Aging|Banking and financial institutions regulation|Consumer affairs|Consumer credit|Corporate finance and management|Financial services and investments|Fraud offenses and financial crimes|User charges and fees,2012-12-13,"To establish the Financial Consumers Association to advance the rights and remedies available to consumers with respect to financial services transactions, and for other purposes.",Financial Consumers Association Act of 2012,112,1,,
hr6695-112,Finance and Financial Sector,Bankruptcy|Business records|Consumer affairs|Executive agency funding and structure|Financial services and investments|Fraud offenses and financial crimes|Government corporations and government-sponsored enterprises|Government information and archives|Judicial procedure and administration|Legal fees and court costs|Securities|Securities and Exchange Commission (SEC),2012-12-20,"To amend the Securities Investor Protection Act of 1970 to confirm that a customer's net equity claim is based on the customer's last statement and that certain recoveries are prohibited, to change how trustees are appointed, and for other purposes.",Equitable Treatment of Investors Act,112,1,,
hr100-113,Finance and Financial Sector,Bankruptcy|Corporate finance and management|Employee benefits and pensions|Health care costs and insurance|Labor-management relations|Securities|Unemployment|Wages and earnings,2013-01-03,"To amend title 11, United States Code, to improve protections for employees and retirees in business bankruptcies.",Protecting Employees and Retirees in Business Bankruptcies Act of 2013,113,1,,
hr31-113,Finance and Financial Sector,Administrative law and regulatory procedures|Banking and financial institutions regulation|Business investment and capital|Business records|Financial services and investments|Licensing and registrations|Securities|Securities and Exchange Commission (SEC),2013-01-03,"To amend the Investment Company Act of 1940 to change the asset coverage ratio and treatment of preferred stock for business development companies, to allow business development companies to purchase, otherwise acquire, or hold certain securities, and to direct the Securities and Exchange Commission to revise rules under the Securities Act of 1933 relating to business development companies.",Next Steps for Credit Availability Act,113,1,,
s286-113,Finance and Financial Sector,Administrative remedies|Civil actions and liability|Financial services and investments|Fraud offenses and financial crimes|Securities,2013-02-12,"A bill to enhance civil penalties under the Federal securities laws, and for other purposes.",Stronger Enforcement of Civil Penalties Act of 2013,113,1,,
hr677-113,Finance and Financial Sector,Banking and financial institutions regulation|Commodities markets|Financial services and investments|Government information and archives|Securities,2013-02-13,To exempt inter-affiliate swaps from certain regulatory requirements put in place by the Dodd-Frank Wall Street Reform and Consumer Protection Act.,Inter-Affiliate Swap Clarification Act,113,1,,
hr701-113,Finance and Financial Sector,Administrative law and regulatory procedures|Financial services and investments|Securities|Securities and Exchange Commission (SEC),2013-02-14,To amend a provision of the Securities Act of 1933 directing the Securities and Exchange Commission to add a particular class of securities to those exempted under such Act to provide a deadline for such action.,,113,1,,
hr737-113,Finance and Financial Sector,"Accounting and auditing|Disaster relief and insurance|Government corporations and government-sponsored enterprises|Housing finance and home ownership|Life, casualty, property insurance|Securities",2013-02-14,To establish a national catastrophic risk consortium to ensure the availability and affordability of homeowners' insurance coverage for catastrophic events.,Homeowners' Defense Act of 2013,113,1,,
hr891-113,Finance and Financial Sector,"Adult education and literacy|Education programs funding|Elementary and secondary education|Financial literacy|Higher education|Research administration and funding|Teaching, teachers, curricula",2013-02-28,"To establish a grant program in the Bureau of Consumer Financial Protection to fund the establishment of centers of excellence to support research, development and planning, implementation, and evaluation of effective programs in financial literacy education for young people and families ages 8 through 24 years old, and for other purposes.",Young Americans Financial Literacy Act,113,1,,
hr1062-113,Finance and Financial Sector,Administrative law and regulatory procedures|Corporate finance and management|Financial services and investments|Government studies and investigations|Securities|Securities and Exchange Commission (SEC)|Small business,2013-03-12,To improve the consideration by the Securities and Exchange Commission of the costs and benefits of its regulations and orders.,SEC Regulatory Accountability Act,113,1,,
hr1064-113,Finance and Financial Sector,Consumer affairs|Criminal justice information and records|Government corporations and government-sponsored enterprises|Insurance industry and regulation|Licensing and registrations|State and local government operations,2013-03-12,"To reform the National Association of Registered Agents and Brokers, and for other purposes.",National Association of Registered Agents and Brokers Reform Act of 2013,113,1,,
s534-113,Finance and Financial Sector,Consumer affairs|Criminal justice information and records|Government corporations and government-sponsored enterprises|Insurance industry and regulation|Licensing and registrations|State and local government operations,2013-03-12,"A bill to reform the National Association of Registered Agents and Brokers, and for other purposes.",National Association of Registered Agents and Brokers Reform Act of 2013,113,1,,
hr1155-113,Finance and Financial Sector,Consumer affairs|Criminal justice information and records|Government corporations and government-sponsored enterprises|Insurance industry and regulation|Licensing and registrations|State and local government operations,2013-03-14,"To reform the National Association of Registered Agents and Brokers, and for other purposes.",National Association of Registered Agents and Brokers Reform Act of 2013,113,1,,
hr1566-113,Finance and Financial Sector,"Administrative law and regulatory procedures|Bank accounts, deposits, capital|Banking and financial institutions regulation|Congressional oversight|Consumer Financial Protection Bureau|Consumer credit|Department of the Treasury|Federal preemption|Federally chartered organizations|Financial services and investments|Internet and video services|Small business|User charges and fees",2013-04-15,"To create a Federal charter for Internet consumer credit corporations, and for other purposes.","Consumer Credit Access, Innovation, and Modernization Act",113,1,,
hr1576-113,Finance and Financial Sector,Accounting and auditing|Banking and financial institutions regulation|Business investment and capital|Commodities markets|Currency|Income tax deductions|Metals|Monetary policy,2013-04-16,"To stimulate the economy, provide for a sound United States dollar by defining a value for the dollar, to remove the authority of Federal Reserve banks to pay earnings on certain balances maintained at such banks, and for other purposes.",Dollar Bill Act of 2013,113,1,,
hr1603-113,Finance and Financial Sector,"Administrative law and regulatory procedures|Bank accounts, deposits, capital|Banking and financial institutions regulation|Charitable contributions|Civil actions and liability|Department of the Treasury|Federal Reserve System|Federally chartered organizations|Securities|Small business|Social work, volunteer service, charitable organizations",2013-04-17,"To support and promote community financial institutions in the mutual form, and for other purposes.",Mutual Community Bank Competitive Equality Act,113,1,,
hr1734-113,Finance and Financial Sector,"Administrative law and regulatory procedures|Civil actions and liability|Congressional oversight|Corporate finance and management|Elections, voting, political campaign regulation|Financial services and investments|Government information and archives|Government studies and investigations|Securities|Securities and Exchange Commission (SEC)",2013-04-25,"To amend the Securities Exchange Act of 1934 to require shareholder authorization before a public company may make certain political expenditures, and for other purposes.",Shareholder Protection Act of 2013,113,1,,
hr1750-113,Finance and Financial Sector,"Accounting and auditing|Administrative law and regulatory procedures|Bank accounts, deposits, capital|Banking and financial institutions regulation|Business records|Consumer Financial Protection Bureau|Consumer affairs|Consumer credit|Corporate finance and management|Department of the Treasury|Federal Deposit Insurance Corporation (FDIC)|Federal Reserve System|Financial services and investments|Foreign and international banking|Housing finance and home ownership|National Credit Union Administration|Real estate business|Right of privacy|Sanctions|Securities|Securities and Exchange Commission (SEC)|Small business",2013-04-25,"To enhance the ability of community financial institutions to foster economic growth and serve their communities, boost small businesses, increase individual savings, and for other purposes.",CLEAR Relief Act of 2013,113,1,,
s824-113,Finance and Financial Sector,"Administrative law and regulatory procedures|Civil actions and liability|Congressional oversight|Corporate finance and management|Elections, voting, political campaign regulation|Financial services and investments|Government information and archives|Government studies and investigations|Securities|Securities and Exchange Commission (SEC)",2013-04-25,"A bill to amend the Securities Exchange Act of 1934 to require shareholder authorization before a public company may make certain political expenditures, and for other purposes.",Shareholder Protection Act of 2013,113,1,,
hr1800-113,Finance and Financial Sector,Administrative law and regulatory procedures|Banking and financial institutions regulation|Business investment and capital|Business records|Financial services and investments|Licensing and registrations|Securities|Securities and Exchange Commission (SEC),2013-04-26,"To amend the Investment Company Act of 1940 to allow business development companies to purchase, otherwise acquire, or hold certain securities, to change the asset coverage ratio and treatment of preferred stock for business development companies, and to direct the Securities and Exchange Commission to revise certain rules relating to business development companies.",Small Business Credit Availability Act,113,1,,
hr2140-113,Finance and Financial Sector,"Accounting and auditing|Administrative law and regulatory procedures|Business investment and capital|Federal Reserve System|Insurance industry and regulation|Life, casualty, property insurance|State and local government operations",2013-05-23,"To permit insurance companies that are depository holding companies, or are subsidiaries of depository holding companies, to comply with the accounting and capital requirements applicable to the insurance company under State law, and for other purposes.",Insurance Capital and Accounting Standards Act of 2013,113,1,,
hr2214-113,Finance and Financial Sector,"Business records|Corporate finance and management|Elections, voting, political campaign regulation|Political advertising|Securities",2013-05-24,"To amend the securities laws to require that registration statements, quarterly and annual reports, and proxy solicitations of public companies include a disclosure to shareholders of any expenditure made by that company in support of or in opposition to any candidate for Federal, State, or local public office.",Corporate Politics Transparency Act,113,1,,
hr2266-113,Finance and Financial Sector,Administrative law and regulatory procedures|Banking and financial institutions regulation|Business investment and capital|Business records|Corporate finance and management|Federal Reserve System|Financial services and investments,2013-06-05,"To amend the Dodd-Frank Wall Street Reform and Consumer Protection Act to require certain systemically important entities to account for the financial benefit they receive as a result of the expectations on the part of shareholders, creditors, and counterparties of such entities that the Government will shield them from losses in the event of failure, and for other purposes.",Subsidy Reserve Act of 2013,113,1,,
hr2274-113,Finance and Financial Sector,Administrative law and regulatory procedures|Banking and financial institutions regulation|Business records|Corporate finance and management|Financial services and investments|Government information and archives|Licensing and registrations|Securities|Securities and Exchange Commission (SEC)|Small business,2013-06-06,To amend the Securities Exchange Act of 1934 to exempt from registration brokers performing services in connection with the transfer of ownership of smaller privately held companies.,"Small Business Mergers, Acquisitions, Sales, and Brokerage Simplification Act of 2014",113,1,,
s1185-113,Finance and Financial Sector,Aging|Civil actions and liability|Criminal procedure and sentencing|Financial services and investments|Fraud offenses and financial crimes|Securities|U.S. Sentencing Commission,2013-06-19,A bill to enhance penalties for violations of securities protections that involve targeting seniors.,Senior Investor Protections Enhancement Act of 2013,113,1,,
s1208-113,Finance and Financial Sector,Administrative law and regulatory procedures|Business records|Consumer affairs|Consumer credit|Contracts and agency|Federal Trade Commission (FTC)|Federal preemption|Fraud offenses and financial crimes|Lease and rental services|Marketing and advertising|Small business,2013-06-20,"A bill to require meaningful disclosures of the terms of rental-purchase agreements, including disclosures of all costs to consumers under such agreements, to provide certain substantive rights to consumers under such agreements, and for other purposes.",Consumer Rental Purchase Agreement Act,113,1,,
hr2629-113,Finance and Financial Sector,Administrative law and regulatory procedures|Business records|Corporate finance and management|Government information and archives|Securities|Securities and Exchange Commission (SEC),2013-07-09,To provide an exemption for low-revenue companies from certain SEC regulations.,Fostering Innovation Act of 2013,113,1,,
s1282-113,Finance and Financial Sector,Banking and financial institutions regulation|Bankruptcy|Congressional oversight|Contracts and agency|Financial services and investments|Insurance industry and regulation|Securities,2013-07-11,"A bill to reduce risks to the financial system by limiting banks' ability to engage in certain risky activities and limiting conflicts of interest, to reinstate certain Glass-Steagall Act protections that were repealed by the Gramm-Leach-Bliley Act, and for other purposes.",21st Century Glass-Steagall Act of 2013,113,1,,
s1461-113,Finance and Financial Sector,Disaster relief and insurance|Housing finance and home ownership|Insurance industry and regulation|Securities|State and local finance,2013-08-01,"A bill to establish a National Catastrophe Risks Consortium and a National Homeowners' Insurance Stabilization Program, and for other purposes.",Homeowners' Defense Act of 2013,113,1,,
hr2998-113,Finance and Financial Sector,"Alternative dispute resolution, mediation, arbitration|Civil actions and liability|Consumer affairs|Financial services and investments|Securities",2013-08-02,"To amend the Securities Exchange Act of 1934 to prohibit mandatory pre-dispute arbitration agreements, and for other purposes.",Investor Choice Act of 2013,113,1,,
hr3009-113,Finance and Financial Sector,Administrative law and regulatory procedures|Banking and financial institutions regulation|Commodities markets|Commodity Futures Trading Commission|Congressional oversight|Consumer affairs|Financial services and investments|Government corporations and government-sponsored enterprises|Government studies and investigations|User charges and fees,2013-08-02,To protect investors in futures contracts.,Futures Investor Protection Act,113,1,,
hr3010-113,Finance and Financial Sector,Accounting and auditing|Banking and financial institutions regulation|Financial services and investments|Securities|Securities and Exchange Commission (SEC),2013-08-02,To direct the Securities and Exchange Commission to require that repurchase-to-maturity transactions be treated as secured borrowings.,Keep Repos to Maturity on Balance Sheet Act of 2013,113,1,,
hr3011-113,Finance and Financial Sector,Accounting and auditing|Administrative law and regulatory procedures|Corporate finance and management|Financial services and investments|Securities|Securities and Exchange Commission (SEC),2013-08-02,To direct the Securities and Exchange Commission to require any person subject to accounting principles or standards under the securities laws to show all transactions of such person on the balance sheet of such person.,Nothing Off Balance Sheet Act of 2013,113,1,,
hr3029-113,Finance and Financial Sector,Administrative law and regulatory procedures|Banking and financial institutions regulation|Financial services and investments|Higher education|Securities and Exchange Commission (SEC)|Student aid and college costs|Tax-exempt organizations,2013-08-02,To direct the Securities and Exchange Commission to revise certain rules relating to the status of qualified prepaid tuition programs under the securities laws.,College Savings Enhancement Act of 2013,113,1,,
hr3448-113,Finance and Financial Sector,Administrative law and regulatory procedures|Corporate finance and management|Financial services and investments|Securities|Securities and Exchange Commission (SEC)|Small business,2013-11-12,To amend the Securities Exchange Act of 1934 to provide for an optional pilot program allowing certain emerging growth companies to increase the tick sizes of their stocks.,Small Cap Liquidity Reform Act of 2014,113,1,,
hr3482-113,Finance and Financial Sector,Accounting and auditing|Bankruptcy|Business records|Consumer affairs|Executive agency funding and structure|Financial services and investments|Fraud offenses and financial crimes|Government corporations and government-sponsored enterprises|Government information and archives|Judicial procedure and administration|Legal fees and court costs|Securities|Securities and Exchange Commission (SEC),2013-11-14,"To amend the Securities Investor Protection Act of 1970 to confirm that a customer's net equity claim is based on the customer's last statement and that certain recoveries are prohibited, to change how trustees are appointed, and for other purposes.",Restoring Main Street Investor Protection and Confidence Act,113,1,,
s1725-113,Finance and Financial Sector,Accounting and auditing|Bankruptcy|Business records|Consumer affairs|Executive agency funding and structure|Financial services and investments|Fraud offenses and financial crimes|Government corporations and government-sponsored enterprises|Government information and archives|Judicial procedure and administration|Legal fees and court costs|Securities|Securities and Exchange Commission (SEC),2013-11-19,"A bill to amend the Securities Investor Protection Act of 1970 to confirm that a customer's net equity claim is based on the customer's last statement and that certain recoveries are prohibited, to change how trustees are appointed, and for other purposes.",Restoring Main Street Investor Protection and Confidence Act,113,1,,
hr3623-113,Finance and Financial Sector,Business investment and capital|Business records|Corporate finance and management|Financial services and investments|Government information and archives|Licensing and registrations|Securities,2013-11-22,To amend certain provisions of the securities laws relating to the treatment of emerging growth companies.,Improving Access to Capital for Emerging Growth Companies Act,113,1,,
s1780-113,Finance and Financial Sector,Accounting and auditing|Appropriations|Budget deficits and national debt|Corporate finance and management|Financial services and investments|Securities,2013-12-09,"A bill to clarify that funding for the standard setting body designated pursuant to section 19(b) of the Securities Act of 1933, the Securities Investor Protection Corporation, and the Public Company Accounting Oversight Board is not subject to the sequester.",,113,1,,
hr3711-113,Finance and Financial Sector,Banking and financial institutions regulation|Bankruptcy|Congressional oversight|Contracts and agency|Financial services and investments|Insurance industry and regulation|Securities,2013-12-11,"To reduce risks to the financial system by limiting banks' ability to engage in certain risky activities and limiting conflicts of interest, to reinstate certain Glass-Steagall Act protections that were repealed by the Gramm-Leach-Bliley Act, and for other purposes.",21st Century Glass-Steagall Act of 2013,113,1,,
s1861-113,Finance and Financial Sector,Banking and financial institutions regulation|Bankruptcy|Federal Reserve System|Financial services and investments|Judicial review and appeals|Securities,2013-12-19,A bill to save taxpayer money and end bailouts of financial institutions by providing for a process to allow financial institutions to go bankrupt.,Taxpayer Protection and Responsible Resolution Act,113,1,,
s1923-113,Finance and Financial Sector,Banking and financial institutions regulation|Business records|Corporate finance and management|Licensing and registrations|Securities|Small business,2014-01-14,A bill to amend the Securities Exchange Act of 1934 to exempt from registration brokers performing services in connection with the transfer of ownership of smaller privately held companies.,"Small Business Mergers, Acquisitions, Sales, and Brokerage Simplification Act of 2014",113,1,,
s1926-113,Finance and Financial Sector,Administrative remedies|Congressional oversight|Consumer affairs|Criminal justice information and records|Disaster relief and insurance|Floods and storm protection|Government corporations and government-sponsored enterprises|Government studies and investigations|Insurance industry and regulation|Licensing and registrations|Residential rehabilitation and home repair|State and local government operations,2014-01-14,"A bill to delay the implementation of certain provisions of the Biggert-Waters Flood Insurance Reform Act of 2012 and to reform the National Association of Registered Agents and Brokers, and for other purposes.",,113,1,,
hr3913-113,Finance and Financial Sector,"Administrative law and regulatory procedures|Bank accounts, deposits, capital|Banking and financial institutions regulation|Commodity Futures Trading Commission|Competition and antitrust|Department of the Treasury|Federal Deposit Insurance Corporation (FDIC)|Federal Reserve System|Financial services and investments|National Credit Union Administration|Securities and Exchange Commission (SEC)",2014-01-16,"To amend the Bank Holding Company Act of 1956 to require agencies to make considerations relating to the promotion of efficiency, competition, and capital formation before issuing or modifying certain regulations.",,113,1,,
hr3928-113,Finance and Financial Sector,"Administrative law and regulatory procedures|Banking and financial institutions regulation|Competitiveness, trade promotion, trade deficits|Congressional oversight|Diplomacy, foreign officials, Americans abroad|Economic performance and conditions|Federal Reserve System|Financial services and investments|Foreign and international banking|Government employee pay, benefits, personnel management|Government ethics and transparency, public corruption|Government information and archives|Government studies and investigations|Inflation and prices|Small business|Transportation costs|Travel and tourism",2014-01-27,"To improve the accountability and transparency of the Board of Governors of the Federal Reserve System, and for other purposes.",Federal Reserve Accountability and Transparency Act of 2014,113,1,,
hr4164-113,Finance and Financial Sector,Administrative law and regulatory procedures|Business investment and capital|Business records|Competition and antitrust|Congressional oversight|Corporate finance and management|Financial services and investments|Government studies and investigations|Securities|Securities and Exchange Commission (SEC)|Small business,2014-03-06,"To exempt smaller public companies from requirements relating to the use of Extensible Business Reporting Language for periodic reporting to the Securities and Exchange Commission, and for other purposes.",Small Company Disclosure Simplification Act,113,1,,
hr4252-113,Finance and Financial Sector,"Administrative law and regulatory procedures|Bank accounts, deposits, capital|Banking and financial institutions regulation|Corporate finance and management|Department of the Treasury|Federal Reserve System|Federally chartered organizations",2014-03-14,"To amend the Federal Deposit Insurance Act to allow mutual capital certificates to satisfy capital requirements for mutual depositories, to amend the Revised Statutes of the United States to establish mutual national banks, and for other purposes.",Mutual Bank Choice and Continuity Act of 2014,113,1,,
hr4270-113,Finance and Financial Sector,Accounting and auditing|Appropriations|Budget deficits and national debt|Corporate finance and management|Financial services and investments|Securities,2014-03-14,"To clarify that funding for the standard setting body designated pursuant to section 19(b) of the Securities Act of 1933, the Securities Investor Protection Corporation, and the Public Company Accounting Oversight Board is not subject to the sequester.",,113,1,,
hr4413-113,Finance and Financial Sector,Administrative law and regulatory procedures|Banking and financial institutions regulation|Business investment and capital|Business records|Commodities markets|Commodity Futures Trading Commission|Congressional oversight|Consumer affairs|Corporate finance and management|Executive agency funding and structure|Federal officials|Financial services and investments|Government information and archives|Government studies and investigations|Judicial review and appeals|Licensing and registrations|Oil and gas|Public utilities and utility rates|U.S. and foreign investments,2014-04-07,"To reauthorize the Commodity Futures Trading Commission, to better protect futures customers, to provide end users with market certainty, to make basic reforms to ensure transparency and accountability at the Commission, to help farmers, ranchers, and end users manage risks to help keep consumer costs low, and for other purposes.",Customer Protection and End User Relief Act,113,1,,
hr4510-113,Finance and Financial Sector,Accounting and auditing|Banking and financial institutions regulation|Foreign and international corporations|Insurance industry and regulation,2014-04-29,To clarify the application of certain leverage and risk-based requirements under the Dodd-Frank Wall Street Reform and Consumer Protection Act.,Insurance Capital Standards Clarification Act of 2014,113,1,,
s2270-113,Finance and Financial Sector,Accounting and auditing|Banking and financial institutions regulation|Foreign and international corporations|Insurance industry and regulation,2014-04-29,A bill to clarify the application of certain leverage and risk-based requirements under the Dodd-Frank Wall Street Reform and Consumer Protection Act.,Insurance Capital Standards Clarification Act of 2014,113,1,,
hr4554-113,Finance and Financial Sector,Administrative law and regulatory procedures|Corporate finance and management|Federal preemption|Licensing and registrations|Securities|Securities and Exchange Commission (SEC),2014-05-01,"To amend the securities laws to improve private market offerings, and for other purposes.",Restricted Securities Relief Act of 2014,113,1,,
hr4564-113,Finance and Financial Sector,Administrative law and regulatory procedures|Business investment and capital|Federal preemption|Licensing and registrations|Securities|Securities and Exchange Commission (SEC)|Small business,2014-05-06,"To amend the Jumpstart Our Business Startups Act to improve the crowdfunding provisions, and for other purposes.",Equity Crowdfunding Improvement Act of 2014,113,1,,
hr4565-113,Finance and Financial Sector,Accounting and auditing|Administrative law and regulatory procedures|Business investment and capital|Business records|Federal preemption|Government information and archives|Licensing and registrations|Securities|Securities and Exchange Commission (SEC)|Small business,2014-05-06,"To amend the securities laws to improve the small company capital formation provisions, and for other purposes.",Startup Capital Modernization Act of 2014,113,1,,
hr4568-113,Finance and Financial Sector,Business records|Corporate finance and management|Government information and archives|Licensing and registrations|Securities|Small business,2014-05-06,"To enhance the ability of smaller reporting companies to access the public securities markets by allowing forward incorporation by reference on Form S-1, to add listing and registration of a class of common equity securities on a national securities exchange as an additional basis for satisfying the requirements of General Instruction I.B.1. of Form S-3, and to remove such listing and registration as a requirement of General Instruction I.B.6. of such form.",Small Business Freedom to Grow Act of 2014,113,1,,
s2330-113,Finance and Financial Sector,Administrative law and regulatory procedures|Banking and financial institutions regulation|Commodities markets|Commodity Futures Trading Commission|Government information and archives|International monetary system and foreign exchange|Securities,2014-05-13,"A bill to amend the Commodity Exchange Act to improve futures and swaps trading, and for other purposes.",End-User Protection Act of 2014,113,1,,
hr4842-113,Finance and Financial Sector,Administrative law and regulatory procedures|Business ethics|Business records|Corporate finance and management|Crimes against children|Foreign and international corporations|Government information and archives|Human rights|Human trafficking|Labor standards|Securities|Securities and Exchange Commission (SEC)|Sex offenses|Youth employment and child labor,2014-06-11,"To amend the Securities Exchange Act of 1934 to require certain companies to disclose information describing any measures the company has taken to identify and address conditions of forced labor, slavery, human trafficking, and the worst forms of child labor within the company's supply chains.",Business Supply Chain Transparency on Trafficking and Slavery Act of 2014,113,1,,
hr4915-113,Finance and Financial Sector,"Administrative law and regulatory procedures|Business investment and capital|Financial services and investments|Higher education|Marketing and advertising|Securities|Securities and Exchange Commission (SEC)|Social work, volunteer service, charitable organizations",2014-06-19,To clarify the definition of general solicitation under Federal securities law.,HALOS Act,113,1,,
s2498-113,Finance and Financial Sector,"Administrative law and regulatory procedures|Business investment and capital|Financial services and investments|Higher education|Marketing and advertising|Securities|Securities and Exchange Commission (SEC)|Social work, volunteer service, charitable organizations",2014-06-19,A bill to clarify the definition of general solicitation under Federal securities law.,HALOS Act,113,1,,
hr5018-113,Finance and Financial Sector,"Administrative law and regulatory procedures|Banking and financial institutions regulation|Congressional oversight|Economic performance and conditions|Federal Reserve System|Federal officials|Financial services and investments|Foreign and international banking|Government employee pay, benefits, personnel management|Government ethics and transparency, public corruption|Government information and archives|Government studies and investigations|Inflation and prices|Interest, dividends, interest rates|International monetary system and foreign exchange|International organizations and cooperation|Monetary policy",2014-07-07,"To amend the Federal Reserve Act to establish requirements for policy rules and blackout periods of the Federal Open Market Committee, to establish requirements for certain activities of the Board of Governors of the Federal Reserve System, and for other purposes.",Federal Reserve Accountability and Transparency Act of 2014,113,1,,
hr5037-113,Finance and Financial Sector,Advisory bodies|Banking and financial institutions regulation|Business records|Computer security and identity theft|Department of the Treasury|Financial services and investments|Government information and archives|Government studies and investigations|Performance measurement,2014-07-09,"To amend the Dodd-Frank Wall Street Reform and Consumer Protection Act to improve the transparency, accountability, governance, and operations of the Office of Financial Research, and for other purposes.",Office of Financial Research Accountability Act of 2014,113,1,,
s2589-113,Finance and Financial Sector,Bankruptcy|Corporate finance and management|Employee benefits and pensions|Health care costs and insurance|Labor-management relations|Securities|Unemployment|Wages and earnings,2014-07-10,"A bill to amend title 11, United States Code, to improve protections for employees and retirees in business bankruptcies.",Protecting Employees and Retirees in Business Bankruptcies Act of 2014,113,1,,
hr5405-113,Finance and Financial Sector,"Administrative law and regulatory procedures|Bank accounts, deposits, capital|Banking and financial institutions regulation|Business investment and capital|Business records|Civil actions and liability|Commodities markets|Congressional oversight|Corporate finance and management|Financial services and investments|Government information and archives|Government studies and investigations|Inflation and prices|Licensing and registrations|Securities|Securities and Exchange Commission (SEC)|Small business|State and local government operations|Wages and earnings",2014-09-08,"To make technical corrections to the Dodd-Frank Wall Street Reform and Consumer Protection Act, to enhance the ability of small and emerging growth companies to access capital through public and private markets, to reduce regulatory burdens, and for other purposes.",Promoting Job Creation and Reducing Small Business Burdens Act,113,1,,
hr5421-113,Finance and Financial Sector,Banking and financial institutions regulation|Bankruptcy|Federal Reserve System|Federal appellate courts|Financial services and investments|Judges|Judicial review and appeals|Securities,2014-09-09,To amend title 11 of the United States Code in order to facilitate the resolution of an insolvent financial institution in bankruptcy.,Financial Institution Bankruptcy Act of 2014,113,1,,
hr5442-113,Finance and Financial Sector,Business records|Corporate finance and management|Financial services and investments|Government information and archives|Securities|State and local taxation,2014-09-10,To amend the Securities Exchange Act of 1934 to require the disclosure of total corporate tax paid by a corporation in each annual report required to be filed under such Act.,Corporate Transparency and Accountability Act,113,1,,
hr5461-113,Finance and Financial Sector,"Accounting and auditing|Administrative law and regulatory procedures|Bank accounts, deposits, capital|Banking and financial institutions regulation|Business records|Commodities markets|Commodity Futures Trading Commission|Consumer Financial Protection Bureau|Corporate finance and management|Credit and credit markets|Financial services and investments|Foreign and international corporations|Housing finance and home ownership|Insurance industry and regulation|Securities|User charges and fees",2014-09-15,"To clarify the application of certain leverage and risk-based requirements under the Dodd-Frank Wall Street Reform and Consumer Protection Act, to improve upon the definitions provided for points and fees in connection with a mortgage transaction, and for other purposes.",,113,1,,
s2868-113,Finance and Financial Sector,Banking and financial institutions regulation|Civil actions and liability|Financial services and investments|Government studies and investigations|Securities|Securities and Exchange Commission (SEC),2014-09-18,"A bill to establish a statute of limitations for certain actions of the Securities and Exchange Commission, and for other purposes.",,113,1,,
hr5786-113,Finance and Financial Sector,"Administrative law and regulatory procedures|Administrative remedies|Bank accounts, deposits, capital|Banking and financial institutions regulation|Consumer Financial Protection Bureau|Consumer affairs|Consumer credit|Federal Reserve System|Federal officials|Housing finance and home ownership|Real estate business|Right of privacy|Rural conditions and development|Small business",2014-12-03,"To amend certain banking statutes to exempt community banks from certain regulatory requirements, to include a community bank representative in the membership of the Board of Governors of the Federal Reserve System, to create a process for a county to be designated as a rural area, and for other purposes.",Small Financial Institutions Regulatory Relief Act of 2014,113,1,,
hr5892-113,Finance and Financial Sector,"Administrative law and regulatory procedures|Banking and financial institutions regulation|Computers and information technology|Contracts and agency|Currency|State and local government operations|Tax administration and collection, taxpayers",2015-01-02,To protect cryptocurrencies.,Online Market Protection Act of 2014,113,1,,
hr113-114,Finance and Financial Sector,"Administrative law and regulatory procedures|Banking and financial institutions regulation|Competitiveness, trade promotion, trade deficits|Congressional oversight|Diplomacy, foreign officials, Americans abroad|Economic performance and conditions|Federal Reserve System|Financial services and investments|Foreign and international banking|Government employee pay, benefits, personnel management|Government ethics and transparency, public corruption|Government information and archives|Government studies and investigations|Inflation and prices|Small business|Transportation costs|Travel and tourism",2015-01-06,"To improve the accountability and transparency of the Board of Governors of the Federal Reserve System, and for other purposes.",Federal Reserve Accountability and Transparency Act of 2015,114,1,,
hr26-114,Finance and Financial Sector,"Administrative law and regulatory procedures|Advisory bodies|Banking and financial institutions regulation|Business records|Civil actions and liability|Commodities markets|Congressional oversight|Consumer affairs|Criminal justice information and records|Department of the Treasury|Disaster relief and insurance|Federal Reserve System|Federal officials|Federal preemption|Financial services and investments|Government corporations and government-sponsored enterprises|Government studies and investigations|Insurance industry and regulation|Licensing and registrations|Life, casualty, property insurance|Performance measurement|Securities|Small business|State and local government operations|Terrorism",2015-01-06,"To extend the termination date of the Terrorism Insurance Program established under the Terrorism Risk Insurance Act of 2002, and for other purposes.",Terrorism Risk Insurance Program Reauthorization Act of 2015,114,1,,
hr37-114,Finance and Financial Sector,"Administrative law and regulatory procedures|Bank accounts, deposits, capital|Banking and financial institutions regulation|Business investment and capital|Business records|Civil actions and liability|Commodities markets|Congressional oversight|Corporate finance and management|Financial services and investments|Government information and archives|Government studies and investigations|Inflation and prices|Licensing and registrations|Securities|Securities and Exchange Commission (SEC)|Small business|State and local government operations|Wages and earnings",2015-01-06,"To make technical corrections to the Dodd-Frank Wall Street Reform and Consumer Protection Act, to enhance the ability of small and emerging growth companies to access capital through public and private markets, to reduce regulatory burdens, and for other purposes.",Promoting Job Creation and Reducing Small Business Burdens Act,114,1,,
hr97-114,Finance and Financial Sector,Bankruptcy|Corporate finance and management|Employee benefits and pensions|Health care costs and insurance|Labor-management relations|Securities|Unemployment|Wages and earnings,2015-01-06,"To amend title 11, United States Code, to improve protections for employees and retirees in business bankruptcies.",Protecting Employees and Retirees in Business Bankruptcies Act of 2015,114,1,,
s67-114,Finance and Financial Sector,Accounting and auditing|Bankruptcy|Business records|Consumer affairs|Executive agency funding and structure|Financial services and investments|Fraud offenses and financial crimes|Government corporations and government-sponsored enterprises|Government information and archives|Judicial procedure and administration|Legal fees and court costs|Securities|Securities and Exchange Commission (SEC),2015-01-07,"A bill to amend the Securities Investor Protection Act of 1970 to confirm that a customer's net equity claim is based on the customer's last statement and that certain recoveries are prohibited, to change how trustees are appointed, and for other purposes.",Restoring Main Street Investor Protection and Confidence Act,114,1,,
hr418-114,Finance and Financial Sector,"Business records|Corporate finance and management|Elections, voting, political campaign regulation|Political advertising|Securities",2015-01-20,"To amend the securities laws to require that registration statements, quarterly and annual reports, and proxy solicitations of public companies include a disclosure to shareholders of any expenditure made by that company in support of or in opposition to any candidate for Federal, State, or local public office.",Corporate Politics Transparency Act,114,1,,
hr446-114,Finance and Financial Sector,"Administrative law and regulatory procedures|Civil actions and liability|Congressional oversight|Corporate finance and management|Elections, voting, political campaign regulation|Financial services and investments|Government information and archives|Government studies and investigations|Securities|Securities and Exchange Commission (SEC)",2015-01-21,"To amend the Securities Exchange Act of 1934 to require shareholder authorization before a public company may make certain political expenditures, and for other purposes.",Shareholder Protection Act of 2015,114,1,,
s214-114,Finance and Financial Sector,"Administrative law and regulatory procedures|Civil actions and liability|Congressional oversight|Corporate finance and management|Elections, voting, political campaign regulation|Financial services and investments|Government information and archives|Government studies and investigations|Securities|Securities and Exchange Commission (SEC)",2015-01-21,"A bill to amend the Securities Exchange Act of 1934 to require shareholder authorization before a public company may make certain political expenditures, and for other purposes.",Shareholder Protection Act of 2015,114,1,,
hr686-114,Finance and Financial Sector,Banking and financial institutions regulation|Business records|Corporate finance and management|Licensing and registrations|Securities|Small business,2015-02-03,To amend the Securities Exchange Act of 1934 to exempt from registration brokers performing services in connection with the transfer of ownership of smaller privately held companies.,"Small Business Mergers, Acquisitions, Sales, and Brokerage Simplification Act of 2015",114,1,,
hr888-114,Finance and Financial Sector,Administrative law and regulatory procedures|Banking and financial institutions regulation|Business investment and capital|Business records|Corporate finance and management|Federal Reserve System|Financial services and investments,2015-02-11,"To amend the Dodd-Frank Wall Street Reform and Consumer Protection Act to require certain systemically important entities to account for the financial benefit they receive as a result of the expectations on the part of shareholders, creditors, and counterparties of such entities that the Government will shield them from losses in the event of failure, and for other purposes.",Subsidy Reserve Act of 2015,114,1,,
hr1048-114,Finance and Financial Sector,Accounting and auditing|Appropriations|Budget deficits and national debt|Financial services and investments|Securities,2015-02-24,To clarify that funding for the standard setting body designated pursuant to section 19(b) of the Securities Act of 1933 is not subject to the sequester.,,114,1,,
s550-114,Finance and Financial Sector,Accounting and auditing|Appropriations|Budget deficits and national debt|Financial services and investments|Securities,2015-02-24,A bill to clarify that funding for the standard setting body designated pursuant to section 19(b) of the Securities Act of 1933 is not subject to the sequester.,,114,1,,
hr1098-114,Finance and Financial Sector,"Alternative dispute resolution, mediation, arbitration|Civil actions and liability|Consumer affairs|Financial services and investments|Securities",2015-02-26,"To amend the Securities Exchange Act of 1934 to prohibit mandatory pre-dispute arbitration agreements, and for other purposes.",Investor Choice Act of 2015,114,1,,
hr1163-114,Finance and Financial Sector,Administrative law and regulatory procedures|Banking and financial institutions regulation|Commodities markets|Commodity Futures Trading Commission|Congressional oversight|Consumer affairs|Financial services and investments|Government corporations and government-sponsored enterprises|Government studies and investigations|User charges and fees,2015-02-27,To protect investors in futures contracts.,Futures Investor Protection Act,114,1,,
hr1165-114,Finance and Financial Sector,Accounting and auditing|Banking and financial institutions regulation|Financial services and investments|Securities|Securities and Exchange Commission (SEC),2015-02-27,To direct the Securities and Exchange Commission to require that repurchase-to-maturity transactions be treated as secured borrowings.,Keep Repos to Maturity on Balance Sheet Act of 2015,114,1,,
hr1166-114,Finance and Financial Sector,Accounting and auditing|Administrative law and regulatory procedures|Corporate finance and management|Financial services and investments|Securities|Securities and Exchange Commission (SEC),2015-02-27,To direct the Securities and Exchange Commission to require any person subject to accounting principles or standards under the securities laws to show all transactions of such person on the balance sheet of such person.,Nothing Off Balance Sheet Act of 2015,114,1,,
hr1351-114,Finance and Financial Sector,"Accounting and auditing|Disaster relief and insurance|Government corporations and government-sponsored enterprises|Housing finance and home ownership|Life, casualty, property insurance|Securities",2015-03-10,To establish a State-sponsored national catastrophic risk consortium to ensure the availability and affordability of homeowners' insurance coverage for catastrophic events.,Homeowners' Defense Act of 2015,114,1,,
s702-114,Finance and Financial Sector,Administrative law and regulatory procedures|Securities|Securities and Exchange Commission (SEC),2015-03-11,"A bill to strengthen the prohibitions on insider trading, and for other purposes.",Stop Illegal Insider Trading Act,114,1,,
hr1659-114,Finance and Financial Sector,Business investment and capital|Business records|Corporate finance and management|Financial services and investments|Government information and archives|Licensing and registrations|Securities,2015-03-26,To amend certain provisions of the securities laws relating to the treatment of emerging growth companies.,Improving Access to Capital for Emerging Growth Companies Act,114,1,,
hr1675-114,Finance and Financial Sector,Administrative law and regulatory procedures|Employee benefits and pensions|Financial services and investments|Securities|Securities and Exchange Commission (SEC),2015-03-26,To direct the Securities and Exchange Commission to revise its rules so as to increase the threshold amount for requiring issuers to provide certain disclosures relating to compensatory benefit plans.,Capital Markets Improvement Act of 2016,114,1,,
hr1723-114,Finance and Financial Sector,Government information and archives|Securities|Small business,2015-03-26,To direct the Securities and Exchange Commission to revise Form S-1 so as to permit smaller reporting companies to use forward incorporation by reference for such form.,Small Company Simple Registration Act of 2015,114,1,,
hr1839-114,Finance and Financial Sector,Financial services and investments|Securities,2015-04-16,"To amend the Securities Act of 1933 to exempt certain transactions involving purchases by accredited investors, and for other purposes.",Reforming Access for Investments in Startup Enterprises Act of 2015 or the RAISE Act of 2015,114,1,,
hr1866-114,Finance and Financial Sector,"Adult education and literacy|Education programs funding|Elementary and secondary education|Financial literacy|Higher education|Research administration and funding|Teaching, teachers, curricula",2015-04-16,"To establish a grant program in the Bureau of Consumer Financial Protection to fund the establishment of centers of excellence to support research, development and planning, implementation, and evaluation of effective programs in financial literacy education for young people and families ages 8 through 24 years old, and for other purposes.",Young Americans Financial Literacy Act,114,1,,
s978-114,Finance and Financial Sector,"Administrative law and regulatory procedures|Business investment and capital|Financial services and investments|Higher education|Marketing and advertising|Securities|Securities and Exchange Commission (SEC)|Social work, volunteer service, charitable organizations",2015-04-16,A bill to clarify the definition of general solicitation under Federal securities law.,HALOS Act,114,1,,
s1010-114,Finance and Financial Sector,Banking and financial institutions regulation|Business records|Corporate finance and management|Licensing and registrations|Securities|Small business,2015-04-20,A bill to amend the Securities Exchange Act of 1934 to exempt from registration brokers performing services in connection with the transfer of ownership of smaller privately held companies.,"Small Business Mergers, Acquisitions, Sales, and Brokerage Simplification Act of 2015",114,1,,
hr1912-114,Finance and Financial Sector,Administrative law and regulatory procedures|Business investment and capital|Business records|Competition and antitrust|Congressional oversight|Corporate finance and management|Financial services and investments|Government studies and investigations|Securities|Securities and Exchange Commission (SEC)|Small business,2015-04-21,"To exempt smaller public companies from requirements relating to the use of Extensible Business Reporting Language for periodic reporting to the Securities and Exchange Commission, and for other purposes.",Small Company Disclosure Simplification Act,114,1,,
hr1965-114,Finance and Financial Sector,Administrative law and regulatory procedures|Business investment and capital|Business records|Competition and antitrust|Congressional oversight|Corporate finance and management|Financial services and investments|Government studies and investigations|Securities|Securities and Exchange Commission (SEC)|Small business,2015-04-22,"To exempt smaller public companies from requirements relating to the use of Extensible Business Reporting Language for periodic reporting to the Securities and Exchange Commission, and for other purposes.",Small Company Disclosure Simplification Act,114,1,,
hr1982-114,Finance and Financial Sector,Accounting and auditing|Bankruptcy|Business records|Consumer affairs|Executive agency funding and structure|Financial services and investments|Fraud offenses and financial crimes|Government corporations and government-sponsored enterprises|Government information and archives|Judicial procedure and administration|Legal fees and court costs|Securities|Securities and Exchange Commission (SEC),2015-04-23,"To amend the Securities Investor Protection Act of 1970 to confirm that a customer's net equity claim is based on the customer's last statement and that certain recoveries are prohibited, to change how trustees are appointed, and for other purposes.",Restoring Main Street Investor Protection and Confidence Act,114,1,,
hr2064-114,Finance and Financial Sector,Administrative law and regulatory procedures|Business investment and capital|Securities|Securities and Exchange Commission (SEC),2015-04-28,To amend certain provisions of the securities laws relating to the treatment of emerging growth companies.,Improving Access to Capital for Emerging Growth Companies Act,114,1,,
s1156-114,Finance and Financial Sector,Bankruptcy|Corporate finance and management|Employee benefits and pensions|Health care costs and insurance|Labor-management relations|Securities|Unemployment|Wages and earnings,2015-04-30,"A bill to amend title 11, United States Code, to improve protections for employees and retirees in business bankruptcies.",Protecting Employees and Retirees in Business Bankruptcies Act of 2015,114,1,,
hr2209-114,Finance and Financial Sector,Administrative law and regulatory procedures|Banking and financial institutions regulation|Department of the Treasury|Federal Deposit Insurance Corporation (FDIC)|Federal Reserve System|Securities|State and local finance,2015-05-01,"To require the appropriate Federal banking agencies to treat certain municipal obligations as level 2A liquid assets, and for other purposes.",,114,1,,
hr2289-114,Finance and Financial Sector,"Administrative law and regulatory procedures|Administrative remedies|Banking and financial institutions regulation|Bankruptcy|Business records|Commodities markets|Commodity Futures Trading Commission|Computers and information technology|Congressional oversight|Electric power generation and transmission|Executive agency funding and structure|Financial services and investments|Government employee pay, benefits, personnel management|Government studies and investigations|Judicial review and appeals|Metals|Minority employment|Oil and gas|Public utilities and utility rates|Securities|Women's employment",2015-05-13,"To reauthorize the Commodity Futures Trading Commission, to better protect futures customers, to provide end-users with market certainty, to make basic reforms to ensure transparency and accountability at the Commission, to help farmers, ranchers, and end-users manage risks, to help keep consumer costs low, and for other purposes.",Commodity End-User Relief Act,114,1,,
hr2356-114,Finance and Financial Sector,Administrative law and regulatory procedures|Financial services and investments|Securities|Securities and Exchange Commission (SEC),2015-05-15,"To direct the Securities and Exchange Commission to provide a safe harbor related to certain investment fund research reports, and for other purposes.",Fair Access to Investment Research Act of 2015,114,1,,
hr2477-114,Finance and Financial Sector,Administrative law and regulatory procedures|Banking and financial institutions regulation|Commodities markets|Commodity Futures Trading Commission|Congressional oversight|Consumer Financial Protection Bureau|Corporate finance and management|Department of the Treasury|Federal Deposit Insurance Corporation (FDIC)|Federal Housing Finance Agency|Federal Reserve System|Financial services and investments|Government information and archives|National Credit Union Administration|Securities|Securities and Exchange Commission (SEC)|State and local finance,2015-05-20,"To amend securities, commodities, and banking laws to make the information reported to financial regulatory agencies electronically searchable, and for other purposes.",Financial Transparency Act of 2015,114,1,,
hr2947-114,Finance and Financial Sector,Banking and financial institutions regulation|Bankruptcy|Federal Reserve System|Federal appellate courts|Financial services and investments|Judges|Judicial review and appeals|Securities,2015-07-07,To amend title 11 of the United States Code in order to facilitate the resolution of an insolvent financial institution in bankruptcy.,Financial Institution Bankruptcy Act of 2016,114,1,,
s1730-114,Finance and Financial Sector,Administrative remedies|Civil actions and liability|Financial services and investments|Fraud offenses and financial crimes|Securities,2015-07-09,"A bill to enhance civil penalties under the Federal securities laws, and for other purposes.",Stronger Enforcement of Civil Penalties Act of 2015,114,1,,
s1840-114,Finance and Financial Sector,Administrative law and regulatory procedures|Banking and financial institutions regulation|Bankruptcy|Contracts and agency|Corporate finance and management|Federal Deposit Insurance Corporation (FDIC)|Judges|Judicial review and appeals|Licensing and registrations|Securities,2015-07-22,"A bill to amend title 11, United States Code, to provide for the liquidation, reorganization, or recapitalization of a covered financial corporation, and for other purposes.",Taxpayer Protection and Responsible Resolution Act,114,1,,
s1841-114,Finance and Financial Sector,Banking and financial institutions regulation|Bankruptcy|Contracts and agency|Corporate finance and management|Judges|Licensing and registrations|Securities,2015-07-22,"A bill to amend title 11, United States Code, to provide for the liquidation, reorganization, or recapitalization of a covered financial corporation, and for other purposes.",Taxpayer Protection and Responsible Resolution Act,114,1,,
hr3189-114,Finance and Financial Sector,"Accounting and auditing|Administrative law and regulatory procedures|Bank accounts, deposits, capital|Banking and financial institutions regulation|Congressional oversight|Economic performance and conditions|Federal Reserve System|Federal officials|Financial services and investments|Foreign and international banking|Government employee pay, benefits, personnel management|Government ethics and transparency, public corruption|Government information and archives|Government studies and investigations|Inflation and prices|Interest, dividends, interest rates|International monetary system and foreign exchange|International organizations and cooperation|Monetary policy|Securities",2015-07-23,"To amend the Federal Reserve Act to establish requirements for policy rules and blackout periods of the Federal Open Market Committee, to establish requirements for certain activities of the Board of Governors of the Federal Reserve System, and to amend title 31, United States Code, to reform the manner in which the Board of Governors of the Federal Reserve System is audited, and for other purposes.",Fed Oversight Reform and Modernization Act of 2015,114,1,,
hr3226-114,Finance and Financial Sector,Administrative law and regulatory procedures|Business ethics|Business records|Corporate finance and management|Crimes against children|Foreign and international corporations|Government information and archives|Human rights|Human trafficking|Labor standards|Securities|Securities and Exchange Commission (SEC)|Sex offenses|Youth employment and child labor,2015-07-27,"To amend the Securities Exchange Act of 1934 to require certain companies to disclose information describing any measures the company has taken to identify and address conditions of forced labor, slavery, human trafficking, and the worst forms of child labor within the company's supply chains.",Business Supply Chain Transparency on Trafficking and Slavery Act of 2015,114,1,,
s1960-114,Finance and Financial Sector,Banking and financial institutions regulation|Civil actions and liability|Financial services and investments|Government studies and investigations|Securities|Securities and Exchange Commission (SEC),2015-08-05,"A bill to establish a statute of limitations for certain actions of the Securities and Exchange Commission, and for other purposes.",,114,1,,
s1968-114,Finance and Financial Sector,Administrative law and regulatory procedures|Business ethics|Business records|Corporate finance and management|Crimes against children|Foreign and international corporations|Government information and archives|Human rights|Human trafficking|Labor standards|Securities|Securities and Exchange Commission (SEC)|Sex offenses|Youth employment and child labor,2015-08-05,"A bill to amend the Securities Exchange Act of 1934 to require certain companies to disclose information describing any measures the company has taken to identify and address conditions of forced labor, slavery, human trafficking, and the worst forms of child labor within the company's supply chains.",Business Supply Chain Transparency on Trafficking and Slavery Act of 2015,114,1,,
hr3738-114,Finance and Financial Sector,Administrative law and regulatory procedures|Advisory bodies|Banking and financial institutions regulation|Business records|Computer security and identity theft|Department of the Treasury|Financial services and investments|Government information and archives|Government studies and investigations|Performance measurement,2015-10-09,"To amend the Dodd-Frank Wall Street Reform and Consumer Protection Act to improve the transparency, accountability, governance, and operations of the Office of Financial Research, and for other purposes.",Office of Financial Research Accountability Act of 2015,114,1,,
hr3784-114,Finance and Financial Sector,Administrative law and regulatory procedures|Advisory bodies|Business investment and capital|Corporate finance and management|Economic performance and conditions|Executive agency funding and structure|Financial services and investments|Minority and disadvantaged businesses|Securities|Securities and Exchange Commission (SEC)|Small business|Women in business,2015-10-21,"To amend the Securities Exchange Act of 1934 to establish an Office of the Advocate for Small Business Capital Formation and a Small Business Capital Formation Advisory Committee, and for other purposes.",SEC Small Business Advocate Act of 2016,114,1,,
hr3798-114,Finance and Financial Sector,Administrative remedies|Civil actions and liability|Evidence and witnesses|Securities and Exchange Commission (SEC),2015-10-22,"To amend the Securities Exchange Act of 1934 to permit private persons to compel the Securities and Exchange Commission to seek legal or equitable remedies in a civil action, instead of an administrative proceeding, and for other purposes.",Due Process Restoration Act of 2015,114,1,,
hr3868-114,Finance and Financial Sector,Administrative law and regulatory procedures|Banking and financial institutions regulation|Business investment and capital|Business records|Financial services and investments|Licensing and registrations|Securities|Securities and Exchange Commission (SEC),2015-11-02,"To amend the Investment Company Act of 1940 to remove certain restrictions on the ability of business development companies to own securities of investment advisers and certain financial companies, to change certain requirements relating to the capital structure of business development companies, to direct the Securities and Exchange Commission to revise certain rules relating to business development companies, and for other purposes.",Small Business Credit Availability Act,114,1,,
hr4166-114,Finance and Financial Sector,Corporate finance and management|Financial services and investments|Securities,2015-12-03,To amend the Securities Exchange Act of 1934 to provide specific credit risk retention requirements to certain qualifying collateralized loan obligations.,Expanding Proven Financing for American Employers Act,114,1,,
hr4498-114,Finance and Financial Sector,"Administrative law and regulatory procedures|Business investment and capital|Financial services and investments|Higher education|Marketing and advertising|Securities|Securities and Exchange Commission (SEC)|Social work, volunteer service, charitable organizations",2016-02-09,To clarify the definition of general solicitation under Federal securities law.,Helping Angels Lead Our Startups Act,114,1,,
hr4638-114,Finance and Financial Sector,Banking and financial institutions regulation|Business investment and capital|Executive agency funding and structure|Licensing and registrations|Securities|Securities and Exchange Commission (SEC),2016-02-26,"To amend the Securities Exchange Act of 1934 to allow for the creation of venture exchanges to promote liquidity of venture securities, and for other purposes.",Main Street Growth Act,114,1,,
s2720-114,Finance and Financial Sector,Administrative law and regulatory procedures|Insurance industry and regulation|Securities|Securities and Exchange Commission (SEC),2016-03-17,"A bill to require the Securities and Exchange Commission to amend certain regulations, and for other purposes.",Brokaw Act,114,1,,
hr4855-114,Finance and Financial Sector,Business investment and capital|Financial services and investments|Securities,2016-03-23,To amend provisions in the securities laws relating to regulation crowdfunding to raise the dollar amount limit and to clarify certain requirements and exclusions for funding portals established by such Act.,Fix Crowdfunding Act,114,1,,
hr4894-114,Finance and Financial Sector,Banking and financial institutions regulation|Bankruptcy|Financial services and investments,2016-04-11,To repeal title II of the Dodd-Frank Wall Street Reform and Consumer Protection Act.,,114,1,,
hr5019-114,Finance and Financial Sector,Administrative law and regulatory procedures|Financial services and investments|Securities|Securities and Exchange Commission (SEC),2016-04-21,"To direct the Securities and Exchange Commission to provide a safe harbor related to certain investment fund research reports, and for other purposes.",Fair Access to Investment Research Act of 2016,114,1,,
hr5069-114,Finance and Financial Sector,Accounting and auditing|Administrative law and regulatory procedures|Banking and financial institutions regulation|Business records|Computer security and identity theft|Corporate finance and management|Securities|Securities and Exchange Commission (SEC),2016-04-26,To amend the Sarbanes-Oxley Act of 2002 to protect investors by expanding the mandated internal controls reports and disclosures to include cybersecurity systems and risks of publicly traded companies.,Cybersecurity Systems and Risks Reporting Act,114,1,,
s2867-114,Finance and Financial Sector,Administrative law and regulatory procedures|Advisory bodies|Business investment and capital|Corporate finance and management|Economic performance and conditions|Executive agency funding and structure|Financial services and investments|Minority and disadvantaged businesses|Securities|Securities and Exchange Commission (SEC)|Small business|Women in business,2016-04-27,"A bill to amend the Securities Exchange Act of 1934 to establish an Office of the Advocate for Small Business Capital Formation and a Small Business Capital Formation Advisory Committee, and for other purposes.",SEC Small Business Advocate Act of 2016,114,1,,
hr5143-114,Finance and Financial Sector,Administrative law and regulatory procedures|Congressional oversight|Consumer affairs|Corporate finance and management|Department of the Treasury|Executive agency funding and structure|Federal Reserve System|Financial Stability Oversight Council|Government information and archives|Government studies and investigations|Insurance industry and regulation|Intergovernmental relations|International organizations and cooperation|State and local government operations|Trade agreements and negotiations,2016-04-29,"To provide greater transparency and congressional oversight of international insurance standards setting processes, and for other purposes.",Transparent Insurance Standards Act of 2016,114,1,,
hr5311-114,Finance and Financial Sector,Administrative law and regulatory procedures|Business ethics|Corporate finance and management|Financial services and investments|Government information and archives|Licensing and registrations|Securities|Securities and Exchange Commission (SEC),2016-05-24,"To improve the quality of proxy advisory firms for the protection of investors and the U.S. economy, and in the public interest, by fostering accountability, transparency, responsiveness, and competition in the proxy advisory firm industry.",Corporate Governance Reform and Transparency Act of 2016,114,1,,
hr5424-114,Finance and Financial Sector,Administrative law and regulatory procedures|Business records|Financial services and investments|Fraud offenses and financial crimes|Marketing and advertising|Securities|Securities and Exchange Commission (SEC),2016-06-09,"To amend the Investment Advisers Act of 1940 and to direct the Securities and Exchange Commission to amend its rules to modernize certain requirements relating to investment advisers, and for other purposes.",Investment Advisers Modernization Act of 2016,114,1,,
hr5429-114,Finance and Financial Sector,Administrative law and regulatory procedures|Corporate finance and management|Financial services and investments|Government studies and investigations|Securities|Securities and Exchange Commission (SEC)|Small business,2016-06-09,To improve the consideration by the Securities and Exchange Commission of the costs and benefits of its regulations and orders.,SEC Regulatory Accountability Act,114,1,,
hr5527-114,Finance and Financial Sector,"Administrative law and regulatory procedures|Advanced technology and technological innovations|Business investment and capital|Competition and antitrust|Competitiveness, trade promotion, trade deficits|Congressional oversight|Consumer Financial Protection Bureau|Economic performance and conditions|Financial services and investments|Industrial policy and productivity|Inflation and prices|Judicial review and appeals|Legislative rules and procedure|Unemployment",2016-06-16,"To amend the Consumer Financial Protection Act of 2010 to require congressional review of rulemaking of the Bureau of Consumer Financial Protection, and for other purposes.",CFPB Rule Accountability Act of 2016,114,1,,
s3092-114,Finance and Financial Sector,Administrative law and regulatory procedures|Financial services and investments|Securities|Securities and Exchange Commission (SEC),2016-06-23,"A bill to direct the Securities and Exchange Commission to provide a safe harbor related to certain investment fund research reports, and for other purposes.",Fair Access to Investment Research Act of 2016,114,1,,
hr5983-114,Finance and Financial Sector,"Administrative law and regulatory procedures|Administrative remedies|Advanced technology and technological innovations|Advisory bodies|Aging|Appropriations|Asia|Bank accounts, deposits, capital|Banking and financial institutions regulation|Bankruptcy|Business ethics|Business investment and capital|Business records|Civil actions and liability|Competition and antitrust|Competitiveness, trade promotion, trade deficits|Congressional oversight|Consumer Financial Protection Bureau|Consumer affairs|Consumer credit|Corporate finance and management|Department of the Treasury|Economic performance and conditions|Employment discrimination and employee rights|Evidence and witnesses|Executive agency funding and structure|Federal Deposit Insurance Corporation (FDIC)|Federal Reserve System|Federal appellate courts|Federal officials|Financial services and investments|Fraud offenses and financial crimes|Government information and archives|Government studies and investigations|Industrial policy and productivity|Inflation and prices|Iran|Judges|Judicial procedure and administration|Judicial review and appeals|Legislative rules and procedure|Licensing and registrations|Middle East|Minority and disadvantaged businesses|Monetary policy|National Credit Union Administration|North Korea|Securities|Securities and Exchange Commission (SEC)|Small business|Syria|Terrorism|Unemployment|User charges and fees|Women in business",2016-09-09,"To create hope and opportunity for consumers, investors, and entrepreneurs by ending bailouts and Too Big to Fail, holding Washington and Wall Street accountable, eliminating red tape to increase access to capital and credit, and repealing the provisions of the Dodd-Frank Act that make America less prosperous, less stable, and less free, and for other purposes.",Financial CHOICE Act of 2016,114,1,,
hr6126-114,Finance and Financial Sector,Business records|Corporate finance and management|Financial services and investments|Government information and archives|Securities|State and local taxation,2016-09-22,"To amend the Securities Exchange Act of 1934 to require the disclosure of total corporate tax paid by a corporation in each annual report required to be filed under such Act, and for other purposes.",Corporate Transparency and Accountability Act,114,1,,
s3404-114,Finance and Financial Sector,"Administrative law and regulatory procedures|Bank accounts, deposits, capital|Banking and financial institutions regulation|Department of the Treasury|Federal Deposit Insurance Corporation (FDIC)|Federal Reserve System|Financial services and investments|Securities|State and local finance",2016-09-27,"A bill to amend the Federal Deposit Insurance Act to require the appropriate Federal banking agencies to treat certain municipal obligations as level 2B liquid assets, and for other purposes.",,114,1,,
hr6244-114,Finance and Financial Sector,"Administrative law and regulatory procedures|Bank accounts, deposits, capital|Banking and financial institutions regulation|Department of the Treasury|Federal Deposit Insurance Corporation (FDIC)|Federal Reserve System|Financial services and investments",2016-09-28,"To require the appropriate Federal banking agencies to treat certain non-significant investments in the capital of unconsolidated financial institutions as qualifying capital instruments, and for other purposes.",,114,1,,
hr6266-114,Finance and Financial Sector,"Bank accounts, deposits, capital|Consumer credit|Corporate finance and management|Employee benefits and pensions",2016-09-28,"To amend the Federal Deposit Insurance Act to clarify the definition of a deposit broker, and for other purposes.",,114,1,,
s3453-114,Finance and Financial Sector,Business investment and capital|Financial services and investments|Securities,2016-09-28,A bill to amend provisions in the securities laws relating to regulation crowdfunding to raise the dollar amount limit and to clarify certain requirements and exclusions for funding portals established by such Act.,Crowdfunding Enhancement Act,114,1,,
s3500-114,Finance and Financial Sector,"Administrative law and regulatory procedures|Bank accounts, deposits, capital|Banking and financial institutions regulation|Department of the Treasury|Federal Deposit Insurance Corporation (FDIC)|Federal Reserve System|Financial services and investments|Securities",2016-12-05,"A bill to require the appropriate Federal banking agencies to treat certain non-significant investments in the capital of unconsolidated financial institutions as qualifying capital instruments, and for other purposes.",,114,1,,
s3505-114,Finance and Financial Sector,Banking and financial institutions regulation|Bankruptcy|Business investment and capital|Congressional oversight|Corporate finance and management|Financial services and investments|Government studies and investigations|Judges|Judicial procedure and administration|Supreme Court,2016-12-06,"A bill to require analysis of various bankruptcy proposals in order to determine whether those proposals would reduce systemic risk and moral hazard, and for other purposes.",Bankruptcy Fairness Act of 2016,114,1,,
hr6488-114,Finance and Financial Sector,Accounting and auditing|Administrative law and regulatory procedures|Government information and archives|Securities|Securities and Exchange Commission (SEC)|State and local finance,2016-12-08,"To amend the Securities Act of 1933 and the Securities Exchange Act of 1934 to remove the exemption from registration for certain private activity bonds, to authorize the Securities and Exchange Commission to require the preparation of periodic reports by issuers of municipal securities, to authorize the Securities and Exchange Commission to establish baseline mandatory disclosure in primary offerings of such securities, and for other purposes.",Municipal Securities Disclosure Act of 2016,114,1,,
hr138-115,Finance and Financial Sector,Bankruptcy|Corporate finance and management|Employee benefits and pensions|Health care costs and insurance|Labor-management relations|Securities|Unemployment|Wages and earnings,2017-01-03,"To amend title 11, United States Code, to improve protections for employees and retirees in business bankruptcies.",Protecting Employees and Retirees in Business Bankruptcies Act of 2017,115,1,,
hr78-115,Finance and Financial Sector,Administrative law and regulatory procedures|Corporate finance and management|Financial services and investments|Government studies and investigations|Securities|Securities and Exchange Commission (SEC)|Small business,2017-01-03,To improve the consideration by the Securities and Exchange Commission of the costs and benefits of its regulations and orders.,SEC Regulatory Accountability Act,115,1,,
hr79-115,Finance and Financial Sector,"Administrative law and regulatory procedures|Business investment and capital|Financial services and investments|Higher education|Marketing and advertising|Securities|Securities and Exchange Commission (SEC)|Social work, volunteer service, charitable organizations",2017-01-03,To clarify the definition of general solicitation under Federal securities law.,HALOS Act,115,1,,
hr238-115,Finance and Financial Sector,"Administrative law and regulatory procedures|Administrative remedies|Banking and financial institutions regulation|Bankruptcy|Business records|Commodities markets|Commodity Futures Trading Commission|Computers and information technology|Congressional oversight|Electric power generation and transmission|Executive agency funding and structure|Financial services and investments|Government employee pay, benefits, personnel management|Government studies and investigations|Judicial review and appeals|Minority employment|Oil and gas|Public utilities and utility rates|Securities|Women's employment",2017-01-04,"To reauthorize the Commodity Futures Trading Commission, to better protect futures customers, to provide end-users with market certainty, to make basic reforms to ensure transparency and accountability at the Commission, to help farmers, ranchers, and end-users manage risks, to help keep consumer costs low, and for other purposes.",Commodity End-User Relief Act,115,1,,
hr317-115,Finance and Financial Sector,Accounting and auditing|Banking and financial institutions regulation|Financial services and investments|Securities|Securities and Exchange Commission (SEC),2017-01-05,To direct the Securities and Exchange Commission to require that repurchase-to-maturity transactions be treated as secured borrowings.,Keep Repos to Maturity on Balance Sheet Act of 2017,115,1,,
hr318-115,Finance and Financial Sector,Accounting and auditing|Administrative law and regulatory procedures|Corporate finance and management|Financial services and investments|Securities|Securities and Exchange Commission (SEC),2017-01-05,To direct the Securities and Exchange Commission to require any person subject to accounting principles or standards under the securities laws to show all transactions of such person on the balance sheet of such person.,Nothing Off Balance Sheet Act of 2017,115,1,,
hr376-115,Finance and Financial Sector,"Administrative law and regulatory procedures|Civil actions and liability|Congressional oversight|Corporate finance and management|Elections, voting, political campaign regulation|Financial services and investments|Government information and archives|Government studies and investigations|Securities|Securities and Exchange Commission (SEC)",2017-01-09,"To amend the Securities Exchange Act of 1934 to require shareholder authorization before a public company may make certain political expenditures, and for other purposes.",Shareholder Protection Act of 2017,115,1,,
hr477-115,Finance and Financial Sector,Banking and financial institutions regulation|Business records|Corporate finance and management|Licensing and registrations|Securities|Small business,2017-01-12,To amend the Securities Exchange Act of 1934 to exempt from registration brokers performing services in connection with the transfer of ownership of smaller privately held companies.,"Small Business Mergers, Acquisitions, Sales, and Brokerage Simplification Act of 2017",115,1,,
hr493-115,Finance and Financial Sector,Administrative law and regulatory procedures|Banking and financial institutions regulation|Business investment and capital|Business records|Corporate finance and management|Federal Reserve System|Financial services and investments,2017-01-12,"To amend the Dodd-Frank Wall Street Reform and Consumer Protection Act to require certain systemically important entities to account for the financial benefit they receive as a result of the expectations on the part of shareholders, creditors, and counterparties of such entities that the Government will shield them from losses in the event of failure, and for other purposes.",Subsidy Reserve Act of 2017,115,1,,
hr910-115,Finance and Financial Sector,Administrative law and regulatory procedures|Financial services and investments|Securities|Securities and Exchange Commission (SEC),2017-02-07,"To direct the Securities and Exchange Commission to provide a safe harbor related to certain investment fund research reports, and for other purposes.",Fair Access to Investment Research Act of 2017,115,1,,
s327-115,Finance and Financial Sector,Administrative law and regulatory procedures|Financial services and investments|Securities|Securities and Exchange Commission (SEC),2017-02-07,"A bill to direct the Securities and Exchange Commission to provide a safe harbor related to certain investment fund research reports, and for other purposes.",Fair Access to Investment Research Act of 2017,115,1,,
hr1459-115,Finance and Financial Sector,Appropriations|Banking and financial institutions regulation|Congressional oversight|Department of the Treasury|Executive agency funding and structure|Financial Stability Oversight Council|Financial crises and stabilization,2017-03-09,"To place the Financial Stability Oversight Council and the Office of Financial Research under the regular appropriations process, to provide for certain quarterly reporting and public notice and comment requirements for the Office of Financial Research, and for other purposes.",Financial Stability Oversight Council Reform Act,115,1,,
s588-115,Finance and Financial Sector,Administrative law and regulatory procedures|Business investment and capital|Financial services and investments|Marketing and advertising|Securities|Securities and Exchange Commission (SEC),2017-03-09,"A bill to require the Securities and Exchange Commission to clarify what constitutes a general solicitation under the Federal securities laws, and for other purposes.",HALOS Act,115,1,,
hr1530-115,Finance and Financial Sector,Administrative law and regulatory procedures|Banking and financial institutions regulation|Commodities markets|Commodity Futures Trading Commission|Congressional oversight|Consumer Financial Protection Bureau|Corporate finance and management|Department of the Treasury|Federal Deposit Insurance Corporation (FDIC)|Federal Housing Finance Agency|Federal Reserve System|Financial services and investments|Government information and archives|National Credit Union Administration|Securities|Securities and Exchange Commission (SEC)|State and local finance,2017-03-15,"To amend securities, commodities, and banking laws to make the information reported to financial regulatory agencies electronically searchable, to enable RegTech applications, and for other purposes.",Financial Transparency Act of 2017,115,1,,
hr1624-115,Finance and Financial Sector,Administrative law and regulatory procedures|Banking and financial institutions regulation|Department of the Treasury|Federal Deposit Insurance Corporation (FDIC)|Federal Reserve System|Securities|State and local finance,2017-03-20,"To require the appropriate Federal banking agencies to treat certain municipal obligations as no lower than level 2B liquid assets, and for other purposes.",Municipal Finance Support Act of 2017,115,1,,
hr1667-115,Finance and Financial Sector,Banking and financial institutions regulation|Bankruptcy|Federal Reserve System|Federal appellate courts|Financial services and investments|Judges|Judicial review and appeals|Securities,2017-03-22,To amend title 11 of the United States Code in order to facilitate the resolution of an insolvent financial institution in bankruptcy.,Financial Institution Bankruptcy Act of 2017,115,1,,
s779-115,Finance and Financial Sector,Administrative remedies|Civil actions and liability|Financial services and investments|Fraud offenses and financial crimes|Securities,2017-03-30,"A bill to enhance civil penalties under the Federal securities laws, and for other purposes.",Stronger Enforcement of Civil Penalties Act of 2017,115,1,,
s828-115,Finance and Financial Sector,"Administrative law and regulatory procedures|Bank accounts, deposits, capital|Banking and financial institutions regulation|Department of the Treasury|Federal Deposit Insurance Corporation (FDIC)|Federal Reserve System|Financial services and investments|Securities|State and local finance",2017-04-05,"A bill to amend the Federal Deposit Insurance Act to require the appropriate Federal banking agencies to treat certain municipal obligations as level 2B liquid assets, and for other purposes.",,115,1,,
hr2128-115,Finance and Financial Sector,Administrative remedies|Civil actions and liability|Evidence and witnesses|Securities and Exchange Commission (SEC),2017-04-25,"To amend the Securities Exchange Act of 1934 to permit private persons to compel the Securities and Exchange Commission to seek legal or equitable remedies in a civil action, instead of an administrative proceeding, and for other purposes.",Due Process Restoration Act of 2017,115,1,,
hr10-115,Finance and Financial Sector,"Accounting and auditing|Administrative law and regulatory procedures|Advanced technology and technological innovations|Advisory bodies|Aging|Appropriations|Bank accounts, deposits, capital|Banking and financial institutions regulation|Bankruptcy|Business ethics|Business investment and capital|Business records|Civil actions and liability|Commodities markets|Commodity Futures Trading Commission|Competition and antitrust|Competitiveness, trade promotion, trade deficits|Congressional oversight|Consumer Financial Protection Bureau|Consumer credit|Corporate finance and management|Department of the Treasury|Economic performance and conditions|Employment discrimination and employee rights|Executive agency funding and structure|Federal Deposit Insurance Corporation (FDIC)|Federal Housing Finance Agency|Federal Reserve System|Federal appellate courts|Financial crises and stabilization|Financial services and investments|Fraud offenses and financial crimes|Government information and archives|Government studies and investigations|Higher education|Housing finance and home ownership|Housing industry and standards|Industrial policy and productivity|Inflation and prices|Interest, dividends, interest rates|Judges|Judicial review and appeals|Legislative rules and procedure|Licensing and registrations|Marketing and advertising|Monetary policy|National Credit Union Administration|Real estate business|Retail and wholesale trades|Securities|Securities and Exchange Commission (SEC)|Small business|Social work, volunteer service, charitable organizations|Unemployment|User charges and fees",2017-04-26,"To create hope and opportunity for investors, consumers, and entrepreneurs by ending bailouts and Too Big to Fail, holding Washington and Wall Street accountable, eliminating red tape to increase access to capital and credit, and repealing the provisions of the Dodd-Frank Act that make America less prosperous, less stable, and less free, and for other purposes.",Financial CHOICE Act of 2017,115,1,,
s1031-115,Finance and Financial Sector,Business investment and capital|Financial services and investments|Securities,2017-05-03,A bill to amend provisions in the securities laws relating to regulation crowdfunding to raise the dollar amount limit and to clarify certain requirements and exclusions for funding portals established by such an Act.,Crowdfunding Enhancement Act,115,1,,
s1152-115,Finance and Financial Sector,"Bank accounts, deposits, capital|Banking and financial institutions regulation|Civil actions and liability|Credit and credit markets|Criminal investigation, prosecution, interrogation|Criminal justice information and records|Drug trafficking and controlled substances|Financial services and investments|Fraud offenses and financial crimes|Government information and archives",2017-05-17,"A bill to create protections for depository institutions that provide financial services to cannabis-related businesses, and for other purposes.",SAFE Banking Act,115,1,,
hr2674-115,Finance and Financial Sector,"Adult education and literacy|Education programs funding|Elementary and secondary education|Financial literacy|Higher education|Research administration and funding|Teaching, teachers, curricula",2017-05-25,"To establish a grant program in the Bureau of Consumer Financial Protection to fund the establishment of centers of excellence to support research, development and planning, implementation, and evaluation of effective programs in financial literacy education for young people and families ages 8 through 24 years old, and for other purposes.",Young Americans Financial Literacy Act,115,1,,
s1313-115,Finance and Financial Sector,"Administrative law and regulatory procedures|Banking and financial institutions regulation|Civil actions and liability|Congressional oversight|Department of Homeland Security|Disaster relief and insurance|Federal Emergency Management Agency (FEMA)|Floods and storm protection|Fraud offenses and financial crimes|Geography and mapping|Government corporations and government-sponsored enterprises|Government information and archives|Government liability|Government studies and investigations|Government trust funds|Housing finance and home ownership|Insurance industry and regulation|Judicial review and appeals|Marine and coastal resources, fisheries",2017-06-07,"A bill to reauthorize the National Flood Insurance Program, and for other purposes.",Flood Insurance Affordability and Sustainability Act of 2017,115,1,,
hr2874-115,Finance and Financial Sector,"Administrative law and regulatory procedures|Administrative remedies|Advisory bodies|American Samoa|Caribbean area|Civil actions and liability|Congressional oversight|Cooperative and condominium housing|Department of Homeland Security|Disaster relief and insurance|Federal Emergency Management Agency (FEMA)|Floods and storm protection|Fraud offenses and financial crimes|Geography and mapping|Government information and archives|Government studies and investigations|Government trust funds|Housing finance and home ownership|Inflation and prices|Insurance industry and regulation|Labor standards|Land use and conservation|Life, casualty, property insurance|Natural disasters|Northern Mariana Islands|Puerto Rico|U.S. territories and protectorates|Virgin Islands",2017-06-12,"To achieve reforms to improve the financial stability of the National Flood Insurance Program, to enhance the development of more accurate estimates of flood risk through new technology and better maps, to increase the role of private markets in the management of flood insurance risks, and to provide for alternative methods to insure against flood peril, and for other purposes.",21st Century Flood Reform Act,115,1,,
hr4015-115,Finance and Financial Sector,Administrative remedies|Business ethics|Competition and antitrust|Corporate finance and management|Government information and archives|Licensing and registrations|Securities|Securities and Exchange Commission (SEC),2017-10-11,"To improve the quality of proxy advisory firms for the protection of investors and the U.S. economy, and in the public interest, by fostering accountability, transparency, responsiveness, and competition in the proxy advisory firm industry.",Corporate Governance Reform and Transparency Act of 2017,115,1,,
hr4267-115,Finance and Financial Sector,Administrative law and regulatory procedures|Business investment and capital|Financial services and investments|Government information and archives|Licensing and registrations|Securities|Securities and Exchange Commission (SEC)|Small business,2017-11-07,"To amend the Investment Company Act of 1940 to change certain requirements relating to the capital structure of business development companies, to direct the Securities and Exchange Commission to revise certain rules relating to business development companies, and for other purposes.",Small Business Credit Availability Act,115,1,,
s2155-115,Finance and Financial Sector,"Administrative law and regulatory procedures|Advisory bodies|Aging|American Samoa|Bank accounts, deposits, capital|Banking and financial institutions regulation|Bankruptcy|Business investment and capital|Caribbean area|Child health|Civil actions and liability|Computer security and identity theft|Congressional oversight|Consumer Financial Protection Bureau|Consumer credit|Department of the Treasury|Elementary and secondary education|Employment discrimination and employee rights|Environmental assessment, monitoring, research|Environmental health|Executive agency funding and structure|Federal Deposit Insurance Corporation (FDIC)|Federal Reserve System|Financial crises and stabilization|Financial literacy|Financial services and investments|Fraud offenses and financial crimes|Government lending and loan guarantees|Government liability|Government studies and investigations|Guam|Hazardous wastes and toxic substances|Higher education|Housing and community development funding|Housing finance and home ownership|Inflation and prices|Insurance industry and regulation|Interest, dividends, interest rates|Internet and video services|Licensing and registrations|Low- and moderate-income housing|National Credit Union Administration|Northern Mariana Islands|Public housing|Puerto Rico|Residential rehabilitation and home repair|Rural conditions and development|Securities|Securities and Exchange Commission (SEC)|Small business|State and local finance|State and local government operations|Student aid and college costs|U.S. territories and protectorates|User charges and fees|Veterans' loans, housing, homeless programs|Veterans' medical care|Virgin Islands",2017-11-16,"A bill to promote economic growth, provide tailored regulatory relief, and enhance consumer protections, and for other purposes.","Economic Growth, Regulatory Relief, and Consumer Protection Act",115,1,,
hr624-116,Finance and Financial Sector,Administrative law and regulatory procedures|Congressional oversight|Employee benefits and pensions|Financial services and investments|Government studies and investigations|Securities|Securities and Exchange Commission (SEC),2019-01-16,"To require the Securities and Exchange Commission to carry out a study of Rule 10b5-1 trading plans, and for other purposes.",Promoting Transparent Standards for Corporate Insiders Act,116,1,,
hr1038-116,Finance and Financial Sector,"Bank accounts, deposits, capital|Banking and financial institutions regulation|Business records|Congressional oversight|Department of the Treasury|Executive agency funding and structure|Fraud offenses and financial crimes|Government information and archives|Government studies and investigations|Intelligence activities, surveillance, classified information|Terrorism",2019-02-07,"To require the Treasury to take a more prominent role in coordinating AML/CFT policy and examinations across the Government, and for other purposes.",,116,1,,
s392-116,Finance and Financial Sector,Accounting and auditing|Appropriations|Budget deficits and national debt|Financial services and investments|Securities,2019-02-07,A bill to clarify that funding for the standard setting body designated pursuant to section 19(b) of the Securities Act of 1933 is not subject to the sequester.,,116,1,,
hr1259-116,Finance and Financial Sector,Administrative remedies|Civil actions and liability|Evidence and witnesses|Securities and Exchange Commission (SEC),2019-02-14,"To authorize private parties to compel the Securities and Exchange Commission to seek sanctions by filing civil actions, and for other purposes.",Due Process Restoration Act of 2019,116,1,,
s573-116,Finance and Financial Sector,Administrative law and regulatory procedures|Congressional oversight|Employee benefits and pensions|Financial services and investments|Government studies and investigations|Securities|Securities and Exchange Commission (SEC),2019-02-27,"A bill to require the Securities and Exchange Commission to carry out a study of 10b5-1 trading plans, and for other purposes.",Promoting Transparent Standards for Corporate Insiders Act,116,1,,
hr2515-116,Finance and Financial Sector,Administrative law and regulatory procedures|Department of Labor|Employment discrimination and employee rights|Evidence and witnesses|Labor standards|Retail and wholesale trades|Securities|Securities and Exchange Commission (SEC)|Travel and tourism|Wages and earnings,2019-05-03,To amend the Securities and Exchange Act of 1934 to amend the definition of whistleblower.,Whistleblower Protection Reform Act of 2019,116,1,,
s1595-116,Finance and Financial Sector,"Administrative law and regulatory procedures|Bank accounts, deposits, capital|Banking and financial institutions regulation|Consumer Financial Protection Bureau|Consumer credit|Marketing and advertising",2019-05-22,"A bill to amend the Truth in Lending Act to limit overdraft fees and establish fair and transparent practices related to the marketing and provision of overdraft coverage programs at depository institutions, and for other purposes.",Stop Overdraft Profiteering Act of 2019,116,1,,
s1630-116,Finance and Financial Sector,"Administrative law and regulatory procedures|Corporate finance and management|Elections, voting, political campaign regulation|Political advertising|Securities|Securities and Exchange Commission (SEC)",2019-05-23,"A bill to amend the Securities and Exchange Act of 1934 to require shareholder authorization before a public company may make certain political expenditures, and for other purposes.",Shareholder Protection Act of 2019,116,1,,
s1854-116,Finance and Financial Sector,Administrative remedies|Civil actions and liability|Financial services and investments|Fraud offenses and financial crimes|Securities,2019-06-13,"A bill to enhance civil penalties under the Federal securities laws, and for other purposes.",Stronger Enforcement of Civil Penalties Act of 2019,116,1,,
hr3641-116,Finance and Financial Sector,Administrative remedies|Civil actions and liability|Financial services and investments|Fraud offenses and financial crimes|Securities,2019-07-09,"To enhance civil penalties under the Federal securities laws, and for other purposes.",Stronger Enforcement of Civil Penalties Act of 2019,116,1,,
hr10-104,Law,Administrative procedure|Alternative dispute resolution|Brokers|Civil procedure|Class actions (Civil procedure)|Conflict of interests|Congressional committees (House)|Congressional publications|Consumer education|Damages|Discovery (Law)|Evidence (Law)|Expert witnesses|Federal preemption|Financial statements|Frivolous lawsuits|House rules and procedure|Independent regulatory commissions|Injunctions|Lawyers|Legal ethics|Legal fees|Legislation|Legislative resolutions|Liability (Law)|Limitation of actions|Manufacturing industries|Organized crime|Pretrial procedure|Products liability|Punitive damages|Retail trade|Securities and Exchange Commission|Securities fraud|Securities industry|Securities regulation|State laws|Stockholders|Trusts and trustees|Warranties|Witnesses,1995-01-04,To reform the Federal civil justice system; to reform product liability law.,Common Sense Legal Reforms Act of 1995,104,1,,
hr1806-104,Law,"Abortion|Accounting|Accounting and auditing|Advice and consent of the Senate|Aliens|Attorney-client privilege|Auditing|Authorization|Bar associations|Business records|Census|Claims|Class actions (Civil procedure)|Competition|Congressional districts|Contracts|District of Columbia|Drug abuse|Election districts|Embezzlement|Employee training|English language|Eviction|Executives|Fraud|Frivolous lawsuits|Government contractors|Government corporations|Government liability|Government paperwork|Government service contracts|Governmental investigations|Grants-in-aid|Information services|Judicial districts|Labor disputes|Larceny|Lawyers|Legal Services Corporation|Legal advertising and soliciting|Legal assistance to prisoners|Legal assistance to the poor|Legal ethics|Legal fees|Legal research|Legal services|Lobbying|Narcotic traffic|Nonprofit organizations|Old age, survivors and disability insurance|Political activities|Presidential appointments|Prisoners|Public assistance programs|Public housing|Public records|Right of privacy|Rights of institutionalized persons|Salaries|State legislative districts|Supplemental security income program|Welfare reform",1995-06-08,To authorize appropriations for the Legal Services Corporation Act and for other purposes.,Legal Services Reform Act of 1995,104,1,,
s1221-104,Law,Abortion|Accounting|Accounting and auditing|Advice and consent of the Senate|Aliens|Attorney-client privilege|Auditing|Authorization|Bar associations|Business records|Census|Claims|Class actions (Civil procedure)|Competition|Congressional districts|Contempt of court|Contracts|Counterfeiting|District of Columbia|Drug abuse|Election districts|Embezzlement|Employee training|Eviction|Executives|Federal employees|Fines (Penalties)|Forgery|Fraud|Frivolous lawsuits|Government contractors|Government paperwork|Government service contracts|Governmental investigations|Grants-in-aid|Information services|Injunctions|Judicial districts|Labor disputes|Larceny|Lawyers|Legal Services Corporation|Legal advertising and soliciting|Legal assistance to prisoners|Legal assistance to the poor|Legal ethics|Legal fees|Legal research|Legal services|Lobbying|Local officials and employees|Narcotic traffic|Nonprofit organizations|Parties to actions|Picketing|Political activities|Presidential appointments|Prisoners|Public assistance programs|Public housing|Public records|Regional planning|Rights of institutionalized persons|Salaries|State legislative districts|Welfare reform,1995-09-07,"A bill to authorize appropriations for the Legal Services Corporation Act, and for other purposes.",Legal Services Reform Act of 1996,104,1,,
s1618-104,Law,Corporations|Damages|Evidence (Law)|Government liability|Hate crimes|Nonprofit organizations|Partnerships|Punitive damages|Small business|Standards|Volunteer workers|Volunteer workers in government|Volunteer workers in social service,1996-03-14,A bill to provide uniform standards for the award of punitive damages for volunteer services.,,104,1,,
hr3905-105,Law,Administrative fees|Administrative procedure|Administrative remedies|Advice and consent of the Senate|Alternative dispute resolution|Asbestos|Asbestosis|Cancer|Claims|Class actions (Civil procedure)|Collection of accounts|Colon cancer|Confidential communications|Conflict of interests|Congressional reporting requirements|Cost accounting|Damages|Discovery (Law)|District courts|Evidence (Law)|Executive reorganization|Federal advisory bodies|Fines (Penalties)|Government corporations|Government paperwork|Identification devices|Industrial arbitration|Judicial review of administrative acts|Jurisdiction|Legal fees|Liability (Law)|Licenses|Lung cancer|Mediation|Medical records|Medical tests|Nonprofit organizations|Overhead costs|Parties to actions|Personnel records|Physical examinations|Physicians|Presidential appointments|Products liability|Punitive damages|Right of privacy|Right to counsel|Shipbuilding|Stomach diseases|Subpoena|Trusts and trustees|X-rays,1998-05-20,"To establish legal standards and procedures for the fair, prompt, inexpensive and efficient resolution of personal injury claims arising out of asbestos exposure, and for other purposes.",Fairness in Asbestos Compensation Act of 1998,105,1,,
s2546-105,Law,Advice and consent of the Senate|Alternative dispute resolution|Asbestos|Asbestosis|Cancer|Choice of law|Claims|Class actions (Civil procedure)|Colon cancer|Congressional reporting requirements|Corporations|Damages|District courts|Evidence (Law)|Federal advisory bodies|Fines (Penalties)|Freedom of information|Government paperwork|Government trust funds|Judicial review of administrative acts|Jurisdiction|Legal ethics|Legal fees|Limitation of actions|Lung cancer|Mediation|Medical records|Medical tests|Occupational health and safety|Overhead costs|Personnel records|Physical examinations|Presidential appointments|Products liability|Punitive damages|Sentences (Criminal procedure)|Stomach diseases|Subpoena|Witnesses|X-rays,1998-10-02,"A bill to establish legal standards and procedures for the fair, prompt, inexpensive, and efficient resolution of personal injury claims arising out of asbestos exposure, and for other purposes.",Fairness in Asbestos Compensation Act of 1998,105,1,,
s353-106,Law,Class actions (Civil procedure)|Congressional reporting requirements|Corporate governance|Damages|District courts|Frivolous lawsuits|Government paperwork|Injunctions|Jurisdiction|Legal fees|Newspapers|Periodicals|Radio broadcasting|Securities|Stockholders|Television broadcasting,1999-02-03,"A bill to provide for class action reform, and for other purposes.",Class Action Fairness Act of 2000,106,1,,
hr775-106,Law,Alternative dispute resolution|Business income tax|Business records|Civil actions and liability|Civil procedure|Class actions (Civil procedure)|Commercial arbitration|Computers and government|Congressional oversight|Congressional reporting requirements|Consumer education|Consumer protection|Contingency fees|Contracts|Corporation directors|Damages|Defective products|Discovery (Law)|District courts|Evidence (Law)|Federal preemption|Federally-guaranteed loans|Fines (Penalties)|Foreclosure|Government and business|Government paperwork|Government trust funds|Income tax|Injunctions|Juries|Jurisdiction|Lawyers|Legal fees|Liability (Law)|Limitation of actions|Mortgage loans|Nonprofit organizations|Pretrial procedure|Products liability|Punitive damages|Securities regulation|Small business|State laws|Tax returns|Torts|Warranties|Year 2000 computer problem,1999-02-23,"To establish certain procedures for civil actions brought for damages relating to the failure of any device or system to process or otherwise deal with the transition from the year 1999 to the year 2000, and for other purposes.",Y2K Act,106,1,,
hr1283-106,Law,Administrative fees|Administrative law judges|Administrative procedure|Administrative remedies|Advice and consent of the Senate|Alternative dispute resolution|Asbestos|Asbestosis|Cancer|Civil actions and liability|Claims|Class actions (Civil procedure)|Collection of accounts|Colon cancer|Confidential communications|Conflict of interests|Congressional reporting requirements|Cost accounting|Courts of special jurisdiction|Damages|Department of Justice|Discovery (Law)|District courts|Evidence (Law)|Executive reorganization|Federal advisory bodies|Fines (Penalties)|Government corporations|Government paperwork|Government trust funds|Identification devices|Industrial arbitration|Judicial review of administrative acts|Jurisdiction|Legal fees|Legal services|Liability (Law)|Licenses|Limitation of actions|Lung cancer|Mediation|Medical records|Medical tests|Nonprofit organizations|Overhead costs|Parties to actions|Personnel records|Physical examinations|Physicians|Presidential appointments|Products liability|Punitive damages|Right of privacy|Right to counsel|Shipbuilding|Stomach diseases|Subpoena|Trusts and trustees|X-rays,1999-03-25,"To establish legal standards and procedures for the fair, prompt, inexpensive, and efficient resolution of personal injury claims arising out of asbestos exposure, and for other purposes.",Asbestos Compensation Act of 2000,106,1,,
s746-106,Law,Accounting|Administrative procedure|Carcinogens|Citizen participation|Congressional reporting requirements|Cost effectiveness|Environmental risk assessment|Federal mandates|Federal-Indian relations|Federal-local relations|Federal-state relations|Freedom of information|Government paperwork|Government publicity|Judicial review of administrative acts|Minorities|Office of Management and Budget|Planning-programming-budgeting|Regulatory impact statements|Risk assessment|Strategic planning|Unfunded mandates,1999-03-25,"A bill to provide for analysis of major rules, to promote the public's right to know the costs and benefits of major rules, and to increase the accountability of quality of Government.",Regulatory Improvement Act of 1999,106,1,,
s758-106,Law,Advice and consent of the Senate|Alternative dispute resolution|Asbestos|Asbestosis|Cancer|Choice of law|Civil actions and liability|Claims|Class actions (Civil procedure)|Colon cancer|Commercial arbitration|Congressional reporting requirements|Corporations|Damages|Discovery (Law)|District courts|Evidence (Law)|Federal advisory bodies|Fines (Penalties)|Freedom of information|Government paperwork|Government trust funds|Imaging systems in medicine|Judicial review of administrative acts|Jurisdiction|Legal ethics|Legal fees|Limitation of actions|Lung cancer|Mediation|Medical records|Medical tests|Occupational health and safety|Overhead costs|Personnel records|Physical examinations|Presidential appointments|Products liability|Punitive damages|Sentences (Criminal procedure)|Stomach diseases|Subpoena|Trusts and trustees|Witnesses|X-rays,1999-03-25,"A bill to establish legal standards and procedures for the fair,prompt, inexpensive, and efficient resolution of personal injury claims arising out of asbestos exposure, and for other purposes.",Fairness in Asbestos Compensation Act of 1999,106,1,,
hr1875-106,Law,Administration of justice|Class actions (Civil procedure)|Congressional investigations|Congressional reporting requirements|Corporate governance|Court congestion and delay|District courts|Jurisdiction|Limitation of actions|Pretrial procedure|Securities|State courts|Stockholders,1999-05-19,"To amend title 28, United States Code, to allow the application of the principles of Federal diversity jurisdiction to interstate class actions.",Interstate Class Action Jurisdiction Act of 1999,106,1,,
hr2336-107,Law,Federal employees|Financial disclosure|Financial statements|Freedom of information|Judicial officers|Sunset legislation,2001-06-27,"An act to extend for 4 years, through December 31, 2005, the authority to redact financial disclosure statements of judicial employees and judicial officers.",,107,1,,
hr2341-107,Law,Appellate procedure|Class actions (Civil procedure)|Congressional reporting requirements|Corporate governance|Court records|Damages|Discovery (Law)|Discrimination|District courts|Government paperwork|Injunctions|Judicial review|Jurisdiction|Legal advertising and soliciting|Legal fees|Limitation of actions|Newspapers|Periodicals|Radio broadcasting|Securities|State courts|Stockholders|Television broadcasting,2001-06-27,"To amend the procedures that apply to consideration of interstate class actions to assure fairer outcomes for class members and defendants, to outlaw certain practices that provide inadequate settlements for class members, to assure that attorneys do not receive a disproportionate amount of settlements at the expense of class members, to provide for clearer and simpler information in class action settlement notices, to assure prompt consideration of interstate class actions, to amend title 28, United States Code, to allow the application of the principles of Federal diversity jurisdiction to interstate class actions, and for other purposes.",Class Action Fairness Act of 2002,107,1,,
s1712-107,Law,Bank holding companies|Class actions (Civil procedure)|Congressional reporting requirements|Damages|District courts|Foreign banks and banking|Government paperwork|Judicial opinions|Jurisdiction|Legal fees|Radio broadcasting|State courts|Subsidiary corporations|Television advertising,2001-11-15,"A bill to amend the procedures that apply to consideration of interstate class actions to assure fairer outcomes for class members and defendants, and for other purposes.",Class Action Fairness Act of 2001,107,1,,
hr3644-107,Law,Civil actions and liability|Damages|Legal fees|Organized crime|Punitive damages|Securities fraud,2002-01-29,"To amend title 18, United States Code, to eliminate the securities fraud exception from the civil remedy for racketeering violations.",Securities Fraud Prevention Act of 2002,107,1,,
s274-108,Law,Bank holding companies|Class actions (Civil procedure)|Congressional reporting requirements|Damages|District courts|Foreign banks and banking|Government paperwork|Judicial opinions|Jurisdiction|Legal fees|Radio broadcasting|State courts|Subsidiary corporations|Television advertising,2003-02-04,"A bill to amend the procedures that apply to consideration of interstate class actions to assure fairer outcomes for class members and defendants, and for other purposes.",Class Action Fairness Act of 2003,108,1,,
hr1114-108,Law,Administrative fees|Administrative law judges|Administrative procedure|Administrative remedies|Advice and consent of the Senate|Alternative dispute resolution|Asbestos|Business records|Cancer|Civil actions and liability|Claims|Class actions (Civil procedure)|Collection of accounts|Compensation (Law)|Confidential communications|Congressional reporting requirements|Court records|Damages|Data banks|Department of Justice|District courts|Drug abuse|Evidence (Law)|Executive reorganization|Federal advisory bodies|Financial statements|Fines (Penalties)|Government paperwork|Government publicity|Government trust funds|Judicial review|Jurisdiction|Legal fees|Legal services|Liability (Law)|Licenses|Limitation of actions|Lung cancer|Lung diseases|Medical fees|Medical laboratories|Medical records|Medical tests|Personnel records|Physicians|Presidential appointments|Products liability|Punitive damages|Right to counsel|Smoking|Stomach diseases|Subpoena|Trusts and trustees|X-rays,2003-03-06,"To establish legal standards and procedures for the fair, prompt, inexpensive, and efficient resolution of personal injury claims arising out of asbestos exposure, and for other purposes.",Asbestos Compensation Act of 2003,108,1,,
s1125-108,Law,Administrative procedure|Advice and consent of the Senate|Affiliated corporations|Appellate courts|Appellate procedure|Asbestos|Auditing|Bankruptcy|Building materials|Business records|Cancer|Civil actions and liability|Civil procedure|Claims|Class actions (Civil procedure)|Confidential communications|Congressional reporting requirements|Corporate reorganizations|Cost of living adjustments|Court records|Courts of special jurisdiction|Damages|Debtor and creditor|District courts|Environmental Protection Agency|Environmental law enforcement|Epidemiology|Evidence (Law)|Executive reorganization|Federal advisory bodies|Federal-state relations|Fines (Penalties)|Fraud|Freedom of information|Government paperwork|Government trust funds|Indemnity|Insurance|Insurance companies|Joint ventures|Judges|Judicial review|Lawyers|Legal fees|Liability (Law)|Liens|Limitation of actions|Lung cancer|Lung diseases|Medical records|Medical statistics|Medical tests|Minerals|Montana|Occupational health and safety|Ombudsman|Personnel records|Physical examinations|Presidential appointments|Pretrial procedure|Products liability|Punitive damages|Railroad employees|Railroad equipment|Railroads|Reinsurance,2003-05-22,"A bill to create a fair and efficient system to resolve claims of victims for bodily injury caused by asbestos exposure, and for other purposes.",FAIR Act of 2003,108,1,,
s1751-108,Law,Bank holding companies|Class actions (Civil procedure)|Congressional reporting requirements|Damages|District courts|Foreign banks and banking|Government paperwork|Judicial opinions|Jurisdiction|Legal fees|Radio broadcasting|State courts|Subsidiary corporations|Television advertising,2003-10-16,"A bill to amend the procedures that apply to consideration of interstate class actions to assure fairer outcomes for class members and defendants, and for other purposes.",Class Action Fairness Act of 2003,108,1,,
s2062-108,Law,Appellate courts|Appellate procedure|Bank holding companies|Charitable contributions|Class actions (Civil procedure)|Congressional reporting requirements|Damages|District courts|Evidence (Law)|Expert witnesses|Foreign banks and banking|Government paperwork|Injunctions|Judicial opinions|Jurisdiction|Legal fees|State courts|Subsidiary corporations|Supreme Court,2004-02-10,"A bill to amend the procedures that apply to consideration of interstate class actions to assure fairer outcomes for class members and defendants, and for other purposes.",Class Action Fairness Act of 2004,108,1,,
s2290-108,Law,Administrative procedure|Advice and consent of the Senate|Affiliated corporations|Air pollution control|Appellate procedure|Asbestos|Auditing|Bankruptcy|Business records|Civil actions and liability|Claims|Collection of accounts|Commercial arbitration|Compensation (Law)|Congressional reporting requirements|Corporate reorganizations|Cost of living adjustments|Damages|Department of Labor|Discrimination in insurance|Discrimination in medical care|Drug abuse|Environmental assessment|Environmental law enforcement|Estates (Law)|Evidence (Law)|Executive reorganization|Federal advisory bodies|Federal aid to health facilities|Federal aid to research|Federal preemption|Fines (Penalties)|Fraud|Government paperwork|Government publicity|Government trust funds|Injunctions|Insurance companies|Interest|Judicial review|Jurisdiction|Legal fees|Liability (Law)|Limitation of actions|Lung cancer|Lung diseases|Medical records|Medical research|Montana|Occupational health and safety|Personnel records|Physicians|Presidential appointments|Presidential commissions|Product safety|Prosecution|Punitive damages|Refuse and refuse disposal|Reinsurance|Research grants|Sentencing guidelines|Small business|Smoking|State laws|Sunset legislation|Supreme Court,2004-04-07,"A bill to create a fair and efficient system to resolve claims of victims for bodily injury caused by asbestos exposure, and for other purposes.",FAIR Act of 2004,108,1,,
s2396-108,Law,"Administration of justice|Alabama|Aliens|Annuities|Appellate courts|Appellate procedure|Arkansas|Bankruptcy|Bankruptcy courts|Change of venue|Civil procedure|Civil service retirement|Conferences|Confidential communications|Cost of living adjustments|Court records|Court reporting|Courthouses|Debtor and creditor|Delegation of powers|Disability insurance|Disability retirement|Disabled|District courts|Donation of organs, tissues, etc.|Drug abuse|Drug abuse treatment|Electronic government information|Employee benefit plans|Federal aid to education|Federal employees|Federal officials|Federally-guaranteed loans|Fees|Fines (Penalties)|Fire fighters|Foreign corporations|Fraud|Government employees' health insurance|Government employees' life insurance|Government lending|Government paperwork|Government publicity|Guam|Higher education|Identification devices|Immigrants|Imprisonment|Investment of public funds|Judges|Judicial compensation|Judicial districts|Judicial officers|Judicial reform|Judicial review|Juries|Jurisdiction|Law libraries|Leave of absence|Legal education|Legal fees|Legal services|Liens|Local officials|Magistrates|Members of Congress",2004-05-10,"A bill to make improvements in the operations and administration of the Federal courts, and for other purposes.",Federal Courts Improvement Act of 2004,108,1,,
s2757-108,Law,Accounting|Administration of justice|Appellate courts|Auditing|Civil service retirement|Congressional reporting requirements|Courts of special jurisdiction|District courts|Federal budgets|Financial statements|Government paperwork|Government publicity|Judicial compensation|Judicial officers|Legislation|Pension funds|Supreme Court|U.S. Sentencing Commission,2004-07-22,"A bill to provide for certain financial reporting requirements to apply to the judicial branch of the Federal Government, and for other purposes.",Judicial Branch Financial Accountability Act of 2004,108,1,,
s12-108,Law,Appellate courts|Appellate procedure|Bank holding companies|Charitable contributions|Class actions (Civil procedure)|Congressional reporting requirements|Damages|District courts|Evidence (Law)|Expert witnesses|Foreign banks and banking|Government paperwork|Injunctions|Judicial opinions|Jurisdiction|Legal fees|State courts|Subsidiary corporations|Supreme Court,2004-11-19,"A bill to amend the procedures that apply to consideration of interstate class actions to assure fairer outcomes for class members and defendants, and for other purposes.",Class Action Fairness Act of 2004,108,1,,
s3018-108,Law,Business ethics|Claims|Congressional reporting requirements|Corporate accountability|Damages|Department of Justice|Fines (Penalties)|Fraud|Government contractors|Government liability|Inspectors general|Medicaid,2004-11-19,A bill to direct the Inspector General of the Department of Justice to submit semi-annual reports regarding settlements relating to false claims and fraud against the Federal Government.,,108,1,,
s5-109,Law,Appellate courts|Appellate procedure|Bank holding companies|Charitable contributions|Class actions (Civil procedure)|Congressional reporting requirements|Consent decrees|Consumer discounts|Damages|District courts|Evidence (Law)|Expert witnesses|Foreign banks and banking|Government paperwork|Injunctions|Judicial opinions|Jurisdiction|Legal fees|State courts|Subsidiary corporations|Supreme Court,2005-01-25,"A bill to amend the procedures that apply to consideration of interstate class actions to assure fairer outcomes for class members and defendants, and for other purposes.",Class Action Fairness Act of 2005,109,1,,
s314-109,Law,Bankruptcy|Bankruptcy courts|Change of venue|Corporate management|Debtor and creditor|District courts|Financial statements,2005-02-08,"A bill to protect consumers, creditors, workers, pensioners, shareholders, and small businesses, by reforming the rules governing venue in bankruptcy cases to combat forum shopping by corporate debtors.",Fairness in Bankruptcy Litigation Act of 2005,109,1,,
s636-109,Law,Business ethics|Claims|Congressional reporting requirements|Corporate accountability|Damages|Department of Justice|Fines (Penalties)|Fraud|Government contractors|Government liability|Inspectors general|Medicaid|Parties to actions,2005-03-16,A bill to direct the Inspector General of the Department of Justice to submit semi-annual reports regarding settlements relating to false claims and fraud against the Federal Government.,,109,1,,
hr1360-109,Law,Administrative procedure|Advice and consent of the Senate|Affiliated corporations|Air pollution control|Appellate procedure|Asbestos|Auditing|Bankruptcy|Business records|Civil actions and liability|Claims|Class actions (Civil procedure)|Collection of accounts|Commercial arbitration|Compensation (Law)|Congressional reporting requirements|Corporate reorganizations|Cost of living adjustments|Damages|Department of Labor|Discrimination in insurance|Discrimination in medical care|Drug abuse|Environmental assessment|Environmental law enforcement|Estates (Law)|Evidence (Law)|Executive reorganization|Federal advisory bodies|Federal aid to health facilities|Federal aid to research|Federal preemption|Fines (Penalties)|Fraud|Government paperwork|Government publicity|Government trust funds|Health education|Injunctions|Insurance companies|Interest|Judicial review|Jurisdiction|Legal fees|Liability (Law)|Limitation of actions|Lung cancer|Lung diseases|Medical records|Medical research|Medical screening|Medical tests|Montana|Occupational health and safety|Personnel records|Physical examinations|Physicians|Presidential appointments|Presidential commissions|Product safety|Prosecution|Punitive damages|Refuse and refuse disposal|Reinsurance|Research grants|Sentencing guidelines,2005-03-17,"To create a fair and efficient system to resolve claims of victims for bodily injury caused by asbestos exposure, and for other purposes.",FAIR Act of 2005,109,1,,
s852-109,Law,Administrative procedure|Advice and consent of the Senate|Affiliated corporations|Air pollution control|Appellate procedure|Asbestos|Auditing|Bankruptcy|Building materials|Business records|California|Cancer|Civil actions and liability|Claims|Class actions (Civil procedure)|Collection of accounts|Commercial arbitration|Compensation (Law)|Congressional reporting requirements|Corporate reorganizations|Cost of living adjustments|Damages|Department of Labor|Disability insurance|Discrimination in insurance|Discrimination in medical care|Drug abuse|Employers' liability|Environmental Protection Agency|Environmental assessment|Environmental law enforcement|Environmental monitoring|Estates (Law)|Evidence (Law)|Executive reorganization|Federal advisory bodies|Federal aid to health facilities|Federal aid to research|Federal preemption|Fines (Penalties)|Foreign corporations|Fraud|Freedom of information|Government paperwork|Government publicity|Government trust funds|Health education|Health surveys|Imaging systems in medicine|Indemnity|Injunctions|Insurance|Insurance companies|Interest|Judicial review|Jurisdiction|Legal fees|Liability (Law)|Limitation of actions|Lung cancer|Lung diseases|Maps|Medical fees|Medical records|Medical research|Medical screening,2005-04-19,"A bill to create a fair and efficient system to resolve claims of victims for bodily injury caused by asbestos exposure, and for other purposes.",FAIR Act of 2005,109,1,,
hr4311-109,Law,Federal employees|Financial disclosure|Freedom of information|Government ethics|Judges|Judicial officers|Protection of officials|Supreme Court justices,2005-11-14,To amend section 105(b)(3) of the Ethics in Government Act of 1978 (5 U.S.C. App).,,109,1,,
hr5440-109,Law,Admission of nonimmigrants|Aliens|Civil actions and liability|Civil procedure|Claims|Corporations|Criminal procedure|Damages|District courts|Foreign corporations|Habeas corpus|Incorporation|Indexing (Economic policy)|Insurance companies|Jurisdiction|Prosecution|State courts,2006-05-22,"To amend title 28, United States Code, to clarify the jurisdiction of the Federal courts, and for other purposes.",Federal Courts Jurisdiction Clarification Act of 2006,109,1,,
s3274-109,Law,Accounting|Administrative procedure|Administrative remedies|Advice and consent of the Senate|Affiliated corporations|Air pollution control|Alabama|Annuities|Appellate procedure|Asbestos|Auditing|Bank records|Bankruptcy|Building materials|Business records|California|Cancer|Civil actions and liability|Claims|Class actions (Civil procedure)|Collection of accounts|Commercial arbitration|Compensation (Law)|Confidential communications|Congressional reporting requirements|Corporate reorganizations|Cost of living adjustments|Damages|Department of Labor|Disability insurance|Disabled|Disasters|Discrimination in insurance|Discrimination in medical care|Drug abuse|Employers' liability|Environmental Protection Agency|Environmental assessment|Environmental law enforcement|Environmental monitoring|Estates (Law)|Evidence (Law)|Executive reorganization|Federal advisory bodies|Federal aid to health facilities|Federal aid to research|Federal preemption|Fines (Penalties)|Foreign corporations|Fraud|Freedom of information|Government paperwork|Government publicity|Government trust funds|Health education|Health surveys|Hurricane aftermath legislation|Hurricanes|Imaging systems in medicine|Indemnity|Injunctions|Insurance|Insurance companies|Interest|Internet|Judicial review,2006-05-26,"A bill to create a fair and efficient system to resolve claims of victims for bodily injury caused by asbestos exposure, and for other purposes.",FAIR Act of 2006,109,1,,
s226-110,Law,Business ethics|Claims|Congressional reporting requirements|Corporate accountability|Damages|Department of Justice|Fines (Penalties)|Fraud|Government contractors|Government liability|Inspectors general|Medicaid|Parties to actions,2007-01-09,A bill to direct the Inspector General of the Department of Justice to submit semi-annual reports regarding settlements relating to false claims and fraud against the Federal Government.,,110,1,,
hr660-110,Law,Administrative procedure|Assault|Authorization|Bankruptcy courts|Clothing|Computer security measures|Conflict of interests|Congressional reporting requirements|Courthouses|Criminal justice information|Criminal procedure|Department of Justice|District courts|Driver licenses|Equipment and supplies|Federal aid to law enforcement|Federal employees|Federal officials|Financial disclosure|Fines (Penalties)|Firearms|Fraud|Fugitives from justice|Government attorneys|Government employees' life insurance|Government ethics|Government procurement|Governmental investigations|Guam|Homicide|Identification devices|Informers|Internet|Judges|Judicial ethics|Judicial officers|Juries|Law enforcement officers|Liens|Magistrates|Northern Mariana Islands|Obstruction of justice|Office of Government Ethics|Parking facilities|Prisoners|Prosecution|Protection of officials|Public prosecutors|Public records|Recruiting of employees|Right of privacy|Security measures|Sentences (Criminal procedure)|Sentencing guidelines|State courts|Sunset legislation|Supreme Court justices|Tax courts|Terrorism|U.S. Sentencing Commission|Victims of crimes|Violence|Virgin Islands|Weapons|Witnesses,2007-01-24,"To amend title 18, United States Code, to protect judges, prosecutors, witnesses, victims, and their family members, and for other purposes.",Court Security Improvement Act of 2007,110,1,,
s378-110,Law,Assault|Authorization|Bankruptcy courts|Computer security measures|Conflict of interests|Congressional reporting requirements|Criminal procedure|Department of Justice|District courts|Federal aid to law enforcement|Financial disclosure|Fines (Penalties)|Firearms|Fraud|Government attorneys|Government employees' life insurance|Government ethics|Government procurement|Guam|Homicide|Informers|Judges|Judicial ethics|Judicial officers|Juries|Law enforcement officers|Liens|Magistrates|Northern Mariana Islands|Obstruction of justice|Office of Government Ethics|Parking facilities|Prosecution|Public prosecutors|Recruiting of employees|Right of privacy|Security measures|State courts|Sunset legislation|Tax courts|Victims of crimes|Violence|Virgin Islands|Weapons|Witnesses,2007-01-24,"A bill to amend title 18, United States Code, to protect judges, prosecutors, witnesses, victims, and their family members, and for other purposes.",Court Security Improvement Act of 2007,110,1,,
hr1130-110,Law,Conflict of interests|Congressional reporting requirements|Financial disclosure|Financial statements|Judges|Judicial ethics|Protection of officials,2007-02-16,"To amend the Ethics in Government Act of 1978 to extend the authority to withhold from public availability a financial disclosure report filed by an individual who is a judicial officer or judicial employee, to the extent necessary to protect the safety of that individual or a family member of that individual, and for other purposes.",Judicial Disclosure Responsibility Act,110,1,,
s458-111,Law,"Civil actions and liability|Congressional oversight|Evidence and witnesses|Fraud offenses and financial crimes|Government employee pay, benefits, personnel management|Government liability|Government studies and investigations|Legal fees and court costs|Public contracts and procurement",2009-02-24,A bill to amend the False Claims Act.,False Claims Act Clarification Act of 2009,111,1,,
s718-111,Law,"Accounting and auditing|Advisory bodies|Border security and unlawful immigration|Civil actions and liability|Computers and information technology|Correctional facilities and imprisonment|Drug trafficking and controlled substances|Education programs funding|Executive agency funding and structure|Government employee pay, benefits, personnel management|Government information and archives|Higher education|Housing finance and home ownership|Lawyers and legal services|Legal Services Corporation|Legal fees and court costs|Public contracts and procurement|Public housing|Student aid and college costs",2009-03-26,"A bill to amend the Legal Services Corporation Act to meet special needs of eligible clients, provide for technology grants, improve corporate practices of the Legal Services Corporation, and for other purposes.",Civil Access to Justice Act of 2009,111,1,,
hr3764-111,Law,"Accounting and auditing|Advisory bodies|Border security and unlawful immigration|Civil actions and liability|Computers and information technology|Correctional facilities and imprisonment|Drug trafficking and controlled substances|Education programs funding|Executive agency funding and structure|Government employee pay, benefits, personnel management|Government information and archives|Higher education|Housing finance and home ownership|Lawyers and legal services|Legal Services Corporation|Public contracts and procurement|Public housing|Student aid and college costs",2009-10-08,"To amend the Legal Services Corporation Act to meet special needs of eligible clients, provide for technology grants, improve corporate practices of the Legal Services Corporation, and for other purposes.",Civil Access to Justice Act of 2009,111,1,,
hr4113-111,Law,Civil actions and liability|Criminal procedure and sentencing|Federal district courts|Foreign and international corporations|Immigration status and procedures|Insurance industry and regulation|Judicial procedure and administration|Jurisdiction and venue,2009-11-19,"To amend title 28, United States Code, to clarify the jurisdiction of the Federal courts, and for other purposes.",Federal Courts Jurisdiction and Venue Clarification Act of 2010,111,1,,
hr394-112,Law,Civil actions and liability|Criminal procedure and sentencing|Federal district courts|Foreign and international corporations|Immigration status and procedures|Insurance industry and regulation|Judicial procedure and administration|Jurisdiction and venue,2011-01-24,"To amend title 28, United States Code, to clarify the jurisdiction of the Federal courts, and for other purposes.",Federal Courts Jurisdiction and Venue Clarification Act of 2011,112,1,,
s890-112,Law,"Civil actions and liability|Computer security and identity theft|Congressional oversight|Criminal investigation, prosecution, interrogation|Department of Homeland Security|Department of Justice|Evidence and witnesses|Executive agency funding and structure|Fraud offenses and financial crimes|Judicial review and appeals|Jurisdiction and venue|Postal service|Tax administration and collection, taxpayers",2011-05-05,"A bill to establish the supplemental fraud fighting account, and for other purposes.",Fighting Fraud to Protect Taxpayers Act of 2011,112,1,,
s1636-112,Law,Civil actions and liability|Criminal procedure and sentencing|Federal district courts|Foreign and international corporations|Immigration status and procedures|Insurance industry and regulation|Judicial procedure and administration|Jurisdiction and venue,2011-10-03,"A bill to amend title 28, United States Code, to clarify the jurisdiction of the Federal courts, and for other purposes.",Federal Courts Jurisdiction and Venue Clarification Act of 2011,112,1,,
