bill_id,category_id,category_label,reason
hr129-113,10,Glass-Steagall / bank-securities separation,"The bill explicitly aims to reinstate the separation between commercial banking and securities activities, mirroring the provisions of the Glass-Steagall Act and repealing parts of the Gramm-Leach-Bliley Act that dismantled it."
s2216-114,4,Money laundering / financial crime strategy,"The bill focuses on the reporting of financial exploitation of senior citizens, which directly relates to financial crime strategy and anti-money laundering efforts, as exploitation often involves illicit financial activity."
hr4619-114,7,SOX / PCAOB / audit firm oversight,"The bill focuses on whistleblower protections and reward structures within financial regulatory agencies, which relates to audit firm oversight and the enforcement of financial regulations, aligning with the principles of SOX and PCAOB oversight."
hr3217-107,18,Consumer / predatory mortgage lending,"The bill directly addresses consumer credit, payment grace periods, and protections against adverse credit reporting for late payments, aligning with the focus of consumer/predatory mortgage lending legislation."
s2489-114,17,AML / beneficial ownership / corporate transparency,"The bill focuses on beneficial ownership disclosure of corporations to prevent illicit finance, which directly aligns with the goals of combating money laundering and increasing corporate transparency as outlined in category 17."
hr857-111,3,Executive compensation at financial firms / TARP,"The bill directly addresses pay limits and restrictions at firms receiving TARP funds, which falls under the scope of executive compensation at financial firms and TARP oversight."
hr1941-114,7,SOX / PCAOB / audit firm oversight,"The bill focuses on the examination process of financial institutions, establishing an independent review process and appealing supervisory determinations, which relates to audit oversight and regulatory compliance similar to the functions of SOX and the PCAOB."
hr827-113,7,SOX / PCAOB / audit firm oversight,"The bill amends the Securities Investor Protection Act, which relates to the protection of investors and the oversight of broker-dealers, falling under the purview of SOX, PCAOB, and audit firm oversight as it concerns the integrity of financial reporting and investor protection."
s479-103,8,Investment company / hedge fund / investment adviser regulation,"The bill directly addresses regulation of investment companies, small business offerings, and business development companies, all of which fall under the scope of investment company and investment adviser regulation."
s2498-113,15,Crowdfunding and small-issuer capital formation,"The bill focuses on easing capital formation for small issuers by clarifying rules around general solicitation for Regulation D offerings, which falls under crowdfunding and small-issuer capital formation legislation."
hr3945-109,6,Dodd-Frank reform / implementation,"The bill provides temporary flexibility for financial institutions affected by Hurricane Katrina, which can be considered a form of emergency implementation related to the broader financial system and potential Dodd-Frank-like considerations for systemic stability."
hr2341-107,7,SOX / PCAOB / audit firm oversight,"The bill focuses on class action procedures, attorney's fees, settlement transparency, and judicial review, all of which relate to corporate governance and oversight of legal proceedings involving public companies and their securities, aligning with the scope of SOX/PCAOB/audit firm oversight."
s365-111,4,Money laundering / financial crime strategy,"The bill focuses on establishing a task force to address mortgage fraud, which falls under the umbrella of financial crime strategy and enforcement of anti-fraud laws."
s172-113,18,Consumer / predatory mortgage lending,"The bill directly addresses consumer credit, specifically small-dollar loans, and aims to protect consumers from predatory lending practices by regulating the extension of credit and empowering the CFPB to investigate violations, aligning with the focus of category 18."
hr1584-114,4,Money laundering / financial crime strategy,"The bill addresses fraud offenses involving access devices issued by financial institutions, which falls under the scope of financial crime strategy and anti-money laundering enforcement."
hr1564-113,7,SOX / PCAOB / audit firm oversight,The bill directly amends the Sarbanes-Oxley Act of 2002 and concerns the Public Company Accounting Oversight Board (PCAOB) and regulation of public company auditors.
hr3036-108,4,Money laundering / financial crime strategy,"The bill focuses on appropriations for the Department of Justice, including funding for drug enforcement, crime prevention, and related activities, which falls under the umbrella of financial crime strategy and anti-money laundering enforcement."
hr3179-108,4,Money laundering / financial crime strategy,"The bill focuses on strengthening anti-terrorism investigative tools by amending laws related to bank records, financial privacy, and reporting requirements, which directly aligns with anti-money laundering and financial crime strategy efforts."
s3467-114,8,Investment company / hedge fund / investment adviser regulation,"The bill directly addresses regulation of investment companies under the Investment Company Act of 1940, falling squarely within the scope of investment company regulation."
hr4452-113,16,Corporate nonfinancial / ESG disclosure,"The bill focuses on disclosing information about corporate conduct and enforcement actions, which aligns with the intent of corporate nonfinancial/ESG disclosure legislation by increasing transparency around corporate behavior."
s1659-111,7,SOX / PCAOB / audit firm oversight,"The bill amends securities laws and focuses on penalties related to violations, which aligns with the Sarbanes-Oxley Act's focus on audit and corporate responsibility, and the SEC's oversight role."
hr1472-111,13,TARP oversight and wind-down,"The bill focuses on oversight of the TARP programs, specifically reporting requirements, a waste, fraud, and abuse hotline, and public transparency, which directly aligns with the scope of TARP oversight beyond executive compensation as defined in category 13."
hr742-113,2,"Derivatives, swaps, CFTC regulation","The bill directly addresses swap data reporting requirements and the regulatory authorities (CFTC and SEC) involved in overseeing derivatives, which falls under the scope of derivatives regulation."
hr3890-114,6,Dodd-Frank reform / implementation,The bill directly amends provisions of the Dodd-Frank Wall Street Reform and Consumer Protection Act by exempting certain financial institutions from specific titles within the Act.
s2012-113,4,Money laundering / financial crime strategy,"The bill focuses on regulating controlled substances, specifically anabolic steroids, and includes provisions related to criminal penalties for trafficking and possessing them, which falls under the scope of financial crimes and anti-money laundering enforcement due to the potential for illicit financial activity associated with these substances."
s378-110,7,SOX / PCAOB / audit firm oversight,"The bill focuses on financial disclosure requirements for judges, judicial ethics, and government ethics, all of which fall under the purview of audit firm oversight and related regulations like the Ethics in Government Act, which is closely tied to SOX and PCAOB concerns."
hr3647-106,7,SOX / PCAOB / audit firm oversight,"The bill concerns bank deposits and account transfers, which falls under the broader regulation of financial institutions and their operations, similar to the oversight provided by SOX and the PCAOB regarding financial reporting and auditing practices."
s1656-108,6,Dodd-Frank reform / implementation,"The bill directly addresses the regulation and oversight of Fannie Mae and Freddie Mac, which are central to the implementation and reform of the Dodd-Frank Act's provisions related to housing finance and systemic risk."
s2059-108,8,Investment company / hedge fund / investment adviser regulation,"The bill directly addresses the governance and regulation of mutual funds, which falls under the purview of investment company regulation as defined in category 8."
hr1062-113,7,SOX / PCAOB / audit firm oversight,"The bill focuses on SEC rulemaking procedures, review of existing regulations, and cost-benefit analysis, which directly relates to the oversight of public company auditors and the Sarbanes-Oxley Act's goals of improving corporate governance and financial reporting."
s195-111,13,TARP oversight and wind-down,"The bill focuses on oversight, accountability, and transparency provisions related to emergency economic assistance programs, similar to those initially established under TARP, and establishing oversight bodies to investigate the financial crisis and prevent future occurrences."
hr4771-113,4,Money laundering / financial crime strategy,"The bill addresses the regulation of substances with potential for abuse and misuse, and includes provisions related to preventing financial crimes through proper labeling and tracking of these substances, falling under the scope of financial crime strategy and anti-money laundering efforts."
s1199-112,12,Data breach / identity theft / financial privacy,"The bill focuses on the misuse of Social Security numbers, data security, identity theft prevention, and financial data privacy protections for consumers, which directly aligns with category 12."
hr4278-115,5,Federal Reserve audit / transparency,"The bill directly addresses the operations and asset holdings of the Federal Reserve Board, aiming to increase transparency and potentially reform its governance by limiting its investment options and requiring exchange of assets with the Treasury."
hr1414-116,4,Money laundering / financial crime strategy,"The bill directly addresses the duties of FinCEN to combat financial crimes and protect against terrorism, falling squarely within the scope of financial crime strategy and anti-money laundering enforcement."
s398-107,4,Money laundering / financial crime strategy,"The bill explicitly focuses on combating international money laundering, requiring financial institutions to take special measures for reporting and record-keeping, which directly aligns with anti-money laundering (AML) enforcement and financial crime strategy."
s2402-109,4,Money laundering / financial crime strategy,"The bill explicitly focuses on improving prohibitions on money laundering and terrorist financing, addressing AML enforcement and financial crime strategy."
s630-103,7,SOX / PCAOB / audit firm oversight,"The bill directly addresses audit requirements, independent public accountants, and SEC penalties related to accounting and auditing practices, which falls under the scope of SOX/PCAOB/audit firm oversight."
hr79-115,15,Crowdfunding and small-issuer capital formation,"The bill focuses on easing capital formation for small issuers by clarifying rules around general solicitation in Regulation D offerings, which is directly related to crowdfunding and small-issuer capital formation."
hr3472-105,6,Dodd-Frank reform / implementation,"The bill facilitates the use of electronic authentication techniques by financial institutions, which falls under financial deregulation and implementation of modern technologies within the financial sector, aligning with the broader scope of Dodd-Frank reform and implementation as it seeks to update financial practices."
hr1965-114,7,SOX / PCAOB / audit firm oversight,"The bill concerns SEC reporting requirements and the use of XBRL, which falls under the regulation of public company auditors and financial reporting standards governed by Sarbanes-Oxley and the PCAOB."
hr2308-112,7,SOX / PCAOB / audit firm oversight,"The bill focuses on SEC rulemaking procedures, regulatory review, and cost-benefit analysis, which directly relates to the oversight of public company auditors and the Sarbanes-Oxley Act's goals of improving corporate governance and financial reporting."
hr833-108,18,Consumer / predatory mortgage lending,"The bill focuses on regulating the high-cost mortgage market, establishing a consumer mortgage protection board, and setting standards for mortgage brokers, all of which fall under consumer and predatory mortgage lending protections."
hr4248-111,4,Money laundering / financial crime strategy,"The bill focuses on the use of coins and bullion as currency and prohibits taxation on them, which relates to financial crimes and potentially money laundering/financial crime strategy due to the implications for tracking and regulating monetary instruments."
hr4252-113,9,Banking capital requirements / Basel III,The bill directly addresses bank capital requirements by authorizing mutual capital certificates to satisfy Tier 1 capital requirements and discusses capital ratios and compliance with Federal Reserve regulations.
hr1242-111,13,TARP oversight and wind-down,"The bill focuses on additional monitoring, accountability, and oversight of the Troubled Asset Relief Program (TARP), which falls under TARP oversight beyond executive compensation as described in category 13."
s3048-112,9,Banking capital requirements / Basel III,"The bill focuses heavily on bank capital requirements, leverage ratios, and asset limits, all of which fall under the scope of Basel III implementation and banking capital regulations."
hr1466-114,4,Money laundering / financial crime strategy,"The bill focuses on curtailing surveillance powers and restricting the collection of information, which directly relates to financial crime strategy by limiting the government's ability to access data potentially used in investigations of fraud offenses and financial crimes."
hr4745-103,2,"Derivatives, swaps, CFTC regulation","The bill explicitly focuses on the supervision and regulation of derivatives activities, including registration requirements and SEC rulemaking authority, which falls under the scope of derivatives regulation and CFTC regulation."
s1821-111,4,Money laundering / financial crime strategy,"The bill focuses on elder abuse prevention and prosecution, which directly relates to financial crimes targeting seniors and improving anti-money laundering enforcement through investigation and victim support programs."
s3372-112,4,Money laundering / financial crime strategy,"The bill focuses on fraud offenses and financial crimes related to falsely representing military service to obtain tangible benefits or personal gain, which falls under the scope of anti-money laundering and financial crime strategy."
hr4081-115,12,Data breach / identity theft / financial privacy,"The bill focuses on data breach notification, identity theft prevention, and financial data privacy protections for consumers, directly aligning with the description of category 12."
s1895-107,8,Investment company / hedge fund / investment adviser regulation,"The bill directly regulates investment advisers and their disclosures regarding ties to companies they analyze, falling under the scope of investment adviser regulation."
hr7260-110,5,Federal Reserve audit / transparency,"The bill focuses on increasing the transparency of the Federal Reserve System through statistical reporting, audits, and public accessibility of research, directly aligning with the goals of Federal Reserve audit and transparency legislation."
s639-113,12,Data breach / identity theft / financial privacy,"The bill focuses on the privacy of geolocation information, data breach concerns related to its interception and use, and establishes civil liabilities for violations, all falling under the scope of data breach/identity theft/financial privacy protections for consumers."
hr4353-105,7,SOX / PCAOB / audit firm oversight,"The bill revises the Securities Exchange Act of 1934 and addresses securities fraud, falling under the purview of securities regulation and therefore aligning with the focus of SOX, PCAOB, and audit firm oversight."
hr2295-113,9,Banking capital requirements / Basel III,"The bill directly addresses bank capital requirements and the implementation of Basel III standards, focusing on the impact of these regulations on financial institutions."
hr2873-111,7,SOX / PCAOB / audit firm oversight,"The bill focuses on enhancing the SEC's enforcement capabilities through nationwide subpoena power, which directly relates to the oversight of public company auditors and the enforcement of securities laws, falling under the purview of SOX, PCAOB, and audit firm oversight."
hr2919-116,7,SOX / PCAOB / audit firm oversight,"The bill concerns investment research and the Securities and Exchange Commission (SEC), which falls under the purview of securities regulation and oversight, aligning with the focus of SOX, PCAOB, and audit firm oversight as it relates to the quality and availability of financial information."
hr2610-105,4,Money laundering / financial crime strategy,"The bill focuses on national drug control policy, which inherently involves strategies to combat drug traffic and abuse, and therefore falls under financial crime strategy as it addresses illicit financial flows related to drug activities."
hr3557-114,6,Dodd-Frank reform / implementation,"The bill directly amends the Financial Stability Act of 2010, which is the legislation commonly known as the Dodd-Frank Act, by addressing the Financial Stability Oversight Council (FSOC) and its operations, thus falling under Dodd-Frank reform/implementation."
s619-116,15,Crowdfunding and small-issuer capital formation,"The bill focuses on enabling investment authority for Federal Home Loan Banks to support rural infrastructure development through cooperatives, which aligns with easing capital formation for smaller entities and falls under the scope of the JOBS Act-related legislation."
s1276-111,8,Investment company / hedge fund / investment adviser regulation,"The bill directly regulates hedge funds, private equity funds, and venture capital funds by requiring them to register with the SEC, falling under the scope of investment company/hedge fund/investment adviser regulation."
hr1496-112,5,Federal Reserve audit / transparency,"The bill explicitly concerns auditing the Federal Reserve System and reporting those audits to Congress, directly aligning with the 'Federal Reserve audit / transparency' category."
hr296-114,4,Money laundering / financial crime strategy,"The bill focuses on enhancing protections and increasing restitution for victims of human trafficking, which directly relates to anti-money laundering enforcement and financial crime strategy as trafficking often involves financial exploitation."
hr5042-111,7,SOX / PCAOB / audit firm oversight,"The bill relates to securities violations and private civil actions, which falls under the purview of the Sarbanes-Oxley Act and PCAOB oversight as it concerns fraud offenses and financial crimes in the context of public company securities."
hr4432-111,16,Corporate nonfinancial / ESG disclosure,"The bill mandates disclosure of expenditures made to influence public opinion, which falls under the scope of corporate nonfinancial disclosure, specifically relating to political spending and transparency."
s1682-111,2,"Derivatives, swaps, CFTC regulation","The bill explicitly focuses on regulating swaps and derivatives markets and granting the CFTC enforcement powers, which directly falls under the scope of derivatives regulation."
hr5125-111,13,TARP oversight and wind-down,"The bill directly relates to the oversight and wind-down of the TARP program by specifying the use of TARP profits to address losses incurred by local governments due to the Lehman Brothers bankruptcy, which was a key event addressed by TARP."
s1184-108,0,,"The bill focuses on historical asset recovery and remembrance related to the Holocaust, and does not directly address any of the financial regulatory areas covered by the provided categories."
hr2441-106,7,SOX / PCAOB / audit firm oversight,"The bill concerns fees related to securities transactions and oversight of the SEC, which falls under the broader scope of securities regulation and audit firm oversight as it impacts the financial reporting ecosystem."
s431-111,3,Executive compensation at financial firms / TARP,"The bill focuses on curbing excessive executive compensation at firms receiving TARP funds, which directly aligns with the description of Category 3: Executive compensation at financial firms / TARP."
hr1151-105,7,SOX / PCAOB / audit firm oversight,"The bill focuses on accounting principles for credit unions, independent audits, and audit requirements, all of which fall under the purview of SOX, PCAOB, and audit firm oversight."
hr5424-114,8,Investment company / hedge fund / investment adviser regulation,"The bill directly amends the Investment Advisers Act of 1940 and directs the SEC to modernize requirements relating to investment advisers, specifically focusing on private equity firms and private investment funds, which falls under the regulation of investment advisers."
hr1713-103,6,Dodd-Frank reform / implementation,"The bill explicitly addresses the restructuring of agencies involved in resolving failed depository institutions and transferring their functions, which falls under the scope of Dodd-Frank reform and implementation as it relates to financial institution resolution and the aftermath of the Savings and Loan crisis that prompted the original legislation."
hr318-115,7,SOX / PCAOB / audit firm oversight,"The bill focuses on accounting principles and standards, requiring all transactions to be shown on balance sheets, which directly relates to the Sarbanes-Oxley Act's focus on accounting and audit firm oversight."
hr3054-114,10,Glass-Steagall / bank-securities separation,"The bill explicitly aims to reinstate Glass-Steagall Act protections, separating commercial banking from securities and other financial activities, which directly falls under the category of bank-securities separation."
hr2451-112,10,Glass-Steagall / bank-securities separation,"The bill explicitly aims to restore provisions of the Glass-Steagall Act, which concerned the separation of commercial and investment banking activities."
s202-112,5,Federal Reserve audit / transparency,"The bill explicitly calls for a full audit of the Federal Reserve System and repeals limitations on such an audit, directly aligning with the focus of Federal Reserve audit and transparency legislation."
s972-108,14,Insurance regulation,"The bill directly addresses insurance companies, Holocaust era insurance policies, and state regulation of insurance business, fitting the definition of Insurance regulation."
hr3931-110,7,SOX / PCAOB / audit firm oversight,"The bill focuses on legal ethics, attorney fees, and oversight related to securities litigation, which directly aligns with the Sarbanes-Oxley Act's goals of improving corporate governance and accountability through regulation of public company auditors and legal practices."
s366-115,6,Dodd-Frank reform / implementation,"The bill focuses on tailoring regulations and reviewing actions taken since 2010, which directly relates to the implementation and potential reform of the Dodd-Frank Act."
hr4636-109,6,Dodd-Frank reform / implementation,"The bill enacts technical and conforming amendments to implement the Federal Deposit Insurance Reform Act of 2005, which suggests it's related to changes and updates following a major financial reform act, fitting the description of Dodd-Frank reform/implementation even though it's an older reform."
hr5519-110,9,Banking capital requirements / Basel III,"The bill addresses bank capital limitations, investment limits, and lending practices within credit unions, which directly relates to banking capital requirements and financial stability."
s1659-115,18,Consumer / predatory mortgage lending,"The bill directly addresses mortgage lending practices and establishes restrictions on interest rates for consumer credit transactions, aligning with the focus of consumer and predatory mortgage lending protections."
s2716-114,7,SOX / PCAOB / audit firm oversight,"The bill concerns SEC industry guides and regulations related to disclosures by companies in the oil and gas and mining industries, which falls under the purview of securities regulation and audit oversight, similar to the Sarbanes-Oxley Act's focus on accurate financial reporting."
s395-115,12,Data breach / identity theft / financial privacy,"The bill focuses on the privacy of geolocation information, which falls under financial data privacy protections for consumers as it relates to tracking and potential misuse of personal data."
s1743-107,14,Insurance regulation,"The bill explicitly focuses on creating a reinsurance mechanism for terrorism insurance, directly addressing insurance markets and related regulations."
hr5525-107,19,Corporate bankruptcy: employee and retiree protections,"The bill explicitly focuses on protecting employees and retirees in corporate bankruptcy proceedings, addressing wages, benefits, pensions, and insurance, which directly aligns with category 19."
hr97-114,19,Corporate bankruptcy: employee and retiree protections,"The bill explicitly focuses on improving protections for employees and retirees in business bankruptcies, covering wages, benefits, severance pay, and pension claims, which directly aligns with category 19's description of protecting employees and retirees in corporate bankruptcy proceedings."
s462-112,4,Money laundering / financial crime strategy,"The bill focuses on preventing, investigating, and prosecuting elder abuse and exploitation, which falls under the umbrella of financial crime strategy and anti-money laundering efforts as elder abuse often involves financial victimization."
hr4362-112,12,Data breach / identity theft / financial privacy,"The bill focuses on criminal prosecutions for identity theft, defining 'means of identification' and addressing tax return identity theft, which falls under data breach and identity theft protections for consumers."
hr6066-110,16,Corporate nonfinancial / ESG disclosure,"The bill explicitly mandates the disclosure of non-financial information (payments to foreign governments for resource extraction) by public companies, falling directly under the scope of corporate nonfinancial/ESG disclosure legislation."
hr1981-112,4,Money laundering / financial crime strategy,"The bill focuses on prohibiting financial transactions that facilitate access to child pornography and adds these offenses as predicate acts for money laundering, directly relating to financial crime strategy and enforcement."
s3652-110,6,Dodd-Frank reform / implementation,"The bill focuses on a comprehensive review and reform of the financial regulatory structure, including investigations into various financial markets and institutions, which directly aligns with the goals of the Dodd-Frank Act and its implementation."
s392-111,18,Consumer / predatory mortgage lending,"The bill focuses on consumer credit, specifically credit card practices, interest rates, and protections against unfair lending practices, which directly aligns with the Consumer / predatory mortgage lending category."
hr1756-105,4,Money laundering / financial crime strategy,"The bill explicitly focuses on developing a national strategy to combat money laundering and related financial crimes, including enforcement, prevention, and coordination of financial crime strategy."
hr3758-115,4,Money laundering / financial crime strategy,"The bill focuses on reporting suspected financial exploitation of senior citizens, which directly relates to financial crime strategy and anti-money laundering efforts, as exploitation often involves financial fraud."
hr4638-114,15,Crowdfunding and small-issuer capital formation,"The bill focuses on creating 'venture exchanges' to promote capital formation for small and emerging growth companies, which directly aligns with the goals of equity crowdfunding and easing capital access as described in category 15."
hr5032-111,7,SOX / PCAOB / audit firm oversight,"The bill amends the Securities Investor Protection Act and concerns the duties of a trustee in liquidation, which directly relates to audit oversight and the protection of investors, aligning with the focus of SOX and PCAOB regulations."
s2169-109,12,Data breach / identity theft / financial privacy,"The bill focuses on data security, breach notification, and identity theft prevention related to financial data, which directly aligns with the description of Category 12: Data breach / identity theft / financial privacy."
s2200-113,18,Consumer / predatory mortgage lending,"The bill focuses on consumer protections related to debit card transactions and liability for unauthorized use, which falls under the scope of consumer and predatory mortgage lending protections as it addresses financial transactions and potential fraud affecting consumers."
hr5789-109,7,SOX / PCAOB / audit firm oversight,"The bill concerns government securities and surety bonds, which fall under the broader scope of financial instruments and audit-related practices, aligning with the focus of SOX/PCAOB/audit firm oversight as it relates to financial reporting and security regulations."
s746-112,6,Dodd-Frank reform / implementation,"The bill explicitly aims to repeal provisions of the Dodd-Frank Wall Street Reform and Consumer Protection Act, directly falling under the scope of Dodd-Frank reform/implementation legislation."
hr5421-113,20,Financial institution resolution / SIFI bankruptcy,"The bill focuses on the resolution of insolvent financial institutions in bankruptcy, specifically establishing a new subchapter V for their liquidation, reorganization, or recapitalization, which directly relates to financial institution resolution and the Orderly Liquidation Authority (OLA) framework."
hr1387-116,4,Money laundering / financial crime strategy,"The bill explicitly focuses on combating the financial networks of transnational organized criminals, which directly aligns with anti-money laundering (AML) enforcement and financial crime strategy."
hr766-114,4,Money laundering / financial crime strategy,"The bill focuses on requirements for federal banking agencies when requesting account terminations, particularly related to national security and terrorist financing concerns, which falls under the scope of financial crime strategy and anti-money laundering enforcement."
hr677-113,6,Dodd-Frank reform / implementation,The bill directly amends provisions of the Dodd-Frank Wall Street Reform and Consumer Protection Act by exempting inter-affiliate swaps from certain regulatory requirements established by the Act.
hr394-112,7,SOX / PCAOB / audit firm oversight,"The bill focuses on clarifying federal court jurisdiction and venue, which includes rules related to corporate citizenship and removal of cases, impacting how companies are litigated in federal courts and thus touches on aspects of audit and corporate procedure."
hr1312-113,12,Data breach / identity theft / financial privacy,"The bill focuses on the privacy of geolocation information, data breach concerns related to its interception and use, and establishes civil liabilities for violations, all falling under the scope of data breach/identity theft/financial privacy protections for consumers."
hr5311-114,11,Shareholder rights / corporate governance,"The bill focuses on proxy advisory firms, which directly impacts corporate governance practices like shareholder rights and the proxy voting process, aligning with category 11's description of shareholder rights and corporate governance."
hr711-111,8,Investment company / hedge fund / investment adviser regulation,"The bill directly addresses the regulation of investment advisers, specifically hedge fund advisers, and modifies requirements under the Investment Advisers Act of 1940, which falls under the scope of investment company regulation."
s848-113,7,SOX / PCAOB / audit firm oversight,"The bill directly relates to the Sarbanes-Oxley Act and the Public Company Accounting Oversight Board (PCAOB), focusing on the transparency of PCAOB disciplinary proceedings and audit firm oversight."
hr3661-103,7,SOX / PCAOB / audit firm oversight,"The bill focuses on due process protections for bank directors and officers facing civil actions, relating to liability and potentially impacting financial statement reviews, which aligns with the scope of SOX, PCAOB, and audit firm oversight."
hr1909-111,7,SOX / PCAOB / audit firm oversight,"The bill concerns accounting standards (mark-to-market accounting) and directs the SEC to suspend their application, which falls under the purview of accounting oversight and regulation related to the Sarbanes-Oxley Act and PCAOB responsibilities."
s1907-113,6,Dodd-Frank reform / implementation,"The bill amends the Bank Holding Company Act, specifically relating to the Volcker Rule which was a key provision of the Dodd-Frank Act, indicating it's directly related to Dodd-Frank reform and implementation."
hr1116-115,6,Dodd-Frank reform / implementation,"The bill focuses on tailoring regulatory actions, which directly relates to the implementation and potential reform of existing financial regulations like those established by the Dodd-Frank Act."
hr2141-114,14,Insurance regulation,"The bill explicitly focuses on insurance industry regulation, international insurance standards, and policyholder protection, directly aligning with the scope of Category 14."
hr1923-112,4,Money laundering / financial crime strategy,"The bill addresses fraud offenses and financial crimes, specifically prohibiting undisclosed self-dealing by public officials, which falls under the broader scope of financial crime strategy and enforcement."
s2310-110,14,Insurance regulation,"The bill directly addresses insurance markets, specifically catastrophe insurance, reinsurance, and the establishment of a national homeowners' insurance stabilization program."
hr1508-110,7,SOX / PCAOB / audit firm oversight,"The bill directly addresses the Sarbanes-Oxley Act of 2002, specifically section 404 related to internal control assessments and auditor attestation, and concerns PCAOB oversight of audit firm practices."
hr5758-113,6,Dodd-Frank reform / implementation,"The bill amends the Financial Institutions Reform, Recovery, and Enforcement Act of 1989 and addresses regulatory procedures related to bank account terminations, which falls under the broader scope of Dodd-Frank reform and implementation as it concerns financial institution regulation."
s648-104,6,Dodd-Frank reform / implementation,"The bill amends the Federal Deposit Insurance Corporation Act, which is a core component of the Dodd-Frank Act's framework for resolving failing financial institutions and managing bank failures, thus representing Dodd-Frank reform/implementation."
hr1982-114,7,SOX / PCAOB / audit firm oversight,"The bill amends the Securities Investor Protection Act, deals with trustee appointments, and focuses on accurate record-keeping and financial reporting, all of which fall under the purview of accounting and auditing regulations and the oversight of the PCAOB and SOX."
s2030-112,18,Consumer / predatory mortgage lending,"The bill focuses on consumer protections related to prepaid cards, which are a form of consumer credit and involve financial transactions, aligning with the focus on predatory mortgage lending and consumer financial protection."
s447-111,2,"Derivatives, swaps, CFTC regulation","The bill directly addresses regulation of commodities markets, specifically energy and agricultural commodities, and focuses on the Commodity Futures Trading Commission (CFTC) and its regulatory authority over derivatives and swaps trading practices, including clearing, reporting, and position limits."
hr4151-105,12,Data breach / identity theft / financial privacy,"The bill focuses on identity theft, unlawful use of identification, data breach notification procedures through the FTC, and protection of individuals whose identities have been stolen, all of which fall under data breach/identity theft/financial privacy concerns."
hr6312-110,6,Dodd-Frank reform / implementation,"The bill focuses on regulatory relief for credit unions, banks, and thrifts, including amendments to existing financial laws and adjustments to lending and investment limits, which falls under the scope of Dodd-Frank reform and implementation as it addresses financial sector regulations."
s2829-113,6,Dodd-Frank reform / implementation,"The bill focuses on regulatory review across multiple financial agencies, which is a common aspect of Dodd-Frank implementation and reform efforts to ensure consistency and avoid duplication of regulations established under the Act."
hr1954-114,2,"Derivatives, swaps, CFTC regulation","The bill directly addresses regulations related to commodity pools and the Commodity Futures Trading Commission (CFTC), specifically focusing on exemptions for general solicitation, which falls under the scope of derivatives and CFTC regulation."
hr1116-113,11,Shareholder rights / corporate governance,"The bill directly addresses shareholder rights by requiring a majority vote for expenditures influencing public opinion and establishes liability for officers and directors, aligning with corporate governance principles and shareholder control."
hr1550-114,6,Dodd-Frank reform / implementation,"The bill directly amends the Financial Stability Act of 2010 (Dodd-Frank Act) to improve the transparency of the Financial Stability Oversight Council (FSOC) and the SIFI designation process, which falls under Dodd-Frank reform and implementation."
s1551-111,7,SOX / PCAOB / audit firm oversight,"The bill concerns liability for violations of the Securities Exchange Act of 1934, which falls under the purview of SOX, PCAOB, and audit firm oversight as it relates to the accuracy and legality of public company financial reporting and the responsibilities of those assisting in its creation."
s420-107,19,Corporate bankruptcy: employee and retiree protections,"The bill focuses heavily on amendments to bankruptcy law, specifically addressing protections for debtors and their families, including provisions related to employee and retiree considerations, and the impact of bankruptcy on individuals facing financial hardship, which aligns with the focus of category 19."
s2168-110,12,Data breach / identity theft / financial privacy,"The bill focuses on identity theft crimes, data breach remediation, and restitution to victims, all of which fall under the scope of data breach/identity theft/financial privacy legislation."
hr4269-105,7,SOX / PCAOB / audit firm oversight,"The bill amends the Securities Exchange Act of 1934, which falls under the purview of securities regulation and oversight, closely aligning with the focus of SOX, PCAOB, and audit firm oversight as it concerns public company financial reporting and regulation."
hr3806-110,4,Money laundering / financial crime strategy,"The bill addresses financial statements as part of crimes affecting national security and increases penalties for thefts of classified financial records, falling under the scope of financial crime strategy and enforcement."
s2544-114,4,Money laundering / financial crime strategy,"The bill addresses firearms trafficking, which is considered a financial crime and involves potential money laundering or the use of illegally obtained funds to purchase firearms."
hr6069-115,4,Money laundering / financial crime strategy,"The bill focuses on investigating the use of virtual currencies and online marketplaces for financial crimes, specifically sex and drug trafficking, which directly relates to anti-money laundering and financial crime strategy."
s1854-116,7,SOX / PCAOB / audit firm oversight,"The bill focuses on increasing penalties for securities law violations and expands penalties related to SEC actions, which directly relates to the enforcement of securities regulations and oversight of public company auditors (PCAOB) under SOX."
hr5999-111,6,Dodd-Frank reform / implementation,The bill directly addresses the Dodd-Frank Wall Street Reform and Consumer Protection Act by attempting to repeal a provision establishing the Office of Financial Research.
s576-106,6,Dodd-Frank reform / implementation,"The bill explicitly aims for 'financial regulatory reform' and streamlines actions of financial regulatory agencies, indicating a focus on amending and potentially implementing changes to existing financial regulations, which aligns with the scope of Dodd-Frank reform/implementation even though it predates Dodd-Frank, it is still a broad regulatory reform bill."
hr68-104,12,Data breach / identity theft / financial privacy,"The bill concerns the disclosure of consumer financial information to the FBI, which implicates financial data privacy protections for consumers, even though it's for counterintelligence purposes."
hr3722-114,4,Money laundering / financial crime strategy,"The bill focuses on mental health programs within the criminal justice system, including grants for related law enforcement and corrections programs, and aims to minimize criminal justice involvement for individuals with mental illness, which falls under financial crime strategy due to the potential for individuals with mental health issues to be involved in financial crimes."
s3046-106,19,Corporate bankruptcy: employee and retiree protections,"The bill focuses heavily on bankruptcy proceedings, specifically addressing employee and retiree protections through provisions related to dismissing cases based on criminal convictions (violence or drug trafficking) and considering expenses for care of family members, indicating a concern for those impacted by bankruptcy."
s1958-108,7,SOX / PCAOB / audit firm oversight,"The bill focuses on auditing, disclosure requirements, penalties for fraud, and oversight of mutual funds, all of which fall under the purview of the Sarbanes-Oxley Act, the PCAOB, and regulation of public company auditors."
hr6488-114,7,SOX / PCAOB / audit firm oversight,"The bill focuses on accounting methods, audit-like internal controls for disclosure, and SEC oversight of financial reporting by municipal issuers, all of which fall under the purview of SOX, PCAOB, and audit firm oversight."
s1513-114,4,Money laundering / financial crime strategy,"The bill focuses on preventing waste, fraud, and abuse of grant funds and prohibits organizations with offshore accounts from receiving funding, which directly relates to financial crime strategy and anti-money laundering efforts."
hr5143-103,12,Data breach / identity theft / financial privacy,"The bill concerns the disclosure of consumer financial information to the FBI, which implicates financial data privacy protections for consumers, even though it's for counterintelligence purposes."
hr1841-114,6,Dodd-Frank reform / implementation,"The bill directly amends a provision of the Bank Holding Company Act, which was significantly impacted by the Dodd-Frank Act, making it a Dodd-Frank reform/implementation issue."
s331-111,4,Money laundering / financial crime strategy,"The bill focuses on increasing law enforcement personnel to investigate and prosecute financial fraud, directly relating to financial crime strategy and enforcement."
hr807-111,3,Executive compensation at financial firms / TARP,"The bill directly addresses executive compensation at firms receiving TARP funds by mandating a public database of their executive pay, aligning with the focus of category 3."
hr3764-107,7,SOX / PCAOB / audit firm oversight,"The bill focuses on SEC financial statement reviews and implements fee relief related to investor and capital markets, which directly relates to the Sarbanes-Oxley Act's goals of improving corporate financial reporting and audit quality."
s2953-115,15,Crowdfunding and small-issuer capital formation,"The bill focuses on expanding access to capital for small businesses, specifically those in rural areas, which aligns with the goals of crowdfunding and small-issuer capital formation legislation like the JOBS Act."
s337-104,6,Dodd-Frank reform / implementation,"The bill aims to enhance competition in the financial services sector through deregulation and changes to holding company regulations, which directly relates to reforming the financial landscape established by the Dodd-Frank Act and its implementation."
hr2986-104,4,Money laundering / financial crime strategy,"The bill focuses on criminal penalties for counterfeiting financial instruments and forfeiture of related devices, directly addressing financial crime and enforcement, which aligns with the scope of anti-money laundering and financial crime strategy."
s2746-111,1,"Systemic risk / FSOC / ""too big to fail""","The bill directly addresses the concept of 'Too Big To Fail' and proposes breaking up large financial entities to eliminate systemic risk, which falls squarely within the scope of legislation concerning systemic risk and the FSOC."
s834-110,7,SOX / PCAOB / audit firm oversight,"The bill focuses on auditing, financial statements, and the Public Company Accounting Oversight Board (PCAOB), all of which fall under the scope of SOX/PCAOB/audit firm oversight."
hr99-103,20,Financial institution resolution / SIFI bankruptcy,"The bill directly addresses the Resolution Trust Corporation (RTC), which was established to resolve failing financial institutions, and provides additional funding for its operations, falling under the scope of financial institution resolution."
hr2500-115,7,SOX / PCAOB / audit firm oversight,"The bill focuses on government ethics, restrictions on former employment, and transparency requirements for high-level federal employees, which aligns with oversight of federal officials and public corruption, similar to the concerns addressed by SOX and PCAOB regarding accountability and conflicts of interest."
hr4922-103,4,Money laundering / financial crime strategy,"The bill focuses on requiring telecommunications carriers to cooperate with law enforcement for communication interception, which directly relates to criminal investigation and falls under the umbrella of financial crime strategy and anti-money laundering efforts as intercepted communications can reveal illicit financial activity."
s1900-105,7,SOX / PCAOB / audit firm oversight,"The bill involves government paperwork, historical record review, and reporting requirements related to assets potentially held by financial institutions and the Federal Reserve, which falls under the scope of audit and oversight of financial records and practices."
s605-111,2,"Derivatives, swaps, CFTC regulation","The bill focuses on regulating short selling activities, which are a type of derivative trading and fall under the purview of the Commodity Futures Trading Commission (CFTC) and the Securities and Exchange Commission (SEC) regulation."
hr6517-110,7,SOX / PCAOB / audit firm oversight,"The bill concerns SEC rules regarding short sales, which falls under the regulation of securities and the oversight of the SEC, aligning with the focus of SOX/PCAOB/audit firm oversight as it relates to market integrity and investor protection."
hr4541-106,2,"Derivatives, swaps, CFTC regulation","The bill explicitly focuses on futures and over-the-counter derivatives, their regulation, and the Commodity Futures Trading Commission (CFTC), which falls directly under the scope of category 2."
hr2401-106,4,Money laundering / financial crime strategy,"The bill concerns assets of Holocaust victims, which involves investigating and potentially recovering money and property, aligning with the focus on financial crime strategy and anti-money laundering efforts related to historical injustices."
hr3004-107,4,Money laundering / financial crime strategy,"The bill focuses on combating the financing of terrorism and other financial crimes, specifically addressing anti-money laundering (AML) enforcement, financial crime task forces, and coordination of financial crime strategy through increased reporting requirements and penalties."
hr618-104,2,"Derivatives, swaps, CFTC regulation","The bill directly concerns the Commodity Futures Trading Commission (CFTC) and futures trading, which falls under the scope of derivatives and swaps regulation."
hr1219-115,8,Investment company / hedge fund / investment adviser regulation,"The bill directly amends the Investment Company Act of 1940 regarding venture capital funds and investor limitations, which falls under the regulation of investment companies and investment advisers."
hr26-114,14,Insurance regulation,"The bill directly concerns the Terrorism Risk Insurance Program, which is a key component of insurance market regulation and disaster relief related to terrorism events."
s1212-112,12,Data breach / identity theft / financial privacy,"The bill focuses on the privacy of geolocation information, data breach concerns related to its interception and use, and establishes civil liabilities for violations, aligning with data breach/identity theft/financial privacy protections for consumers."
hr1523-114,7,SOX / PCAOB / audit firm oversight,"The bill directly addresses the Sarbanes-Oxley Act (SOX) by exempting smaller banks from its internal control attestation requirements and also deals with securities registration requirements, falling under the purview of PCAOB oversight and audit firm regulation."
s1843-111,4,Money laundering / financial crime strategy,"The bill focuses on increasing penalties for health care fraud, which falls under the broader category of financial crime strategy and enforcement of financial crimes."
hr2622-111,7,SOX / PCAOB / audit firm oversight,"The bill focuses on SEC inspections, examinations, and internal procedures, which directly relates to the oversight of public company auditors and the Sarbanes-Oxley Act's framework for regulating public company audits."
hr4461-111,10,Glass-Steagall / bank-securities separation,"The bill explicitly aims to reinstate provisions of the Glass-Steagall Act, which separated commercial and investment banking, directly addressing bank-securities separation."
s828-115,9,Banking capital requirements / Basel III,"The bill concerns the classification of assets held by banks, specifically municipal obligations as liquid assets, which directly relates to banking capital requirements and liquidity standards."
hr4677-111,19,Corporate bankruptcy: employee and retiree protections,"The bill explicitly focuses on improving protections for employees and retirees in business bankruptcy proceedings, covering wages, salaries, pensions, and benefits, which directly aligns with category 19's description of protecting employees and retirees in corporate bankruptcy."
s3092-114,8,Investment company / hedge fund / investment adviser regulation,"The bill focuses on research reports related to investment funds, which falls under the regulation of mutual funds and investment advisers as described in category 8."
s1945-107,6,Dodd-Frank reform / implementation,"The bill directly addresses reform and implementation of the Federal Deposit Insurance Act (FDIA), which is a core component of the Dodd-Frank Act's framework for financial stability and deposit insurance."
hr1476-104,6,Dodd-Frank reform / implementation,"The bill directly amends the Federal Deposit Insurance Act (FDIA) and restructures deposit insurance funds, which falls under the broader scope of Dodd-Frank reform and implementation as it relates to financial stability and regulatory changes following the financial crisis."
hr4697-113,15,Crowdfunding and small-issuer capital formation,"The bill focuses on easing capital formation for smaller companies by revising SEC definitions related to seasoned issuers, which directly aligns with the goals of crowdfunding and small-issuer capital formation legislation like the JOBS Act."
hr2043-108,9,Banking capital requirements / Basel III,"The bill directly addresses bank capital standards and the Basel Committee's recommendations, which are central to banking capital requirements and U.S. implementation of Basel III standards."
hr6391-111,4,Money laundering / financial crime strategy,"The bill addresses fraud offenses and financial crimes, specifically prohibiting undisclosed self-dealing by public officials which falls under the broader scope of financial crime strategy and enforcement."
hr1975-114,7,SOX / PCAOB / audit firm oversight,"The bill concerns the Securities and Exchange Commission (SEC) and relates to fees and assessments paid by securities exchanges, which falls under the purview of audit and oversight of public companies and their financial reporting, aligning with the focus of SOX/PCAOB/audit firm oversight."
hr1257-110,11,Shareholder rights / corporate governance,"The bill explicitly focuses on providing shareholders with an advisory vote on executive compensation, which falls directly under shareholder rights and corporate governance practices."
hr3841-114,11,Shareholder rights / corporate governance,"The bill addresses employment discrimination protections for survivors of violence and promotes financial empowerment, which falls under shareholder rights and corporate governance by focusing on employee rights and protections within companies."
hr3109-114,7,SOX / PCAOB / audit firm oversight,"The bill deals with accounting and auditing standards for loans, specifically how they are classified and impact capital requirements, which falls under the purview of SOX, PCAOB, and audit firm oversight."
hr2075-103,7,SOX / PCAOB / audit firm oversight,"The bill focuses on disclosure requirements, maintaining schedules of fees, and clear reporting on investor statements, all of which relate to audit-like transparency and information accuracy for investors, aligning with the goals of SOX and PCAOB oversight."
hr5024-109,7,SOX / PCAOB / audit firm oversight,"The bill focuses on auditing, financial statements, and the Public Company Accounting Oversight Board (PCAOB), all of which fall under the scope of SOX/PCAOB/audit firm oversight."
s3698-110,13,TARP oversight and wind-down,"The bill focuses on oversight of TARP funds, specifically prohibiting lobbying and political contributions with those funds and increasing transparency through reporting requirements, which aligns with the scope of TARP oversight beyond executive compensation."
hr744-113,12,Data breach / identity theft / financial privacy,"The bill focuses on criminal prosecutions for identity theft and protecting vulnerable groups from becoming victims, directly relating to data breach, identity theft, and financial privacy protections for consumers."
hr3955-108,16,Corporate nonfinancial / ESG disclosure,"The bill explicitly requires public companies to disclose payments to foreign governments for natural resource extraction, which falls under the scope of corporate nonfinancial/ESG disclosure legislation."
hr3389-103,12,Data breach / identity theft / financial privacy,"The bill focuses on consumer protection through information disclosure regarding mutual fund insurance status, which falls under financial privacy and preventing deceptive practices related to financial products."
hr722-104,6,Dodd-Frank reform / implementation,The bill amends existing financial legislation (Community Development Banking and Financial Institutions Act of 1994) and authorizes financial instruments (guarantees for debt securities) which falls under the broader scope of financial reform and implementation.
hr3901-106,18,Consumer / predatory mortgage lending,"The bill explicitly focuses on protecting consumers from predatory mortgage lending practices, regulating mortgage lending practices, and reforming TILA, which directly falls under the scope of consumer and predatory mortgage lending legislation."
hr493-115,1,"Systemic risk / FSOC / ""too big to fail""","The bill directly amends Dodd-Frank to address the financial benefit systemically important entities receive due to the expectation of government support, which falls under systemic risk and 'too big to fail' policies."
hr1049-110,7,SOX / PCAOB / audit firm oversight,"The bill directly addresses the Sarbanes-Oxley Act, the Public Company Accounting Oversight Board (PCAOB), and regulation of public company auditors, focusing on audit report issues, internal control assessments, and auditor attestation standards."
hr5159-111,9,Banking capital requirements / Basel III,"The bill focuses heavily on bank capital requirements, leverage ratios, and balance sheet leverage ratios, directly aligning with the description of Category 9."
hr5768-110,2,"Derivatives, swaps, CFTC regulation","The bill directly regulates retail foreign currency transactions, futures trading, and the Commodity Futures Trading Commission (CFTC), all of which fall under the scope of derivatives and CFTC regulation."
s2673-107,7,SOX / PCAOB / audit firm oversight,"The bill focuses heavily on the Sarbanes-Oxley Act by establishing the Public Company Accounting Oversight Board, enhancing audit standards, and increasing the independence of public company auditors, all core components of SOX."
hr2618-112,4,Money laundering / financial crime strategy,"The bill increases penalties for false statements related to firearms dealer records and includes these offenses as 'specified unlawful activity' for financial transaction prohibitions, which falls under financial crime strategy and anti-money laundering efforts."
hr3652-113,4,Money laundering / financial crime strategy,"The bill focuses on penalties for aggravated identity theft, which falls under the scope of financial crime and enforcement, specifically targeting those employed by agencies implementing healthcare law."
s4032-111,4,Money laundering / financial crime strategy,"The bill focuses on regulating controlled substances, specifically anabolic steroids, and includes provisions related to criminal penalties for trafficking and possession, which falls under the scope of financial crimes and anti-money laundering enforcement due to the illicit nature of the trade."
s2375-115,12,Data breach / identity theft / financial privacy,"The bill focuses on consumer control over their credit information, data release restrictions, fraud alerts, and free reports, all of which fall under the umbrella of data breach/identity theft/financial privacy protections for consumers."
s3546-111,4,Money laundering / financial crime strategy,"The bill focuses on criminal penalties for automobile insurance fraud, investigation and prosecution of fraud, and cooperation between federal and state agencies to combat financial crime, aligning with the focus of anti-money laundering and financial crime strategy."
hr2156-106,12,Data breach / identity theft / financial privacy,"The bill focuses on restricting the sharing of confidential financial and personal information and enhancing privacy protections for consumers related to telemarketing, which directly aligns with data privacy and identity theft prevention."
hr5461-113,6,Dodd-Frank reform / implementation,"The bill directly amends provisions of the Dodd-Frank Act, specifically regarding capital requirements and the Volcker Rule, making it a Dodd-Frank reform/implementation measure."
hr2357-115,6,Dodd-Frank reform / implementation,"The bill involves establishing a new bank to facilitate employee ownership, which falls under broader financial sector regulation and could be considered an implementation of policies aimed at corporate finance and management, similar to provisions within Dodd-Frank related to corporate governance and financial stability."
hr7224-110,4,Money laundering / financial crime strategy,"The bill addresses fraud offenses and financial crimes by criminalizing the misuse of registered marks with the intent to deceive, which falls under the broader scope of financial crime strategy and enforcement."
hr4321-105,12,Data breach / identity theft / financial privacy,"The bill focuses on preventing the obtaining of personal financial information under false pretenses, directly addressing data privacy and potential identity theft concerns for consumers."
s1861-113,20,Financial institution resolution / SIFI bankruptcy,"The bill focuses on the resolution of failing financial institutions by repealing the Orderly Liquidation Authority (OLA) and establishing a new bankruptcy process (Chapter 14) for these entities, directly addressing financial institution resolution and SIFI bankruptcy procedures."
hr3668-112,4,Money laundering / financial crime strategy,"The bill addresses trafficking in counterfeit drugs, which falls under the scope of fraud offenses and financial crimes, specifically related to the illicit financial activity associated with counterfeit drug distribution."
s610-115,7,SOX / PCAOB / audit firm oversight,"The bill directly relates to the Sarbanes-Oxley Act and the Public Company Accounting Oversight Board (PCAOB), focusing on the transparency of PCAOB disciplinary proceedings and audit firm oversight."
hr2904-111,13,TARP oversight and wind-down,"The bill focuses on the oversight, wind-down, and repayment of funds related to the Emergency Economic Stabilization Act of 2008 (TARP), including divestiture requirements and reporting, which falls under TARP oversight beyond executive compensation."
hr3283-112,6,Dodd-Frank reform / implementation,"The bill directly addresses the implementation of the Dodd-Frank Act (specifically Title VII) by modifying regulations surrounding swaps and security-based swaps, focusing on jurisdictional issues and cross-border application of the rules."
hr1964-115,7,SOX / PCAOB / audit firm oversight,"The bill involves auditing and regulatory requirements related to mortgage lenders, which falls under the scope of accounting and auditing oversight, aligning with the focus of SOX, PCAOB, and audit firm regulation."
hr597-103,7,SOX / PCAOB / audit firm oversight,"The bill focuses on bank directors, outside counsel/accountant conflicts of interest, and board oversight, all of which relate to audit firm oversight and corporate governance practices, aligning with the scope of SOX/PCAOB legislation."
s557-104,2,"Derivatives, swaps, CFTC regulation","The bill directly regulates derivative financial instruments, specifically prohibiting insured depository institutions and credit unions from engaging in such transactions, which falls under the scope of derivatives regulation and CFTC regulation."
hr5833-111,7,SOX / PCAOB / audit firm oversight,"The bill mandates disclosures in SEC filings, which falls under the purview of regulation of public company reporting and oversight, aligning with the focus of SOX, PCAOB, and audit firm oversight."
s1912-113,6,Dodd-Frank reform / implementation,"The bill directly amends a provision of the Dodd-Frank Act (the Volcker Rule) regarding banking entities and their investments, which falls under Dodd-Frank reform/implementation."
hr459-112,5,Federal Reserve audit / transparency,"The bill explicitly focuses on requiring a full audit of the Federal Reserve System and increasing its transparency, which directly aligns with the description of category 5."
hr5580-107,4,Money laundering / financial crime strategy,"The bill focuses on mandatory restitution for fraudulent offenses, which directly relates to compensating victims of financial crime and ensuring accountability for financial wrongdoing."
s3442-114,4,Money laundering / financial crime strategy,"The bill deals with satisfying judgments against terrorist parties using blocked assets, which falls under financial crime strategy and enforcement of anti-terrorism financing measures."
hr3841-103,6,Dodd-Frank reform / implementation,"The Riegle-Neal Interstate Banking and Branching Efficiency Act of 1994 significantly altered banking regulations, which falls under the scope of Dodd-Frank reform/implementation as it represents a major change to the financial sector's legal framework."
s1243-111,13,TARP oversight and wind-down,"The bill focuses on the oversight and wind-down of the TARP program by mandating that repayments and asset sale proceeds be used to reduce the public debt, which falls under TARP oversight beyond executive compensation."
hr5621-107,7,SOX / PCAOB / audit firm oversight,"The bill addresses guidelines governing financial statements, investments, and conversion of credit unions, which falls under the purview of audit firm oversight and regulation of financial institutions."
hr4113-111,7,SOX / PCAOB / audit firm oversight,"The bill focuses on clarifying jurisdiction and venue in federal courts, which directly relates to judicial procedure and administration, and impacts how cases are handled, similar to the oversight provided by the Sarbanes-Oxley Act and PCAOB regarding audit firm regulation."
hr4049-114,6,Dodd-Frank reform / implementation,"The bill directly amends provisions of the Volcker Rule, which is a key component of the Dodd-Frank Wall Street Reform and Consumer Protection Act."
s2697-106,2,"Derivatives, swaps, CFTC regulation","The bill explicitly addresses futures and over-the-counter derivatives regulation, clearing requirements, and the authority of the Commodity Futures Trading Commission (CFTC), which falls under the scope of derivatives regulation."
s1082-115,6,Dodd-Frank reform / implementation,"The bill involves establishing a new bank to facilitate employee ownership, which falls under broader financial sector regulation and could be considered an implementation of policies aimed at corporate finance and management, aligning with the scope of Dodd-Frank reform/implementation."
hr5833-113,4,Money laundering / financial crime strategy,"The bill addresses property seizures relating to monetary instrument transactions and alleged violations of reporting requirements, which falls under the scope of financial crime strategy and anti-money laundering enforcement."
hr246-113,5,Federal Reserve audit / transparency,"The bill focuses on increasing transparency by requiring the Federal Reserve to collect and publish data on loan interest rates, which directly relates to Federal Reserve audit and transparency concerns."
hr381-114,10,Glass-Steagall / bank-securities separation,"The bill explicitly aims to reinstate the separation between commercial banking and securities activities, referencing and reviving the Glass-Steagall Act, which directly addresses bank-securities separation."
hr4053-115,7,SOX / PCAOB / audit firm oversight,"The bill explicitly concerns independent audits of consumer reporting agencies, which falls under the purview of accounting and auditing practices and oversight similar to that of the PCAOB and SOX regulations."
hr1998-114,4,Money laundering / financial crime strategy,"The bill focuses on combating the exploitation of children, which includes investigating cyber-related crimes and financial crimes associated with human trafficking and child pornography, falling under the scope of financial crime strategy and anti-money laundering efforts."
hr1973-115,4,Money laundering / financial crime strategy,"The bill addresses fraud offenses and financial crimes related to human trafficking and sexual abuse, and includes provisions related to reporting requirements which fall under financial crime strategy and enforcement."
s3392-112,16,Corporate nonfinancial / ESG disclosure,"The bill requires disclosure of employee numbers by location, which falls under corporate nonfinancial disclosure as it's not traditional financial reporting but provides information about the company's operations and potentially ESG-related factors like global workforce distribution."
hr238-103,6,Dodd-Frank reform / implementation,"The bill amends the Community Reinvestment Act and other financial laws to promote community development lending, which falls under the broader scope of Dodd-Frank reform and implementation as it addresses financial institution practices and incentives related to lending in distressed areas."
hr31-105,6,Dodd-Frank reform / implementation,"The bill significantly reforms the Federal Home Loan Bank System, which falls under the broader scope of financial sector legislation and could be considered a restructuring of existing financial regulations, aligning with Dodd-Frank reform/implementation efforts."
hr6637-112,4,Money laundering / financial crime strategy,"The bill focuses on relying on state examinations for financial institutions to comply with reporting requirements related to monetary instrument transactions and empowers FinCEN to provide services for detecting and preventing financial crimes, aligning with anti-money laundering and financial crime strategy."
hr1224-109,9,Banking capital requirements / Basel III,"The bill addresses bank capital requirements, reserve ratios, and interest on reserves, all of which fall under the scope of banking capital regulations and Basel III implementation."
s733-116,6,Dodd-Frank reform / implementation,"The bill's focus on money market fund valuation and related requirements suggests it is likely a Dodd-Frank reform, as these funds were significantly impacted by regulations stemming from the 2008 financial crisis and subsequent legislation."
s1824-112,7,SOX / PCAOB / audit firm oversight,"The bill directly amends securities laws, alters registration requirements for issuers, and involves the SEC, all of which fall under the purview of SOX, PCAOB, and audit firm oversight related to public company regulation."
hr1669-109,4,Money laundering / financial crime strategy,"The bill focuses on transparency and potential conflicts of interest within pharmacy benefit managers, aiming to prevent fraud and ensure fair practices related to drug pricing and compensation, which falls under financial crime strategy and anti-money laundering principles."
hr2041-114,2,"Derivatives, swaps, CFTC regulation","The bill directly regulates swaps, specifically utility operations-related swaps, and involves the Commodity Futures Trading Commission (CFTC), falling under the scope of derivatives and CFTC regulation."
hr3092-113,7,SOX / PCAOB / audit firm oversight,"The bill includes provisions related to accounting and auditing of the National Center for Missing and Exploited Children's funds and requires audits by the DOJ Inspector General, which falls under the scope of SOX/PCAOB/audit firm oversight."
hr1847-114,6,Dodd-Frank reform / implementation,"The bill directly relates to provisions of the Dodd-Frank Act by amending requirements for data sharing between regulatory authorities and swap data repositories, which were established under Dodd-Frank."
s178-104,2,"Derivatives, swaps, CFTC regulation","The bill directly concerns the Commodity Futures Trading Commission (CFTC) and futures trading, which falls under the scope of derivatives and CFTC regulation."
hr2634-111,3,Executive compensation at financial firms / TARP,"The bill directly relates to restrictions on firms receiving TARP funds, specifically automobile manufacturers, by limiting their business activities, which falls under the scope of executive compensation and oversight of TARP recipients."
hr2745-111,13,TARP oversight and wind-down,"The bill focuses on the oversight and wind-down of the TARP program, specifically addressing repayment procedures, liquidation of warrants, and termination of the program's authority, which falls under TARP oversight beyond executive compensation."
hr1793-112,4,Money laundering / financial crime strategy,"The bill focuses on revising and expanding prohibitions against bribery, theft of public money, and other public corruption offenses, which fall under the umbrella of financial crime strategy and enforcement."
s673-113,18,Consumer / predatory mortgage lending,"The bill directly addresses mortgage lending practices and consumer credit rates, falling under the scope of predatory mortgage lending protections and TILA reform."
hr3011-113,7,SOX / PCAOB / audit firm oversight,"The bill focuses on accounting principles and standards, requiring all transactions to be shown on balance sheets, which directly relates to the Sarbanes-Oxley Act's emphasis on accounting and audit firm oversight and regulation of public company auditors."
s3713-112,6,Dodd-Frank reform / implementation,"The bill explicitly aims to make technical corrections to the Dodd-Frank Act and extends deadlines for its implementation, directly falling under the scope of Dodd-Frank reform/implementation legislation."
hr4005-105,4,Money laundering / financial crime strategy,"The bill explicitly focuses on improving methods for preventing financial crimes, extending immunity for reporting suspicious transactions, increasing penalties for violations, and enhancing 'know your customer' regulations, all of which fall under the umbrella of money laundering and financial crime strategy."
s1893-115,6,Dodd-Frank reform / implementation,"The bill directly amends the Dodd-Frank Wall Street Reform and Consumer Protection Act, focusing on the criteria for enhanced supervision of bank holding companies under the Act."
hr4100-109,7,SOX / PCAOB / audit firm oversight,"The bill references accounting, auditing, and financial statements, suggesting a focus on financial oversight and reporting, which aligns with the scope of SOX/PCAOB/audit firm oversight."
hr627-111,18,Consumer / predatory mortgage lending,"The bill directly addresses consumer credit card practices, specifically focusing on fair and transparent lending terms, fees, and penalties related to open-end consumer credit plans, which falls under consumer/predatory mortgage lending protections."
hr3482-113,7,SOX / PCAOB / audit firm oversight,"The bill amends the Securities Investor Protection Act, revises definitions related to customer equity, and addresses trustee appointments and compensation, all of which fall under the purview of accounting, auditing, and securities regulation, aligning with category 7's focus on SOX, PCAOB, and audit firm oversight."
hr3840-107,11,Shareholder rights / corporate governance,"The bill focuses on notification requirements related to insider trading in employer securities held by plan participants, which directly impacts corporate governance and shareholder awareness of potential conflicts of interest."
hr1311-107,7,SOX / PCAOB / audit firm oversight,"The bill amends the Securities Exchange Act of 1934 and concerns the Securities and Exchange Commission (SEC), which is directly related to the oversight of public company auditors and securities regulation, falling under the scope of SOX/PCAOB/audit firm oversight."
s470-111,4,Money laundering / financial crime strategy,"The bill focuses on combating fraud offenses and financial crimes related to the illegal acquisition and sale of stolen goods, which falls under the scope of anti-money laundering and financial crime strategy."
hr4146-109,9,Banking capital requirements / Basel III,"The bill addresses bank capital requirements and provides flexibility for undercapitalized institutions affected by natural disasters, aligning with the focus of category 9 on banking capital ratios and stress testing."
hr2941-112,7,SOX / PCAOB / audit firm oversight,"The bill directly amends the Sarbanes-Oxley Act of 2002 and focuses on internal control reporting requirements, which falls under the scope of SOX and PCAOB oversight."
s591-103,6,Dodd-Frank reform / implementation,"The bill broadly authorizes the President to suspend financial regulations, which directly falls under the scope of reforming or implementing changes to existing financial laws like Dodd-Frank, even if it doesn't specifically mention Dodd-Frank by name."
hr5345-114,12,Data breach / identity theft / financial privacy,"The bill directly addresses identity theft and data security concerns related to fraudulent impersonation of IRS employees, falling under the scope of financial privacy and identity theft protections for consumers."
s1728-103,7,SOX / PCAOB / audit firm oversight,"The bill modifies securities regulation, references financial statements, and addresses exemptions related to the Employee Retirement Income Security Act, all of which fall under the purview of SOX, PCAOB, and audit firm oversight."
s2202-109,7,SOX / PCAOB / audit firm oversight,"The bill focuses on financial disclosure requirements for judges and establishing a fund for judicial education, which relates to oversight and ethics within the legal profession, similar to the goals of SOX and PCAOB in ensuring transparency and accountability."
hr4399-103,4,Money laundering / financial crime strategy,"The bill focuses on combating telemarketing fraud, enhancing penalties for targeting seniors, and establishing a hotline for reporting fraud, all of which fall under the umbrella of anti-money laundering/financial crime strategy and enforcement."
hr1754-111,1,"Systemic risk / FSOC / ""too big to fail""","The bill focuses on creating a Financial Stability Council to oversee financial regulation and prevent systemic risk, directly addressing 'too big to fail' concerns and the functions of the FSOC."
hr5491-109,7,SOX / PCAOB / audit firm oversight,"The bill focuses on legal ethics, attorney fees, and oversight related to securities litigation, which directly aligns with the Sarbanes-Oxley Act's goals of improving corporate governance and accountability through audit and legal oversight."
hr3273-104,11,Shareholder rights / corporate governance,"The bill concerns shareholder participation in corporate decisions (specifically charitable contributions), which falls under the scope of shareholder rights and corporate governance."
s1738-113,4,Money laundering / financial crime strategy,"The bill focuses on penalties for crimes related to trafficking, establishing a fund for victims' programming, and enhancing anti-trafficking efforts, all of which fall under the umbrella of financial crime strategy and anti-money laundering enforcement related to illicit activities."
hr3323-108,14,Insurance regulation,"The bill directly addresses insurance company disclosure requirements and State regulation of insurance policies, falling squarely within the scope of insurance regulation legislation."
hr3551-111,4,Money laundering / financial crime strategy,"The bill focuses on investigating and prosecuting financial fraud targeting seniors, which directly relates to anti-money laundering and financial crime strategy, specifically protecting vulnerable populations from fraudulent schemes."
s2847-110,6,Dodd-Frank reform / implementation,"The bill amends the Federal Home Loan Bank Act to allow investments in student loan securities, which falls under the broader scope of financial market adjustments and potential implementation of new financial programs, aligning with Dodd-Frank reform/implementation as it alters financial institution investment capabilities."
s685-113,1,"Systemic risk / FSOC / ""too big to fail""","The bill directly addresses the concept of 'Too Big To Fail' and instructs the Treasury Secretary to break up systemically important financial entities, aligning with the focus of systemic risk and FSOC regulation."
hr2572-112,4,Money laundering / financial crime strategy,"The bill focuses on revising and expanding prohibitions against bribery, theft of public money, and other public corruption offenses, which fall under the umbrella of financial crime strategy and enforcement."
s3248-110,2,"Derivatives, swaps, CFTC regulation","The bill directly addresses regulation of commodity futures contracts and derivatives, and specifically mentions the Commodity Futures Trading Commission (CFTC) and its enforcement of speculative position limits, falling squarely within the scope of derivatives and CFTC regulation."
hr2209-114,9,Banking capital requirements / Basel III,"The bill concerns the treatment of municipal obligations as liquid assets, which directly relates to banking capital requirements and liquidity standards, falling under the scope of Basel III implementation and bank regulation."
s1840-114,20,Financial institution resolution / SIFI bankruptcy,"The bill focuses on the resolution of failing financial institutions and explicitly repeals Title II of Dodd-Frank (Orderly Liquidation Authority), making it directly related to financial institution resolution and bankruptcy procedures."
hr1480-107,7,SOX / PCAOB / audit firm oversight,"The bill concerns securities regulation and fees related to securities transactions, which falls under the purview of the Sarbanes-Oxley Act and the oversight of the PCAOB and public company auditors."
hr992-113,6,Dodd-Frank reform / implementation,"The bill directly amends provisions of the Dodd-Frank Act relating to federal assistance for swaps entities, making it fall under Dodd-Frank reform/implementation legislation."
hr1656-111,3,Executive compensation at financial firms / TARP,"The bill directly addresses bonus repayment requirements for executives at firms receiving TARP funds, which falls under the scope of executive compensation at financial firms and TARP-related legislation."
s1286-108,4,Money laundering / financial crime strategy,"The bill addresses fraud, abuse, and money laundering related to seniors and healthcare programs, falling directly within the scope of financial crime strategy and enforcement."
hr4167-113,6,Dodd-Frank reform / implementation,"The bill directly amends a provision of the Dodd-Frank Act (the Volcker Rule) by clarifying its application to collateralized loan obligations, making it a Dodd-Frank reform/implementation measure."
hr5783-115,4,Money laundering / financial crime strategy,"The bill focuses on protecting financial institutions cooperating with law enforcement requests related to customer accounts, which directly addresses financial crime strategy and anti-money laundering efforts."
hr329-116,4,Money laundering / financial crime strategy,"The bill addresses fraud offenses and financial crimes, specifically focusing on federal officers and employees using their public office for private gain, which falls under the scope of financial crime strategy and enforcement."
s3018-108,7,SOX / PCAOB / audit firm oversight,"The bill focuses on reporting requirements related to settlements involving fraud and false claims against the government, which ties into corporate accountability and oversight similar to the goals of the Sarbanes-Oxley Act and the role of auditors in preventing financial misconduct."
hr585-115,7,SOX / PCAOB / audit firm oversight,"The bill concerns the regulation of securities and arbitration agreements, which falls under the purview of the Sarbanes-Oxley Act and the oversight of the PCAOB regarding audit firm practices and public company accountability."
hr2250-103,15,Crowdfunding and small-issuer capital formation,"The bill focuses on facilitating capital formation and investment in low-income neighborhoods through community development financial institutions, which aligns with the goals of crowdfunding and small-issuer capital formation legislation like the JOBS Act."
hr3483-106,2,"Derivatives, swaps, CFTC regulation","The bill explicitly focuses on regulating derivatives dealers and hedge funds, including registration, reporting requirements, and oversight by the SEC and CFTC, which falls directly under the 'Derivatives, swaps, CFTC regulation' category."
hr5823-111,6,Dodd-Frank reform / implementation,"The bill establishes a regulatory framework for covered bonds, which are a type of security, and includes provisions related to bankruptcy and oversight, aligning with the broad scope of Dodd-Frank reform and implementation by creating new financial regulations and addressing potential systemic risks."
s1454-115,17,AML / beneficial ownership / corporate transparency,"The bill focuses on beneficial ownership disclosure requirements for corporations formed in the United States to combat illicit finance, which directly aligns with the focus of category 17 on AML, beneficial ownership, and corporate transparency."
hr477-115,8,Investment company / hedge fund / investment adviser regulation,"The bill concerns brokers facilitating the transfer of ownership in privately held companies, which falls under the regulation of investment advisers and private funds as it relates to capital formation and securities transactions."
s1320-114,6,Dodd-Frank reform / implementation,"The bill amends the Federal Reserve Act and addresses emergency lending programs, which falls under the scope of Dodd-Frank reform and implementation as it relates to post-crisis financial regulations and preventing future bailouts."
s24-103,7,SOX / PCAOB / audit firm oversight,"The bill focuses on auditing, reporting requirements, and standards of conduct for independent counsels, which aligns with oversight of legal professionals and ethical compliance similar to the Sarbanes-Oxley Act and PCAOB regulations."
hr1820-112,4,Money laundering / financial crime strategy,"The bill focuses on combating criminal gangs, which inherently involves addressing financial crimes associated with gang activity, and includes provisions related to forfeiture and penalties for crimes like murder-for-hire, which fall under financial crime strategies."
hr20-104,2,"Derivatives, swaps, CFTC regulation","The bill explicitly focuses on the regulation of derivatives, establishing a Federal Derivatives Commission, supervisory improvements related to derivatives activities, and self-regulation of derivatives dealers, all falling under the scope of derivatives regulation and CFTC oversight."
s952-115,4,Money laundering / financial crime strategy,"The bill focuses on anti-money laundering programs and strategies to combat financial crimes specifically related to human trafficking, which directly aligns with category 4."
s978-104,7,SOX / PCAOB / audit firm oversight,"The bill amends securities laws and preempts state laws regarding securities registration, which falls under the purview of securities regulation and oversight, aligning with the focus of SOX, PCAOB, and audit firm oversight."
hr506-115,4,Money laundering / financial crime strategy,"The bill addresses fraud offenses and financial crimes specifically targeting veterans' benefits, which falls under the scope of financial crime strategy and anti-money laundering enforcement as it aims to prevent illicit gain through deception related to financial resources."
hr37-114,6,Dodd-Frank reform / implementation,"The bill explicitly states it makes 'technical corrections to the Dodd-Frank Wall Street Reform and Consumer Protection Act,' directly addressing Dodd-Frank reform and implementation."
hr1893-111,1,"Systemic risk / FSOC / ""too big to fail""","The bill addresses programs designed to stabilize financial crises through investment, which falls under the broader scope of systemic risk and financial stabilization efforts, and aims to prevent collusion in these programs."
hr5086-110,4,Money laundering / financial crime strategy,"The bill focuses on corporate accountability and the Department of Justice's use of deferred prosecution agreements, which are often used in cases involving financial crime and fraud, aligning with the focus on financial crime strategy and enforcement."
hr7276-110,13,TARP oversight and wind-down,The bill directly relates to oversight of the Emergency Economic Stabilization Act of 2008 (TARP) by requiring Congressional approval for further expenditures from the program.
hr4420-105,6,Dodd-Frank reform / implementation,"The bill focuses on regulatory oversight related to depository institutions, specifically monitoring compliance with commitments made during mergers and acquisitions, which falls under the broader scope of implementing and enforcing financial regulations like those established by Dodd-Frank."
s1181-110,11,Shareholder rights / corporate governance,"The bill explicitly focuses on providing shareholders with an advisory vote on executive compensation, which falls directly under shareholder rights and corporate governance practices."
hr389-116,4,Money laundering / financial crime strategy,"The bill focuses on recovering stolen assets linked to foreign government corruption, which directly relates to anti-money laundering and financial crime strategy."
hr1693-113,9,Banking capital requirements / Basel III,"The bill directly addresses Basel III capital standards and their application to banks, specifically focusing on exemptions for community banks based on asset size, which falls squarely within the scope of banking capital requirements."
hr5625-107,7,SOX / PCAOB / audit firm oversight,"The bill focuses on amending securities laws and addresses the liability of those assisting in violations, which directly relates to auditing and auditors and the oversight of public company practices under SOX and the PCAOB."
hr5023-114,18,Consumer / predatory mortgage lending,"The bill directly addresses consumer credit, predatory lending practices related to small-dollar loans, and TILA reform, all of which fall under the scope of consumer/predatory mortgage lending legislation."
s2396-108,7,SOX / PCAOB / audit firm oversight,"The bill addresses judicial personnel matters, bankruptcy code provisions, and court procedures, which fall under the broader scope of judicial reform and oversight of the judicial process, similar to the regulation of public company auditors under SOX and PCAOB."
hr1283-106,7,SOX / PCAOB / audit firm oversight,"The bill focuses on establishing legal standards and procedures for resolving claims, including administrative law judges, evidence rules, and judicial review, all of which fall under the purview of audit firm oversight and the Sarbanes-Oxley Act's emphasis on legal processes and accountability."
hr436-109,8,Investment company / hedge fund / investment adviser regulation,"The bill directly amends the Investment Company Act of 1940 and focuses on regulating investment companies and their investments in small businesses, aligning with the description of category 8."
s1722-114,6,Dodd-Frank reform / implementation,"The bill explicitly amends the Dodd-Frank Wall Street Reform and Consumer Protection Act, focusing on a specific disclosure requirement within it, making it directly related to Dodd-Frank reform/implementation."
hr2572-116,7,SOX / PCAOB / audit firm oversight,"The bill concerns requirements related to broker-dealers and retirement accounts, which falls under the oversight of the PCAOB and the regulation of public company auditors due to the fiduciary responsibilities involved in managing these accounts."
hr1171-110,8,Investment company / hedge fund / investment adviser regulation,"The bill directly addresses the regulation of money market funds, which fall under the purview of investment company regulation and the Investment Company Act."
s2798-107,19,Corporate bankruptcy: employee and retiree protections,"The bill explicitly focuses on protecting employees and retirees' earnings and retirement savings in corporate bankruptcy, addressing issues like fraudulent transfers, pension plan claims, and reinstatement of benefits."
hr2728-112,16,Corporate nonfinancial / ESG disclosure,"The bill explicitly requires disclosure of corporate political spending, which falls under the definition of non-financial disclosure related to corporate transparency and ESG metrics."
hr4966-111,4,Money laundering / financial crime strategy,"The bill focuses on regulating stored value devices to prevent their use in financial crimes like drug trafficking and human trafficking, aligning with the focus on anti-money laundering (AML) enforcement and financial crime strategy."
hr1641-109,7,SOX / PCAOB / audit firm oversight,"The bill directly addresses the Sarbanes-Oxley Act (SOX) by making its internal control requirements voluntary, and focuses on auditing and oversight of public company auditors."
hr3272-104,16,Corporate nonfinancial / ESG disclosure,"The bill focuses on requiring public companies to disclose non-financial information (charitable contributions), which falls under the scope of corporate nonfinancial/ESG disclosure legislation."
hr3971-115,18,Consumer / predatory mortgage lending,"The bill directly addresses mortgage loan requirements and provides relief to community financial institutions, falling under the scope of consumer/predatory mortgage lending regulations."
s2102-113,6,Dodd-Frank reform / implementation,The bill directly amends provisions of the Dodd-Frank Wall Street Reform and Consumer Protection Act regarding leverage and risk-based capital requirements.
s3130-110,2,"Derivatives, swaps, CFTC regulation","The bill focuses on regulating swaps, futures, and the Commodity Futures Trading Commission (CFTC), specifically addressing reporting requirements, speculation limits, and market oversight, which directly aligns with the description of category 2."
hr3634-112,7,SOX / PCAOB / audit firm oversight,"The bill focuses on government contracting procedures, cost accounting, and oversight related to Federal Prison Industries, which involves aspects of corporate finance, management, and audit-like reviews of its operations, aligning with the themes of SOX/PCAOB/audit firm oversight in ensuring responsible financial practices within a government corporation."
hr607-111,7,SOX / PCAOB / audit firm oversight,"The bill concerns accounting standards and SEC guidance on their interpretation, directly relating to the oversight of public company auditors and the Sarbanes-Oxley Act's focus on accounting practices."
hr1062-115,12,Data breach / identity theft / financial privacy,"The bill focuses on the privacy of geolocation information, which falls under financial data privacy protections for consumers as it relates to tracking and potential misuse of personal data."
hr1751-109,4,Money laundering / financial crime strategy,"The bill focuses on protecting judges, prosecutors, witnesses, and their families, and includes provisions addressing the filing of false liens, publishing private information with intent to harm, and witness/victim protection programs, all of which fall under financial crime strategy and anti-money laundering efforts to protect individuals involved in legal proceedings."
hr458-103,6,Dodd-Frank reform / implementation,"The bill directly addresses deregulation related to banks engaging in investment company activities, which falls under the broader scope of amending and reforming the financial regulatory landscape established by Dodd-Frank, even though it predates Dodd-Frank's enactment."
hr387-111,13,TARP oversight and wind-down,"The bill focuses on oversight of the TARP program by requiring reporting on lending increases attributable to TARP assistance, which falls under the scope of TARP oversight and wind-down beyond executive compensation."
hr1356-112,7,SOX / PCAOB / audit firm oversight,"The bill concerns accounting and auditing practices related to loan losses and write-downs, which falls under the purview of financial reporting and potentially PCAOB oversight."
hr1343-115,7,SOX / PCAOB / audit firm oversight,"The bill concerns disclosures related to compensatory benefit plans and directs the SEC to revise its rules, which falls under the purview of securities regulation and audit oversight, aligning with the focus of SOX/PCAOB/audit firm oversight."
hr3799-103,6,Dodd-Frank reform / implementation,"The bill facilitates financial relief and deregulation in response to a disaster, which can be considered an implementation of broader financial policy adjustments, similar to aspects of Dodd-Frank reform by providing flexibility to financial institutions and their regulators."
hr2420-108,8,Investment company / hedge fund / investment adviser regulation,"The bill focuses on the regulation of mutual funds, including disclosure requirements, corporate governance, and reporting obligations for investment advisers, which falls directly under the category of Investment company / hedge fund / investment adviser regulation."
hr2443-103,7,SOX / PCAOB / audit firm oversight,"The bill concerns unclaimed distributions of security interests and escheatment processes, which falls under the regulation of securities and potentially the oversight of public company auditors and related financial reporting, aligning with the scope of SOX/PCAOB/audit firm oversight."
hr1258-103,7,SOX / PCAOB / audit firm oversight,"The bill amends the Trust Indenture Act of 1939, which is related to securities regulation and the oversight of entities involved in the issuance of securities, falling under the purview of SOX/PCAOB/audit firm oversight as it concerns the integrity of financial reporting and corporate structures."
s2760-114,18,Consumer / predatory mortgage lending,"The bill directly addresses consumer credit, predatory lending practices related to small-dollar loans, and TILA reform, falling squarely within the scope of consumer/predatory mortgage lending legislation."
hr1722-105,6,Dodd-Frank reform / implementation,"The bill amends various banking laws, including adjustments to reporting requirements, examination fees, and regulation timelines, which falls under the scope of Dodd-Frank reform and implementation as it relates to ongoing adjustments to financial regulations."
hr1659-114,15,Crowdfunding and small-issuer capital formation,"The bill focuses on easing capital formation for emerging growth companies through changes to IPO processes and disclosure requirements, aligning with the goals of crowdfunding and small-issuer capital formation legislation."
hr6531-111,7,SOX / PCAOB / audit firm oversight,"The bill amends the Securities Investor Protection Act, deals with trustee appointments, and concerns the accuracy of customer statements in liquidation proceedings, all of which fall under the purview of audit oversight and securities regulation related to SOX/PCAOB."
hr5618-114,7,SOX / PCAOB / audit firm oversight,"The bill explicitly concerns investigations and audits of trusts within bankruptcy proceedings, which falls under the purview of accounting and auditing practices and oversight, aligning with the focus of SOX, PCAOB, and audit firm regulation."
hr1077-109,7,SOX / PCAOB / audit firm oversight,"The bill focuses on improving access to regulatory records for brokers and investment advisors, which directly relates to oversight and regulation of those professionals, aligning with the scope of the Sarbanes-Oxley Act and PCAOB's role in audit firm oversight."
hr4119-112,4,Money laundering / financial crime strategy,"The bill focuses on deterring the construction and use of border tunnels for smuggling, which inherently involves financial crimes like money laundering and the forfeiture of proceeds, aligning with the focus on financial crime strategy and enforcement."
hr3108-107,4,Money laundering / financial crime strategy,"The bill focuses heavily on enhancing law enforcement tools to combat terrorism, including provisions related to money laundering penalties and civil forfeiture of terrorist assets, which falls under financial crime strategy and anti-money laundering enforcement."
hr2585-115,10,Glass-Steagall / bank-securities separation,"The bill explicitly aims to reinstate Glass-Steagall Act protections and limit affiliations between banks and other financial entities, directly addressing the separation of commercial banking and securities activities."
hr3-104,4,Money laundering / financial crime strategy,"The bill focuses on controlling crime, including provisions related to victim restitution, deportation of criminal aliens, and habeas corpus reform, all of which fall under the broader umbrella of financial crime strategy and enforcement."
hr4473-109,2,"Derivatives, swaps, CFTC regulation","The bill explicitly focuses on reauthorizing and amending the Commodity Exchange Act to regulate futures and over-the-counter derivatives, clearing requirements, and CFTC jurisdiction, all of which fall under the derivatives and CFTC regulation category."
hr3068-107,4,Money laundering / financial crime strategy,"The bill focuses on financial information privacy, regulation of financial service regulators, and improving financial information flow for national security, which directly relates to money laundering and financial crime strategy."
s1957-114,4,Money laundering / financial crime strategy,"The bill concerns access to criminal history information for financial service providers, which directly relates to anti-money laundering and financial crime strategy by ensuring those in the financial sector are vetted."
hr5553-114,7,SOX / PCAOB / audit firm oversight,"The bill directly amends the Sarbanes-Oxley Act of 2002 and concerns accounting and auditing rules related to the Public Company Accounting Oversight Board (PCAOB), placing it squarely within the scope of SOX/PCAOB/audit firm oversight."
hr6139-115,7,SOX / PCAOB / audit firm oversight,"The bill focuses on investment research and the Securities and Exchange Commission (SEC), which falls under the purview of securities regulation and oversight, aligning with the scope of SOX/PCAOB/audit firm oversight as it relates to the quality and availability of financial information."
hr1685-110,12,Data breach / identity theft / financial privacy,"The bill explicitly focuses on data security breaches, notification requirements, and identity theft prevention for consumers, aligning with the core themes of data breach/identity theft/financial privacy legislation."
hr1362-104,6,Dodd-Frank reform / implementation,"The bill explicitly aims to reduce regulatory burdens on depository institutions by amending acts like RESPA and TILA, which falls under the scope of Dodd-Frank reform and implementation as it concerns adjustments to financial regulations."
hr4100-105,4,Money laundering / financial crime strategy,"The bill concerns the employment of federal prisoners and the operations of Federal Prison Industries, which involves financial aspects like contributions from prisoners, net revenues, and contracts with private persons, potentially impacting financial crime strategy and enforcement through work programs."
hr1065-110,14,Insurance regulation,"The bill explicitly addresses the regulation of nonadmitted and reinsurance insurance markets, which falls under the scope of insurance regulation."
hr4585-106,12,Data breach / identity theft / financial privacy,"The bill focuses on protecting the privacy of consumers' health information held by financial institutions, which directly relates to data privacy and financial data protections."
hr1418-111,7,SOX / PCAOB / audit firm oversight,"The bill relates to securities regulation and the oversight of exchanges, which falls under the purview of the Sarbanes-Oxley Act and the PCAOB's responsibilities for auditing and public company standards."
s1389-115,18,Consumer / predatory mortgage lending,"The bill focuses on providing greater protection to servicemembers in financial transactions, specifically related to mortgages, leases, contracts, and interest rates, which falls under consumer and predatory mortgage lending protections."
s2814-108,4,Money laundering / financial crime strategy,"The bill addresses conflict of interests for bank examiners to prevent potential financial crime and maintain the integrity of bank examinations, aligning with the focus on financial crime strategy and enforcement."
hr3530-113,4,Money laundering / financial crime strategy,"The bill focuses on justice for trafficking victims, including grants for law enforcement and victim services, and addresses financial crimes related to human trafficking, aligning with the focus on money laundering/financial crime strategy."
hr522-108,9,Banking capital requirements / Basel III,"The bill focuses on bank capital, reserve ratios, risk-based assessments, and recapitalization of deposit insurance funds, all of which fall under the purview of banking capital requirements and Basel III standards."
s923-115,6,Dodd-Frank reform / implementation,The bill directly addresses the Dodd-Frank Wall Street Reform and Consumer Protection Act by proposing exemptions from its regulations.
hr3911-115,21,Credit rating agency regulation,"The bill directly addresses the regulation of Nationally Recognized Statistical Rating Organizations (NRSROs), which falls under the category of credit rating agency regulation."
hr1694-113,4,Money laundering / financial crime strategy,"The bill focuses on relying on state examinations for financial institutions to comply with reporting requirements related to monetary instrument transactions and empowers FinCEN to assist foreign agencies in combating financial crimes, aligning with anti-money laundering and financial crime strategy."
hr1553-113,7,SOX / PCAOB / audit firm oversight,"The bill focuses on the fairness and standards of examinations of financial institutions, including appeals processes and an ombudsman, which relates to audit oversight and regulatory processes similar to those governed by SOX and the PCAOB."
hr3611-106,9,Banking capital requirements / Basel III,"The bill directly addresses bank reserve requirements and interest on reserves, which are core components of banking capital and monetary policy, aligning with category 9's focus on Basel III and bank capital standards."
hr6987-110,3,Executive compensation at financial firms / TARP,"The bill directly addresses bonus repayment requirements for officers of companies receiving a 'taxpayer bailout,' which falls under the scope of executive compensation at financial firms and is closely related to the intent of TARP-related legislation."
s993-114,4,Money laundering / financial crime strategy,"The bill focuses on collaboration among criminal justice, mental health, and substance abuse systems to address individuals with mental illnesses and veterans, which directly relates to financial crime strategy through preventing recidivism and addressing underlying issues that can contribute to criminal activity."
hr4986-113,4,Money laundering / financial crime strategy,"The bill focuses on prohibiting restrictions on financial institutions providing services to legitimate businesses, addressing concerns related to Operation Choke Point which involved scrutiny of financial crime and AML enforcement practices."
s1457-111,5,Federal Reserve audit / transparency,"The bill explicitly focuses on increasing oversight and transparency of the Federal Reserve System through reviews and audits by the Comptroller General, directly aligning with the category of Federal Reserve audit / transparency."
s2822-107,11,Shareholder rights / corporate governance,"The bill focuses on shareholder approval of stock option plans, vesting periods, and disclosure requirements related to executive compensation, all of which fall under corporate governance and shareholder rights."
s3494-111,4,Money laundering / financial crime strategy,"The bill focuses on preventing mail, telemarketing, and internet fraud targeting seniors, which directly relates to anti-money laundering enforcement and financial crime strategy, as fraud is a key financial crime."
hr3642-103,7,SOX / PCAOB / audit firm oversight,"The bill modifies securities definitions, addresses compliance with federal securities laws, and concerns anti-fraud provisions, all of which fall under the purview of the Sarbanes-Oxley Act and PCAOB oversight of public company auditors and financial reporting."
s838-114,18,Consumer / predatory mortgage lending,"The bill directly addresses mortgage lending practices and establishes a national usury rate for consumer credit transactions, falling under the scope of predatory lending protections."
hr4570-113,15,Crowdfunding and small-issuer capital formation,"The bill focuses on revising Regulation D, which is a key component of the JOBS Act aimed at easing capital formation for small issuers through private placement offerings."
s3767-111,4,Money laundering / financial crime strategy,"The bill addresses criminal penalties for knowingly violating food safety regulations, which falls under the broader scope of financial crime strategy and enforcement related to fraud offenses."
s2232-114,5,Federal Reserve audit / transparency,"The bill explicitly focuses on requiring a full audit of the Federal Reserve System and increasing its transparency, which directly aligns with the description of category 5."
hr1110-114,12,Data breach / identity theft / financial privacy,"The bill focuses on criminal prosecutions for identity theft and protecting vulnerable groups from becoming victims, directly relating to data breach, identity theft, and financial privacy protections for consumers."
hr6125-112,7,SOX / PCAOB / audit firm oversight,"The bill concerns the confidentiality of information provided to regulatory agencies, which relates to audit firm oversight and the protection of privileged information in the context of financial regulation, aligning with the focus of SOX and PCAOB oversight."
hr2131-104,6,Dodd-Frank reform / implementation,"The bill explicitly aims to amend Federal securities laws to promote efficiency and capital formation, which directly relates to reforming and implementing provisions of existing securities regulations like those established by the Dodd-Frank Act and other securities laws."
s4037-111,12,Data breach / identity theft / financial privacy,"The bill focuses on data privacy protections for consumers related to images produced during security screenings, specifically addressing unauthorized recording and distribution, which falls under financial privacy and identity theft concerns."
hr2239-103,7,SOX / PCAOB / audit firm oversight,"The bill concerns the Securities and Exchange Commission (SEC) and its regulation of securities, which falls under the purview of SOX, PCAOB, and audit firm oversight as it relates to public company financial reporting and regulation."
hr2746-113,7,SOX / PCAOB / audit firm oversight,"The bill concerns liability standards for sellers of products, which touches upon evidence, witnesses, and potential fraud, and could impact the audit trail and responsibility of companies involved in the stream of commerce, aligning with aspects of SOX and PCAOB oversight."
hr1233-114,6,Dodd-Frank reform / implementation,"The bill amends various financial regulations, including TILA and the Gramm-Leach-Bliley Act, and addresses implementation of Basel III standards, which falls under Dodd-Frank reform and implementation."
s3492-112,8,Investment company / hedge fund / investment adviser regulation,"The bill concerns regulation of financial services and investments, specifically excluding certain entities (banks and municipal volunteers) from registration requirements, which falls under the broader scope of investment adviser regulation."
hr4213-106,18,Consumer / predatory mortgage lending,"The bill focuses on abusive mortgage lending practices, streamlining mortgage regulations, and protecting consumers from predatory lending, which directly aligns with the description of Category 18: Consumer / predatory mortgage lending."
s390-116,7,SOX / PCAOB / audit firm oversight,"The bill concerns the Securities Investor Protection Corporation (SIPC), which is directly involved in the oversight of public company securities and the financial industry, falling under the purview of SOX/PCAOB/audit firm oversight as it relates to investor protection and financial stability."
s2015-110,7,SOX / PCAOB / audit firm oversight,"The bill focuses on disclosure requirements related to securities filings and SEC reporting, and also addresses potential legal action against investment companies based on divestment decisions, all of which fall under the purview of securities regulation and the Sarbanes-Oxley Act's emphasis on information disclosure."
s1354-111,7,SOX / PCAOB / audit firm oversight,"The bill focuses on government studies and investigations related to financial entities and enhances the oversight capabilities of Inspectors General, which aligns with the principles of audit firm oversight and accountability under SOX and the PCAOB."
hr3318-111,7,SOX / PCAOB / audit firm oversight,"The bill focuses on advising the SEC on regulatory matters and promoting investor confidence, which falls under the oversight of the SEC and relates to the integrity of financial reporting and auditing practices, aligning with the scope of SOX/PCAOB/audit firm oversight."
s1664-103,4,Money laundering / financial crime strategy,"The bill explicitly focuses on improving the enforcement of anti-money laundering (AML) laws, streamlining reporting requirements, and addressing money laundering schemes, which directly aligns with category 4."
hr4740-111,13,TARP oversight and wind-down,"The bill focuses on the use of remaining TARP funds for job training and economic development, which falls under the oversight and wind-down of the TARP program beyond executive compensation."
s264-114,5,Federal Reserve audit / transparency,"The bill explicitly focuses on requiring a full audit of the Federal Reserve System and repealing limitations on such audits, directly aligning with the 'Federal Reserve audit / transparency' category."
hr171-114,6,Dodd-Frank reform / implementation,"The bill explicitly aims to repeal the Dodd-Frank Wall Street Reform and Consumer Protection Act, directly addressing the core subject matter of category 6."
hr1255-108,7,SOX / PCAOB / audit firm oversight,"The bill concerns fraudulent financial reporting and relates to the accuracy of financial statements, which falls under the purview of the Sarbanes-Oxley Act and PCAOB oversight of public company auditors."
hr1869-110,6,Dodd-Frank reform / implementation,"The bill revises regulatory requirements impacting community banks, including amendments to the Sarbanes-Oxley Act and other financial regulations, indicating a focus on Dodd-Frank reform/implementation as SOX is a component of Dodd-Frank."
hr1320-109,4,Money laundering / financial crime strategy,"The bill focuses heavily on border security measures, including combating illegal immigration and alien smuggling, which directly relates to financial crime strategy and enforcement of laws against illicit activities like drug trafficking and human trafficking."
hr5190-106,4,Money laundering / financial crime strategy,"The bill focuses on criminal penalties for false statements and failure to report defects in foreign motor vehicle products, which falls under financial crime strategy related to fraud and potentially money laundering through the sale of defective goods."
hr6902-115,4,Money laundering / financial crime strategy,"The bill establishes criminal penalties for unlawful payments related to referrals for recovery and treatment facilities, which falls under the scope of financial crime strategy and anti-money laundering enforcement by targeting illicit financial incentives."
hr1163-114,2,"Derivatives, swaps, CFTC regulation","The bill directly regulates futures contracts and the Commodity Futures Trading Commission (CFTC), focusing on investor protection within the commodities markets, which falls under the scope of derivatives regulation."
hr4854-114,8,Investment company / hedge fund / investment adviser regulation,"The bill directly amends the Investment Company Act of 1940 and focuses on regulations related to venture capital funds, which fall under the scope of investment company regulation."
s2590-105,6,Dodd-Frank reform / implementation,"The bill explicitly amends the Banking Act of 1933 (Glass-Steagall Act) and addresses financial holding companies, which are central components of Dodd-Frank reform and implementation, even though it predates the act itself."
hr698-110,7,SOX / PCAOB / audit firm oversight,"The bill focuses on bank examinations, financial statements, and FDIC requirements, which are all closely related to the oversight of public companies and the regulations established by the Sarbanes-Oxley Act and the PCAOB."
hr4284-109,7,SOX / PCAOB / audit firm oversight,"The bill focuses on reviewing government contracts and ensuring compliance with cost requirements and performance objectives, which aligns with the oversight functions of auditing and government procurement, similar to the Sarbanes-Oxley Act's focus on corporate accountability and audit practices."
s3691-110,6,Dodd-Frank reform / implementation,"The bill directly addresses financial regulation reform, specifically focusing on credit-default swaps and granting authority to the Federal Reserve, which falls under the scope of Dodd-Frank reform and implementation as it seeks to overhaul the financial regulatory structure."
hr1705-111,6,Dodd-Frank reform / implementation,"The bill establishes a new commission to regulate consumer financial products and conduct studies and investigations, which falls under the broad scope of implementing and reforming financial regulations similar to those addressed by the Dodd-Frank Act."
hr1856-111,4,Money laundering / financial crime strategy,"The bill explicitly concerns the Financial Crimes Enforcement Network (FinCEN) and authorizes appropriations for it, directly relating to financial crime enforcement and strategy."
s488-115,15,Crowdfunding and small-issuer capital formation,"The bill's title and summary explicitly mention promoting capital formation and encouraging employee ownership, which aligns with the goals of easing capital formation for small issuers as addressed in the JOBS Act-related legislation."
s652-113,7,SOX / PCAOB / audit firm oversight,"The bill focuses on attorney oversight, legal fees, and disclosures related to securities litigation, which directly aligns with the Sarbanes-Oxley Act's goals of improving corporate governance and accountability through audit and legal oversight."
hr388-116,4,Money laundering / financial crime strategy,"The bill directly addresses currency transaction reports and suspicious activity reports, which are key components of anti-money laundering (AML) enforcement and financial crime strategy."
hr4987-109,4,Money laundering / financial crime strategy,"The bill focuses on combating fraud, specifically telemarketing fraud targeting seniors, which falls under the umbrella of financial crime strategy and anti-money laundering enforcement as it aims to protect vulnerable individuals from financial harm."
hr1744-111,18,Consumer / predatory mortgage lending,"The bill focuses on disclosures and consumer protections related to rental-purchase agreements, which fall under the scope of consumer credit and predatory lending practices, specifically addressing the terms and costs of these agreements to protect consumers."
s1230-116,18,Consumer / predatory mortgage lending,"The bill directly addresses mortgage lending practices and sets interest rate restrictions on consumer credit transactions, aligning with the focus of consumer and predatory mortgage lending protections."
s3449-114,4,Money laundering / financial crime strategy,"The bill focuses on preventing the illegal trafficking of cultural property, which falls under the scope of financial crime strategy and anti-money laundering efforts as illicit antiquities trade is often linked to funding terrorism."
hr3795-107,7,SOX / PCAOB / audit firm oversight,"The bill focuses on establishing a bureau to conduct audits of public companies and sets standards for those audits, directly relating to the Sarbanes-Oxley Act's goals of improving audit quality and oversight of public company auditors."
hr1555-115,4,Money laundering / financial crime strategy,"The bill addresses civil forfeiture, structuring financial transactions to evade reporting requirements, and the use of seized property in connection with financial crimes, all of which fall under the umbrella of money laundering and financial crime strategy."
hr18-104,10,Glass-Steagall / bank-securities separation,"The bill explicitly aims to repeal the Glass-Steagall Act's separation of commercial banking and securities activities, directly addressing bank-securities separation."
hr4170-111,13,TARP oversight and wind-down,"The bill focuses on the oversight and wind-down of the TARP program, specifically terminating its authority and directing funds towards public debt reduction, which falls under TARP oversight beyond executive compensation."
s1751-108,7,SOX / PCAOB / audit firm oversight,"The bill focuses on procedures related to class action settlements, including fairness, adequacy, and transparency, which are closely tied to audit and oversight concerns relevant to the Sarbanes-Oxley Act and PCAOB regulations regarding public company litigation and financial reporting."
hr2551-111,5,Federal Reserve audit / transparency,"The bill directly addresses the lending authority of the Federal Reserve and aims to enhance market liquidity, which falls under the scope of Federal Reserve governance and transparency through its actions during financial crises."
s1018-114,4,Money laundering / financial crime strategy,"The bill addresses fraudulent statements to law enforcement that could be considered financial crimes, and includes provisions for reimbursement of expenses incurred during emergency responses, aligning with the focus on financial crime strategy and enforcement."
hr1289-110,6,Dodd-Frank reform / implementation,"The bill directly addresses and reinstates regulations related to the Community Reinvestment Act (CRA) and affects the structure of financial institutions following the Gramm-Leach-Bliley Act, which is closely tied to the broader context of Dodd-Frank reform and implementation of financial regulations."
hr3272-111,11,Shareholder rights / corporate governance,"The bill focuses on shareholder rights, board independence, and non-binding votes on executive compensation, all of which fall under the umbrella of corporate governance reform and shareholder rights legislation."
hr1317-114,2,"Derivatives, swaps, CFTC regulation","The bill directly addresses clearing requirements for swaps and references the Commodity Exchange Act and the Commodity Futures Trading Commission (CFTC), falling squarely within the scope of derivatives and CFTC regulation."
hr1731-116,7,SOX / PCAOB / audit firm oversight,"The bill focuses on oversight of cybersecurity risks at publicly traded companies, which falls under the purview of the Securities and Exchange Commission (SEC) and relates to corporate governance and audit practices, aligning with the SOX/PCAOB/audit firm oversight category."
hr818-108,12,Data breach / identity theft / financial privacy,"The bill focuses on data breach notification, identity theft prevention, and financial data privacy protections for consumers, directly aligning with category 12."
s1835-112,6,Dodd-Frank reform / implementation,"The bill establishes a regulatory framework for covered bonds, which are a type of financial security, and involves oversight by federal banking agencies, aligning with the broader scope of Dodd-Frank reform and implementation by creating new financial regulations."
hr1038-113,2,"Derivatives, swaps, CFTC regulation","The bill directly regulates swaps, specifically utility operations-related swaps, and involves the Commodity Futures Trading Commission (CFTC) in determining exemptions and reporting requirements, fitting the description of Category 2."
s664-111,1,"Systemic risk / FSOC / ""too big to fail""","The bill focuses on creating a Financial Stability Council to oversee financial regulation and prevent systemic risk, directly addressing 'too big to fail' policies and the functions of the FSOC."
hr4247-115,6,Dodd-Frank reform / implementation,The bill directly amends provisions of the Dodd-Frank Wall Street Reform and Consumer Protection Act by repealing a specific title within it.
s3500-114,9,Banking capital requirements / Basel III,"The bill directly addresses bank capital requirements and the implementation of Basel III standards, specifically regarding the treatment of Trust Preferred Securities as qualifying capital instruments."
hr10-104,7,SOX / PCAOB / audit firm oversight,"The bill focuses on reforming Federal Rules of Evidence, attorney's fees, and sanctions for misrepresentations to the court, all of which relate to the Sarbanes-Oxley Act's goals of improving audit quality and corporate governance."
hr3128-112,6,Dodd-Frank reform / implementation,"The bill directly amends the Dodd-Frank Wall Street Reform and Consumer Protection Act, specifically regarding capital deduction requirements for smaller institutions, which falls under Dodd-Frank reform/implementation."
hr4792-114,7,SOX / PCAOB / audit firm oversight,"The bill concerns SEC industry guides and regulations related to disclosures by companies in the oil and gas and mining industries, which falls under the purview of the Sarbanes-Oxley Act and PCAOB oversight of public company auditors and financial reporting."
s62-112,9,Banking capital requirements / Basel III,"The bill concerns banking regulation, specifically relating to the establishment of bank branches and the conditions under which they can operate, which falls under the broader scope of banking capital requirements and regulatory frameworks."
hr4963-112,1,"Systemic risk / FSOC / ""too big to fail""","The bill directly addresses the concept of 'Too Big To Fail' and instructs the Treasury Secretary to break up entities deemed systemically important, aligning with the core focus of systemic risk and FSOC regulation."
hr1340-106,12,Data breach / identity theft / financial privacy,"The bill focuses on protecting the confidentiality of financial information obtained by brokers and advisors, directly relating to financial data privacy protections for consumers."
hr2625-114,5,Federal Reserve audit / transparency,"The bill directly addresses reforms to the Federal Reserve System, including audit requirements, transparency of lending programs, and disclosure of borrower information, all of which fall under the purview of Federal Reserve audit and transparency legislation."
hr4166-114,7,SOX / PCAOB / audit firm oversight,"The bill concerns requirements for collateralized loan obligations, which fall under the regulation of securities and would involve audit requirements for the underlying companies' financial statements, aligning with the focus of SOX and PCAOB oversight."
s3854-111,4,Money laundering / financial crime strategy,"The bill addresses fraud offenses and financial crimes, specifically expanding the definition of 'scheme or artifice to defraud' related to undisclosed self-dealing by public officials and corporate officers, which falls under the scope of financial crime strategy and enforcement."
s2790-114,4,Money laundering / financial crime strategy,"The bill focuses on requirements for federal banking agencies when requesting account terminations, with a strong emphasis on national security and terrorist financing concerns, which directly relates to anti-money laundering and financial crime strategy."
hr4235-112,2,"Derivatives, swaps, CFTC regulation","The bill directly addresses swap data reporting requirements and the regulatory authorities (CFTC and SEC) involved in overseeing derivatives, which falls under the scope of derivatives regulation."
hr790-113,16,Corporate nonfinancial / ESG disclosure,"The bill requires companies to disclose employee numbers domestically and internationally, which falls under the category of corporate nonfinancial disclosure as it's not traditional financial reporting but provides information about a company's operations and potential impacts."
hr5149-107,2,"Derivatives, swaps, CFTC regulation","The bill explicitly addresses derivatives regulation, futures trading, swaps, and combines the Commodity Futures Trading Commission (CFTC) and the Securities and Exchange Commission (SEC), which are key regulators in these areas."
hr1098-114,7,SOX / PCAOB / audit firm oversight,"The bill amends securities acts and concerns the authority of the SEC to regulate arbitration agreements, which directly relates to the oversight of public company auditors and the integrity of financial reporting, falling under the purview of SOX/PCAOB/audit firm oversight."
hr1315-112,6,Dodd-Frank reform / implementation,"The bill directly amends the Dodd-Frank Act, specifically focusing on the Financial Stability Oversight Council's review authority of the Consumer Financial Protection Bureau's regulations, which falls under Dodd-Frank reform and implementation."
s1690-113,7,SOX / PCAOB / audit firm oversight,"The bill includes provisions for audits of grant recipients and focuses on accounting and auditing practices related to the grant programs, aligning with the focus of SOX/PCAOB/audit firm oversight."
s751-106,4,Money laundering / financial crime strategy,"The bill focuses heavily on combating fraud and abuse targeting seniors, including telemarketing fraud, health care fraud, and pension plan fraud, all of which fall under the umbrella of financial crime strategy and anti-money laundering efforts."
s947-112,2,"Derivatives, swaps, CFTC regulation","The bill directly addresses swaps regulation and margin requirements under the Commodity Exchange Act and Securities Exchange Act, falling under the scope of derivatives and CFTC regulation."
hr4552-111,18,Consumer / predatory mortgage lending,"The bill focuses on protecting consumers receiving government benefits through electronic fund transfers, specifically addressing fees and access to account information related to these payments, which falls under consumer and predatory lending protections."
s1560-114,6,Dodd-Frank reform / implementation,"The bill directly amends provisions related to the Dodd-Frank Act, specifically concerning margin requirements and data sharing by CFTC and swap data repositories, which are key components of Dodd-Frank implementation."
s2330-113,2,"Derivatives, swaps, CFTC regulation","The bill directly amends the Commodity Exchange Act to improve futures and swaps trading, focusing on clearing requirements, reporting, and definitions related to swaps and the CFTC, which falls under the scope of derivatives and CFTC regulation."
hr2743-116,6,Dodd-Frank reform / implementation,"The bill directly addresses a component created by the Dodd-Frank Act (the Office of Financial Research) by seeking its repeal, thus falling under Dodd-Frank reform/implementation legislation."
hr448-111,4,Money laundering / financial crime strategy,"The bill focuses on elder abuse prevention, prosecution, and victim support, which directly relates to financial crime strategy as elder abuse often involves fraud offenses and financial exploitation."
s1484-114,6,Dodd-Frank reform / implementation,"The bill explicitly mentions the Dodd-Frank Act and aims to study its effects, indicating it's focused on Dodd-Frank reform/implementation, even though it covers a wide range of financial regulations."
s1151-112,12,Data breach / identity theft / financial privacy,"The bill focuses on identity theft prevention, data breach notification, and financial data privacy protections for consumers, directly aligning with the description of category 12."
hr5130-108,4,Money laundering / financial crime strategy,"The bill focuses heavily on border security measures, including data management, enforcement, and coordination of various agencies, which directly relates to financial crime strategy and anti-money laundering efforts at the border."
s1349-113,7,SOX / PCAOB / audit firm oversight,"The bill directly amends the Sarbanes-Oxley Act of 2002 regarding management assessment of internal controls, placing it squarely within the scope of SOX/PCAOB/audit firm oversight legislation."
hr1173-114,22,Insider trading reform,"The bill directly addresses the definition and prohibition of trading on material inside information, which falls under the scope of insider trading reform legislation."
hr3060-107,6,Dodd-Frank reform / implementation,"The bill directly amends the authority of the SEC, which is the primary regulator under the Dodd-Frank Act, and relates to emergency powers impacting securities markets, thus falling under Dodd-Frank reform/implementation."
s1308-112,4,Money laundering / financial crime strategy,"The bill focuses on prohibiting financial transactions that facilitate access to child pornography and adds these offenses as predicate acts for money laundering statutes, directly addressing financial crime strategy and enforcement."
hr4281-115,15,Crowdfunding and small-issuer capital formation,"The bill focuses on expanding access to capital for small businesses, specifically those in rural areas, which directly aligns with the goals of crowdfunding and small-issuer capital formation legislation like the JOBS Act."
s3693-110,3,Executive compensation at financial firms / TARP,"The bill directly addresses compensation limits for employees and executives at financial institutions receiving TARP funds, which falls squarely within the scope of executive compensation regulation related to TARP."
s3577-111,8,Investment company / hedge fund / investment adviser regulation,"The bill establishes Lifetime Savings Accounts, which function similarly to Roth IRAs and are intended to promote financial literacy and investment opportunities, aligning with the regulation of investment accounts and advisers."
s1562-109,6,Dodd-Frank reform / implementation,"The bill modernizes and improves the federal deposit insurance system, which falls under the broader scope of Dodd-Frank reform and implementation as it addresses systemic financial stability and risk management within the financial sector."
s324-107,12,Data breach / identity theft / financial privacy,"The bill focuses on the privacy of social security numbers, specifically prohibiting their sale and purchase by financial institutions, which directly relates to financial data privacy protections for consumers."
s1236-112,4,Money laundering / financial crime strategy,"The bill focuses on deterring the construction and use of border tunnels for smuggling, which inherently involves financial crimes like money laundering and the movement of illicit goods, falling under the scope of financial crime strategy and enforcement."
hr4088-112,15,Crowdfunding and small-issuer capital formation,"The bill focuses on easing capital formation for small issuers by raising the shareholder registration thresholds, which aligns with the goals of crowdfunding and small-issuer capital formation legislation like the JOBS Act."
hr728-104,4,Money laundering / financial crime strategy,"The bill focuses on providing block grants to local governments for crime reduction and improving public safety, including drug law enforcement and establishing task forces to combat criminal activity, which falls under the umbrella of financial crime strategy and anti-money laundering efforts."
hr6529-112,12,Data breach / identity theft / financial privacy,"The bill focuses on protecting the privacy of geolocation data, data breach notification, and preventing the misuse of financial data, all of which fall under data breach/identity theft/financial privacy protections for consumers."
hr3225-110,8,Investment company / hedge fund / investment adviser regulation,"The bill directly addresses the disclosure of fees for open-end investment companies (mutual funds), which falls under the regulation of investment company legislation."
hr6317-111,6,Dodd-Frank reform / implementation,"The bill amends financial regulations related to commercial mortgage loans and reporting requirements for depository institutions, which falls under the scope of Dodd-Frank implementation and reform, as it addresses aspects of banking and financial sector oversight post-Dodd-Frank."
hr3310-111,6,Dodd-Frank reform / implementation,"The bill broadly aims to 'reform the financial regulatory system' and amends numerous financial laws, including provisions related to bankruptcy, the Federal Reserve, GSEs, and the SEC, indicating a focus on Dodd-Frank reform/implementation as it touches upon many areas addressed by that act."
hr1739-110,4,Money laundering / financial crime strategy,"The bill focuses on oversight of national security letters, which are used to obtain financial records and other information in the context of financial crime and counterintelligence investigations, aligning with the focus on financial crime strategy and anti-money laundering enforcement."
hr5682-115,7,SOX / PCAOB / audit firm oversight,"The bill includes provisions for auditing the use of a risk assessment system and reporting requirements, which fall under the purview of accounting and auditing practices and government oversight, aligning with the focus of SOX/PCAOB/audit firm oversight."
hr1295-109,18,Consumer / predatory mortgage lending,"The bill focuses heavily on mortgage lending practices, consumer protection related to mortgages, and addressing predatory lending concerns, aligning with the description of category 18."
hr1769-104,6,Dodd-Frank reform / implementation,"The bill amends the Federal Deposit Insurance Act and related acts, addressing fund mergers, agency reorganization, and charter consolidation, which constitutes direct reform and implementation of existing financial regulations like the FDIA and potentially Dodd-Frank related structures."
s1405-110,6,Dodd-Frank reform / implementation,"The bill revises several regulatory requirements impacting community banks, including amendments to the Sarbanes-Oxley Act, which falls under Dodd-Frank reform/implementation as it addresses changes to existing financial regulations."
s1816-114,6,Dodd-Frank reform / implementation,"The bill directly addresses regulations like Basel III and modifies Sarbanes-Oxley requirements, indicating it's focused on reforming and implementing existing financial regulations, which falls under Dodd-Frank reform/implementation as those regulations were enacted in response to the 2008 financial crisis."
hr1780-110,7,SOX / PCAOB / audit firm oversight,"The bill directly addresses the Sarbanes-Oxley Act, the Public Company Accounting Oversight Board (PCAOB), and regulation of public company auditors by focusing on improving the implementation of Section 404 and audit practices."
hr3748-103,2,"Derivatives, swaps, CFTC regulation","The bill explicitly focuses on the regulation of derivatives activities, establishing a Federal Derivatives Commission and addressing risk management, examination standards, and recordkeeping requirements related to derivatives, swaps, and qualified financial contracts."
hr3162-107,4,Money laundering / financial crime strategy,"The bill focuses on enhancing law enforcement tools to deter and punish terrorist acts, including provisions related to bank records, financial payment systems, and confiscation of property, which fall under the scope of financial crime strategy and anti-money laundering efforts."
hr3406-114,4,Money laundering / financial crime strategy,"The bill includes provisions related to preventing waste, fraud, and abuse of funds, prohibiting grants to nonprofits with offshore accounts to avoid taxes, and coordinating federal reentry programs, all of which fall under financial crime strategy and anti-money laundering efforts."
hr4276-104,2,"Derivatives, swaps, CFTC regulation","The bill directly regulates commodity exchanges, futures trading, and audit trail requirements related to derivatives and specifically mentions the Commodity Futures Trading Commission (CFTC), fitting the description of Category 2."
s710-113,7,SOX / PCAOB / audit firm oversight,"The bill concerns the registration requirements for municipal advisors, which falls under the broader regulation of financial services and investments, similar to the oversight of public company auditors and the Sarbanes-Oxley Act's focus on financial reporting and accountability."
hr3179-111,13,TARP oversight and wind-down,"The bill focuses on oversight of the TARP program, specifically expanding the scope of the SIGTARP's reports to include the impact on small businesses, which falls under TARP oversight beyond executive compensation."
hr4331-111,4,Money laundering / financial crime strategy,"The bill focuses on compliance with recordkeeping requirements for money services businesses to prevent money laundering, which directly falls under financial crime strategy and enforcement."
hr3624-116,16,Corporate nonfinancial / ESG disclosure,"The bill mandates disclosure of employee numbers, which falls under non-financial information reporting requirements for public companies, aligning with the focus of category 16 on ESG and corporate transparency disclosures."
s838-106,7,SOX / PCAOB / audit firm oversight,"The bill includes provisions related to auditing juvenile justice records and congressional reporting requirements, which fall under the scope of oversight and transparency related to government programs, similar to SOX/PCAOB oversight."
s2497-114,7,SOX / PCAOB / audit firm oversight,"The bill directly relates to the Securities Exchange Act of 1934, SEC regulations, and standards of conduct for brokers and dealers, all of which fall under the purview of SOX, PCAOB, and audit firm oversight as it concerns public company financial practices and investor protection."
s2720-114,8,Investment company / hedge fund / investment adviser regulation,"The bill concerns the disclosure requirements for short interests in equity securities, including those of investment companies registered under the Investment Company Act of 1940, which falls under the regulation of investment companies and advisers."
hr4011-111,4,Money laundering / financial crime strategy,"The bill addresses fraud offenses and financial crimes related to the sale of stolen goods, which falls under the scope of financial crime strategy and anti-money laundering enforcement."
hr2572-113,6,Dodd-Frank reform / implementation,"The bill directly addresses regulation of credit unions and depository institutions, including modifications to CFPB regulations and net worth requirements, which falls under the scope of Dodd-Frank reform and implementation as it concerns financial institution regulation."
s1073-111,21,Credit rating agency regulation,"The bill focuses on reforming credit rating agencies (NRSROs), their methodologies, conflicts of interest, and SEC oversight, which directly aligns with the description of Category 21: Credit rating agency regulation."
hr2464-103,7,SOX / PCAOB / audit firm oversight,"The bill focuses on information disclosure requirements related to securities underwriting, which falls under the purview of securities law and audit-like transparency measures, aligning with the scope of SOX/PCAOB/audit firm oversight."
s148-104,8,Investment company / hedge fund / investment adviser regulation,"The bill directly addresses the regulation of investment advisers, their registration requirements, and enforcement of the Investment Advisers Act of 1940, which falls under the scope of investment company/hedge fund/investment adviser regulation."
hr616-103,7,SOX / PCAOB / audit firm oversight,"The bill amends the Securities Exchange Act of 1934 and concerns disclosure requirements for brokers exercising investment discretion, which falls under the purview of securities regulation and audit oversight related to public company auditors."
s683-114,4,Money laundering / financial crime strategy,"The bill addresses financial crimes by protecting banks that provide services to marijuana-related businesses and aims to combat illicit finance through legitimate banking channels, falling under the scope of financial crime strategy and anti-money laundering efforts."
hr5018-113,5,Federal Reserve audit / transparency,"The bill explicitly focuses on requirements for policy rules, audits, transparency, and increased testimony from the Federal Reserve, all of which fall under the category of Federal Reserve audit/transparency."
s727-113,7,SOX / PCAOB / audit firm oversight,"The bill focuses on the examination process of financial institutions, including examination standards, appeals of supervisory determinations, and an ombudsman to review appeals, which relates to audit oversight and regulatory processes similar to those governed by SOX and the PCAOB."
hr2582-112,14,Insurance regulation,"The bill focuses on homeowners' insurance coverage for catastrophic events, establishing a consortium to manage catastrophe risk and a federal reinsurance fund, which directly relates to insurance regulation."
hr31-104,6,Dodd-Frank reform / implementation,"The bill focuses on enhancing the supervision and regulation of derivatives activities, which falls directly under the scope of Dodd-Frank reform and implementation as it aims to improve financial stability and risk management related to derivatives, a key area addressed by the Dodd-Frank Act."
hr7333-110,13,TARP oversight and wind-down,"The bill directly relates to oversight of the TARP program, specifically focusing on the powers and authorities of the Special Inspector General established under the Emergency Economic Stabilization Act (TARP), which falls under TARP oversight and wind-down."
hr624-116,22,Insider trading reform,"The bill specifically focuses on Rule 10b5-1 trading plans, which are central to the statutory definition of insider trading and enforcement of insider trading laws."
s1560-105,7,SOX / PCAOB / audit firm oversight,"The bill concerns accounting standards and requires certifications from federal banking agencies regarding their accuracy and impact on risk management, which directly relates to the oversight of public company auditors and the Sarbanes-Oxley Act's focus on accounting practices."
hr1603-111,3,Executive compensation at financial firms / TARP,"The bill directly addresses compensation restrictions at firms receiving TARP funds, specifically limiting pay increases for officers, directors, and employees."
s1742-112,4,Money laundering / financial crime strategy,"The bill addresses fraudulent labeling of a food product as a financial crime, falling under the scope of financial crime strategy and enforcement of food industry regulations."
hr2899-115,4,Money laundering / financial crime strategy,"The bill includes provisions related to preventing waste, fraud, and abuse of funds, prohibiting grants to nonprofits with offshore accounts to avoid taxes, and coordinating federal reentry programs, all of which fall under the umbrella of financial crime strategy and anti-money laundering efforts."
s1565-114,18,Consumer / predatory mortgage lending,"The bill focuses on extending consumer financial protection to servicemembers, specifically addressing issues like interest rates, mortgages, leases, and contracts, which fall under the scope of consumer and predatory mortgage lending protections."
hr2255-115,7,SOX / PCAOB / audit firm oversight,"The bill touches on appraisal services, SEC reporting requirements, and liability protections for financial institution employees, all of which fall under the broader scope of audit firm oversight and financial regulation related to public companies and investment advisors."
hr275-108,16,Corporate nonfinancial / ESG disclosure,"The bill focuses on requiring public companies to disclose corporate charitable contributions, which falls under the category of non-financial disclosure related to corporate behavior and transparency."
hr4248-115,7,SOX / PCAOB / audit firm oversight,"The bill amends the Securities Exchange Act of 1934, which falls under the purview of securities regulation and the oversight of the SEC, aligning with the focus of SOX/PCAOB/audit firm oversight as it concerns public company disclosures."
hr4905-109,4,Money laundering / financial crime strategy,"The bill focuses on maintaining sex offender registries, which is a key component of anti-money laundering and financial crime strategy by tracking individuals who may engage in illicit activities and preventing them from operating anonymously."
hr5792-110,14,Insurance regulation,"The bill directly addresses insurance markets, specifically risk retention groups and commercial property insurance coverage, falling under the scope of insurance regulation."
hr7119-110,3,Executive compensation at financial firms / TARP,"The bill directly addresses executive compensation at firms receiving financial assistance (troubled assets) by prohibiting funds from being used for senior officer income and authorizing termination of employment, aligning with the scope of executive compensation restrictions."
hr2893-111,4,Money laundering / financial crime strategy,"The bill directly addresses anti-money laundering (AML) programs, regulatory burdens on financial institutions regarding money transmitting businesses, and penalties for violations of AML requirements, aligning with the focus of category 4."
hr1585-115,8,Investment company / hedge fund / investment adviser regulation,"The bill directly relates to the qualifications of individuals participating in private securities offerings, which falls under the regulation of investment advisers and investors."
s401-112,4,Money laundering / financial crime strategy,"The bill focuses on strengthening laws to combat public corruption, which includes bribery, theft of public money, fraud offenses, and government ethics – all falling under the umbrella of financial crime strategy and enforcement."
hr3725-114,6,Dodd-Frank reform / implementation,"The bill involves government lending and bond guarantees related to Puerto Rico's debt, which falls under the broader scope of financial sector reform and implementation, similar to provisions within the Dodd-Frank Act concerning financial stability and debt restructuring."
hr4049-110,4,Money laundering / financial crime strategy,"The bill directly addresses anti-money laundering (AML) programs, compliance requirements for money transmitting businesses, and penalties for violations, all of which fall under the scope of financial crime strategy and enforcement."
s1970-112,15,Crowdfunding and small-issuer capital formation,"The bill explicitly focuses on equity crowdfunding, Regulation A+, and easing capital formation for small issuers, which directly aligns with category 15's description."
s735-110,4,Money laundering / financial crime strategy,"The bill focuses on improving the terrorist hoax statute by expanding the definition of prohibited hoaxes to include terrorism-related false information and increasing penalties, which falls under financial crime strategy and enforcement related to terrorism."
hr3617-107,7,SOX / PCAOB / audit firm oversight,"The bill directly addresses accounting and auditing standards, auditor liability, record maintenance, and conflicts of interest, all of which fall under the purview of the Sarbanes-Oxley Act and the PCAOB's regulatory framework."
s1926-113,14,Insurance regulation,"The bill directly addresses flood insurance, its affordability, and the National Flood Insurance Program, falling squarely within the scope of insurance regulation."
hr2978-107,4,Money laundering / financial crime strategy,"The bill explicitly focuses on combating money laundering through enhanced enforcement tools for law enforcement agencies and increased reporting requirements for financial institutions, directly aligning with the definition of legislation on anti-money laundering (AML) enforcement and financial crime strategy."
hr4270-113,7,SOX / PCAOB / audit firm oversight,"The bill directly concerns funding for the Public Company Accounting Oversight Board (PCAOB), which is central to the regulation of public company auditors and falls under the scope of SOX oversight."
hr2896-111,6,Dodd-Frank reform / implementation,"The bill amends the Federal Deposit Insurance Act, which is a core component of the Dodd-Frank Act's framework for resolving failing financial institutions, and addresses the treatment of financial contracts in receivership, thus relating to Dodd-Frank reform/implementation."
hr3646-104,7,SOX / PCAOB / audit firm oversight,"The bill addresses legal ethics and attorney-client privilege in the context of sexual harassment claims, and also touches on professional responsibilities of accountants, physicians, and other professionals, which falls under the purview of SOX / PCAOB / audit firm oversight as it relates to professional standards and conduct."
s3219-110,7,SOX / PCAOB / audit firm oversight,"The bill focuses on securities fraud and regulation, specifically increasing penalties and amending guidelines related to violations of securities laws, which falls under the purview of SOX, PCAOB, and audit firm oversight as it relates to public company accountability and investor protection."
hr1987-112,7,SOX / PCAOB / audit firm oversight,"The bill amends the Securities Investor Protection Act and focuses on trustee duties, accounting, auditing, and SIPC regulations related to liquidation proceedings, which directly relates to the oversight of public company auditors and financial reporting."
s450-107,12,Data breach / identity theft / financial privacy,"The bill focuses on enhanced protection of nonpublic personal information, including health information, and consumer privacy rights, which directly aligns with data privacy and identity theft prevention concerns."
hr887-106,16,Corporate nonfinancial / ESG disclosure,"The bill focuses on requiring disclosure of corporate charitable contributions, which falls under the category of non-financial disclosure requirements for public companies."
hr6127-112,7,SOX / PCAOB / audit firm oversight,"The bill concerns regulations related to securities exchanges and market makers, which falls under the purview of the Securities and Exchange Commission (SEC) and is closely tied to audit quality and oversight of public companies, aligning with the focus of SOX and PCAOB regulations."
hr1094-112,5,Federal Reserve audit / transparency,"The bill directly addresses the structure and existence of the Federal Reserve System, aiming to abolish it and repeal the Federal Reserve Act, which falls under audit, transparency, and governance reform of the Federal Reserve."
s1030-114,4,Money laundering / financial crime strategy,"The bill amends the Computer Fraud and Abuse Act (CFAA) and modifies penalty provisions related to obtaining information without authorization, which falls under the scope of financial crime strategy and enforcement, specifically addressing fraud offenses."
hr665-106,10,Glass-Steagall / bank-securities separation,"The bill explicitly addresses and repeals provisions of the Glass-Steagall Act, which separated commercial and investment banking, and focuses on the affiliation of banks and securities firms."
s1189-106,7,SOX / PCAOB / audit firm oversight,"The bill focuses on securities enforcement actions, barring individuals from association with broker-dealers based on state and foreign regulatory actions, and extends penny stock bars, all of which fall under the purview of SOX, PCAOB, and audit firm oversight as it relates to regulation of public company actors and securities fraud prevention."
s1725-103,6,Dodd-Frank reform / implementation,"The bill amends the Federal Deposit Insurance Act, which is a core component of the regulatory framework established by the Dodd-Frank Act, and addresses the FDIC's role in resolving failed institutions, making it a matter of Dodd-Frank reform/implementation."
hr6244-114,9,Banking capital requirements / Basel III,"The bill directly addresses bank capital requirements and the implementation of Basel III standards, focusing on how certain investments are treated as qualifying capital instruments."
s798-113,9,Banking capital requirements / Basel III,"The bill directly addresses equity capital requirements for financial institutions, which falls under the scope of banking capital ratios and Basel III implementation."
hr5723-110,6,Dodd-Frank reform / implementation,"The bill amends the Federal Home Loan Bank Act to address financial market liquidity, specifically related to student loans, which falls under the broader scope of financial sector adjustments and potential implementation of emergency measures, similar to those seen with Dodd-Frank reforms."
hr1905-108,14,Insurance regulation,"The bill directly addresses insurance companies, Holocaust era insurance policies, state regulation of insurers, and establishes a federal cause of action related to insurance claims, all falling under the scope of insurance regulation."
hr6299-109,12,Data breach / identity theft / financial privacy,"The bill focuses on protecting minors online and preventing them from purchasing age-restricted products, which directly relates to financial data privacy and identity verification to prevent unauthorized transactions."
s1156-114,19,Corporate bankruptcy: employee and retiree protections,"The bill explicitly focuses on improving protections for employees and retirees in business bankruptcy proceedings, covering wages, benefits, severance pay, and pension claims."
hr458-109,7,SOX / PCAOB / audit firm oversight,"The bill focuses on regulating investment companies, investment advisers, broker/dealer registration, and reporting requirements, all of which fall under the purview of securities regulation and the oversight of entities like the SEC and PCAOB."
hr3346-111,7,SOX / PCAOB / audit firm oversight,"The bill directly amends the Sarbanes-Oxley Act of 2002 and concerns accounting and auditing, specifically relating to the sharing of information with foreign oversight bodies, which falls under the scope of SOX and PCAOB regulation."
s536-116,15,Crowdfunding and small-issuer capital formation,"The bill focuses on easing capital formation for issuers by expanding the use of 'testing the waters' and confidential draft registration submissions, which are mechanisms related to initial public offerings and small-issuer capital formation."
hr1734-113,11,Shareholder rights / corporate governance,"The bill focuses on shareholder authorization of political expenditures, proxy votes, and director liability, all of which fall under the umbrella of shareholder rights and corporate governance."
hr131-113,4,Money laundering / financial crime strategy,"The bill focuses on investigations and prosecutions of fraud offenses and financial crimes related to the 2008 Financial Crisis, directly aligning with anti-money laundering and financial crime strategy efforts."
hr4042-113,9,Banking capital requirements / Basel III,"The bill directly addresses capital requirements for mortgage servicing assets, which falls under the scope of banking capital regulations and Basel III implementation, even though it focuses on non-systemic institutions."
hr3567-104,6,Dodd-Frank reform / implementation,"The bill explicitly addresses recapitalization of deposit insurance funds and regulatory relief for insured depository institutions, which falls under the scope of reforming and implementing aspects of financial regulations like those addressed by the Dodd-Frank Act."
hr78-115,7,SOX / PCAOB / audit firm oversight,"The bill focuses on SEC regulations, regulatory procedures, and cost-benefit analysis, which directly relates to the oversight of public company auditors and the Sarbanes-Oxley Act's emphasis on regulatory quality."
hr2720-107,12,Data breach / identity theft / financial privacy,"The bill focuses on consumer financial privacy, specifically regulating the disclosure and use of personal information by financial institutions, which falls under data privacy protections for consumers."
hr1595-115,9,Banking capital requirements / Basel III,"The bill directly addresses bank capital requirements by allowing mutual capital certificates to qualify as common-equity Tier 1 capital, which falls under the scope of banking capital ratios and federal capital requirements."
hr6060-110,12,Data breach / identity theft / financial privacy,"The bill focuses on identity theft crimes, data breach remediation, and restitution to victims, all of which fall under the umbrella of data breach, identity theft, and financial privacy protections for consumers."
s1767-112,18,Consumer / predatory mortgage lending,"The bill directly addresses mortgage lending practices and consumer credit, specifically prohibiting deceptive practices involving checks sent as part of credit solicitations, which falls under predatory lending protections."
s2599-108,4,Money laundering / financial crime strategy,"The bill focuses on strengthening anti-terrorism investigative tools and combating terrorism financing, which directly relates to anti-money laundering and financial crime strategy."
s3683-110,13,TARP oversight and wind-down,"The bill focuses on oversight of the TARP program, specifically requiring Congressional approval for expenditures, which falls under the scope of TARP oversight beyond executive compensation."
s3404-114,9,Banking capital requirements / Basel III,"The bill concerns the classification of assets held by banks, which directly relates to banking capital requirements and liquidity standards."
hr4210-114,6,Dodd-Frank reform / implementation,"The bill directly amends the Dodd-Frank Wall Street Reform and Consumer Protection Act, specifically regarding the Financial Stability Oversight Council, making it fall under Dodd-Frank reform/implementation legislation."
s3186-106,6,Dodd-Frank reform / implementation,"The bill is titled the 'Bankruptcy Reform Act of 2000' and extensively amends Title 11 of the United States Code (Bankruptcy Code), indicating it's a broad reform of bankruptcy laws, which falls under the scope of Dodd-Frank reform/implementation as it addresses the financial system's structure and operation."
s881-115,10,Glass-Steagall / bank-securities separation,"The bill explicitly aims to reinstate Glass-Steagall Act protections and limit affiliations between banks and other financial entities, directly addressing the separation of commercial banking and securities activities."
hr19-104,7,SOX / PCAOB / audit firm oversight,"The bill focuses on securities regulation and the operation of financial organizations in foreign countries, which falls under the purview of the SEC and related oversight, aligning with the themes of SOX, PCAOB, and audit firm oversight as it concerns the regulation of public companies and financial institutions."
s536-115,7,SOX / PCAOB / audit firm oversight,"The bill focuses on disclosure requirements related to cybersecurity expertise on company boards, which falls under the oversight of public company governance and aligns with the Sarbanes-Oxley Act's emphasis on corporate responsibility and audit functions."
s2766-114,4,Money laundering / financial crime strategy,"The bill focuses on penalties for tax return identity theft and related fraud, which falls under the scope of financial crime strategy and anti-money laundering enforcement."
hr3270-116,4,Money laundering / financial crime strategy,"The bill addresses fraud offenses and financial crimes in connection with computers, which falls under the broader scope of financial crime strategy and enforcement, particularly as it relates to defending against unauthorized intrusions that could lead to financial loss."
s1730-114,7,SOX / PCAOB / audit firm oversight,"The bill amends securities acts and increases penalties for violations, which directly relates to the enforcement of securities laws and oversight of financial reporting, falling under the purview of SOX/PCAOB/audit firm oversight."
hr2878-103,7,SOX / PCAOB / audit firm oversight,"The bill directly addresses the recording of stock option compensation as an expense in financial statements, which falls under the purview of securities regulation, the Sarbanes-Oxley Act, and audit firm oversight related to accurate financial reporting."
hr6317-112,6,Dodd-Frank reform / implementation,"The bill directly amends and repeals provisions of the Dodd-Frank Wall Street Reform and Consumer Protection Act, specifically Title I and Title VIII, making it fall squarely within the scope of Dodd-Frank reform/implementation legislation."
hr4498-114,15,Crowdfunding and small-issuer capital formation,"The bill focuses on easing capital formation for small issuers by clarifying rules around general solicitation for angel investors, which falls under the scope of crowdfunding and small-issuer capital formation legislation like the JOBS Act."
s2099-105,4,Money laundering / financial crime strategy,"The bill addresses counterfeiting offenses, which fall under financial crime and specifically involves the fraudulent making of U.S. obligations and securities, aligning with anti-money laundering and financial crime strategy."
hr678-112,13,TARP oversight and wind-down,"The bill concerns the wind-down of the TARP program (Emergency Economic Stabilization Act of 2008) by focusing on the disposition of dividend payments from financial institutions that received assistance, and includes reporting requirements for the Special Inspector General overseeing TARP."
s133-111,13,TARP oversight and wind-down,"The bill focuses on oversight and restrictions related to the Troubled Asset Relief Program (TARP), specifically regarding the use of funds, reporting requirements, and penalties for non-compliance, which falls under TARP oversight beyond executive compensation."
s576-114,7,SOX / PCAOB / audit firm oversight,"The bill concerns disclosures related to compensatory benefit plans and involves the Securities and Exchange Commission (SEC), which falls under the purview of SOX, PCAOB, and audit firm oversight as it relates to public company regulation and financial reporting."
s3357-114,4,Money laundering / financial crime strategy,"The bill focuses on preventing fraud offenses and financial crimes specifically targeting veterans' benefits, which falls under the scope of financial crime strategy and anti-money laundering enforcement."
s2886-111,10,Glass-Steagall / bank-securities separation,"The bill explicitly aims to reinstate a separation between commercial banking and securities activities by amending the Glass-Steagall Act, directly addressing the issues covered in category 10."
hr3552-107,4,Money laundering / financial crime strategy,"The bill focuses on restitution of assets taken during the Holocaust, which falls under the broader scope of financial crime strategy and anti-money laundering efforts related to stolen property and victim compensation."
hr5496-107,7,SOX / PCAOB / audit firm oversight,"The bill focuses on accounting and auditing, disgorgement funds related to securities law violations, and the allocation of funds to victims, which directly relates to the Sarbanes-Oxley Act's focus on audit quality and corporate accountability."
s588-115,15,Crowdfunding and small-issuer capital formation,"The bill focuses on easing capital formation for small issuers by clarifying rules around general solicitation in Regulation D offerings, which is directly related to crowdfunding and small-issuer capital formation."
s718-111,7,SOX / PCAOB / audit firm oversight,"The bill includes requirements for financial audits, an audit committee, and generally accepted auditing standards for recipients of LSC funds, all of which relate to accounting and audit oversight similar to the scope of SOX and PCAOB regulations."
hr3755-115,12,Data breach / identity theft / financial privacy,"The bill focuses on improving the consumer reporting system, addressing inaccuracies in credit reports, data security, and consumer privacy related to credit information, which falls under data breach/identity theft/financial privacy protections."
s548-114,7,SOX / PCAOB / audit firm oversight,"The bill directly concerns the Public Company Accounting Oversight Board (PCAOB) and its funding, which falls under the scope of SOX and audit firm oversight legislation."
hr518-106,4,Money laundering / financial crime strategy,"The bill directly addresses the repeal of provisions related to mandatory records and reports on monetary instrument transactions and financial recordkeeping by institutions, which are core components of anti-money laundering (AML) efforts and financial crime strategy."
hr4630-111,16,Corporate nonfinancial / ESG disclosure,"The bill mandates disclosure of corporate political spending, which falls under the category of non-financial disclosure requirements for public companies."
hr1088-107,7,SOX / PCAOB / audit firm oversight,"The bill focuses on fees related to securities regulation, registration, and disclosures, which directly aligns with the scope of the Sarbanes-Oxley Act and the oversight of the SEC, including audit firm oversight through its impact on public company reporting requirements."
hr2728-114,7,SOX / PCAOB / audit firm oversight,"The bill includes provisions for accounting and auditing of JJDPA grants, internal controls to prevent fraud, waste, and abuse, and government studies and investigations, all of which fall under the purview of SOX/PCAOB/audit firm oversight."
hr6225-109,14,Insurance regulation,"The bill explicitly focuses on establishing a federal chartering and regulatory system for insurance companies and agencies, addressing policyholder protections and insolvency, which falls directly under insurance regulation."
hr1292-111,4,Money laundering / financial crime strategy,"The bill focuses on improving the investigation and prosecution of financial fraud and mortgage fraud, which falls directly under the scope of anti-money laundering and financial crime strategy."
hr4248-114,1,"Systemic risk / FSOC / ""too big to fail""","The bill directly addresses the Financial Stability Oversight Council (FSOC) and the process for designating and reevaluating nonbank financial companies as systemically important, which falls under the scope of systemic risk and 'too big to fail' policies."
hr1216-114,7,SOX / PCAOB / audit firm oversight,"The bill concerns SEC oversight and a pilot program related to trading practices, which falls under the regulation of public company securities and the SEC's authority, aligning with the scope of SOX/PCAOB/audit firm oversight."
hr5745-107,7,SOX / PCAOB / audit firm oversight,"The bill amends bankruptcy law related to auditing, business records, and data dissemination, which falls under the scope of SOX/PCAOB/audit firm oversight as it concerns financial record keeping and transparency."
s392-116,7,SOX / PCAOB / audit firm oversight,"The bill concerns funding for the standard-setting body responsible for generally accepted accounting principles (GAAP) used in securities laws, which directly relates to accounting and auditing standards and the oversight of public company auditors (PCAOB's purview)."
hr3863-108,7,SOX / PCAOB / audit firm oversight,"The bill focuses on improving access to regulatory records for brokers and investment advisors, which directly relates to oversight and regulation of those professionals, aligning with the scope of the Sarbanes-Oxley Act and PCAOB's role in audit firm oversight."
hr3725-107,7,SOX / PCAOB / audit firm oversight,"The bill focuses on disclosure requirements for securities sales by corporate insiders, which directly relates to the Sarbanes-Oxley Act's emphasis on corporate transparency and accountability through improved financial reporting and audit oversight."
hr2515-116,7,SOX / PCAOB / audit firm oversight,"The bill amends securities law and relates to the SEC, which falls under the purview of the Sarbanes-Oxley Act and PCAOB oversight as it concerns regulation of public company auditors and securities reporting."
hr1374-114,4,Money laundering / financial crime strategy,"The bill addresses fraud offenses and financial crimes related to the counterfeiting or selling of tickets, which falls under the broader scope of financial crime strategy and enforcement."
s2358-108,4,Money laundering / financial crime strategy,The bill explicitly addresses money laundering as part of gang activities and focuses on financial crime strategy through grants for investigation and prosecution.
hr2364-116,16,Corporate nonfinancial / ESG disclosure,"The bill mandates disclosure of financial relationships with firearms manufacturers, which falls under corporate nonfinancial disclosure related to ESG (Environmental, Social, and Governance) metrics, as it concerns a potentially controversial industry and its impact on societal issues."
hr2992-104,4,Money laundering / financial crime strategy,"The bill focuses heavily on victim restitution, criminal justice administration, and combating crime, which aligns with anti-money laundering and financial crime strategy as restitution often involves recovering illicit funds and addressing harm caused by criminal activity."
hr1565-114,18,Consumer / predatory mortgage lending,"The bill directly addresses mortgage lending practices and interest rate restrictions on consumer credit transactions, falling under the scope of consumer/predatory mortgage lending protections."
hr3504-110,7,SOX / PCAOB / audit firm oversight,"The bill concerns SEC disclosures and potential alternative means of filing, which directly relates to securities regulation, government paperwork, and the oversight of public company reporting, all of which fall under the purview of the Sarbanes-Oxley Act and PCAOB regulations."
hr1788-111,4,Money laundering / financial crime strategy,"The bill amends the False Claims Act, which directly relates to fraud offenses and financial crimes, and includes provisions regarding whistleblowers and actions against false claims involving federal funds, aligning with the focus of anti-money laundering and financial crime strategy."
hr1408-107,4,Money laundering / financial crime strategy,"The bill focuses on streamlining and facilitating the sharing of antifraud information between federal and state regulators, directly addressing anti-money laundering enforcement and financial crime strategy."
hr4894-114,20,Financial institution resolution / SIFI bankruptcy,"The bill directly addresses the repeal of Title II of Dodd-Frank, which concerns the orderly liquidation authority (OLA) for failing financial institutions, making it fall squarely within the scope of financial institution resolution legislation."
hr268-105,6,Dodd-Frank reform / implementation,"The bill explicitly aims to reform the financial services sector by establishing a new framework for financial services holding companies and merging bank and thrift charters, which constitutes a direct alteration of the existing regulatory landscape established by Dodd-Frank and related legislation."
s2995-110,2,"Derivatives, swaps, CFTC regulation","The bill directly regulates futures trading and the Commodity Futures Trading Commission (CFTC), specifically focusing on transparency requirements for oil trading, which falls under the scope of derivatives regulation."
hr3738-114,6,Dodd-Frank reform / implementation,"The bill directly amends the Dodd-Frank Wall Street Reform and Consumer Protection Act, focusing on the Office of Financial Research, which was established by Dodd-Frank."
s30-107,12,Data breach / identity theft / financial privacy,"The bill focuses on consumer control over personal financial information, data privacy, and disclosure requirements, aligning with the core themes of data breach/identity theft/financial privacy legislation."
hr2118-111,13,TARP oversight and wind-down,"The bill directly amends the Emergency Economic Stabilization Act of 2008 (TARP) regarding repayment procedures, falling under TARP oversight and wind-down beyond executive compensation."
hr3340-114,5,Federal Reserve audit / transparency,"The bill focuses on increasing transparency and oversight of the Financial Stability Oversight Council (FSOC) and the Office of Financial Research (OFR), including requiring regular reporting to Congress and subjecting their budgets to the appropriations process, which aligns with the 'Federal Reserve audit / transparency' category."
s47-113,4,Money laundering / financial crime strategy,"The bill focuses on combating violence against women, which includes provisions related to crime prevention, investigation of fraud offenses, and addressing financial crimes associated with domestic violence and human trafficking."
hr2750-115,6,Dodd-Frank reform / implementation,"The bill directly amends the Financial Stability Act of 2010, which is the common name for the Dodd-Frank Wall Street Reform and Consumer Protection Act, and concerns funding for an office created by that Act."
hr2179-108,7,SOX / PCAOB / audit firm oversight,"The bill amends the Sarbanes-Oxley Act and focuses on SEC authority regarding investigations, penalties, and audits, all of which fall under the purview of SOX/PCAOB/audit firm oversight."
hr3570-103,6,Dodd-Frank reform / implementation,"The bill explicitly aims to reform the deposit insurance system and modernize banking regulations, which falls under the scope of amending and implementing provisions related to financial sector oversight, similar to the goals of Dodd-Frank."
s1490-111,12,Data breach / identity theft / financial privacy,"The bill focuses on identity theft prevention, data breach notification, and financial data privacy protections for consumers, which directly aligns with category 12."
hr3818-111,8,Investment company / hedge fund / investment adviser regulation,"The bill directly addresses the regulation of investment advisers, specifically those advising private funds, and modifies the Investment Advisers Act of 1940, falling squarely within the scope of investment company/hedge fund/investment adviser regulation."
s652-105,6,Dodd-Frank reform / implementation,"The bill facilitates relief by making exceptions to existing financial regulations (Truth in Lending Act, Expedited Funds Availability Act, appraisal standards) which falls under the scope of Dodd-Frank reform/implementation as it adjusts regulatory requirements."
hr1582-111,3,Executive compensation at financial firms / TARP,"The bill directly addresses bonus payments at firms receiving TARP funds, specifically aiming to repeal an exception to restrictions on those payments, which falls squarely within the scope of executive compensation regulation related to TARP."
s276-104,4,Money laundering / financial crime strategy,"The bill focuses on criminal penalties for defrauding financial institutions, specifically those carrying out Small Business Administration programs, which directly relates to financial crime and anti-fraud enforcement."
s2155-115,6,Dodd-Frank reform / implementation,"The bill explicitly aims to provide 'regulatory relief' and includes amendments to existing financial laws, indicating a focus on reforming or implementing changes to financial regulations like TILA and the Federal Deposit Insurance Act, which fall under the scope of Dodd-Frank reform and implementation."
hr4472-109,4,Money laundering / financial crime strategy,"The bill focuses on protecting children from sexual exploitation and violent crime, establishing a national sex offender registry, and preventing child abuse, all of which fall under the umbrella of financial crime strategy due to the potential for related illicit activities and the need for data collection and enforcement."
hr4871-113,14,Insurance regulation,"The bill explicitly concerns the Terrorism Risk Insurance Act of 2002 (TRIA) and revises requirements for the terrorism insurance program, directly relating to insurance markets and regulation."
s876-114,2,"Derivatives, swaps, CFTC regulation","The bill directly addresses clearing requirements for swaps and amends the Commodity Exchange Act, falling squarely within the scope of derivatives and CFTC regulation."
hr1345-115,12,Data breach / identity theft / financial privacy,"The bill focuses on protecting minors from identity theft and fraud, which directly relates to data breach prevention, identity theft protection, and financial privacy for consumers."
s523-112,4,Money laundering / financial crime strategy,"The bill focuses on criminal penalties for fraud offenses related to student visas, which falls under financial crime strategy and enforcement of false pretenses for pecuniary gain."
hr2056-112,7,SOX / PCAOB / audit firm oversight,"The bill focuses on accounting standards, audit procedures, and the oversight of bank examinations by the FDIC, all of which fall under the purview of SOX, PCAOB, and audit firm oversight."
hr1825-111,4,Money laundering / financial crime strategy,"The bill focuses on deterring public corruption through expanded fraud prohibitions, increased penalties for theft and bribery, and addressing financial crimes related to federal funds and public officials, aligning with the focus of anti-money laundering and financial crime strategy."
s553-108,9,Banking capital requirements / Basel III,"The bill directly addresses bank reserves, interest on reserves held at the Federal Reserve, and the ratio of reserves banks must maintain, all of which fall under banking capital requirements and related monetary policy considerations."
s3139-107,19,Corporate bankruptcy: employee and retiree protections,"The bill explicitly focuses on protecting employees and retirees in corporate bankruptcy proceedings, directly aligning with the description of category 19."
hr1585-106,6,Dodd-Frank reform / implementation,"The bill focuses on streamlining regulations for depository institutions, which falls under the scope of reforming and implementing existing financial laws like Dodd-Frank, as it aims to modify and simplify banking regulations."
s3012-106,4,Money laundering / financial crime strategy,"The bill focuses on reporting requirements related to defects in foreign motor vehicle products, which could involve fraudulent reporting and thus falls under financial crime strategy and enforcement of accurate information."
hr3968-111,9,Banking capital requirements / Basel III,"The bill focuses on capital standards, capital restoration plans, and corrective actions for bank holding companies, directly relating to banking capital requirements and potentially Basel III implementation."
s2525-103,7,SOX / PCAOB / audit firm oversight,"The bill directly concerns accounting standards and the Securities and Exchange Commission's (SEC) role in adopting them, which falls under the purview of the Sarbanes-Oxley Act (SOX) and PCAOB oversight as it relates to financial reporting and audit procedures."
s2756-111,1,"Systemic risk / FSOC / ""too big to fail""",The bill explicitly establishes a Financial Services Systemic Risk Oversight Council to regulate systemic risk in the U.S. financial system and address 'too big to fail' policies.
s1502-109,6,Dodd-Frank reform / implementation,"The bill addresses the applicability of state laws to national banks and federal savings associations, which relates to the implementation and scope of federal banking regulations and potentially modifies existing frameworks established by Dodd-Frank and other banking legislation."
hr2642-114,6,Dodd-Frank reform / implementation,"The bill amends multiple financial regulations, including the Truth in Lending Act, Gramm-Leach-Bliley Act, and Securities Exchange Act, indicating it's focused on reforming and implementing existing financial laws like Dodd-Frank."
s1313-115,14,Insurance regulation,"The bill directly addresses insurance regulation, specifically the National Flood Insurance Program (NFIP), coverage limits, and related aspects of the insurance industry."
hr1860-113,4,Money laundering / financial crime strategy,"The bill explicitly includes 'regulatory and financial crimes' within its scope, indicating a focus on financial crime strategy and enforcement, even as part of a broader criminal code overhaul."
hr5282-114,12,Data breach / identity theft / financial privacy,"The bill focuses on improving the accuracy and fairness of consumer credit reporting, addressing data disputes, identity theft (through fraudulent practices), and financial privacy protections for consumers, all of which fall under the scope of data breach, identity theft, and financial privacy legislation."
hr4557-113,14,Insurance regulation,"The bill directly addresses insurance company regulation and the involvement of state insurance commissioners when a bank holding company is required to provide financial strength to a subsidiary depository institution, falling squarely within the scope of insurance regulation."
hr5405-109,7,SOX / PCAOB / audit firm oversight,"The bill directly addresses the Sarbanes-Oxley Act, the Public Company Accounting Oversight Board (PCAOB), and regulation of public company auditors by seeking to reduce the burdens of SOX 404 implementation and modifying audit standards."
hr4454-111,13,TARP oversight and wind-down,"The bill concerns oversight of a commission established to investigate the financial crisis, which falls under the broader scope of TARP oversight and wind-down activities beyond executive compensation."
hr3928-113,5,Federal Reserve audit / transparency,"The bill focuses on improving the accountability and transparency of the Federal Reserve System through requirements for impact assessments, audits, public disclosure of information, and congressional oversight, all of which directly relate to Federal Reserve audit and transparency concerns."
hr2600-103,15,Crowdfunding and small-issuer capital formation,"The bill focuses on facilitating the development of a secondary market for business and community development debt and equity investments, which aligns with the goals of crowdfunding and small-issuer capital formation as outlined in category 15."
hr316-115,2,"Derivatives, swaps, CFTC regulation","The bill directly regulates futures contracts and the Commodity Futures Trading Commission (CFTC), focusing on investor protection within the commodities markets, which falls under the scope of derivatives and CFTC regulation."
hr3798-114,7,SOX / PCAOB / audit firm oversight,"The bill concerns the Securities and Exchange Commission (SEC) administrative proceedings and the standard of evidence required, which falls under the purview of securities regulation and oversight of the SEC, aligning with the focus of SOX, PCAOB, and audit firm oversight."
hr5970-111,7,SOX / PCAOB / audit firm oversight,"The bill directly addresses provisions related to the Securities and Exchange Commission (SEC) and restores disclosure requirements, which falls under the scope of accounting and auditing oversight, aligning with the focus of SOX, PCAOB, and audit firm oversight."
hr2094-114,6,Dodd-Frank reform / implementation,"The bill directly addresses the repeal of provisions within the Dodd-Frank Wall Street Reform and Consumer Protection Act, making it directly related to Dodd-Frank reform and implementation."
hr2856-115,7,SOX / PCAOB / audit firm oversight,"The bill amends the Investment Company Act of 1940 and addresses protections for registered investment companies related to divestment, falling under the scope of investment company regulation and audit/oversight concerns."
hr1366-115,8,Investment company / hedge fund / investment adviser regulation,"The bill directly addresses regulation of investment companies and amends the Investment Company Act of 1940, falling squarely within the scope of investment company regulation."
s272-111,2,"Derivatives, swaps, CFTC regulation","The bill directly addresses the regulation of derivatives and swaps, and specifically mentions the Commodity Futures Trading Commission (CFTC), aligning with the description of category 2."
hr814-104,6,Dodd-Frank reform / implementation,"The bill focuses on financial deregulation and supervisory improvements, aiming to reshape the structure and oversight of financial institutions, which directly relates to the implementation and reform of the Dodd-Frank Act's provisions regarding financial holding companies and bank regulation."
hr2930-112,15,Crowdfunding and small-issuer capital formation,"The bill explicitly focuses on registration exemptions for crowdfunded securities, which falls under the definition of easing capital formation for small issuers as addressed in the JOBS Act-related legislation."
hr4802-111,14,Insurance regulation,"The bill directly addresses insurance industry regulation, specifically risk retention groups and commercial property insurance, falling squarely within the scope of insurance markets and reform."
s1968-106,2,"Derivatives, swaps, CFTC regulation","The bill explicitly focuses on regulating derivatives dealers and hedge funds, including reporting requirements and oversight by the SEC and CFTC, which falls directly under the 'Derivatives, swaps, CFTC regulation' category."
s575-114,4,Money laundering / financial crime strategy,"The bill focuses on combating the exploitation of children, which includes investigating cyber-related crimes and financial crimes associated with human trafficking and child pornography, aligning with the focus of anti-money laundering and financial crime strategy."
hr1018-116,11,Shareholder rights / corporate governance,"The bill focuses on corporate governance by requiring diversity disclosures, which falls under shareholder rights and corporate governance practices related to board composition and transparency."
s2056-107,7,SOX / PCAOB / audit firm oversight,"The bill focuses on auditor independence, restrictions on non-audit services provided by accounting firms, and oversight of public company auditors, all of which directly relate to the Sarbanes-Oxley Act and the PCAOB's regulatory purview."
s1897-107,7,SOX / PCAOB / audit firm oversight,"The bill focuses on disclosure requirements related to securities sales by affiliates of issuers, which falls under the purview of accounting and financial statements, corporate governance, and securities regulation, aligning with the scope of SOX, PCAOB, and audit firm oversight."
s714-103,6,Dodd-Frank reform / implementation,"The bill focuses on the completion and reform of the Resolution Trust Corporation (RTC), which was established to resolve failed savings associations, and includes provisions related to the Federal Deposit Insurance Act (FDIA) and oversight of the RTC's operations, directly relating to the implementation and wind-down of policies similar to those addressed by the Dodd-Frank Act."
hr6729-115,4,Money laundering / financial crime strategy,"The bill directly addresses anti-money laundering (AML) efforts by enabling nonprofits to share information with financial institutions regarding potential human trafficking and related financial crimes, falling squarely within the scope of financial crime strategy and enforcement."
hr3717-107,9,Banking capital requirements / Basel III,"The bill focuses on reforming the federal deposit insurance system by adjusting bank capital requirements, reserve ratios, risk assessments, and assessment guidelines, all of which fall under the purview of banking capital regulations and Basel III implementation."
s2126-115,7,SOX / PCAOB / audit firm oversight,"The bill directly amends the Sarbanes-Oxley Act of 2002 and focuses on auditor attestation requirements, which falls under the scope of SOX and PCAOB regulation."
hr1105-113,8,Investment company / hedge fund / investment adviser regulation,"The bill directly addresses regulation of private equity fund advisers under the Investment Advisers Act of 1940, which falls under the category of investment company/hedge fund/investment adviser regulation."
s2124-115,12,Data breach / identity theft / financial privacy,"The bill focuses on data breach notification, identity theft prevention, and financial data privacy protections for consumers, directly aligning with the description of category 12."
hr3905-105,7,SOX / PCAOB / audit firm oversight,"The bill focuses on establishing legal standards and procedures for resolving claims, including rules for evidence, discovery, judicial review, and penalties, all of which fall under the purview of audit firm oversight and legal procedures related to public company liabilities."
hr2936-111,6,Dodd-Frank reform / implementation,"The bill establishes a loan guarantee program utilizing an existing financial facility (Term Asset-Backed Securities Loan Facility) and aims to increase lending to a specific sector, which falls under the broader scope of implementing policies to address financial stability and potentially amend existing financial programs, aligning with Dodd-Frank reform/implementation."
hr4242-114,4,Money laundering / financial crime strategy,"The bill focuses on strengthening statutes to deter money laundering and terrorism financing, increasing penalties for violations, and enhancing enforcement efforts, which directly aligns with the definition of legislation on anti-money laundering (AML) enforcement and financial crime strategy."
hr4624-112,8,Investment company / hedge fund / investment adviser regulation,"The bill directly addresses the regulation of investment advisers, which falls under the scope of investment company/hedge fund/investment adviser regulation as defined in category 8."
hr1266-112,4,Money laundering / financial crime strategy,"The bill focuses on detecting and preventing the fraudulent abuse of prescriptions, which falls under the umbrella of financial crimes and anti-money laundering efforts as prescription fraud can be a component of illicit financial activity."
hr302-111,7,SOX / PCAOB / audit firm oversight,"The bill concerns SEC rules regarding short sales, which falls under the oversight of the SEC and relates to the regulation of public company securities and market practices, aligning with the focus of SOX/PCAOB/audit firm oversight."
hr1097-114,22,Insider trading reform,"The bill directly addresses the definition and prohibition of trading on material inside information, which falls under the scope of insider trading reform."
hr4057-114,4,Money laundering / financial crime strategy,"The bill addresses the use of false communications with the intent to create an emergency response, which falls under the broader scope of fraud offenses and financial crimes related to misuse of communication systems, aligning with anti-money laundering and financial crime strategy efforts to prevent illicit activities."
hr3875-112,16,Corporate nonfinancial / ESG disclosure,"The bill requires companies to disclose employee numbers, which falls under non-financial information disclosure related to corporate transparency and potentially ESG considerations (social impact of outsourcing)."
hr846-111,3,Executive compensation at financial firms / TARP,"The bill focuses on requiring financial institutions receiving TARP funds to publicly disclose expenditures, which directly relates to oversight and accountability of firms receiving assistance, similar to executive compensation and bonus restrictions."
hr4695-106,4,Money laundering / financial crime strategy,"The bill's primary focus is on enhancing law enforcement's ability to combat money laundering through various amendments to criminal code, expanding definitions of financial institutions and unlawful activities, and improving forfeiture procedures."
hr4292-115,6,Dodd-Frank reform / implementation,The bill directly amends provisions of the Dodd-Frank Wall Street Reform and Consumer Protection Act by changing the frequency of living will submissions.
hr1400-106,7,SOX / PCAOB / audit firm oversight,"The bill focuses on information disclosure requirements related to securities, specifically bonds, and involves the Securities and Exchange Commission (SEC), which falls under the purview of SOX/PCAOB oversight and securities regulation."
hr6483-112,18,Consumer / predatory mortgage lending,"The bill focuses on regulating small-dollar consumer credit transactions, addressing issues like interest rates, fees, and predatory lending practices, which falls under the scope of consumer and predatory mortgage lending legislation."
hr3044-112,6,Dodd-Frank reform / implementation,The bill directly amends the Dodd-Frank Wall Street Reform and Consumer Protection Act by repealing a provision (the Office of Financial Research) established within it.
s49-111,4,Money laundering / financial crime strategy,"The bill focuses on strengthening laws to combat public corruption, which includes offenses like bribery, theft of public money, and fraud, all falling under the umbrella of financial crime strategy and enforcement."
s2452-110,18,Consumer / predatory mortgage lending,"The bill focuses on redefining high-cost mortgages, protecting consumers from predatory lending practices, and reforming mortgage lending regulations, all of which fall under the scope of consumer and predatory mortgage lending legislation."
hr5442-113,16,Corporate nonfinancial / ESG disclosure,"The bill mandates disclosure of corporate tax payments, which falls under the category of non-financial disclosure requirements for public companies, specifically relating to tax transparency."
hr755-110,7,SOX / PCAOB / audit firm oversight,"The bill focuses on auditing, financial statements, and the Public Company Accounting Oversight Board (PCAOB), all of which fall under the scope of SOX/PCAOB/audit firm oversight legislation."
s2541-107,12,Data breach / identity theft / financial privacy,"The bill directly addresses penalties for aggravated identity theft, expanding existing prohibitions and increasing penalties related to data breach and identity theft prevention for consumers."
hr4768-111,11,Shareholder rights / corporate governance,"The bill directly addresses corporate finance related to political campaign spending and restricts access to federal financing based on that spending, which falls under the scope of corporate governance and shareholder rights by limiting corporate actions that could impact financial stability."
s975-113,4,Money laundering / financial crime strategy,"The bill focuses on fraud offenses and financial crimes related to guardianship and conservatorship, which falls under the umbrella of financial crime strategy and prevention of elder abuse."
hr4647-114,9,Banking capital requirements / Basel III,"The bill directly addresses bank capital requirements, specifically focusing on a 'simple leverage ratio' and potentially exempting banks from more complex risk-based capital rules, which falls under the scope of Basel III implementation and banking capital standards."
s386-111,4,Money laundering / financial crime strategy,"The bill focuses on improving enforcement of various types of fraud, including mortgage fraud, securities fraud, and financial institution fraud, all of which fall under the umbrella of financial crime strategy and anti-money laundering efforts."
hr3326-114,4,Money laundering / financial crime strategy,"The bill addresses financial crime by creating a civil cause of action for trade secret misappropriation, which falls under fraud offenses and financial crimes, and includes provisions for seizure orders and reporting requirements related to theft, aligning with anti-money laundering and financial crime strategy."
hr2544-106,18,Consumer / predatory mortgage lending,"The bill directly addresses debt collection practices, consumer credit, and protections related to mortgage lending, falling under the scope of consumer and predatory mortgage lending legislation."
hr4519-111,13,TARP oversight and wind-down,"The bill focuses on oversight of the TARP program by requiring the public disclosure of electronic communications related to TARP recipients, which falls under the scope of TARP oversight beyond executive compensation."
hr4510-113,6,Dodd-Frank reform / implementation,"The bill directly clarifies and modifies provisions of the Dodd-Frank Act regarding capital requirements, making it fall under Dodd-Frank reform/implementation."
s1298-116,1,"Systemic risk / FSOC / ""too big to fail""","The bill directly addresses the Financial Stability Oversight Council (FSOC) by changing the voting status of a member, which falls under the scope of systemic risk and FSOC legislation."
s3033-111,19,Corporate bankruptcy: employee and retiree protections,"The bill explicitly focuses on improving protections for employees and retirees in business bankruptcy proceedings, covering wages, salaries, pensions, and benefits, which directly aligns with category 19."
s798-114,14,Insurance regulation,"The bill directly addresses insurance industry regulation, state insurance authority oversight, and the FDIC's interaction with insurance companies, specifically concerning financial strength and asset liens."
s366-112,7,SOX / PCAOB / audit firm oversight,"The bill focuses on disclosure requirements for securities issuers regarding sanctionable activities, which falls under the purview of corporate finance and management and SEC regulations, aligning with the scope of SOX/PCAOB/audit firm oversight as it relates to corporate reporting and transparency."
hr2319-115,8,Investment company / hedge fund / investment adviser regulation,"The bill directly amends the Investment Company Act of 1940 and focuses on the regulation of money market funds, which fall under the scope of investment company regulation."
s1198-111,3,Executive compensation at financial firms / TARP,"The bill focuses on maximizing return on TARP investments in auto manufacturers and imposes fiduciary duties on the Treasury Secretary regarding shareholders, which directly relates to executive compensation and oversight of firms receiving TARP funds."
s458-111,4,Money laundering / financial crime strategy,"The bill amends the False Claims Act, which directly addresses fraud offenses and financial crimes, including the presentation of false claims to the government, and focuses on enforcement and investigation of such crimes."
hr7334-110,13,TARP oversight and wind-down,"The bill focuses on oversight of the TARP program by requiring reporting on lending increases attributable to TARP assistance, which falls under the scope of TARP oversight beyond executive compensation."
hr2808-103,6,Dodd-Frank reform / implementation,"The bill provides flexibility to depository institutions and their regulators in the wake of a disaster, which can be considered a form of financial deregulation and a response to economic conditions, aligning with the broader scope of Dodd-Frank reform/implementation by adjusting regulatory requirements."
hr1984-112,4,Money laundering / financial crime strategy,"The bill focuses on suspicious activity reporting requirements for financial institutions and aims to facilitate compliance with state law regarding legitimate businesses, which directly relates to anti-money laundering and financial crime strategy."
s2171-113,12,Data breach / identity theft / financial privacy,"The bill focuses on data privacy, specifically regarding geolocation information from electronic devices, data breach notification through required notices, and protections against unauthorized collection and disclosure, all falling under the scope of financial privacy and identity theft prevention."
s1037-109,8,Investment company / hedge fund / investment adviser regulation,"The bill focuses on mutual fund regulation, disclosure requirements for fees and expenses, board of directors composition, and broker-dealer conduct related to mutual fund investments, all of which fall under the regulation of investment companies and investment advisers."
s40-110,14,Insurance regulation,"The bill explicitly focuses on establishing a federal charter and comprehensive regulation of insurance companies, insurers, and agencies, directly addressing insurance markets and policyholder protections."
hr2851-115,4,Money laundering / financial crime strategy,"The bill addresses drug trafficking and controlled substances, and specifically includes provisions related to fraud offenses and financial crimes associated with the import, export, and distribution of synthetic analogues, falling under the scope of financial crime strategy and enforcement."
s1084-114,7,SOX / PCAOB / audit firm oversight,"The bill directly relates to the Sarbanes-Oxley Act and the Public Company Accounting Oversight Board (PCAOB), focusing on the transparency of PCAOB disciplinary proceedings and audit firm oversight."
hr2167-112,15,Crowdfunding and small-issuer capital formation,"The bill focuses on easing capital formation for private companies by increasing the thresholds for SEC registration, which aligns with the goals of crowdfunding and small-issuer capital formation legislation like the JOBS Act."
s1228-107,7,SOX / PCAOB / audit firm oversight,"The bill concerns financial statements, government corporations (Federal Prison Industries), and oversight requirements, which fall under the broader scope of corporate governance and audit practices, aligning with category 7 (SOX / PCAOB / audit firm oversight)."
hr3331-108,18,Consumer / predatory mortgage lending,"The bill focuses on protecting consumers from unfair and deceptive practices related to debt counseling and settlement services, which directly falls under the scope of consumer and predatory mortgage lending protections."
hr3317-113,4,Money laundering / financial crime strategy,"The bill focuses on strengthening statutes to deter money laundering and terrorism financing, increasing penalties for violations, and enhancing enforcement efforts, which directly aligns with the 'Money laundering / financial crime strategy' category."
s1709-114,10,Glass-Steagall / bank-securities separation,"The bill explicitly aims to reinstate Glass-Steagall Act protections, separating commercial banking from securities activities, which directly falls under the definition of category 10."
hr1761-111,3,Executive compensation at financial firms / TARP,"The bill restricts compensation paid to employees of financial institutions receiving TARP funds, directly addressing executive compensation and related policies within the scope of TARP."
s947-113,7,SOX / PCAOB / audit firm oversight,"The bill concerns access to information provided to regulatory systems and the protection of privilege and confidentiality, which relates to audit firm oversight and the integrity of financial data reporting, aligning with the focus of SOX/PCAOB regulations."
hr574-103,7,SOX / PCAOB / audit firm oversight,"The bill directly addresses audit requirements for public companies and imposes penalties on auditors, aligning with the focus of the Sarbanes-Oxley Act and PCAOB oversight."
s3527-112,4,Money laundering / financial crime strategy,"The bill focuses on criminal penalties for fraud related to the Student and Exchange Visitor Program (SEVP), which is a component of managing financial crime and immigration-related offenses."
s2868-108,18,Consumer / predatory mortgage lending,"The bill focuses on consumer protections related to remittance transfers, which fall under the umbrella of financial services and lending practices, specifically addressing error resolution and disclosures for international money transfers, aligning with consumer/predatory mortgage lending protections."
s650-104,6,Dodd-Frank reform / implementation,"The bill explicitly amends and modifies provisions of TILA and RESPA, key components of the Dodd-Frank Act's consumer protection framework, indicating direct engagement with Dodd-Frank implementation and reform."
s1301-105,18,Consumer / predatory mortgage lending,"The bill focuses heavily on consumer bankruptcy protection, including provisions related to debt discharge, creditor behavior, mortgage disclosures, and predatory lending practices, all falling under the scope of consumer and predatory mortgage lending legislation."
hr4846-112,4,Money laundering / financial crime strategy,"The bill focuses on preventing and combating mail, telemarketing, and internet fraud targeting seniors, which directly relates to anti-money laundering enforcement and financial crime strategy."
hr1334-114,7,SOX / PCAOB / audit firm oversight,"The bill concerns registration requirements for savings and loan holding companies under the Securities Exchange Act of 1934, which falls under the purview of securities regulation and oversight similar to the Sarbanes-Oxley Act and PCAOB's responsibilities."
hr1537-110,9,Banking capital requirements / Basel III,"The bill focuses on credit union net worth standards, risk-based capital requirements, and adjustments to capital levels, all of which fall under the purview of banking capital requirements and Basel III implementation."
s2783-106,4,Money laundering / financial crime strategy,"The bill contains provisions related to anti-drug money laundering, forfeiture of assets of criminals, and combating financial crime, which falls under the umbrella of money laundering/financial crime strategy."
hr74-111,6,Dodd-Frank reform / implementation,"The bill establishes a commission to investigate the 2008 financial crisis and evaluate lessons learned, which directly relates to the broad scope of reforms initiated by the Dodd-Frank Act in response to the crisis."
s1050-112,4,Money laundering / financial crime strategy,"The bill addresses financial records requests via National Security Letters and Suspicious Activity Reports, which falls under the scope of financial crime strategy and anti-money laundering enforcement."
hr990-113,18,Consumer / predatory mortgage lending,"The bill focuses on consumer credit, specifically small-dollar loans, and aims to protect consumers from predatory lending practices by regulating extensions of credit and empowering the CFPB to investigate violations, aligning with the core themes of category 18."
hr2730-107,12,Data breach / identity theft / financial privacy,"The bill focuses on establishing uniform national financial privacy standards for financial institutions and preempting state laws regarding financial privacy, which directly relates to data privacy and consumer financial data protection."
s2760-107,7,SOX / PCAOB / audit firm oversight,"The bill focuses on accounting treatment, disclosure requirements, and corporate governance related to stock options, which directly aligns with the Sarbanes-Oxley Act's focus on accounting and audit practices and the oversight of public company auditors."
hr317-104,6,Dodd-Frank reform / implementation,"The bill amends the Community Reinvestment Act, which was significantly impacted by the Dodd-Frank Act's provisions regarding fair lending and community development, making it a Dodd-Frank reform/implementation issue."
hr658-108,7,SOX / PCAOB / audit firm oversight,"The bill directly relates to the Securities and Exchange Commission (SEC) and streamlining the hiring process for positions like accountants and compliance examiners, which falls under the purview of SOX and PCAOB oversight of public company auditors and securities regulation."
s3033-110,7,SOX / PCAOB / audit firm oversight,"The bill focuses on legal ethics, attorney fees, and oversight related to securities litigation, which directly aligns with the Sarbanes-Oxley Act's goals of improving corporate governance and accountability through regulation of auditors and legal practices."
hr1667-115,20,Financial institution resolution / SIFI bankruptcy,"The bill explicitly addresses the resolution of insolvent financial institutions in bankruptcy, specifically creating a new 'Subchapter V' process for such cases, which falls under the scope of financial institution resolution legislation."
s444-115,8,Investment company / hedge fund / investment adviser regulation,"The bill directly amends the Investment Company Act of 1940 regarding venture capital funds, which falls under the regulation of investment companies, hedge funds, and investment advisers."
hr3791-114,9,Banking capital requirements / Basel III,"The bill directly addresses banking capital requirements by raising the asset threshold for the Small Bank Holding Company Policy Statement, which impacts leverage and risk-based capital requirements under Dodd-Frank."
hr2727-111,7,SOX / PCAOB / audit firm oversight,"The bill focuses on financial statement accuracy and verification by financial institution officers, which aligns with the oversight and audit-related aspects of the Sarbanes-Oxley Act and PCAOB regulations."
s18-110,13,TARP oversight and wind-down,"The bill focuses on oversight of the Troubled Asset Relief Program (TARP) through the Special Inspector General (SIGTARP), including reporting requirements, funding, and investigative authority, which directly relates to TARP oversight beyond executive compensation."
s1770-114,4,Money laundering / financial crime strategy,"The bill focuses on preventing juvenile delinquency and criminal street gang activity, which inherently involves addressing fraud offenses and financial crimes associated with those activities, and includes provisions for data collection and analysis related to financial resources and program effectiveness."
hr3978-115,7,SOX / PCAOB / audit firm oversight,"The bill amends the Sarbanes-Oxley Act, modifies auditor-attestation requirements, and references the PCAOB through its connection to audit reports, placing it squarely within the scope of SOX/PCAOB/audit firm oversight."
hr2214-113,16,Corporate nonfinancial / ESG disclosure,"The bill explicitly requires disclosure of corporate political spending, which falls under the definition of non-financial disclosure related to corporate transparency."
hr600-108,7,SOX / PCAOB / audit firm oversight,"The bill focuses on disclosure requirements for securities sales by corporate insiders, which directly relates to the Sarbanes-Oxley Act's emphasis on corporate transparency and accountability through information disclosure and audit oversight."
hr669-105,6,Dodd-Frank reform / implementation,"The bill aims to enhance competition in the financial services sector by creating and regulating Depository Institution Holding Companies, which involves significant changes to existing financial regulations and could be considered a form of Dodd-Frank reform/implementation due to its broad impact on financial institutions and oversight."
hr2479-116,1,"Systemic risk / FSOC / ""too big to fail""","The bill directly addresses the Financial Stability Oversight Council (FSOC) by changing the voting status of a member, which falls under the scope of systemic risk and FSOC legislation."
s2905-108,7,SOX / PCAOB / audit firm oversight,"The bill amends acts related to investment companies and advisers, requires registration information collection, and involves SEC oversight, all of which fall under the purview of SOX/PCAOB/audit firm oversight as it relates to regulation of financial professionals and transparency."
hr3921-114,8,Investment company / hedge fund / investment adviser regulation,"The bill regulates hedge funds, which fall under the category of investment advisers and funds, and focuses on reporting requirements related to their ownership positions."
hr1160-111,8,Investment company / hedge fund / investment adviser regulation,"The bill focuses on the regulation of money market funds and their use by broker-dealers, which falls under the purview of investment company regulation."
s2344-108,14,Insurance regulation,"The bill directly addresses insurance company disclosure requirements and relates to insurance policies, falling under the scope of insurance regulation."
hr1967-110,12,Data breach / identity theft / financial privacy,"The bill directly addresses financial privacy protections for consumers by modifying the requirements for privacy notices from financial institutions, falling under the scope of financial data privacy protections."
hr2274-113,8,Investment company / hedge fund / investment adviser regulation,"The bill concerns brokers facilitating the transfer of ownership of privately held companies, which falls under the regulation of investment advisers and related financial services, aligning with category 8."
hr144-115,4,Money laundering / financial crime strategy,"The bill focuses on establishing a database of corporate criminal and civil proceedings, which directly relates to financial crime and enforcement, aligning with the focus of anti-money laundering and financial crime strategy."
hr4413-113,2,"Derivatives, swaps, CFTC regulation","The bill focuses on reauthorizing the Commodity Futures Trading Commission (CFTC) and regulating futures markets, including customer protection related to segregated funds and examining the effects of high-frequency trading, which falls under derivatives and CFTC regulation."
hr1062-112,6,Dodd-Frank reform / implementation,"The bill explicitly amends the Dodd-Frank Wall Street Reform and Consumer Protection Act, directly addressing its provisions regarding disclosure requirements."
s3544-112,19,Corporate bankruptcy: employee and retiree protections,"The bill directly addresses protecting former employees' pension benefits in a corporate bankruptcy-like situation (Delphi's restructuring), aligning with the focus of category 19 on employee and retiree protections in corporate bankruptcy proceedings."
hr4386-113,4,Money laundering / financial crime strategy,"The bill concerns reliance on state examinations for financial institutions to comply with reporting requirements related to monetary instrument transactions, which falls under the scope of fraud offenses and financial crimes, specifically anti-money laundering (AML) enforcement."
hr2924-106,8,Investment company / hedge fund / investment adviser regulation,"The bill focuses on regulating hedge funds, requiring reporting of assets, leverage, and risk measures, which directly relates to the regulation of investment advisers and pooled investment vehicles."
hr1039-116,4,Money laundering / financial crime strategy,"The bill focuses on reviewing and streamlining currency transaction reports and suspicious activity reports, which directly relates to anti-money laundering (AML) enforcement and financial crime strategy."
hr3784-114,7,SOX / PCAOB / audit firm oversight,"The bill focuses on improving the regulatory environment for small businesses interacting with the SEC, which falls under the broader scope of audit firm oversight and securities regulation, aligning with the goals of the Sarbanes-Oxley Act and PCAOB's oversight of public company auditors."
hr2550-111,8,Investment company / hedge fund / investment adviser regulation,"The bill regulates municipal financial advisors, which falls under the broader category of investment advisers and their registration requirements."
hr3415-107,19,Corporate bankruptcy: employee and retiree protections,The bill directly addresses employee and retiree protections within corporate bankruptcy proceedings by extending priority claims for compensation and benefits.
s2338-112,4,Money laundering / financial crime strategy,"The bill focuses on preventing and addressing violence against women, including provisions related to fraud offenses and financial crimes, and specifically addresses waste, fraud, and abuse of funds, aligning with the focus on financial crime strategy and anti-money laundering enforcement."
hr2435-113,6,Dodd-Frank reform / implementation,"This bill directly addresses the financial arrangements and repayment terms related to Fannie Mae and Freddie Mac, which were central components of the Dodd-Frank Act's response to the 2008 financial crisis and subsequent government conservatorship, thus constituting a reform/implementation of Dodd-Frank provisions."
s1221-104,7,SOX / PCAOB / audit firm oversight,"The bill includes provisions related to auditing, record-keeping requirements for recipients of funds, and restrictions on attorney-client privilege in the context of federal audits, all of which fall under the scope of SOX/PCAOB/audit firm oversight."
s816-104,4,Money laundering / financial crime strategy,"The bill focuses on crime and law enforcement, including provisions for compensating victims of crime, exchanging information between law enforcement entities, and reforming criminal procedure, all of which fall under the umbrella of financial crime strategy and victim support."
hr5069-114,7,SOX / PCAOB / audit firm oversight,"The bill directly amends the Sarbanes-Oxley Act of 2002 and focuses on audit firm oversight by extending internal control reporting requirements to include cybersecurity systems, which falls under the scope of SOX and PCAOB regulation."
hr775-106,7,SOX / PCAOB / audit firm oversight,"The bill addresses liability and enforcement of contracts related to Y2K failures, which touches upon aspects of business records, evidence, and potentially securities regulation if the failures impacted public companies, aligning with the focus of SOX/PCAOB and audit oversight."
s1363-111,14,Insurance regulation,"The bill directly addresses the regulation of nonadmitted insurance and reinsurance, which falls under the scope of insurance markets and related reforms."
hr4387-113,6,Dodd-Frank reform / implementation,"The bill directly amends the Financial Stability Act of 2010 (which is Dodd-Frank) to improve the Financial Stability Oversight Council, making it a reform/implementation bill related to Dodd-Frank."
s1322-109,4,Money laundering / financial crime strategy,"The bill explicitly addresses money laundering as part of the gang activities it aims to combat, and focuses on financial crime strategy through grants and coordination of anti-gang/anti-drug efforts."
s3254-115,4,Money laundering / financial crime strategy,"The bill establishes criminal penalties for unlawful payments related to referrals for recovery and clinical treatment facilities, which falls under the scope of financial crime strategy and anti-money laundering enforcement by targeting illicit financial incentives."
hr1413-114,1,"Systemic risk / FSOC / ""too big to fail""","The bill directly addresses a program ('Operation Choke Point') aimed at discouraging financial institutions from providing services to a specific industry (firearms dealers and manufacturers), which falls under the broader scope of systemic risk and financial sector regulation by attempting to prevent the disruption of legitimate financial services."
hr7253-110,6,Dodd-Frank reform / implementation,"The bill addresses financial crises and stabilization, revises corporate finance and management aspects, and establishes a loan fund to address distressed assets, all of which fall under the scope of Dodd-Frank reform and implementation as it relates to post-crisis financial system adjustments."
hr4852-114,15,Crowdfunding and small-issuer capital formation,"The bill focuses on revising Regulation D, which is a key component of the JOBS Act aimed at easing capital formation for small issuers through private placement exemptions."
s1070-112,4,Money laundering / financial crime strategy,"The bill addresses financial records requests via National Security Letters and Suspicious Activity Reports, which falls under the scope of financial crime strategy and anti-money laundering enforcement."
hr1655-105,6,Dodd-Frank reform / implementation,"The bill amends the Bank Holding Company Act and aims to provide 'additional relief' and remove 'outdated restrictions,' indicating a direct effort to modify existing financial regulations, which falls under Dodd-Frank reform/implementation as it relates to broader financial deregulation."
hr528-116,0,,"The bill focuses on licensing exemptions for blockchain developers and providers, which doesn't directly align with any of the listed financial regulation categories, as it's not about traditional financial institutions, systemic risk, or specific financial practices."
s1566-109,2,"Derivatives, swaps, CFTC regulation","The bill explicitly concerns the Commodity Exchange Act, the Commodity Futures Trading Commission (CFTC), futures trading, and regulations surrounding off-exchange transactions and foreign exchange, all of which fall under the purview of derivatives and CFTC regulation."
s298-105,6,Dodd-Frank reform / implementation,"The bill aims to enhance competition in the financial services sector by creating and regulating Financial Services Holding Companies, which represents a significant restructuring of financial regulations and could be considered a form of Dodd-Frank reform/implementation due to its broad impact on financial institutions and oversight."
hr2896-106,4,Money laundering / financial crime strategy,"The bill explicitly focuses on combating money laundering, protecting the U.S. financial system, and addressing governmental corruption, which falls directly under the scope of anti-money laundering (AML) enforcement and financial crime strategy."
hr113-114,5,Federal Reserve audit / transparency,"The bill focuses on improving the accountability and transparency of the Federal Reserve System through audits, increased disclosure requirements, and changes to its governance structure, directly aligning with the 'Federal Reserve audit / transparency' category."
s2556-109,19,Corporate bankruptcy: employee and retiree protections,"The bill directly addresses reform of executive compensation *in corporate bankruptcies* and considers the impact on employees and retirees, aligning with the description of category 19: 'Corporate bankruptcy: employee and retiree protections'."
s2315-114,18,Consumer / predatory mortgage lending,"The bill focuses on protecting consumers who use prepaid cards and mobile accounts, which are forms of consumer credit and relate to mortgage lending practices and predatory lending protections."
s423-103,8,Investment company / hedge fund / investment adviser regulation,"The bill focuses on the regulation of investment advisers, including registration, fees, examinations, conflicts of interest, and reporting requirements, all of which fall under the purview of investment company/hedge fund/investment adviser regulation."
s3804-111,4,Money laundering / financial crime strategy,"The bill focuses on combating online fraud and financial crimes related to infringing activities and counterfeit goods, which falls under the scope of anti-money laundering and financial crime strategy."
hr3363-112,4,Money laundering / financial crime strategy,"The bill addresses fraudulent labeling of a food product as a financial crime, falling under the scope of financial crime strategy and enforcement of fraud offenses."
hr450-116,4,Money laundering / financial crime strategy,"The bill addresses fraud offenses and financial crimes specifically targeting veterans' benefits, which falls under the scope of financial crime strategy and anti-money laundering enforcement."
s929-110,14,Insurance regulation,"The bill directly addresses the regulation of nonadmitted insurance and reinsurance, which falls under the scope of insurance markets and related reforms."
hr2449-111,4,Money laundering / financial crime strategy,"The bill addresses fraud and related activity in connection with wireless prepaid access devices, which falls under the scope of financial crimes and enforcement."
hr3226-114,16,Corporate nonfinancial / ESG disclosure,"The bill requires companies to disclose information about measures taken to address forced labor and human trafficking in their supply chains, which falls under the category of corporate nonfinancial/ESG disclosure."
hr4139-114,7,SOX / PCAOB / audit firm oversight,"The bill directly amends the Sarbanes-Oxley Act of 2002 and focuses on auditor attestation requirements, which falls under the scope of SOX and PCAOB oversight."
hr6340-114,4,Money laundering / financial crime strategy,"The bill addresses financial conflicts of interest and criminal penalties related to financial interests affecting the President and Vice President, which falls under the scope of financial crime strategy and enforcement."
hr269-103,6,Dodd-Frank reform / implementation,"The bill amends the Community Reinvestment Act, which was significantly impacted by the Dodd-Frank Act's provisions regarding fair lending and regulatory oversight, making it a Dodd-Frank reform/implementation issue."
hr1498-106,7,SOX / PCAOB / audit firm oversight,"The bill includes provisions related to auditing juvenile justice records and congressional reporting requirements, which fall under the scope of oversight and transparency similar to SOX/PCAOB regulations."
s3556-112,4,Money laundering / financial crime strategy,"The bill focuses on penalties for email marketing fraud, which falls under the broader scope of financial crime strategy and anti-money laundering enforcement by addressing fraudulent schemes and financial offenses."
s1886-112,4,Money laundering / financial crime strategy,"The bill addresses trafficking in counterfeit drugs, which falls under fraud offenses and financial crimes, specifically related to the illicit drug market and potential money laundering activities associated with such trafficking."
hr5297-111,15,Crowdfunding and small-issuer capital formation,"The bill focuses on increasing access to capital for small businesses through various loan programs and tax incentives, aligning with the goals of crowdfunding and small-issuer capital formation legislation (JOBS Act-related)."
s712-112,6,Dodd-Frank reform / implementation,"The bill explicitly aims to repeal the Dodd-Frank Wall Street Reform and Consumer Protection Act, directly addressing the core subject of this category."
hr3012-113,6,Dodd-Frank reform / implementation,"The bill directly reorganizes financial regulatory agencies (CFTC and SEC) into a single commission, which constitutes a significant restructuring of the financial regulatory landscape akin to Dodd-Frank reform and implementation."
s1228-112,4,Money laundering / financial crime strategy,"The bill addresses fraud offenses and financial crimes related to counterfeit goods, which falls under the scope of financial crime strategy and enforcement."
s2813-111,7,SOX / PCAOB / audit firm oversight,"The bill amends the Sarbanes-Oxley Act of 2002 (SOX) and focuses on clawbacks, forfeiture of bonuses, and audit firm oversight, all of which fall under the scope of SOX/PCAOB/audit firm oversight."
hr540-114,4,Money laundering / financial crime strategy,"The bill addresses anti-money laundering (AML) enforcement through increased burdens of proof for civil forfeiture, a scienter requirement for structuring financial transactions, and reporting requirements on forfeiture amounts, all of which fall under financial crime strategy."
hr1442-105,5,Federal Reserve audit / transparency,"The bill focuses on auditing the Federal Reserve and increasing transparency through reporting requirements, directly aligning with the category of Federal Reserve audit / transparency."
hr1463-114,7,SOX / PCAOB / audit firm oversight,"The bill focuses on regulating former SEC employees and preventing conflicts of interest related to enforcement actions, which aligns with oversight of the SEC and its personnel, similar to the Sarbanes-Oxley Act's focus on auditor independence and accountability."
s1731-112,4,Money laundering / financial crime strategy,"The bill explicitly focuses on improving prohibitions on money laundering, terrorist financing, and counterfeiting, directly addressing anti-money laundering (AML) enforcement and financial crime strategy."
s3013-113,2,"Derivatives, swaps, CFTC regulation","The bill directly addresses manipulation of commodity prices and regulates swaps, which falls under the purview of the Commodity Futures Trading Commission (CFTC) and derivatives regulation."
hr1745-105,4,Money laundering / financial crime strategy,"The bill focuses on reforming asset forfeiture laws, which are directly related to financial crime strategy, including seizure of assets used in criminal activity and procedures for claiming seized property."
hr3693-107,7,SOX / PCAOB / audit firm oversight,"The bill directly addresses accounting and auditing standards, specifically prohibiting non-audit services for audit clients, which falls under the purview of the Sarbanes-Oxley Act and the PCAOB's oversight of public company auditors."
hr46-113,6,Dodd-Frank reform / implementation,"The bill explicitly aims to repeal the Dodd-Frank Wall Street Reform and Consumer Protection Act, directly addressing the core subject of this category."
hr2317-109,9,Banking capital requirements / Basel III,"The bill focuses on bank capital requirements, specifically net worth standards for credit unions, and references comparable standards for depository institutions under the Federal Deposit Insurance Act, aligning with the category's description of bank capital ratios and stress testing."
s2546-105,7,SOX / PCAOB / audit firm oversight,"The bill focuses on establishing legal standards and procedures for resolving asbestos claims, including rules for evidence, judicial review, and penalties, which aligns with the regulation of legal processes and oversight similar to the Sarbanes-Oxley Act and PCAOB's role in audit oversight."
hr2111-111,4,Money laundering / financial crime strategy,"The bill focuses on investigating fraud offenses and financial crimes related to the 2008 financial crisis, aligning with the focus of anti-money laundering and financial crime strategy."
s1726-111,4,Money laundering / financial crime strategy,"The bill addresses fraud offenses and financial crimes, specifically focusing on providing material support to terrorists and penalties for financial crimes related to terrorism, which falls under the scope of financial crime strategy and anti-money laundering efforts."
s774-114,7,SOX / PCAOB / audit firm oversight,"The bill focuses on the examination process of financial institutions, including report deadlines, standards, independent review, and appeals of supervisory determinations, which relates to audit oversight and regulatory processes similar to those governed by SOX and the PCAOB."
hr1841-115,4,Money laundering / financial crime strategy,"The bill addresses the removal of marijuana from controlled substances schedules and subjects it to regulations similar to alcohol, which implicates potential financial crimes and fraud offenses related to its production, sale, and taxation."
s852-109,7,SOX / PCAOB / audit firm oversight,"The bill focuses on establishing procedures for claims, audits, and medical determinations related to asbestos exposure, which aligns with oversight of claims processes and potentially the auditing of related financial records, similar to the functions of the PCAOB and SOX regulations."
hr551-116,4,Money laundering / financial crime strategy,"The bill addresses mail theft, which falls under the umbrella of fraud offenses and financial crimes, specifically aiming to increase penalties for a crime that can be used to facilitate financial crimes."
hr3998-103,4,Money laundering / financial crime strategy,"The bill focuses on regulating check cashing services and ensuring compliance with federal cash transaction reporting requirements, which directly relates to anti-money laundering and financial crime prevention strategies."
hr1663-108,18,Consumer / predatory mortgage lending,"The bill focuses on protecting homebuyers from predatory lending practices, specifically addressing subprime mortgages, high-cost mortgages, and unfair or deceptive acts in mortgage lending, which directly aligns with consumer and predatory mortgage lending protections."
hr3374-109,12,Data breach / identity theft / financial privacy,"The bill focuses on data breach notification, identity theft prevention, and financial data privacy protections for consumers, directly aligning with category 12."
hr4729-111,11,Shareholder rights / corporate governance,"The bill addresses corporate rights and limitations, specifically impacting their ability to donate to political campaigns, which falls under the broader scope of corporate governance and shareholder rights related to corporate behavior and influence."
hr4852-106,7,SOX / PCAOB / audit firm oversight,"The bill focuses on budget estimates, financial oversight, and reporting requirements related to the federal courts, which aligns with the broader theme of audit and oversight, similar to the Sarbanes-Oxley Act's focus on financial accountability."
hr5808-114,6,Dodd-Frank reform / implementation,"The bill focuses on reviewing existing financial regulations, which falls under the scope of Dodd-Frank reform and implementation as it seeks to identify and potentially eliminate outdated or unnecessary rules stemming from post-2006 regulatory actions."
s2144-104,4,Money laundering / financial crime strategy,"The bill focuses on enhancing supervision of foreign banks, limiting participation by convicted criminals, and addresses money laundering investigations, all of which fall under financial crime strategy and enforcement."
hr1669-111,6,Dodd-Frank reform / implementation,"This bill addresses financial crises and stabilization through establishing programs to purchase and guarantee municipal securities, which falls under the scope of implementing solutions related to the financial crisis and could be considered a response to market issues similar to those addressed by Dodd-Frank."
hr4768-115,4,Money laundering / financial crime strategy,"The bill explicitly focuses on developing a national strategy to combat the financial networks of transnational organized criminals, which directly aligns with anti-money laundering (AML) enforcement and financial crime strategy."
s1234-110,4,Money laundering / financial crime strategy,"The bill focuses on penalties for violations of sanctions, which directly relates to anti-money laundering and financial crime strategy by targeting entities involved in prohibited transactions with sanctioned countries like Iran."
hr1732-107,7,SOX / PCAOB / audit firm oversight,"The bill focuses on accounting standards-setting bodies and SEC review of their reports, directly relating to the Sarbanes-Oxley Act's goal of improving audit quality and oversight of public company auditors and accounting practices."
s3694-110,13,TARP oversight and wind-down,"The bill concerns oversight of the Emergency Economic Stabilization Act (TARP) by changing the approval process for further obligations, falling under TARP oversight beyond executive compensation."
hr3029-113,8,Investment company / hedge fund / investment adviser regulation,"The bill concerns regulations related to qualified prepaid tuition programs, which fall under the umbrella of investment products and are overseen by the SEC, aligning with the regulation of investment companies and advisers."
hr4029-112,9,Banking capital requirements / Basel III,"The bill directly addresses bank capital requirements by allowing institutions to treat non-accrual loans as accrual loans under certain conditions, impacting the measurement of their capital."
hr5469-109,16,Corporate nonfinancial / ESG disclosure,"The bill mandates the disclosure of corporate income reported to the IRS in SEC filings, which falls under the category of requiring non-financial information disclosure related to tax transparency."
hr5712-109,8,Investment company / hedge fund / investment adviser regulation,"The bill directly addresses the regulation of investment advisers, specifically hedge fund advisers, and references the Investment Advisers Act of 1940, which falls under the category of investment company/hedge fund/investment adviser regulation."
hr1657-109,7,SOX / PCAOB / audit firm oversight,"The bill directly amends the Sarbanes-Oxley Act of 2002 regarding accounting and auditing requirements, specifically focusing on internal control assessments and auditor attestation, which falls under the scope of SOX/PCAOB/audit firm oversight."
hr1525-114,7,SOX / PCAOB / audit firm oversight,"The bill focuses on revisions to SEC filings (Form 10-K and Regulation S-K), which directly relates to the Sarbanes-Oxley Act's requirements for public company reporting and audit procedures, and the oversight of those procedures by the PCAOB."
hr4507-105,2,"Derivatives, swaps, CFTC regulation","The bill directly addresses the regulation of swap agreements and the Commodity Futures Trading Commission (CFTC), which falls under the scope of derivatives regulation."
s627-108,23,Internet gambling payment enforcement,"The bill directly addresses the Unlawful Internet Gambling Enforcement Act (UIGEA) framework and payment processing restrictions on online gambling, focusing on prohibiting financial transactions related to unlawful Internet gambling."
hr3795-111,2,"Derivatives, swaps, CFTC regulation","The bill explicitly focuses on regulating over-the-counter derivatives, swaps, and the Commodity Futures Trading Commission (CFTC), including clearing and reporting requirements, which directly aligns with category 2."
s3049-111,11,Shareholder rights / corporate governance,"The bill focuses on shareholder votes on executive pay, golden parachute agreements, and clawback provisions, all of which fall under the umbrella of shareholder rights and corporate governance."
s2267-113,4,Money laundering / financial crime strategy,"The bill addresses the theft of trade secrets, which falls under the umbrella of financial crime and fraud offenses, specifically focusing on economic espionage and misappropriation with potential for civil action and remedies related to financial loss."
hr4842-113,16,Corporate nonfinancial / ESG disclosure,"The bill mandates disclosure of non-financial information (supply chain labor standards) by public companies, aligning with the focus of corporate nonfinancial/ESG disclosure legislation."
s1125-108,7,SOX / PCAOB / audit firm oversight,"The bill focuses on establishing a claims resolution process, evidentiary standards, and auditing procedures related to asbestos exposure claims, which aligns with the regulation of public company auditors and legal proceedings, falling under the scope of SOX/PCAOB/audit firm oversight."
hr4804-113,6,Dodd-Frank reform / implementation,"The bill amends the Consumer Financial Protection Act of 2010, which was created by the Dodd-Frank Act, and focuses on the examination procedures of a regulatory agency established under Dodd-Frank, making it a matter of Dodd-Frank reform/implementation."
s1009-104,4,Money laundering / financial crime strategy,"The bill addresses the fraudulent production and sale of financial instruments, which directly relates to financial crime and counterfeiting, falling under the scope of anti-money laundering and financial crime strategy."
s1630-116,11,Shareholder rights / corporate governance,"The bill directly addresses shareholder authorization of political expenditures and board member voting records, which falls under the scope of corporate governance and shareholder rights."
hr3951-107,6,Dodd-Frank reform / implementation,"The bill explicitly aims to provide 'regulatory relief' and modifies several aspects of financial regulations, indicating it's focused on reforming and implementing changes to existing financial laws, which aligns with the scope of Dodd-Frank reform/implementation even though it predates Dodd-Frank, it's a regulatory relief bill impacting financial institutions."
hr3913-113,6,Dodd-Frank reform / implementation,"The bill directly amends provisions related to the Volcker Rule, which was a key component of the Dodd-Frank Act, making it a Dodd-Frank reform/implementation measure."
hr6613-112,6,Dodd-Frank reform / implementation,"The bill directly reorganizes financial regulatory agencies (CFTC and SEC) into a single commission, which represents a significant restructuring of the financial regulatory landscape similar to the scope of Dodd-Frank reform and implementation."
hr2955-103,9,Banking capital requirements / Basel III,"The bill directly addresses bank capital requirements and leverage limits, aiming to reduce them to stimulate lending, which falls under the scope of banking capital standards and Basel III implementation."
hr3093-115,6,Dodd-Frank reform / implementation,"The bill directly amends a provision related to the Volcker Rule, which was established by the Dodd-Frank Act, making it fall under Dodd-Frank reform/implementation legislation."
hr2996-105,7,SOX / PCAOB / audit firm oversight,"The bill amends securities regulation and concerns the definition of a specific type of transaction, falling under the purview of SOX, PCAOB, and audit firm oversight as it relates to public company reporting and compliance."
s2703-110,7,SOX / PCAOB / audit firm oversight,"The bill directly addresses the Sarbanes-Oxley Act of 2002 and aims to reduce reporting burdens related to internal controls, which falls under the scope of SOX and PCAOB oversight."
hr1471-106,4,Money laundering / financial crime strategy,"The bill focuses on preventing money laundering through regulations on financial institutions, reporting requirements, and warnings about high-intensity money laundering areas, directly aligning with the focus of anti-money laundering (AML) enforcement and financial crime strategy."
hr2954-115,18,Consumer / predatory mortgage lending,"The bill amends the Home Mortgage Disclosure Act, which relates to consumer credit and mortgage lending practices, falling under the scope of consumer/predatory mortgage lending legislation."
hr4602-114,7,SOX / PCAOB / audit firm oversight,"The bill includes provisions for auditing backlogged forensic evidence samples and establishing best practices for evidence retention, which falls under the scope of accounting, auditing, and oversight related to forensic science laboratories, aligning with the focus of SOX/PCAOB/audit firm oversight."
hr281-111,7,SOX / PCAOB / audit firm oversight,"The bill concerns the SEC's regulatory procedures regarding public disclosures and the potential for alternative means of filing, which relates to the oversight of public company auditors and the Sarbanes-Oxley Act's focus on corporate reporting."
hr3926-107,2,"Derivatives, swaps, CFTC regulation","The bill concerns fees related to the guarantee of mortgage-backed securities by the Government National Mortgage Association, which falls under the regulation of the secondary mortgage market and is closely related to derivatives and swaps as mortgage-backed securities are a type of derivative."
s16-115,5,Federal Reserve audit / transparency,"The bill explicitly focuses on requiring a full audit of the Federal Reserve System and increasing its transparency through the Government Accountability Office (GAO), which directly aligns with the description of Category 5: Federal Reserve audit / transparency."
hr3775-111,7,SOX / PCAOB / audit firm oversight,"The bill directly addresses the Sarbanes-Oxley Act (SOX) by modifying regulations related to management assessments and attestation requirements for internal financial controls, specifically focusing on exemptions for small businesses."
s3522-110,7,SOX / PCAOB / audit firm oversight,"The bill focuses on establishing standards and oversight for mortgage securities, which relates to the accuracy of financial reporting and could impact the work of auditors and the PCAOB in verifying the quality of those securities."
hr1262-105,7,SOX / PCAOB / audit firm oversight,"The bill explicitly concerns the Securities and Exchange Commission (SEC) and securities regulation, which falls under the purview of SOX, PCAOB, and audit firm oversight as it relates to public company financial reporting and auditing standards."
s1597-113,6,Dodd-Frank reform / implementation,"The bill amends existing financial regulations (Federal Reserve Act, Federal Deposit Insurance Act, Home Owners' Loan Act) to authorize a new type of savings promotion, which falls under the scope of implementing changes to the financial regulatory landscape as defined by Dodd-Frank reform."
hr7306-110,13,TARP oversight and wind-down,"The bill directly addresses the oversight and wind-down of the TARP program by terminating the Treasury's authority to purchase troubled assets and reallocating unused funds, which falls under TARP oversight beyond executive compensation."
hr4515-114,4,Money laundering / financial crime strategy,"The bill addresses fraud offenses and financial crimes by increasing the penalty for mail theft, which is a common method used in identity theft and other financial crimes."
hr3769-107,22,Insider trading reform,"The bill explicitly addresses insider trading disclosure requirements, focusing on timely reporting of securities sales by corporate insiders, which falls directly under insider trading reform."
s1594-105,6,Dodd-Frank reform / implementation,"The bill facilitates the use of electronic authentication techniques by financial institutions, which falls under financial deregulation and implementation of modernizing financial practices, aligning with the broader scope of Dodd-Frank reform and implementation even though it predates Dodd-Frank, it represents a similar effort to update financial regulations."
s1260-105,7,SOX / PCAOB / audit firm oversight,"The bill explicitly amends the Securities Act of 1933 and the Securities Exchange Act of 1934, focuses on securities litigation, and addresses aspects of securities fraud and regulation, all of which fall under the purview of SOX/PCAOB/audit firm oversight as it relates to public company accountability and securities regulation."
s521-111,13,TARP oversight and wind-down,"The bill focuses on oversight of the Troubled Asset Relief Program (TARP), specifically expanding the Comptroller General's authority over TARP expenditures beyond executive compensation, aligning with the description of category 13."
s1124-103,6,Dodd-Frank reform / implementation,"The bill focuses on streamlining regulations applicable to financial institutions and reducing regulatory burdens, which directly relates to the implementation and reform of financial regulations like Dodd-Frank, aiming to enhance credit availability."
hr416-116,4,Money laundering / financial crime strategy,"The bill concerns the use of forfeited assets from drug seizures to increase border security, which falls under financial crime strategy and enforcement as it deals with illicit funds and potentially trafficking organizations."
hr603-115,4,Money laundering / financial crime strategy,"The bill addresses fraud offenses and financial crimes by increasing the penalty for mail theft, which is a common method used in identity theft and other financial crimes."
s1802-114,8,Investment company / hedge fund / investment adviser regulation,"The bill directly amends the Investment Company Act of 1940 and focuses on the regulation of money market funds, which fall under the category of investment companies."
hr3089-115,17,AML / beneficial ownership / corporate transparency,"The bill explicitly focuses on beneficial ownership disclosure of corporations and limited liability companies to combat illicit finance, which directly aligns with the focus of category 17 (AML / beneficial ownership / corporate transparency)."
s756-115,0,,"The bill focuses on marine debris and international cooperation to reduce it, which does not fall into any of the listed financial regulatory categories."
hr6416-109,7,SOX / PCAOB / audit firm oversight,"The bill directly amends the Sarbanes-Oxley Act of 2002 and focuses on internal control assessment requirements, which falls under the purview of SOX and PCAOB oversight."
s3649-115,7,SOX / PCAOB / audit firm oversight,"The bill includes provisions requiring the Bureau of Prisons to establish a risk and needs assessment system and incorporates de-escalation procedures into training programs, which relate to internal controls and oversight similar to those addressed by SOX and PCAOB regulations."
hr2579-107,23,Internet gambling payment enforcement,"The bill explicitly addresses the prohibition of payment processing for Internet gambling, directly relating to the UIGEA framework and payment restrictions on online gambling."
s1586-116,14,Insurance regulation,"The bill directly addresses the insurance industry and regulation by abolishing the Federal Insurance Office, a key component of federal insurance oversight."
hr1048-114,7,SOX / PCAOB / audit firm oversight,"The bill concerns the funding of a standard-setting body designated by the SEC to establish accounting principles, which directly relates to accounting and auditing standards overseen by the Sarbanes-Oxley Act and the PCAOB."
s2868-113,7,SOX / PCAOB / audit firm oversight,"The bill concerns the Securities and Exchange Commission (SEC) and establishes a statute of limitations for its actions, which falls under the purview of securities regulation and oversight, aligning with the focus of SOX/PCAOB/audit firm oversight as it relates to the enforcement arm of securities laws."
hr14-104,7,SOX / PCAOB / audit firm oversight,"The bill focuses on simplifying disclosure requirements for securities, which directly relates to the Sarbanes-Oxley Act's emphasis on accurate and transparent financial reporting and the oversight of public company auditors (PCAOB) who verify those reports."
s2765-106,2,"Derivatives, swaps, CFTC regulation","The bill focuses on regulating security futures products, which fall under the purview of the Commodity Futures Trading Commission (CFTC) and involves clearing and reporting requirements, aligning with the derivatives and swaps category."
hr5421-114,7,SOX / PCAOB / audit firm oversight,"The bill amends the Securities Act of 1933 and concerns SEC regulation and listing standards, which falls under the purview of audit firm oversight and regulation of public companies as covered by SOX and the PCAOB."
hr5058-107,7,SOX / PCAOB / audit firm oversight,"The bill focuses on accounting standards, auditing, and the Financial Accounting Standards Board (FASB), which directly relates to the Sarbanes-Oxley Act's goal of improving financial reporting and oversight of public company auditors."
hr10-105,10,Glass-Steagall / bank-securities separation,"The bill explicitly addresses and repeals parts of the Glass-Steagall Act, which separated commercial and investment banking, and focuses on allowing affiliations between banks and securities firms."
hr1070-112,15,Crowdfunding and small-issuer capital formation,"The bill focuses on easing capital formation for small issuers through a SEC exemption, aligning with the goals of crowdfunding and Regulation A+ initiatives under the JOBS Act."
s2536-113,4,Money laundering / financial crime strategy,"The bill focuses on combating fraud offenses and financial crimes related to the commercial sexual exploitation of children, specifically targeting the advertising and promotion of such exploitation, which falls under the scope of financial crime strategy and anti-money laundering efforts."
hr799-109,18,Consumer / predatory mortgage lending,"The bill focuses on consumer checking account practices, specifically addressing check holds, overdraft fees, and deposit availability, which directly relate to mortgage lending practices and consumer protections."
hr5490-113,2,"Derivatives, swaps, CFTC regulation","The bill directly concerns the Commodity Futures Trading Commission (CFTC) and the imposition of fees on agreements, contracts, and transactions related to commodities and swaps, which falls under the scope of derivatives regulation."
hr701-113,15,Crowdfunding and small-issuer capital formation,"The bill focuses on easing capital formation for small issuers by modifying securities exemptions, which aligns with the goals of crowdfunding and Regulation A+ initiatives under the JOBS Act."
hr4881-113,1,"Systemic risk / FSOC / ""too big to fail""","The bill directly addresses the authority of the Financial Stability Oversight Council (FSOC) to make financial stability determinations, which falls under the scope of systemic risk and 'too big to fail' policies."
hr1054-107,18,Consumer / predatory mortgage lending,"The bill directly addresses mortgage lending practices, TILA reform, and consumer credit protections, all of which fall under the scope of consumer/predatory mortgage lending legislation."
hr4505-108,8,Investment company / hedge fund / investment adviser regulation,"The bill directly addresses the governance and regulation of mutual funds, including board composition, fiduciary duties, accounting standards, and disclosure requirements, all of which fall under the regulation of investment companies as defined in category 8."
s676-114,12,Data breach / identity theft / financial privacy,"The bill focuses on preventing tax-related identity theft and fraud, data breach notification, and financial data privacy protections for consumers related to their tax information."
hr1675-114,7,SOX / PCAOB / audit firm oversight,"The bill focuses on revising SEC rules regarding disclosures, XBRL reporting requirements, and registration exemptions, all of which fall under the purview of SOX, PCAOB, and audit firm oversight as they relate to public company financial reporting and regulation."
hr2061-110,18,Consumer / predatory mortgage lending,"The bill focuses on protecting homebuyers from predatory lending practices, specifically addressing subprime mortgages, high-cost mortgages, and unfair/deceptive acts related to mortgage lending, which directly aligns with consumer/predatory mortgage lending protections."
hr3584-113,7,SOX / PCAOB / audit firm oversight,"The bill involves audit reports from private deposit insurers and references accounting and auditing, which falls under the purview of SOX/PCAOB/audit firm oversight as it concerns financial reporting and oversight of financial institutions."
hr1470-104,6,Dodd-Frank reform / implementation,"The bill reforms funding mechanisms related to deposit insurance funds and the Resolution Trust Corporation, which are directly tied to the implementation and aftermath of financial crisis legislation like Dodd-Frank, as it addresses the wind-down of failing institutions and the financing of insurance funds."
s2165-105,4,Money laundering / financial crime strategy,"The bill explicitly focuses on improving methods for preventing financial crimes, expanding immunity for reporting suspicious transactions, increasing penalties for violations, and addressing recordkeeping requirements related to money laundering, all of which fall under the umbrella of money laundering/financial crime strategy."
hr5281-111,7,SOX / PCAOB / audit firm oversight,"The bill revises federal judicial code related to removing litigation against federal entities to federal courts, which falls under the broader scope of administrative law and judicial procedure, similar to the oversight of public company auditors and the Sarbanes-Oxley Act."
hr1456-111,18,Consumer / predatory mortgage lending,"The bill focuses on restrictions and consumer protections related to mortgage lending practices, specifically overdraft protection fees, which falls under predatory lending protections and consumer financial practices."
hr5929-112,8,Investment company / hedge fund / investment adviser regulation,"The bill directly addresses regulation of business development companies (BDCs), which are a type of investment company, and modifies rules under the Investment Company Act of 1940."
s451-113,6,Dodd-Frank reform / implementation,"The bill explicitly aims to make technical corrections to the Dodd-Frank Act, directly falling under the scope of Dodd-Frank reform and implementation legislation."
s458-106,6,Dodd-Frank reform / implementation,"The bill explicitly aims to 'modernize and improve the Federal Home Loan Bank System,' which involves amending existing acts and restructuring components of the system, indicating a reform of existing financial regulations and structures akin to Dodd-Frank reform/implementation."
hr3600-111,4,Money laundering / financial crime strategy,"The bill addresses the fraudulent sale and counterfeiting of tickets, which falls under the umbrella of financial crimes and fraud offenses."
hr3811-114,16,Corporate nonfinancial / ESG disclosure,"The bill requires companies to disclose employee numbers domestically and internationally, which falls under the category of corporate nonfinancial disclosure as it's not traditional financial reporting but provides information about a company's operations and potential impacts."
hr4535-103,7,SOX / PCAOB / audit firm oversight,"The bill concerns securities regulation, information disclosure related to securities, and the role of the Securities and Exchange Commission, all of which fall under the purview of SOX, PCAOB, and audit firm oversight as it relates to public company regulation."
s2509-109,14,Insurance regulation,"The bill explicitly focuses on establishing a federal chartering and regulatory system for insurance companies and agencies, addressing policyholder protections and insolvency, which directly falls under insurance regulation."
hr3634-107,7,SOX / PCAOB / audit firm oversight,"The bill focuses on accounting and auditing practices related to securities violations and the distribution of funds to employees harmed by those violations, which directly aligns with the Sarbanes-Oxley Act's goals of improving corporate accountability and audit oversight."
s1876-107,7,SOX / PCAOB / audit firm oversight,"The bill focuses on financial statements, research into assets, and assisting claimants in obtaining property claims, which aligns with the oversight and accountability themes of SOX and PCAOB, though it's not directly related to public company auditing."
hr392-109,4,Money laundering / financial crime strategy,"The bill focuses on reducing financial abuse and fraud among mid-life and older Americans, which directly relates to financial crime strategy and anti-money laundering efforts targeting vulnerable populations."
hr1912-114,7,SOX / PCAOB / audit firm oversight,"The bill concerns SEC reporting requirements and the use of XBRL, which falls under the regulation of public company auditors and financial reporting standards governed by Sarbanes-Oxley and the PCAOB."
s1726-114,4,Money laundering / financial crime strategy,"The bill focuses on providing safe harbor for banks serving marijuana-related businesses and addresses suspicious activity reporting requirements, which directly relates to anti-money laundering and financial crime strategy."
hr3711-113,10,Glass-Steagall / bank-securities separation,"The bill explicitly aims to reinstate Glass-Steagall Act protections, separating commercial banking from securities activities, which directly falls under the category of Glass-Steagall / bank-securities separation."
hr3891-114,7,SOX / PCAOB / audit firm oversight,"The bill directly amends the Sarbanes-Oxley Act of 2002 and concerns accounting and auditing requirements, specifically related to auditor attestation of internal controls, which falls under the scope of SOX and PCAOB oversight."
hr3020-111,13,TARP oversight and wind-down,"The bill concerns the wind-down of the TARP program (Emergency Economic Stabilization Act of 2008) by addressing the treatment of dividend payments from financial institutions that received TARP funds and directing reporting by the Special Inspector General for TARP, which falls under TARP oversight beyond executive compensation."
hr2158-104,6,Dodd-Frank reform / implementation,"The bill focuses on streamlining regulations for financial institutions, including amendments to acts like TILA and RESPA, which fall under the scope of Dodd-Frank implementation and reform as it seeks to modify existing financial laws."
hr1050-114,7,SOX / PCAOB / audit firm oversight,"The bill directly concerns the Public Company Accounting Oversight Board (PCAOB) and its funding, which falls under the scope of SOX and audit firm oversight legislation."
hr4537-111,11,Shareholder rights / corporate governance,"The bill directly addresses shareholder rights by requiring majority shareholder approval for significant political expenditures by public companies, falling under the scope of corporate governance and shareholder control."
s2367-112,7,SOX / PCAOB / audit firm oversight,"The bill amends banking law provisions and rules of construction within the U.S. Code, which falls under the purview of audit firm oversight and regulation of public companies, as it relates to the accuracy and clarity of financial reporting and legal standards."
hr1341-113,2,"Derivatives, swaps, CFTC regulation","The bill specifically focuses on the derivatives credit valuation adjustment capital requirement and the impact of differing regulations between the US and other jurisdictions, which falls under the scope of derivatives regulation and CFTC oversight."
hr1875-106,7,SOX / PCAOB / audit firm oversight,"The bill concerns court jurisdiction over class actions, specifically excluding claims related to internal corporate governance and securities, which falls under the purview of SOX, PCAOB, and audit firm oversight as it relates to public company regulation and shareholder rights."
hr106-112,4,Money laundering / financial crime strategy,"The bill addresses fraud offenses and financial crimes committed by public officials, which falls under the scope of financial crime strategy and enforcement of anti-money laundering (AML) principles, even though it doesn't explicitly mention AML."
s979-108,7,SOX / PCAOB / audit firm oversight,"The bill focuses on enhanced disclosures of stock options and accounting standards related to them, which directly relates to the Sarbanes-Oxley Act's emphasis on financial reporting and audit oversight."
hr660-110,4,Money laundering / financial crime strategy,"The bill focuses on protecting judges, prosecutors, witnesses, and victims, and includes provisions related to false liens, disclosure of personal information, and criminal penalties for threats and harm, all of which fall under financial crime strategy and protection of officials."
hr1426-106,4,Money laundering / financial crime strategy,"The bill's title and summary explicitly focus on preventing money laundering, requiring financial institutions to maintain records for law enforcement, and identifying high-intensity money laundering areas, which directly aligns with the definition of legislation on anti-money laundering (AML) enforcement and financial crime strategy."
hr4419-106,23,Internet gambling payment enforcement,"The bill explicitly addresses preventing the use of bank instruments for Internet gambling, directly relating to the UIGEA framework and payment processing restrictions on online gambling."
hr1314-110,4,Money laundering / financial crime strategy,"The bill restricts acceptable forms of identification for financial institutions, which directly impacts anti-money laundering (AML) and 'Know Your Customer' (KYC) requirements, as proper identification is crucial for financial crime prevention."
s400-111,13,TARP oversight and wind-down,"The bill focuses on expanding the authority and responsibilities of the TARP Oversight Panel to investigate the financial crisis and report findings, which falls under TARP oversight beyond executive compensation."
s680-111,13,TARP oversight and wind-down,"The bill concerns oversight of the Troubled Asset Relief Program (TARP) by limiting payments made under it, which falls under TARP oversight and wind-down beyond executive compensation."
s256-109,7,SOX / PCAOB / audit firm oversight,"The bill focuses on bankruptcy procedures, including auditing requirements for debtors' documentation, legal fees, and potential violations of bankruptcy rules, all of which relate to the oversight of financial records and compliance, similar to the concerns addressed by SOX and the PCAOB."
s1923-113,8,Investment company / hedge fund / investment adviser regulation,"The bill concerns brokers facilitating the transfer of ownership of privately held companies, which falls under the regulation of investment advisers and related securities activities."
hr7226-110,6,Dodd-Frank reform / implementation,"The bill focuses on creating a program to stabilize financial markets and involves FDIC oversight of banks, which falls under the broader scope of Dodd-Frank reform and implementation as it aims to address financial crises and potentially prevent failures, similar to the goals of Dodd-Frank."
hr1450-113,1,"Systemic risk / FSOC / ""too big to fail""","The bill directly addresses the concept of 'Too Big To Fail' and instructs the Treasury Secretary to break up systemically important financial entities, aligning with the focus of systemic risk and FSOC regulation."
s1242-111,13,TARP oversight and wind-down,"The bill focuses on the oversight and wind-down of the TARP programs (Emergency Economic Stabilization Act of 2008), specifically regarding the divestiture of government ownership interests acquired through TARP and related reporting requirements."
hr421-111,3,Executive compensation at financial firms / TARP,"The bill amends the TARP act and focuses on the treatment of losses on assets purchased under the program, which directly relates to executive compensation and bonus restrictions at firms receiving TARP funds."
s985-113,10,Glass-Steagall / bank-securities separation,"The bill explicitly aims to reinstate the separation between commercial banking and securities activities, mirroring the provisions of the Glass-Steagall Act and repealing parts of the Gramm-Leach-Bliley Act which dismantled it."
hr4479-105,7,SOX / PCAOB / audit firm oversight,"The bill focuses on rules and regulations for brokers and dealers to protect customer financial information, which falls under the oversight of the SEC and relates to the standards and practices of public company auditors and financial record keeping, aligning with the scope of SOX/PCAOB/audit firm oversight."
hr686-114,7,SOX / PCAOB / audit firm oversight,"The bill amends the Securities Exchange Act of 1934 regarding broker registration requirements, which falls under the regulation of public company auditors and securities law, aligning with the scope of SOX, PCAOB, and audit firm oversight."
s625-106,6,Dodd-Frank reform / implementation,"The bill is titled the 'Bankruptcy Reform Act of 1999' and extensively amends Title 11 of the United States Code (bankruptcy law), indicating it's a broad reform of bankruptcy procedures, which falls under the scope of Dodd-Frank reform/implementation as it addresses financial regulations and processes."
hr376-115,11,Shareholder rights / corporate governance,"The bill focuses on shareholder authorization of political expenditures and board member voting transparency, directly relating to corporate governance and shareholder rights."
s3217-111,6,Dodd-Frank reform / implementation,"The bill is explicitly titled the 'Restoring American Financial Stability Act of 2010' and directly addresses provisions related to the Dodd-Frank Wall Street Reform and Consumer Protection Act, including establishing the Financial Stability Oversight Council and implementing regulations for derivatives markets, which were key components of Dodd-Frank."
s1264-115,6,Dodd-Frank reform / implementation,"The bill directly addresses regulatory requirements for depository institutions, which falls under the broader scope of financial regulation and potential amendments to existing laws like Dodd-Frank, as it concerns the regulatory burden on financial institutions."
hr2552-112,12,Data breach / identity theft / financial privacy,"The bill directly addresses identity theft offenses and focuses on data breach and identity theft prevention, aligning with category 12."
s2010-107,7,SOX / PCAOB / audit firm oversight,"The bill focuses on accounting and auditing standards, record retention requirements for accountants, and securities fraud, all of which fall under the purview of SOX, PCAOB, and audit firm oversight."
s1592-111,7,SOX / PCAOB / audit firm oversight,"The bill focuses on establishing standards and oversight for mortgage securities, which relates to the accuracy of financial reporting and could impact the work of auditors and the PCAOB in ensuring the reliability of financial information."
hr3189-114,5,Federal Reserve audit / transparency,"The bill explicitly focuses on auditing the Federal Reserve, increasing its transparency through GAO audits and reporting requirements, and reforming its governance structure with changes to FOMC membership and policy rule submissions."
s462-115,7,SOX / PCAOB / audit firm oversight,"The bill concerns fees paid to the Securities and Exchange Commission (SEC), which falls under the oversight of the PCAOB and relates to the financial reporting and auditing processes of public companies regulated by the SEC."
s223-115,4,Money laundering / financial crime strategy,"The bill focuses on reporting suspected financial exploitation of senior citizens, which directly relates to anti-money laundering and financial crime strategy by encouraging the disclosure of fraud offenses and financial crimes."
hr2626-106,18,Consumer / predatory mortgage lending,"The bill directly addresses consumer credit, mortgage loans, and bank loans, focusing on the delivery of disclosures related to financial transactions, which falls under consumer and predatory mortgage lending protections."
hr3408-107,4,Money laundering / financial crime strategy,"The bill focuses on financial dealings related to Holocaust victims and prohibits transactions with non-compliant foreign insurance companies, which directly relates to financial crime strategy and anti-money laundering efforts by seeking disclosure of past financial activity."
hr4200-113,8,Investment company / hedge fund / investment adviser regulation,"The bill directly addresses regulation of advisers of small business investment companies (SBICs), which fall under the purview of investment company regulation as defined in category 8."
s327-115,8,Investment company / hedge fund / investment adviser regulation,"The bill directly addresses research reports related to investment funds, which falls under the regulation of mutual funds, hedge funds, and investment advisers as covered by category 8."
hr5008-103,4,Money laundering / financial crime strategy,"The bill focuses on combating crime through various measures, including grants for law enforcement, registration of sexually violent predators, and provisions related to financial statements and penalties, all falling under the umbrella of financial crime strategy and enforcement."
s1788-109,19,Corporate bankruptcy: employee and retiree protections,"The bill focuses on protecting individuals suffering from asbestos-related diseases in bankruptcy proceedings, specifically addressing employee and retiree protections related to a mining company's liabilities."
hr2289-114,2,"Derivatives, swaps, CFTC regulation","The bill focuses on regulating futures markets, futures commission merchants, and the Commodity Futures Trading Commission (CFTC), including clearing and reporting requirements, which directly aligns with the Derivatives, swaps, CFTC regulation category."
hr4275-115,4,Money laundering / financial crime strategy,"The bill focuses on identifying and preventing fraudulent prescriptions, which directly relates to financial crime strategy and anti-money laundering efforts by addressing a common method used to divert controlled substances."
hr3763-107,7,SOX / PCAOB / audit firm oversight,"The bill explicitly focuses on the Sarbanes-Oxley Act, the Public Company Accounting Oversight Board (PCAOB), and regulation of public company auditors, all of which fall under category 7."
hr2022-108,7,SOX / PCAOB / audit firm oversight,"The bill focuses on extending SEC authority and registration requirements related to Fannie Mae and Freddie Mac securities, which falls under securities regulation and oversight, aligning with the scope of the Sarbanes-Oxley Act and PCAOB's purview."
hr3310-113,18,Consumer / predatory mortgage lending,"The bill focuses on consumer protections related to financial products linked to federal and military pensions, specifically addressing credit terms, interest rate limits, and predatory lending concerns regarding pension assignments, which falls under consumer/predatory mortgage lending."
hr2474-114,2,"Derivatives, swaps, CFTC regulation","The bill directly concerns the Commodity Futures Trading Commission (CFTC) and the regulation of agreements, contracts, and transactions related to commodity futures and swaps, which falls under the scope of derivatives regulation."
hr1699-103,6,Dodd-Frank reform / implementation,"The bill focuses on community development lending institutions and increasing credit availability to low-income families, which relates to the broader goals of financial inclusion and access to capital, areas often addressed through Dodd-Frank implementation and reform efforts."
hr1539-112,7,SOX / PCAOB / audit firm oversight,"The bill directly relates to a Securities and Exchange Commission (SEC) rule and its interaction with the Securities Act of 1933, falling under the purview of SOX / PCAOB / audit firm oversight as it concerns the reliability of financial reporting and the role of rating agencies."
s1360-112,11,Shareholder rights / corporate governance,"The bill focuses on shareholder authorization of political expenditures, disclosure requirements related to those expenditures, and liability for directors, all of which fall under the umbrella of shareholder rights and corporate governance."
hr5429-114,7,SOX / PCAOB / audit firm oversight,"The bill focuses on SEC regulations, review of existing rules, and the role of the SEC Chief Economist, all of which relate to the oversight of public company auditing and financial reporting, falling under the purview of SOX and the PCAOB."
hr1839-114,15,Crowdfunding and small-issuer capital formation,"The bill focuses on easing capital formation for small issuers by exempting certain transactions involving accredited investors, which aligns with the goals of crowdfunding and small-issuer capital formation legislation like the JOBS Act."
hr1627-113,8,Investment company / hedge fund / investment adviser regulation,"The bill directly amends the Investment Advisers Act of 1940 and focuses on the regulation of investment advisers, which falls under category 8."
hr1155-113,14,Insurance regulation,"The bill focuses on reforming the National Association of Registered Agents and Brokers, which directly relates to insurance licensing and regulation, falling under the scope of insurance industry oversight."
hr1973-113,8,Investment company / hedge fund / investment adviser regulation,"The bill directly concerns regulation of investment companies (Business Development Companies) and investment advisors, falling under the scope of investment company regulation."
hr6512-112,21,Credit rating agency regulation,"The bill directly addresses regulation of Nationally Recognized Statistical Rating Organizations (NRSROs) and their accuracy, falling squarely within the scope of credit rating agency regulation."
hr2907-111,13,TARP oversight and wind-down,"The bill directly amends the Emergency Economic Stabilization Act of 2008 (TARP) regarding the repayment of funds and oversight of the program, falling under TARP oversight and wind-down provisions."
hr2595-110,11,Shareholder rights / corporate governance,"The bill focuses on disclosure requirements related to proxy votes on executive and director compensation, which directly falls under shareholder rights and corporate governance."
s149-113,12,Data breach / identity theft / financial privacy,"The bill focuses on criminal prosecutions for identity theft and protecting vulnerable groups from becoming victims, directly relating to data breach, identity theft, and financial privacy protections for consumers."
hr1009-107,9,Banking capital requirements / Basel III,"The bill directly addresses bank reserves, interest rates on deposits, and capital requirements, all of which fall under the purview of banking capital regulations and Basel III implementation."
s582-116,4,Money laundering / financial crime strategy,"The bill focuses on the Financial Crimes Enforcement Network (FinCEN) working with law enforcement agencies to protect against financial crimes and terrorism, which directly aligns with the category of money laundering/financial crime strategy."
s1003-105,4,Money laundering / financial crime strategy,"The bill explicitly focuses on developing a national strategy to combat money laundering and related financial crimes, aligning directly with the description of Category 4."
s1971-108,8,Investment company / hedge fund / investment adviser regulation,"The bill focuses heavily on regulating mutual funds, including cost disclosures, governance requirements, and the duties of investment advisers, which falls directly under investment company regulation."
hr3914-107,2,"Derivatives, swaps, CFTC regulation","The bill explicitly addresses derivatives regulation and the Commodity Futures Trading Commission (CFTC), focusing on oversight of energy derivatives and clearing requirements."
hr6297-109,12,Data breach / identity theft / financial privacy,"The bill focuses on financial data privacy protections for consumers by allowing them to control the statements they receive from their banks and eliminating penalties for accessing their funds, which falls under financial privacy and consumer protection related to financial data."
hr5130-113,18,Consumer / predatory mortgage lending,"The bill directly addresses mortgage lending practices and establishes a national usury rate for consumer credit transactions, falling under the scope of predatory mortgage lending protections."
hr2064-114,15,Crowdfunding and small-issuer capital formation,"The bill focuses on easing capital formation for emerging growth companies through changes to SEC filing requirements and disclosure rules, which directly aligns with the goals of crowdfunding and small-issuer capital formation legislation like the JOBS Act."
hr927-113,7,SOX / PCAOB / audit firm oversight,"The bill concerns accounting and auditing standards related to loan classifications and capital requirements for banks, which falls under the purview of SOX/PCAOB/audit firm oversight as it impacts financial reporting and the accuracy of financial statements."
hr2547-110,7,SOX / PCAOB / audit firm oversight,"The bill focuses on preventing misrepresentation related to deposit insurance, which falls under the broader scope of ensuring accurate financial reporting and oversight, similar to the goals of the Sarbanes-Oxley Act and the PCAOB in maintaining the integrity of financial information."
hr6404-112,19,Corporate bankruptcy: employee and retiree protections,"The bill directly addresses protecting the pension benefits of former employees in a corporate bankruptcy-like situation (Delphi's restructuring), focusing on employee and retiree protections."
hr3150-105,18,Consumer / predatory mortgage lending,"The bill focuses heavily on consumer bankruptcy, debt relief, credit counseling, and protections related to mortgage lending and consumer credit, all of which fall under the scope of consumer/predatory mortgage lending legislation."
hr11-113,4,Money laundering / financial crime strategy,"The bill focuses on combating violence against women, which includes provisions related to crime prevention, criminal justice, and assisting victims of fraud and financial crimes, aligning with the focus of anti-money laundering and financial crime strategy."
hr3972-115,8,Investment company / hedge fund / investment adviser regulation,"The bill concerns the regulation of family offices, which are types of investment advisers, and their ability to purchase unregistered securities, directly relating to investment company and investment adviser regulation."
hr2614-104,7,SOX / PCAOB / audit firm oversight,"The bill includes provisions related to accounting, auditing, financial statements, and congressional oversight of the U.S. Mint's financial practices, which falls under the scope of audit firm oversight and SOX-related concerns."
hr1538-114,4,Money laundering / financial crime strategy,The bill addresses financial crimes by protecting banks that provide services to legitimate marijuana businesses and aims to combat illicit finance by bringing these businesses into the regulated banking system.
s1925-112,4,Money laundering / financial crime strategy,"The bill focuses on combating violence against women, which includes provisions related to criminal investigation, prosecution, and addressing financial crimes like fraud offenses that can be associated with domestic violence and trafficking."
hr4870-105,10,Glass-Steagall / bank-securities separation,"The bill explicitly addresses and repeals sections of the Glass-Steagall Act, which separated commercial and investment banking, and focuses on allowing affiliations between banks and securities firms."
hr5244-110,18,Consumer / predatory mortgage lending,"The bill focuses on fair and transparent practices related to credit card extensions, including rate increases, fees, and payment allocations, all of which fall under consumer and predatory mortgage lending protections."
hr3031-109,11,Shareholder rights / corporate governance,"The bill focuses on disclosure requirements related to executive compensation (specifically pension plans) to shareholders, which falls under the umbrella of corporate governance and shareholder rights."
hr1876-116,7,SOX / PCAOB / audit firm oversight,"The bill focuses on oversight of financial services and investments, specifically relating to senior investors and recommendations for regulatory actions, which aligns with the PCAOB's role in audit firm oversight and financial regulation."
hr2664-111,7,SOX / PCAOB / audit firm oversight,"The bill focuses on accounting and auditing standards, the Public Company Accounting Oversight Board (PCAOB), and improving financial reporting transparency, all of which fall under the scope of SOX/PCAOB/audit firm oversight."
s2871-106,12,Data breach / identity theft / financial privacy,"The bill focuses on protecting the privacy of social security numbers by restricting their sale and purchase by financial institutions, which falls under financial data privacy protections for consumers."
s500-111,18,Consumer / predatory mortgage lending,"The bill directly addresses mortgage lending practices and establishes a national usury rate for consumer credit transactions, falling under the scope of predatory mortgage lending protections."
hr414-114,6,Dodd-Frank reform / implementation,"The bill directly amends provisions of the Dodd-Frank Wall Street Reform and Consumer Protection Act, specifically regarding executive compensation disclosure requirements."
hr4790-111,11,Shareholder rights / corporate governance,"The bill focuses on shareholder authorization of political expenditures, disclosure requirements related to those expenditures, and liability for directors, all of which fall under the umbrella of shareholder rights and corporate governance."
hr3200-110,14,Insurance regulation,"The bill explicitly focuses on establishing a federal charter and comprehensive regulation of insurance companies, insurers, and agencies, directly addressing insurance markets and policyholder protections."
hr2309-111,12,Data breach / identity theft / financial privacy,"The bill focuses on protecting consumers from unfair and deceptive practices related to consumer credit and debt, which falls under financial privacy and data protection concerns as it addresses potential harms to consumers' financial well-being."
s1284-115,9,Banking capital requirements / Basel III,"The bill directly addresses bank capital requirements by raising the asset threshold for a bank holding company policy statement, which impacts the permissible debt level and thus relates to banking capital ratios."
s1781-115,4,Money laundering / financial crime strategy,"The bill focuses on improving the prevention, investigation, and prosecution of economic, high technology, and Internet-based white collar crimes, which directly relates to financial crime strategy and anti-money laundering enforcement."
hr1800-113,8,Investment company / hedge fund / investment adviser regulation,"The bill directly addresses regulation of business development companies (BDCs), which are a type of investment company, and amends the Investment Company Act of 1940, falling under the scope of investment company regulation."
hr1480-114,7,SOX / PCAOB / audit firm oversight,"The bill concerns access to information provided to regulatory systems and extends privilege/confidentiality protections, which relates to audit firm oversight and the integrity of financial information, aligning with the focus of SOX/PCAOB and audit firm regulation."
hr2977-114,12,Data breach / identity theft / financial privacy,"The bill focuses on data breach notification, identity theft prevention, and financial data privacy protections for consumers, which directly aligns with category 12."
s1074-111,11,Shareholder rights / corporate governance,"The bill focuses on enhancing shareholder authority over executive compensation, nominations, and elections, directly aligning with the themes of shareholder rights and corporate governance."
s1803-111,5,Federal Reserve audit / transparency,"The bill explicitly focuses on audits of the Federal Reserve's accounting, financial reporting, and internal controls by the Comptroller General, directly aligning with the category of Federal Reserve audit / transparency."
s1474-109,7,SOX / PCAOB / audit firm oversight,"The bill concerns securities regulation and amendments related to government trust funds, which falls under the broader scope of audit and oversight of financial instruments and reporting requirements, similar to the areas covered by SOX and PCAOB regulations."
hr3700-113,4,Money laundering / financial crime strategy,"The bill directly addresses the Bank Secrecy Act (BSA) and aims to improve compliance with anti-money laundering (AML) regulations through grants to community financial institutions, fitting the description of legislation on anti-money laundering enforcement and financial crime strategy."
hr1256-113,6,Dodd-Frank reform / implementation,"The bill directly addresses the implementation of provisions within the Dodd-Frank Wall Street Reform and Consumer Protection Act, specifically focusing on cross-border swaps regulations."
hr5341-109,4,Money laundering / financial crime strategy,"The bill directly addresses currency transaction reporting requirements, which are a key component of anti-money laundering (AML) efforts and financial crime strategy."
hr1089-106,8,Investment company / hedge fund / investment adviser regulation,"The bill directly regulates mutual funds and their disclosure requirements, falling under the purview of investment company regulation."
s3118-114,2,"Derivatives, swaps, CFTC regulation","The bill directly addresses regulation of swaps, the Commodity Futures Trading Commission (CFTC), clearing requirements, and penalties for violations related to derivatives, fitting the description of category 2."
hr5313-108,11,Shareholder rights / corporate governance,"The bill focuses on disclosure requirements related to executive compensation (specifically pension plans) to shareholders, which falls under the umbrella of corporate governance and shareholder rights."
hr5199-111,18,Consumer / predatory mortgage lending,"The bill amends the Truth in Lending Act and addresses credit card network restrictions on payment acceptance and discounts, directly relating to consumer credit and mortgage lending practices."
s181-108,7,SOX / PCAOB / audit firm oversight,"The bill directly relates to the Sarbanes-Oxley Act and focuses on accounting standards, specifically the treatment of stock options, which falls under the purview of SOX and PCAOB oversight."
hr3213-112,7,SOX / PCAOB / audit firm oversight,"The bill directly amends the Sarbanes-Oxley Act of 2002 and focuses on internal control auditing requirements, which falls under the scope of SOX and PCAOB oversight."
s702-114,22,Insider trading reform,"The bill directly addresses prohibitions on insider trading and modifies the Securities Exchange Act of 1934, which falls under insider trading reform legislation."
hr6688-110,4,Money laundering / financial crime strategy,"The bill directly addresses currency transaction reporting (CTR) requirements, which are a key component of anti-money laundering (AML) enforcement and financial crime strategy."
hr5744-107,7,SOX / PCAOB / audit firm oversight,"The bill amends bankruptcy law related to auditing, business records, and data dissemination, and it focuses on preventing abuse and ensuring transparency in financial proceedings, which aligns with the principles of SOX and PCAOB oversight."
hr1829-108,7,SOX / PCAOB / audit firm oversight,"The bill focuses on government procurement and financial statements related to Federal Prison Industries, which involves oversight of a government corporation and its contracting practices, aligning with aspects of corporate finance and government accountability similar to those addressed by SOX and PCAOB regulations."
hr1389-114,6,Dodd-Frank reform / implementation,"The bill explicitly amends the Dodd-Frank Wall Street and Consumer Protection Act and addresses regulation of financial institutions, indicating it falls under Dodd-Frank reform/implementation."
s2757-108,7,SOX / PCAOB / audit firm oversight,"The bill focuses on requiring independent audits of the judicial branch's financial statements, which directly relates to accounting standards, audit firm oversight, and financial reporting, aligning with the scope of SOX/PCAOB/audit firm oversight legislation."
s3241-111,9,Banking capital requirements / Basel III,"The bill focuses heavily on bank capital requirements, leverage ratios, and balance sheet leverage ratios, directly aligning with the description of Category 9."
s1408-112,12,Data breach / identity theft / financial privacy,"The bill focuses on data breach notification requirements and financial data privacy protections for consumers, directly aligning with the description of Category 12."
hr2143-108,23,Internet gambling payment enforcement,"The bill directly addresses the Unlawful Internet Gambling Enforcement Act (UIGEA) framework and payment processing restrictions on online gambling, fitting the description of category 23."
hr743-111,4,Money laundering / financial crime strategy,"The bill addresses fraud offenses and financial crimes by criminalizing the willful misleading of Congress, which falls under the broader scope of financial crime strategy and government ethics."
hr5463-110,7,SOX / PCAOB / audit firm oversight,"The bill focuses on legal ethics, attorney fees, and oversight related to securities litigation, which directly aligns with the Sarbanes-Oxley Act's goals of improving corporate governance and accountability through regulation of public company auditors and legal practices."
hr1838-112,6,Dodd-Frank reform / implementation,"The bill directly amends provisions of the Dodd-Frank Act by revising and repealing a prohibition on federal bailouts of swap dealers, making it a clear example of Dodd-Frank reform/implementation legislation."
hr5273-106,7,SOX / PCAOB / audit firm oversight,"The bill concerns financial statements and cost accounting related to the Mint's operations, which falls under the broader umbrella of audit and oversight of public company (in this case, a government enterprise) financial reporting."
hr3706-113,7,SOX / PCAOB / audit firm oversight,"The bill includes provisions for audits of grant recipients and requirements for nonprofit organizations regarding compensation practices and documentation, which fall under accounting and auditing oversight similar to SOX and PCAOB regulations."
s2817-115,7,SOX / PCAOB / audit firm oversight,"The bill directly concerns the Public Company Accounting Oversight Board (PCAOB) and its funding, which falls under the scope of SOX and audit firm oversight legislation."
hr6529-111,14,Insurance regulation,"The bill explicitly concerns insurance regulation, specifically focusing on the licensing and oversight of reinsurers, and amending the Dodd-Frank Act in relation to this regulation."
hr3232-111,13,TARP oversight and wind-down,"The bill concerns the oversight and wind-down of the TARP program, specifically focusing on the sale of warrants held by the Treasury as a result of TARP assistance repayments."
s410-116,4,Money laundering / financial crime strategy,"The bill focuses on investigating the use of virtual currencies and online marketplaces for financial crimes, specifically sex and drug trafficking, which directly relates to anti-money laundering and financial crime strategy."
hr1082-112,8,Investment company / hedge fund / investment adviser regulation,"The bill directly regulates private equity fund advisers under the Investment Advisers Act of 1940, which falls under the category of investment company/hedge fund/investment adviser regulation."
s1010-114,8,Investment company / hedge fund / investment adviser regulation,"The bill concerns brokers facilitating the transfer of ownership of privately held companies, which falls under the regulation of investment advisers and related securities activities."
s2223-112,6,Dodd-Frank reform / implementation,"The bill directly addresses the implementation of the Volcker Rule, which is a key provision of the Dodd-Frank Wall Street Reform and Consumer Protection Act."
s5-109,7,SOX / PCAOB / audit firm oversight,"The bill focuses on procedures related to class action settlements, attorney's fees, and jurisdiction, which fall under the broader scope of civil procedure and legal oversight, similar to the concerns addressed by the Sarbanes-Oxley Act and PCAOB regarding fairness and transparency in legal proceedings."
hr446-114,11,Shareholder rights / corporate governance,"The bill focuses on shareholder authorization of political expenditures, proxy voting disclosures, and director liability related to such expenditures, all of which fall under the umbrella of shareholder rights and corporate governance."
hr2168-112,12,Data breach / identity theft / financial privacy,"The bill focuses on the privacy of geolocation information, data breach concerns related to its interception and use, and establishes civil liabilities for violations, all of which fall under data breach/identity theft/financial privacy protections for consumers."
hr6349-110,2,"Derivatives, swaps, CFTC regulation","The bill focuses on regulating swaps, futures, and the Commodity Futures Trading Commission (CFTC), specifically addressing speculation, reporting requirements, and market oversight, which directly falls under the derivatives and CFTC regulation category."
hr5097-108,7,SOX / PCAOB / audit firm oversight,"The bill focuses on government ethics and potential conflicts of interest related to bank examiners, which aligns with the oversight of public company auditors and the Sarbanes-Oxley Act's emphasis on independence and accountability in financial reporting."
s1402-110,8,Investment company / hedge fund / investment adviser regulation,"The bill directly amends the Investment Advisers Act of 1940 and focuses on the registration requirements for investment advisers, specifically those managing hedge funds, which falls under the regulation of investment companies and advisers."
s2824-109,7,SOX / PCAOB / audit firm oversight,"The bill directly addresses the Sarbanes-Oxley Act (SOX), the Public Company Accounting Oversight Board (PCAOB), and regulation of public company auditors by seeking to reduce the burdens of SOX Section 404 implementation."
s286-113,7,SOX / PCAOB / audit firm oversight,"The bill focuses on increasing penalties for violations of federal securities laws, which directly relates to the enforcement of regulations overseen by the PCAOB and the integrity of public company audits as governed by SOX."
s2938-111,13,TARP oversight and wind-down,"The bill focuses on the oversight and wind-down of the TARP program, specifically terminating authorities and adjusting the public debt limit based on TARP repayments, which falls directly under the scope of TARP oversight beyond executive compensation."
s3620-112,7,SOX / PCAOB / audit firm oversight,"The bill amends the Securities Exchange Act of 1934 and focuses on the regulation of municipal advisors, which falls under the broader scope of securities regulation and audit oversight, similar to the Sarbanes-Oxley Act's focus on public company accounting and reporting."
hr7264-110,6,Dodd-Frank reform / implementation,"The bill amends provisions related to Fannie Mae and Freddie Mac, implements reforms to housing finance, and addresses financial crises and stabilization, all of which fall under the scope of Dodd-Frank reform and implementation as it relates to systemic risk and the housing market."
s3183-110,2,"Derivatives, swaps, CFTC regulation","The bill directly regulates petroleum futures markets and the Commodity Futures Trading Commission (CFTC), focusing on clearing and reporting requirements and position limits, which falls under the scope of derivatives and CFTC regulation."
s2004-107,7,SOX / PCAOB / audit firm oversight,"The bill focuses on auditor quality control, establishing an Independent Public Accounting Board (IPAB), and enhancing oversight of public company auditors, all of which directly relate to the Sarbanes-Oxley Act and the PCAOB."
hr5746-109,7,SOX / PCAOB / audit firm oversight,"The bill focuses on financial statements, bank examination, and corporate finance related to holding companies, which aligns with the oversight and regulation of public companies and their auditors as covered under SOX/PCAOB legislation."
hr1689-105,7,SOX / PCAOB / audit firm oversight,"The bill explicitly amends the Securities Act of 1933 and the Securities Exchange Act of 1934, focuses on securities litigation, and relates to the regulation of securities fraud, aligning with the scope of SOX, PCAOB, and audit firm oversight by impacting the legal framework surrounding securities reporting and investor protection."
hr2119-111,13,TARP oversight and wind-down,"The bill directly relates to the oversight and wind-down of the TARP program by specifying how repayments from TARP funds should be used, which falls under the scope of TARP oversight beyond executive compensation."
hr6330-110,2,"Derivatives, swaps, CFTC regulation","The bill explicitly regulates derivatives, swaps, and the Commodity Futures Trading Commission (CFTC), focusing on transactions involving energy commodities and establishing reporting and position limits."
hr4590-109,19,Corporate bankruptcy: employee and retiree protections,"The bill directly addresses the treatment of employee benefits and pension funds within the context of corporate bankruptcy, aiming to provide protections for employees and retirees."
hr529-111,4,Money laundering / financial crime strategy,"The bill focuses on establishing a task force to address mortgage fraud, which falls under the umbrella of financial crime strategy and enforcement of anti-fraud laws."
s2347-115,15,Crowdfunding and small-issuer capital formation,"The bill focuses on easing capital formation for issuers by expanding the use of 'testing the waters' and confidential draft registration submissions, which are mechanisms related to initial public offerings and small-issuer capital formation."
hr1199-114,7,SOX / PCAOB / audit firm oversight,"The bill concerns liability standards for sellers of products, which touches upon evidence, witnesses, and potentially the responsibilities of those involved in the stream of commerce, aligning with aspects of audit and oversight related to product safety and quality, similar to SOX's focus on corporate responsibility and accountability."
s380-115,16,Corporate nonfinancial / ESG disclosure,"The bill requires disclosure of employee numbers, which falls under corporate nonfinancial disclosure as it's not traditional financial reporting and relates to company operations and potential ESG considerations."
s1831-112,15,Crowdfunding and small-issuer capital formation,"The bill focuses on easing capital formation for small issuers by removing restrictions on general solicitation under Regulation D, which is directly related to crowdfunding and small-issuer capital formation."
hr4620-114,6,Dodd-Frank reform / implementation,"The bill directly amends risk retention standards related to securitization, which falls under the scope of Dodd-Frank implementation as risk retention was a key component of the Dodd-Frank Act's requirements for asset-backed securities."
s2484-105,4,Money laundering / financial crime strategy,"The bill explicitly addresses combating money laundering in Title VIII, focusing on investigating and punishing related crimes, which falls directly under the definition of financial crime strategy."
s950-103,6,Dodd-Frank reform / implementation,"The bill focuses on reducing the regulatory burden on small banks and reviewing existing regulations, which aligns with the broader goal of Dodd-Frank reform and implementation by revisiting and potentially modifying financial regulations."
hr1847-105,4,Money laundering / financial crime strategy,"The bill focuses on fraud against consumers through telemarketing, forfeiture of assets used in the fraud, restitution to victims, and increased penalties, all of which fall under the umbrella of financial crime strategy and anti-money laundering enforcement."
hr3210-104,9,Banking capital requirements / Basel III,"The bill concerns the discretion of the Federal Reserve Board in reviewing bank holding company applications, which directly relates to the regulatory oversight and capital requirements for banks."
s141-111,12,Data breach / identity theft / financial privacy,"The bill focuses on protecting Social Security numbers from misuse, establishing penalties for unauthorized display/sale, and addressing data security/privacy concerns related to these numbers, which falls under data breach/identity theft/financial privacy protections for consumers."
hr3198-116,6,Dodd-Frank reform / implementation,"The bill focuses on a comprehensive review of existing financial regulations across multiple agencies, which falls under the scope of Dodd-Frank reform and implementation as it relates to ongoing regulatory assessment and potential adjustments to the financial regulatory framework established by the Act."
hr547-103,2,"Derivatives, swaps, CFTC regulation","The bill concerns securities regulation, specifically repurchase agreements, which fall under the purview of derivatives and CFTC regulation as they are a form of financial contract traded in securities markets."
hr1603-113,6,Dodd-Frank reform / implementation,"The bill amends existing financial regulations (Revised Statutes, Federal Deposit Insurance Act, Home Owners' Loan Act) related to the structure and capital requirements of mutual banks, which falls under the scope of Dodd-Frank reform and implementation as it adjusts the regulatory landscape for financial institutions."
s2772-106,2,"Derivatives, swaps, CFTC regulation","The bill explicitly regulates security futures, which fall under the definition of derivatives and are overseen by the CFTC, and addresses clearing, registration, and enforcement related to these instruments."
hr4388-105,12,Data breach / identity theft / financial privacy,"The bill focuses on protecting the security and confidentiality of customers' financial and personal information, which directly relates to data breach prevention and financial privacy protections for consumers."
hr138-115,19,Corporate bankruptcy: employee and retiree protections,"The bill directly addresses protections for employees and retirees in corporate bankruptcy proceedings, focusing on wage claims, benefit losses, severance pay, and collective bargaining agreements."
hr4002-112,7,SOX / PCAOB / audit firm oversight,"The bill amends the Securities Investor Protection Act and deals with customer claims against a broker-dealer, which falls under the oversight of the PCAOB and regulation of public company auditors due to the involvement of securities and investor protection."
hr17-104,6,Dodd-Frank reform / implementation,"The bill focuses on consolidating and reforming the regulation of depository institutions, abolishing existing agencies like the Office of the Comptroller of the Currency and the Office of Thrift Supervision, which are key components of the financial regulatory structure established and amended by the Dodd-Frank Act."
hr2970-110,4,Money laundering / financial crime strategy,"The bill focuses on transparency and potential conflicts of interest within pharmacy benefit managers, aiming to prevent fraud and ensure fair practices related to drug pricing and compensation, which falls under financial crime strategy and anti-money laundering principles."
hr1445-111,21,Credit rating agency regulation,"The bill directly addresses regulation of Nationally Recognized Statistical Rating Organizations (NRSROs) and aims to reform the credit rating system through increased disclosure requirements, fitting the description of Category 21."
hr2100-113,5,Federal Reserve audit / transparency,"The bill focuses on reforming the governance structure of the Federal Reserve by restricting conflicts of interest on its boards of directors and increasing oversight, which directly relates to Federal Reserve audit and transparency concerns."
hr6695-112,7,SOX / PCAOB / audit firm oversight,"The bill amends the Securities Investor Protection Act, focuses on trustee appointments, and addresses the use of records in bankruptcy proceedings, all of which relate to audit oversight and the integrity of financial record-keeping, aligning with the scope of SOX/PCAOB/audit firm oversight."
s1463-115,6,Dodd-Frank reform / implementation,"The bill directly amends the Financial Stability Act of 2010, which is the formal name of the Dodd-Frank Act, indicating it falls under Dodd-Frank reform/implementation legislation."
s1002-112,4,Money laundering / financial crime strategy,"The bill focuses on prohibiting the theft of medical products and includes provisions related to fraud offenses and financial crimes, aligning with the focus of anti-money laundering and financial crime strategy."
hr220-105,7,SOX / PCAOB / audit firm oversight,"The bill focuses on due process protections for bank directors and officers facing civil actions, which relates to liability standards and potentially audit/oversight processes, aligning with the scope of SOX, PCAOB, and audit firm oversight."
hr4858-103,8,Investment company / hedge fund / investment adviser regulation,"The bill directly regulates investment companies, mutual funds, and investment advisers by modifying exemptions and definitions within the Investment Company Act of 1940, and also addresses capital formation for small businesses through investment pools."
hr1309-114,6,Dodd-Frank reform / implementation,"The bill directly amends provisions of the Dodd-Frank Act, specifically regarding the FSOC's authority and procedures for designating bank holding companies for enhanced supervision, which falls under Dodd-Frank reform/implementation."
hr4294-115,4,Money laundering / financial crime strategy,"The bill focuses on preventing the unauthorized disclosure of financial information and establishes criminal penalties for those who leak or obtain it under false pretenses, which falls under financial crime strategy and enforcement."
hr1692-115,4,Money laundering / financial crime strategy,"The bill addresses fraud offenses and financial crimes related to the trafficking of firearms, which falls under the broader scope of financial crime strategy and enforcement."
hr1181-111,21,Credit rating agency regulation,"The bill directly addresses the regulation of Nationally Recognized Statistical Rating Organizations (NRSROs) and the types of asset-backed securities they are permitted to rate, falling squarely within the scope of credit rating agency regulation."
hr885-111,7,SOX / PCAOB / audit firm oversight,"The bill focuses on strengthening the oversight and investigative capabilities of Inspectors General at financial regulatory agencies (Federal Reserve, CFTC, SEC, etc.), which relates to audit firm oversight and government studies and investigations of financial practices."
hr4850-114,15,Crowdfunding and small-issuer capital formation,"The bill focuses on exempting 'micro-offerings' from registration requirements, which directly relates to easing capital formation for small issuers, aligning with the goals of legislation like the JOBS Act and crowdfunding initiatives."
hr2205-114,12,Data breach / identity theft / financial privacy,"The bill explicitly focuses on data breach notification, identity theft prevention, and financial data privacy protections for consumers, aligning directly with category 12."
hr4061-115,6,Dodd-Frank reform / implementation,"The bill directly amends the Financial Stability Act of 2010 (Dodd-Frank Act) and focuses on improving the transparency and designation process of the Financial Stability Oversight Council (FSOC), which was created by Dodd-Frank."
hr4380-106,12,Data breach / identity theft / financial privacy,"The bill focuses on consumers' control over their personal financial information, data privacy, and disclosure practices, which directly aligns with the themes of data breach, identity theft, and financial privacy protections."
s2589-113,19,Corporate bankruptcy: employee and retiree protections,"The bill explicitly focuses on improving protections for employees and retirees in business bankruptcies, covering wages, benefits, severance pay, and pension claims, which directly aligns with the description of category 19."
s1158-114,12,Data breach / identity theft / financial privacy,"The bill focuses on data breach notification, identity theft prevention, and financial data privacy protections for consumers, directly aligning with the description of category 12."
hr823-106,6,Dodd-Frank reform / implementation,"The bill explicitly amends the Banking Act of 1933 (Glass-Steagall Act) and significantly alters the Bank Holding Company Act, representing a direct reform of the regulatory framework established by Dodd-Frank, which itself modified these earlier acts."
hr1327-111,17,AML / beneficial ownership / corporate transparency,"The bill focuses on divestment from companies investing in Iran's energy sector and shields investment companies and employee benefit plans from liability for such divestment, which directly relates to beneficial ownership and corporate transparency efforts to combat illicit finance by targeting investments in a state-sponsored terrorism and nuclear proliferation."
hr3644-107,7,SOX / PCAOB / audit firm oversight,"The bill relates to securities fraud and civil remedies for violations, which falls under the purview of SOX, PCAOB, and audit firm oversight as it concerns the integrity of financial reporting and potential legal actions related to fraudulent activities."
hr1360-109,7,SOX / PCAOB / audit firm oversight,"The bill includes provisions for auditing medical evidence, establishing medical advisory committees, and addressing fraud related to claims, all of which fall under the purview of audit oversight and related legal procedures."
hr432-114,8,Investment company / hedge fund / investment adviser regulation,"The bill directly addresses regulation of advisers of small business investment companies (SBICs), which fall under the umbrella of investment companies and the Investment Advisers Act of 1940."
hr3502-115,7,SOX / PCAOB / audit firm oversight,"The bill concerns guidance issued by the Securities and Exchange Commission (SEC), which falls under the purview of securities regulation and oversight, aligning with the focus of SOX, PCAOB, and audit firm oversight as it relates to public company disclosures."
hr3599-108,7,SOX / PCAOB / audit firm oversight,"The bill directly addresses accounting requirements, audit firm prohibitions, and the Public Company Accounting Oversight Board's (PCAOB) purview, all of which fall under the SOX / PCAOB / audit firm oversight category."
s2957-110,9,Banking capital requirements / Basel III,"The bill focuses on bank capital requirements, specifically net worth ratios for credit unions, and aims to align credit union standards with those applicable to FDIC-insured institutions, which falls under the scope of banking capital regulations."
hr4503-103,6,Dodd-Frank reform / implementation,"The bill focuses on the supervision and regulation of derivatives activities, which falls directly under the scope of Dodd-Frank reform and implementation as it aims to enhance oversight of financial institutions' derivatives dealings."
s107-114,6,Dodd-Frank reform / implementation,"The bill directly amends and repeals provisions of the Dodd-Frank Wall Street Reform and Consumer Protection Act, specifically focusing on Title I and Title VIII, making it a clear example of Dodd-Frank reform/implementation legislation."
hr3088-116,11,Shareholder rights / corporate governance,"The bill directly addresses shareholder proposals and the thresholds for their resubmission, which falls under the umbrella of shareholder rights and corporate governance."
hr5895-110,12,Data breach / identity theft / financial privacy,"The bill focuses on consumer protection by requiring labeling on unsolicited financial offers, which relates to financial data privacy and preventing potential consumer harm, aligning with the goals of data breach/identity theft/financial privacy legislation."
s474-113,6,Dodd-Frank reform / implementation,"The bill directly amends provisions of the Dodd-Frank Act relating to federal assistance for swaps entities, making it a Dodd-Frank reform/implementation measure."
hr2759-112,16,Corporate nonfinancial / ESG disclosure,"The bill mandates disclosure of non-financial information (forced labor practices in supply chains) by public companies, aligning with the focus of corporate nonfinancial/ESG disclosure legislation."
hr3170-108,8,Investment company / hedge fund / investment adviser regulation,"The bill directly amends the Investment Company Act of 1940 and focuses on regulating investment companies and their investments in small businesses, aligning with the description of category 8."
s159-115,4,Money laundering / financial crime strategy,"The bill directly addresses a program (Operation Choke Point) aimed at discouraging financial institutions from working with firearms dealers, which falls under the scope of financial crime strategy and anti-money laundering enforcement, as the program was intended to identify and prevent illicit financial activity."
s540-103,6,Dodd-Frank reform / implementation,"The bill explicitly aims to 'improve the administration of the bankruptcy system' and makes numerous amendments to the Bankruptcy Code, indicating a focus on Dodd-Frank reform/implementation as bankruptcy provisions were significantly altered by Dodd-Frank."
hr1038-116,4,Money laundering / financial crime strategy,"The bill directly addresses anti-money laundering (AML) and counter-terrorist financing (CFT) policy coordination and enforcement, falling squarely within the scope of financial crime strategy legislation."
s1332-104,4,Money laundering / financial crime strategy,"The bill includes amendments related to 'fraud or false statements to financial institutions' and 'bank robbery or burglary,' which fall under the scope of financial crime and potential money laundering activities."
hr1353-111,7,SOX / PCAOB / audit firm oversight,"The bill focuses on subjecting Fannie Mae and Freddie Mac securities to SEC regulation, which directly relates to securities law, disclosure requirements, and oversight similar to the Sarbanes-Oxley Act's focus on corporate reporting and accountability."
hr3167-104,6,Dodd-Frank reform / implementation,"The bill significantly reforms the Federal Home Loan Bank System, which falls under the broader scope of financial regulation and could be considered an amendment to existing financial structures, aligning with Dodd-Frank reform/implementation efforts."
s2431-103,4,Money laundering / financial crime strategy,"The bill focuses on criminal justice and includes provisions related to drug trafficking, penalties for financial crimes, and tracking of criminal aliens, all falling under the umbrella of financial crime strategy and anti-money laundering efforts."
hr2622-108,12,Data breach / identity theft / financial privacy,"The bill focuses on preventing identity theft, improving the resolution of consumer disputes related to credit records, and enhancing financial privacy protections for consumers, all of which fall under data breach/identity theft/financial privacy."
hr4062-105,2,"Derivatives, swaps, CFTC regulation","The bill explicitly focuses on the study and regulation of derivatives, swaps, and the Commodity Futures Trading Commission (CFTC), aligning with the description of category 2."
hr3330-111,7,SOX / PCAOB / audit firm oversight,"The bill focuses on reviews of losses by Inspectors General of federal banking agencies, which relates to audit oversight and government studies/investigations of financial institutions, aligning with the scope of SOX/PCAOB and audit firm oversight."
hr2326-114,4,Money laundering / financial crime strategy,"The bill focuses on oversight and restrictions related to federal programs providing equipment to law enforcement agencies, including data collection on SWAT team usage and prohibiting agencies with civil rights abuses from purchasing equipment, which falls under financial crime strategy and enforcement due to potential misuse of funds and equipment."
hr2215-115,6,Dodd-Frank reform / implementation,"The bill addresses banking regulation by removing federal prohibitions on providing financial services to cannabis-related businesses, which constitutes a reform to existing financial laws and overlaps with the intent of Dodd-Frank's focus on financial system stability and access."
s900-106,6,Dodd-Frank reform / implementation,"The bill directly amends the Banking Act of 1933 (Glass-Steagall Act) and significantly alters the regulatory framework for financial institutions, which falls under the scope of Dodd-Frank reform and implementation as it represents a major restructuring of financial regulations."
hr1472-104,6,Dodd-Frank reform / implementation,"This bill directly relates to the funding and restructuring of funds created as part of the response to the Savings and Loan crisis, which falls under the broader umbrella of financial regulatory reform and implementation similar to Dodd-Frank."
s1415-104,6,Dodd-Frank reform / implementation,"The bill significantly amends federal banking law, including the treatment of savings associations, the FDIC, and the Office of Thrift Supervision, which falls under the scope of Dodd-Frank reform and implementation as it restructures financial regulation."
hr3279-116,11,Shareholder rights / corporate governance,"This bill focuses on increasing diversity on corporate boards and requires disclosures to shareholders regarding board composition, which directly relates to corporate governance and shareholder rights."
hr4483-115,14,Insurance regulation,"The bill directly addresses the insurance industry and regulation by abolishing the Federal Insurance Office and removing its director from the Financial Stability Oversight Council, which has oversight responsibilities related to insurance."
hr949-104,5,Federal Reserve audit / transparency,"The bill explicitly focuses on auditing the Federal Reserve System, increasing its transparency through open meetings requirements, and reforming its governance structure by transferring administrative duties to the FDIC, all of which fall under the category of Federal Reserve audit/transparency."
s2901-107,7,SOX / PCAOB / audit firm oversight,"The bill focuses on avoiding transfers related to compensation to corporate insiders and directors, and references securities violations and deceptive accounting practices, which are all areas covered by the Sarbanes-Oxley Act and PCAOB oversight."
s1691-111,2,"Derivatives, swaps, CFTC regulation","The bill explicitly focuses on regulating derivatives markets, increasing transparency, reducing risks, and expanding the regulatory authority of the CFTC, which falls directly under the scope of 'Derivatives, swaps, CFTC regulation'."
s1924-106,12,Data breach / identity theft / financial privacy,"The bill focuses on protecting personal privacy with respect to financial information, data breach, and consumer rights regarding the sharing or selling of their financial data, which directly aligns with the Data breach / identity theft / financial privacy category."
hr1048-107,15,Crowdfunding and small-issuer capital formation,"The bill focuses on easing financial transactions for small businesses, which aligns with the goals of crowdfunding and small-issuer capital formation legislation like the JOBS Act by improving access to banking services."
hr3766-107,14,Insurance regulation,"The bill explicitly focuses on insurance regulation, establishing a federal chartering system for insurers, setting standards for financial regulation, and addressing bankruptcy schemes for insolvent insurers."
hr5315-108,18,Consumer / predatory mortgage lending,"The bill focuses on consumer protections related to international money transfers (remittances), which fall under the scope of financial services provided to consumers and addresses potential predatory practices in lending/transfer fees."
s2141-109,6,Dodd-Frank reform / implementation,"The bill amends the Federal Deposit Insurance Act and related laws, redefining terms related to financial contracts (securities, swaps, forward contracts) and addressing netting agreements, which falls under the scope of Dodd-Frank reform and implementation as it modifies existing financial regulations."
hr3355-110,14,Insurance regulation,"The bill focuses on homeowners' insurance coverage for catastrophic events, state-sponsored insurance programs, reinsurance, and related financial mechanisms, all of which fall under the umbrella of insurance regulation."
hr5716-114,4,Money laundering / financial crime strategy,"The bill focuses on financial risks related to transactions with Iran, specifically money laundering and financing of terrorism, which falls under the scope of financial crime strategy and enforcement."
hr498-116,4,Money laundering / financial crime strategy,"The bill repeals sections of the federal criminal code related to fraud offenses and financial crimes, specifically the fraudulent use of the 4-H club emblem, which falls under financial crime strategy."
hr6230-110,21,Credit rating agency regulation,The bill directly addresses regulation of Nationally Recognized Statistical Rating Organizations (NRSROs) and aims to reform the credit rating system through increased disclosure requirements.
hr1643-109,18,Consumer / predatory mortgage lending,"The bill focuses on predatory lending practices, mortgage lending restrictions, consumer credit disclosures, and counseling requirements, all of which fall under the scope of consumer and predatory mortgage lending legislation."
hr2327-111,18,Consumer / predatory mortgage lending,"The bill focuses on credit card disclosures, payment allocation, APR increases, and fees, all of which fall under the scope of consumer credit and predatory mortgage lending protections."
s1947-108,4,Money laundering / financial crime strategy,"The bill addresses bank fraud and misconduct in office by prohibiting loans to examiners, which falls under the broader scope of financial crime strategy and anti-corruption efforts."
s1749-108,12,Data breach / identity theft / financial privacy,"The bill directly addresses identity theft prevention, data protection for consumers, and liability related to fraudulent transactions, which falls under the scope of data breach/identity theft/financial privacy legislation."
s1018-113,5,Federal Reserve audit / transparency,"The bill focuses on reforming the governance structure of the Federal Reserve by restricting conflicts of interest on its boards of directors and increasing oversight, which directly relates to Federal Reserve audit and transparency concerns."
s881-112,18,Consumer / predatory mortgage lending,"The bill focuses on disclosures and consumer protections related to rental-purchase agreements, which are a form of consumer credit and lending, and thus falls under the category of consumer/predatory mortgage lending."
hr2456-115,4,Money laundering / financial crime strategy,"The bill addresses fraud offenses and financial crimes related to bribery of public officials, which falls under the scope of financial crime strategy and anti-corruption efforts."
hr2063-111,13,TARP oversight and wind-down,"The bill directly relates to the oversight and wind-down of the TARP program by specifying how repaid funds should be used, which falls under TARP oversight beyond executive compensation."
hr2874-115,14,Insurance regulation,"The bill focuses on reforms to the National Flood Insurance Program, which is a component of the insurance industry and its regulation, specifically addressing premium rates, risk assessment, and coverage options."
s1502-116,8,Investment company / hedge fund / investment adviser regulation,"The bill concerns the registration requirements for issuers receiving federal support, which relates to investment and securities regulations, specifically impacting companies and their shareholders."
hr2660-111,9,Banking capital requirements / Basel III,"The bill focuses on prescribing capital standards for special purpose entities sponsored by insured depository institutions, which directly relates to banking capital requirements and risk management, aligning with category 9."
hr3512-111,4,Money laundering / financial crime strategy,"The bill addresses fraud offenses and financial crimes related to online predators, which falls under the broader scope of financial crime strategy and anti-money laundering enforcement as it involves deceptive practices used to facilitate illicit activity."
hr3235-103,4,Money laundering / financial crime strategy,"The bill explicitly focuses on improving the enforcement of anti-money laundering (AML) laws, streamlining reporting requirements, and enhancing the identification of money laundering schemes, all of which fall under the scope of financial crime strategy."
hr5660-106,2,"Derivatives, swaps, CFTC regulation","The bill explicitly addresses futures and over-the-counter derivatives regulation, clearing requirements, and the Commodity Futures Trading Commission (CFTC), which falls directly under the 'Derivatives, swaps, CFTC regulation' category."
s1754-106,4,Money laundering / financial crime strategy,"The bill focuses heavily on international criminal investigations, extradition, and the prosecution of individuals involved in crimes like torture, genocide, and war crimes, all of which fall under the umbrella of financial crime strategy and anti-money laundering efforts related to illicit activities."
s968-112,7,SOX / PCAOB / audit firm oversight,"The bill focuses on intellectual property rights and enforcement against online infringement, which falls under the purview of audit firm oversight and regulation of public company auditors as it relates to protecting assets and preventing fraud."
hr2187-114,8,Investment company / hedge fund / investment adviser regulation,"The bill directly addresses the qualifications of investors, which falls under the regulation of investment advisers and the Investment Advisers Act, as it modifies who is considered an accredited investor based on income, net worth, and professional licensing."
hr4375-111,10,Glass-Steagall / bank-securities separation,"The bill explicitly aims to restore provisions of the Glass-Steagall Act, which concerned the separation of commercial and investment banking activities."
s1488-103,4,Money laundering / financial crime strategy,"The bill's title and summary explicitly address crime control and prevention, including provisions related to financial institution fraud prosecution, bank robberies, and counterfeiting, which fall under the umbrella of financial crime strategy and anti-money laundering efforts."
s1636-112,7,SOX / PCAOB / audit firm oversight,"The bill focuses on clarifying federal court jurisdiction and venue, which directly relates to judicial procedure and administration, and impacts how cases are handled in federal courts, similar to the scope of SOX and PCAOB regulations concerning audit procedures and oversight."
s3381-112,19,Corporate bankruptcy: employee and retiree protections,"The bill explicitly focuses on improving protections for employees and retirees in business bankruptcies, covering wages, benefits, severance pay, and pension obligations."
hr3300-111,2,"Derivatives, swaps, CFTC regulation","The bill focuses on regulating derivatives transactions, establishing registration requirements for derivatives traders, and coordinating regulation between the CFTC and SEC, which directly falls under the scope of derivatives regulation and CFTC regulation."
hr5510-106,5,Federal Reserve audit / transparency,"The bill directly addresses the Federal Reserve System and aims to transfer its liabilities related to currency issuance to the Treasury, effectively reforming its governance and potentially increasing transparency regarding the national debt and currency creation."
hr743-109,14,Insurance regulation,"The bill directly addresses insurance regulation, specifically concerning Holocaust-era insurance policies and state authority over insurer information requirements, falling squarely within the scope of insurance markets and related historical claims."
s3850-109,21,Credit rating agency regulation,"The bill explicitly focuses on regulating Nationally Recognized Statistical Rating Organizations (NRSROs), reforming the credit rating system, and addressing conflicts of interest at rating agencies."
hr4884-111,6,Dodd-Frank reform / implementation,"The bill establishes a regulatory framework for covered bonds, which are a type of security, and includes provisions related to bankruptcy and disclosure requirements, aligning with the scope of Dodd-Frank reform and implementation by creating new financial regulations and potentially impacting existing financial structures."
hr3291-111,11,Shareholder rights / corporate governance,"The bill focuses on shareholder voting rights regarding stock option plans and compensation, which directly relates to corporate governance and shareholder rights at public companies."
hr4554-113,15,Crowdfunding and small-issuer capital formation,"The bill focuses on easing capital formation for small issuers by reducing holding periods for restricted securities and streamlining private resale rules, aligning with the goals of crowdfunding and small-issuer capital formation legislation like the JOBS Act."
hr2500-105,18,Consumer / predatory mortgage lending,"The bill focuses heavily on consumer bankruptcy issues, including income requirements, debt counseling, dischargeability of debts (like taxes and fraud), and protections for creditors, all of which fall under consumer and predatory mortgage lending regulations."
hr1610-116,14,Insurance regulation,"The bill directly addresses flood insurance and disaster relief, which falls under the scope of insurance regulation."
s3045-115,4,Money laundering / financial crime strategy,"The bill relates to financial institutions cooperating with law enforcement requests, which falls under the scope of financial crime strategy and anti-money laundering enforcement."
hr467-105,2,"Derivatives, swaps, CFTC regulation","The bill directly addresses regulation of commodity exchanges, futures trading, audit trail requirements, and fraud in foreign currency transactions, all of which fall under the purview of derivatives and CFTC regulation."
hr1483-113,13,TARP oversight and wind-down,"The bill focuses on oversight of consultants hired by federal banking agencies in relation to consent orders, and significantly expands the authority and lifespan of SIGTARP, which was originally established for TARP oversight."
hr2431-112,4,Money laundering / financial crime strategy,"The bill prohibits fraudulent travel documents, which falls under the scope of financial crimes and anti-fraud enforcement, aligning with the focus of money laundering and financial crime strategy."
s1327-115,4,Money laundering / financial crime strategy,"The bill addresses fraud offenses and financial crimes related to the trafficking of synthetic analogues, which falls under the scope of financial crime strategy and enforcement."
hr1479-111,6,Dodd-Frank reform / implementation,"The bill focuses on modernizing and reinstating regulations related to the Community Reinvestment Act (CRA) and expanding its scope to non-bank affiliates, which directly relates to the implementation and reform of financial regulations following the Gramm-Leach-Bliley Act and falls under the broader umbrella of Dodd-Frank-era adjustments to financial oversight."
hr6236-111,12,Data breach / identity theft / financial privacy,"The bill focuses on data breach notification, identity theft prevention, and financial data privacy protections for consumers, directly aligning with category 12."
hr3355-116,11,Shareholder rights / corporate governance,"The bill concerns corporate governance by altering board election procedures and restricting share repurchases, which directly impacts shareholder rights and corporate finance practices."
s1712-107,7,SOX / PCAOB / audit firm oversight,"The bill focuses on procedures related to class action lawsuits, including judicial review of settlements, standardized notifications, and jurisdictional issues, which are closely tied to the oversight of legal proceedings and potentially impacts public company litigation and audit practices."
hr5749-114,4,Money laundering / financial crime strategy,"The bill creates offenses related to interstate coercion involving threats to publish sexually explicit depictions, which falls under the scope of financial crimes and anti-money laundering strategies as sextortion often involves financial extortion."
s2291-103,2,"Derivatives, swaps, CFTC regulation","The bill explicitly focuses on regulating derivatives transactions, establishing supervisory principles, and bringing major dealers under SEC jurisdiction, aligning with the description of derivatives, swaps, and CFTC regulation."
s1419-112,4,Money laundering / financial crime strategy,"The bill focuses on preventing money laundering and currency smuggling through the reporting of electronic fund access means, directly relating to financial crime strategy and enforcement."
hr962-103,6,Dodd-Frank reform / implementation,"The bill focuses on reducing the regulatory burden on financial institutions, amending the FDIA and other financial acts, and addresses topics like capital standards and audits, which directly relate to Dodd-Frank reform and implementation as it involves adjustments to existing financial regulations."
hr727-104,7,SOX / PCAOB / audit firm oversight,"The bill focuses on regulating the sale of investment products by banks, requiring disclosures and oversight of those selling them, which falls under the scope of audit firm oversight and securities regulation as it aims to prevent misleading practices and protect consumers in investment transactions."
hr2120-108,6,Dodd-Frank reform / implementation,"The bill directly addresses the treatment of financial contracts in bankruptcy, which falls under the scope of Dodd-Frank reform and implementation as it seeks to clarify and revise laws related to financial institution failures and contract resolution post-Dodd-Frank."
hr1036-114,6,Dodd-Frank reform / implementation,"The bill directly addresses the financial arrangements and agreements related to Fannie Mae and Freddie Mac, which were central components of the Dodd-Frank Act's response to the 2008 financial crisis and subsequent reforms."
s1031-115,15,Crowdfunding and small-issuer capital formation,"The bill directly addresses regulation crowdfunding, raising dollar limits and clarifying requirements for funding portals, which falls under the category of small-issuer capital formation and the JOBS Act-related legislation."
s3453-114,15,Crowdfunding and small-issuer capital formation,"The bill directly addresses regulation crowdfunding, raising dollar limits and clarifying requirements for funding portals, which falls under the category of easing capital formation for small issuers as defined by the JOBS Act."
hr3045-112,2,"Derivatives, swaps, CFTC regulation","The bill explicitly addresses swaps, swap dealers, and the Commodity Exchange Act (CEA), falling under the regulation of derivatives and the CFTC."
s163-103,7,SOX / PCAOB / audit firm oversight,"The bill focuses on information disclosure and securities regulation, specifically relating to a study of foreign capital markets, which aligns with the oversight of securities law and potential impacts on public companies and their governance."
hr1710-104,4,Money laundering / financial crime strategy,"The bill focuses heavily on combating terrorism through increased penalties for related crimes, investigative tools, and specifically addresses money laundering related to terrorist activities, fitting the description of legislation on anti-money laundering (AML) enforcement and financial crime strategy."
hr1797-111,7,SOX / PCAOB / audit firm oversight,"The bill directly addresses the Sarbanes-Oxley Act of 2002, the Public Company Accounting Oversight Board (PCAOB), and regulation of public company auditors by modifying the requirements for internal control assessments."
hr5236-113,4,Money laundering / financial crime strategy,"The bill addresses fraud offenses and financial crimes related to tax returns, specifically focusing on identity theft and preventing the filing of false claims, which falls under the scope of financial crime strategy and anti-money laundering enforcement."
s566-116,15,Crowdfunding and small-issuer capital formation,"The bill focuses on expanding access to capital for small businesses, specifically those in rural areas, which directly aligns with the goals of crowdfunding and small-issuer capital formation legislation like the JOBS Act."
s1518-105,7,SOX / PCAOB / audit firm oversight,"The bill focuses on disclosures required by the SEC regarding computer system readiness, which falls under securities regulation and corporate reporting requirements overseen by the PCAOB and SOX framework."
hr6411-115,4,Money laundering / financial crime strategy,"The bill directly addresses the duties of FinCEN to combat financial crimes and protect against terrorism, falling squarely within the scope of financial crime strategy and enforcement."
hr1781-115,4,Money laundering / financial crime strategy,"The bill addresses fraud offenses and financial crimes related to the trafficking of fentanyl, which falls under the scope of financial crime strategy and anti-money laundering efforts."
hr2727-110,7,SOX / PCAOB / audit firm oversight,"The bill directly relates to the Sarbanes-Oxley Act (SOX) and modifies regulations concerning management assessments of internal financial controls, which falls under the purview of SOX and PCAOB oversight."
s2054-112,3,Executive compensation at financial firms / TARP,"The bill directly addresses compensation packages for senior executives at Fannie Mae and Freddie Mac, aligning with the focus of executive compensation at financial firms as defined in category 3."
s1091-112,14,Insurance regulation,"The bill focuses heavily on the National Flood Insurance Program, insurance industry regulation, and loss allocation procedures, all of which fall under the umbrella of insurance regulation."
s2765-113,8,Investment company / hedge fund / investment adviser regulation,"The bill directly addresses regulation of advisers of small business investment companies (SBICs), which fall under the purview of investment company regulation as defined in category 8."
hr3655-112,7,SOX / PCAOB / audit firm oversight,"The bill directly amends the Sarbanes-Oxley Act of 2002 and focuses on internal control auditing requirements, which falls under the scope of SOX and PCAOB oversight."
hr1731-108,12,Data breach / identity theft / financial privacy,"The bill focuses on penalties for aggravated identity theft, expanding existing prohibitions and addressing data breach concerns related to the misuse of identification devices and personal information."
hr974-107,5,Federal Reserve audit / transparency,"The bill directly addresses reforms to the Federal Reserve System, including authorizing interest payments on reserves, reducing reserve requirements, and increasing transparency through annual surveys of bank fees and services."
hr4067-106,9,Banking capital requirements / Basel III,"The bill addresses bank deposits, reserve ratios, and monetary policy, all of which are directly related to banking capital requirements and the broader Basel III framework, even though it doesn't explicitly mention Basel III."
s534-113,14,Insurance regulation,"The bill focuses on reforming the National Association of Registered Agents and Brokers, which directly relates to insurance licensing and regulation, falling under the scope of insurance industry oversight."
s630-116,18,Consumer / predatory mortgage lending,"The bill directly addresses consumer financial products and services and specifically targets arbitration agreements, which are commonly used in consumer lending contracts, aligning with the focus of consumer and predatory mortgage lending protections."
hr3357-107,14,Insurance regulation,"The bill directly addresses insurance markets, specifically focusing on coverage for terrorism risks, reinsurance, and related assessments and surcharges, which falls under the scope of insurance regulation."
hr3100-115,4,Money laundering / financial crime strategy,"The bill directly addresses combating the financing of terrorism, which falls under the scope of financial crime strategy and anti-money laundering (AML) efforts."
hr4311-109,7,SOX / PCAOB / audit firm oversight,"The bill concerns financial disclosure requirements for judicial employees and officers, which falls under the broader scope of government ethics and oversight, similar to the Sarbanes-Oxley Act's focus on financial reporting and transparency."
hr56-116,4,Money laundering / financial crime strategy,"The bill focuses on investigating and combating terrorism and illicit financing through financial technologies, which directly relates to anti-money laundering (AML) enforcement and financial crime strategy."
hr268-103,6,Dodd-Frank reform / implementation,"This bill addresses the Resolution Trust Corporation (RTC), which was established as part of the response to the Savings and Loan crisis and is closely related to the broader framework of financial regulation and recovery efforts similar to those addressed by Dodd-Frank."
hr2136-113,2,"Derivatives, swaps, CFTC regulation","The bill directly addresses swaps regulation and modifies the definition of 'financial entity' under the Commodity Exchange Act (CEA) to exempt certain small banks from swap clearing requirements, which falls under the purview of derivatives and CFTC regulation."
hr3886-106,4,Money laundering / financial crime strategy,"The bill's title and summary explicitly focus on combating international money laundering, which falls directly under the definition of anti-money laundering (AML) enforcement and financial crime strategy."
s1964-111,8,Investment company / hedge fund / investment adviser regulation,"The bill focuses on regulation of mutual funds, board composition, fiduciary duties of brokers/dealers, and disclosure requirements related to commissions and conflicts of interest, all of which fall under investment company regulation."
s170-115,7,SOX / PCAOB / audit firm oversight,"The bill amends the Investment Company Act of 1940 and addresses protections for registered investment companies, falling under the scope of SOX / PCAOB / audit firm oversight as it relates to investment company regulation."
hr928-109,18,Consumer / predatory mortgage lending,"The bill focuses on consumer protections related to remittance transfers, which are a type of financial transaction often used by individuals sending money to family and friends, and addresses issues like disclosure requirements and error resolution, aligning with consumer and predatory lending protections."
hr910-115,8,Investment company / hedge fund / investment adviser regulation,"The bill directly addresses investment fund research reports and aims to facilitate their publication by brokers and dealers, which falls under the regulation of investment advisers and funds."
hr979-111,3,Executive compensation at financial firms / TARP,"The bill directly addresses limiting excessive expenses by firms receiving assistance under the Emergency Economic Stabilization Act of 2008 (TARP), focusing on expenditures like entertainment and facility renovations, which falls under executive compensation and firm spending restrictions."
s592-116,7,SOX / PCAOB / audit firm oversight,"The bill focuses on disclosure requirements related to cybersecurity expertise on company boards, which falls under the oversight of public company governance and is closely related to the responsibilities of the PCAOB and SOX compliance."
hr6482-110,21,Credit rating agency regulation,"The bill directly addresses the regulation of Nationally Recognized Statistical Rating Organizations (NRSROs) and their ratings of asset-backed securities, focusing on establishing eligibility criteria and SEC oversight of their models and performance data."
hr3616-103,7,SOX / PCAOB / audit firm oversight,"The bill concerns the minting of commemorative coins and the expenditure of surcharges, which falls under the oversight of financial statements and government trust funds, similar to the regulation of public company auditors and financial reporting under SOX and PCAOB."
hr1064-113,14,Insurance regulation,"The bill focuses on insurance producer licensing, multi-state regulation, and oversight of the insurance industry, which directly falls under insurance regulation."
hr1577-107,7,SOX / PCAOB / audit firm oversight,"The bill focuses on government procurement, contract administration, and oversight of a government corporation (Federal Prison Industries), which relates to audit and oversight of government entities and financial statements, falling under the scope of SOX/PCAOB/audit firm oversight."
hr3551-105,12,Data breach / identity theft / financial privacy,"The bill focuses on prohibiting and addressing identity fraud, which directly relates to data breach, identity theft, and financial data privacy protections for consumers."
s636-109,7,SOX / PCAOB / audit firm oversight,"The bill focuses on reporting requirements related to settlements involving fraud and false claims against the government, which ties into corporate accountability and oversight similar to the goals of the Sarbanes-Oxley Act and the PCAOB's role in audit quality."
hr1372-108,7,SOX / PCAOB / audit firm oversight,"The bill focuses on enhanced disclosures of employee stock options and related accounting standards, which falls under the purview of the Sarbanes-Oxley Act and the oversight of the PCAOB regarding financial reporting and audit requirements."
hr4893-106,6,Dodd-Frank reform / implementation,"The bill explicitly amends the Bank Holding Company Act and the Community Reinvestment Act of 1977, indicating a direct reform of existing financial regulations and implementation of the Gramm-Leach-Bliley Act, which falls under Dodd-Frank reform/implementation as it addresses post-financial crisis legislation."
hr1098-112,4,Money laundering / financial crime strategy,"The bill addresses fraud offenses and financial crimes related to currency and prohibits taxation on coins and bullion, which falls under the broader scope of anti-money laundering and financial crime strategy."
hr3807-107,18,Consumer / predatory mortgage lending,"The bill focuses on protecting homebuyers from predatory lending practices, specifically addressing subprime mortgages, high-cost mortgages, and unfair practices in mortgage lending, which directly aligns with the focus of consumer and predatory mortgage lending protections."
s3731-110,13,TARP oversight and wind-down,"The bill focuses on oversight of the TARP program, specifically expanding the authorities and responsibilities of the Special Inspector General (SIGTARP) established to monitor TARP funds, which falls under TARP oversight beyond executive compensation."
hr2779-112,6,Dodd-Frank reform / implementation,The bill directly amends provisions of the Dodd-Frank Wall Street Reform and Consumer Protection Act by excluding inter-affiliate swaps from certain regulatory requirements.
hr2657-111,6,Dodd-Frank reform / implementation,"The bill directly limits the authority of the FDIC, which was expanded under the Dodd-Frank Act to address systemic risk, thus representing a reform of Dodd-Frank implementation."
hr2225-112,8,Investment company / hedge fund / investment adviser regulation,"The bill directly addresses regulation of investment advisers, specifically by defining a 'family office' and its exemption status under the Investment Advisers Act of 1940."
s2820-107,7,SOX / PCAOB / audit firm oversight,"The bill addresses corporate governance issues like director compensation and potential clawbacks, and also relates to bankruptcy proceedings which often involve audit and financial reporting concerns, aligning with the focus of SOX and PCAOB oversight."
hr4568-113,15,Crowdfunding and small-issuer capital formation,"The bill focuses on easing capital formation for smaller companies by revising SEC forms related to securities registration, which falls under crowdfunding and small-issuer capital formation legislation."
hr5314-114,4,Money laundering / financial crime strategy,"The bill addresses fraud offenses and financial crimes related to controlled substance prescriptions, which falls under the scope of financial crime strategy and anti-money laundering efforts, as fraudulent prescriptions can be a component of illicit financial activity."
s12-108,7,SOX / PCAOB / audit firm oversight,"The bill focuses on procedures related to class action settlements, attorney's fees, and judicial oversight, which aligns with the regulation of public company auditors and legal proceedings, falling under the scope of SOX/PCAOB/audit firm oversight."
hr3306-103,7,SOX / PCAOB / audit firm oversight,"The bill focuses on regulating the sale of investment products by banks, requiring disclosures and oversight of those selling them, which falls under the scope of audit firm oversight and securities regulation as it aims to prevent misleading practices and protect consumers in investment transactions."
s2917-114,2,"Derivatives, swaps, CFTC regulation","The bill focuses on reauthorizing the Commodity Futures Trading Commission and regulating futures trading transactions, including requirements for FCMs, reporting, and segregation of funds, which falls under the scope of derivatives and CFTC regulation."
hr4213-105,7,SOX / PCAOB / audit firm oversight,"The bill concerns the Securities and Exchange Commission (SEC) and securities regulation, specifically focusing on fees collected by exchanges and associations, which falls under the oversight of the SEC and relates to the regulation of public company auditors and the securities industry."
hr2424-111,5,Federal Reserve audit / transparency,"The bill explicitly focuses on authorizing reviews and increasing oversight of the Federal Reserve System, which directly relates to Federal Reserve audit and transparency concerns."
hr4791-105,7,SOX / PCAOB / audit firm oversight,"The bill concerns damage awards and ensuring proper payment schedules, which relates to audit and oversight of financial settlements and potentially the accuracy of financial reporting, aligning with the focus of SOX and PCAOB regulations."
s633-104,7,SOX / PCAOB / audit firm oversight,"The bill focuses on disclosures related to the sale of investment products by banks, including requirements for information about risks, fees, and relationships with brokers, which falls under the regulation of public company auditors and securities regulation as covered by SOX/PCAOB oversight."
hr2822-111,4,Money laundering / financial crime strategy,"The bill focuses on combating public corruption, which inherently involves financial crimes like bribery, theft, and racketeering, and aims to strengthen anti-money laundering tools for prosecutors."
s209-113,5,Federal Reserve audit / transparency,"The bill explicitly calls for a full audit of the Federal Reserve System by the Comptroller General, directly addressing Federal Reserve audit and transparency concerns."
hr3140-109,12,Data breach / identity theft / financial privacy,"The bill focuses on data breach notification, information security requirements, and financial data privacy protections for consumers, directly aligning with the Data breach / identity theft / financial privacy category."
hr183-103,7,SOX / PCAOB / audit firm oversight,"The bill establishes a federally chartered corporation with a board of directors and reporting requirements, which aligns with aspects of corporate governance and oversight similar to those addressed by the Sarbanes-Oxley Act and PCAOB regulations."
s737-113,9,Banking capital requirements / Basel III,"The bill focuses on bank capital requirements, specifically the Basel III framework and its impact on risk-weighted assets, which directly aligns with category 9."
s1896-107,7,SOX / PCAOB / audit firm oversight,"The bill directly addresses accounting and auditing standards, auditor independence, and potential conflicts of interest, all of which fall under the purview of the Sarbanes-Oxley Act and the PCAOB's regulatory oversight."
hr2947-114,20,Financial institution resolution / SIFI bankruptcy,"The bill explicitly addresses the resolution of insolvent financial institutions in bankruptcy, including the creation of a new Subchapter V for liquidation, reorganization, or recapitalization, directly relating to financial institution resolution and the Orderly Liquidation Authority (OLA) framework."
s1275-103,18,Consumer / predatory mortgage lending,"The bill explicitly addresses consumer protections for high-cost mortgages and includes amendments to the Truth in Lending Act, directly relating to mortgage lending practices and predatory lending protections."
hr1114-107,4,Money laundering / financial crime strategy,"The bill directly addresses international money laundering, record-keeping requirements for financial institutions, and reporting of suspicious transactions, all of which fall under the scope of anti-money laundering (AML) enforcement and financial crime strategy."
hr4629-111,15,Crowdfunding and small-issuer capital formation,"The bill focuses on providing funds to small manufacturers through loan programs and collateral support, which directly relates to easing capital formation for small issuers as defined by the JOBS Act framework."
s1959-111,4,Money laundering / financial crime strategy,"The bill focuses on increasing enforcement of health care fraud, expanding the definition of health care fraud to include related financial crimes like kickbacks and ERISA violations, and increasing penalties for these offenses, all of which fall under the umbrella of financial crime strategy and anti-money laundering efforts."
hr1487-104,6,Dodd-Frank reform / implementation,"The bill explicitly aims to 'reform and modernize' the Federal Home Loan Bank System, which falls under the broader scope of financial sector legislation and could be considered an implementation or revision of existing financial laws, aligning with Dodd-Frank reform/implementation."
hr1575-111,3,Executive compensation at financial firms / TARP,"The bill focuses on limiting and recovering excessive compensation paid by entities receiving federal financial assistance, which directly relates to executive compensation and aligns with the scope of category 3."
hr865-107,6,Dodd-Frank reform / implementation,"The bill amends the Bank Holding Company Act and directly addresses the Community Reinvestment Act in response to the Gramm-Leach-Bliley Act, which significantly altered the financial landscape and is closely tied to Dodd-Frank's broader regulatory framework."
s1311-115,4,Money laundering / financial crime strategy,"The bill focuses on preventing and punishing human trafficking, assisting victims, and funding investigations, all of which fall under the umbrella of financial crime strategy and anti-money laundering efforts as trafficking often involves financial exploitation."
hr3375-109,12,Data breach / identity theft / financial privacy,"The bill focuses on protecting consumer financial data, data breach notification, identity theft prevention, and financial data privacy, all of which fall under the scope of category 12."
s3714-110,2,"Derivatives, swaps, CFTC regulation","The bill directly regulates derivative transactions and swaps, and explicitly mentions the Commodity Futures Trading Commission (CFTC), fitting the description of category 2."
s2270-113,6,Dodd-Frank reform / implementation,The bill directly addresses the implementation of the Dodd-Frank Act by clarifying the application of leverage and risk-based requirements established within it.
s3579-111,12,Data breach / identity theft / financial privacy,"The bill explicitly focuses on protecting consumer information, requiring data breach notification, and addressing identity theft prevention, which directly aligns with the Data breach / identity theft / financial privacy category."
s229-108,6,Dodd-Frank reform / implementation,"The bill directly addresses reform and implementation of the Federal Deposit Insurance Act (FDIA), which is a core component of the Dodd-Frank Act's framework for financial stability and deposit insurance."
hr801-113,7,SOX / PCAOB / audit firm oversight,"The bill concerns registration requirements for savings and loan holding companies under the Securities Exchange Act of 1934, which falls under the purview of securities regulation and audit oversight, similar to the Sarbanes-Oxley Act and PCAOB oversight."
s872-113,7,SOX / PCAOB / audit firm oversight,"The bill concerns registration requirements for savings and loan holding companies under the Securities Exchange Act of 1934, which falls under the purview of securities regulation and oversight, similar to the Sarbanes-Oxley Act's focus on public company accountability."
hr491-115,6,Dodd-Frank reform / implementation,"The bill directly addresses the financial status and repayment obligations of Fannie Mae and Freddie Mac, which were central entities impacted by and subject to reforms under the Dodd-Frank Act, making it relevant to Dodd-Frank implementation and related issues."
hr1263-114,6,Dodd-Frank reform / implementation,"The bill directly amends the Consumer Financial Protection Act of 2010, which is a key component of the Dodd-Frank Wall Street Reform and Consumer Protection Act, by altering the Financial Stability Oversight Council's (FSOC) review authority over the CFPB's regulations."
hr6616-112,7,SOX / PCAOB / audit firm oversight,"The bill concerns securities transactions and aims to protect them from foreign tax enforcement, which relates to the oversight and regulation of financial markets and potentially the responsibilities of entities involved in those transactions, aligning with the focus of SOX/PCAOB and audit firm oversight."
s1260-110,12,Data breach / identity theft / financial privacy,"The bill explicitly focuses on data breach notification, identity theft prevention, and financial data privacy protections for consumers, aligning directly with category 12."
s2698-113,6,Dodd-Frank reform / implementation,"The bill amends regulations related to bank holding companies and credit unions, and revises requirements for share insurance, which falls under the scope of Dodd-Frank implementation and broader financial regulation reform."
hr323-110,4,Money laundering / financial crime strategy,"The bill directly addresses currency transaction reporting requirements, which are a key component of anti-money laundering (AML) efforts and financial crime strategy."
hr3129-108,14,Insurance regulation,"The bill directly addresses insurance companies and the disclosure of insurance policy information, falling under the scope of insurance regulation."
hr2433-115,4,Money laundering / financial crime strategy,"The bill focuses on assessing the threat of terrorist use of virtual currency, which directly relates to financial crime and anti-money laundering efforts, as virtual currency can be used to finance terrorism."
hr2520-104,10,Glass-Steagall / bank-securities separation,"The bill explicitly addresses the repeal of the Glass-Steagall Act's separation of commercial and investment banking, focusing on allowing affiliations between banks and securities firms."
hr2633-111,3,Executive compensation at financial firms / TARP,"The bill directly relates to restrictions on firms receiving TARP funds, specifically automobile manufacturers, by limiting their business activities, which falls under the scope of executive compensation and oversight of TARP recipients."
s2123-103,2,"Derivatives, swaps, CFTC regulation","The bill directly regulates derivative financial instruments and their use by financial institutions, falling squarely within the scope of derivatives regulation and CFTC oversight."
hr1595-116,6,Dodd-Frank reform / implementation,"The bill addresses banking regulation and aims to remove federal penalties for financial institutions serving cannabis-related businesses, which falls under the broader scope of reforming existing financial regulations and implementation of policies related to financial services, similar to Dodd-Frank reform."
hr336-113,4,Money laundering / financial crime strategy,"The bill addresses fraud offenses and financial crimes related to the counterfeiting or selling of tickets, which falls under the broader scope of financial crime strategy and enforcement."
s869-111,13,TARP oversight and wind-down,"The bill focuses on the oversight and wind-down of the TARP program by specifying how repaid funds should be used for debt reduction and excluding those funds from typical budget calculations, which falls under TARP oversight beyond executive compensation."
hr4216-114,8,Investment company / hedge fund / investment adviser regulation,"The bill directly amends the Investment Company Act of 1940 and focuses on the regulation of money market funds, which are a type of investment company, and their valuation methods."
s1015-106,7,SOX / PCAOB / audit firm oversight,"The bill focuses on disclosures, record-keeping, disciplinary actions, and penalties related to online securities transactions, which falls under the purview of securities regulation and oversight, aligning with the scope of SOX, PCAOB, and audit firm oversight."
hr4915-113,15,Crowdfunding and small-issuer capital formation,"The bill focuses on easing capital formation for small issuers by clarifying rules around general solicitation for angel investors, which falls under the scope of crowdfunding and small-issuer capital formation legislation."
sjres47-115,18,Consumer / predatory mortgage lending,"The bill concerns a rule issued by the CFPB regarding arbitration agreements in consumer financial contracts, which directly relates to consumer credit and lending practices."
s1663-114,4,Money laundering / financial crime strategy,"The bill focuses on enhancing the investigation and prosecution of elder abuse and financial exploitation, which directly relates to anti-money laundering enforcement and financial crime strategy, particularly as it involves fraud offenses and data collection on financial crimes targeting seniors."
hr5061-114,4,Money laundering / financial crime strategy,"The bill focuses on recognizing and responding to signs of labor and sex trafficking, which falls under financial crime strategy and anti-money laundering efforts as trafficking often involves financial exploitation."
hr3857-114,1,"Systemic risk / FSOC / ""too big to fail""","The bill directly addresses the Financial Stability Oversight Council (FSOC) and determinations under the Financial Stability Act of 2010, which concerns systemic financial risk and the designation of systemically important financial institutions."
s3510-110,5,Federal Reserve audit / transparency,"The bill directly addresses the powers and authority of the Federal Reserve System, specifically restricting its ability to provide funds to private entities, which falls under the scope of Federal Reserve governance and transparency."
s410-105,8,Investment company / hedge fund / investment adviser regulation,"The bill directly concerns the Investment Advisers Supervision Coordination Act, which regulates investment advisers and falls under the scope of investment company/hedge fund/investment adviser regulation."
hr4570-109,4,Money laundering / financial crime strategy,"The bill focuses on oversight of national security letters, which are used to obtain financial records and other information in the context of financial crime and counterintelligence investigations, aligning with the focus on financial crime strategy and enforcement."
hr4532-113,6,Dodd-Frank reform / implementation,"The bill directly amends the Dodd-Frank Wall Street Reform and Consumer Protection Act, specifically regarding enhanced supervision of bank holding companies by the Financial Stability Oversight Council and the Federal Reserve System."
s3176-109,12,Data breach / identity theft / financial privacy,"The bill focuses on data breach notification, identity theft prevention, and financial data privacy protections for veterans and spouses, directly aligning with category 12."
hr5777-113,2,"Derivatives, swaps, CFTC regulation","The bill directly addresses the regulation of cryptocurrencies, which fall under the definition of virtual currencies and algorithmic protocols for exchange, aligning with the focus on derivatives, swaps, and CFTC regulation as it concerns new financial instruments and technologies."
s237-114,12,Data breach / identity theft / financial privacy,"The bill focuses on the privacy of geolocation information, data breach concerns related to its interception and use, and establishes civil liabilities for violations, all of which fall under data breach/identity theft/financial privacy protections for consumers."
s667-104,7,SOX / PCAOB / audit firm oversight,"The bill focuses heavily on accounting and auditing procedures, auditor liability, and the prosecution of violations related to financial statements, all of which fall under the purview of the Sarbanes-Oxley Act and the PCAOB's oversight of public company auditors."
hr3892-104,6,Dodd-Frank reform / implementation,"The bill amends the Federal Deposit Insurance Corporation Act, which is a core component of the Dodd-Frank Act's framework for managing bank failures and resolving failing institutions, thus representing a reform to existing financial regulations."
s1369-113,9,Banking capital requirements / Basel III,"The bill directly addresses bank capital standards and seeks to tailor them for insurance companies, falling under the scope of banking capital requirements and Basel III implementation."
hr3512-105,7,SOX / PCAOB / audit firm oversight,"The bill includes provisions related to financial statements from prisoners seeking to proceed in forma pauperis, which falls under the broader scope of audit requirements and legal accountability, aligning with SOX/PCAOB/audit firm oversight."
hr768-111,6,Dodd-Frank reform / implementation,"The bill establishes a commission to study the financial crisis and its impact, which directly relates to understanding and potentially reforming the financial system following the events that led to the Dodd-Frank Act."
hr4822-105,8,Investment company / hedge fund / investment adviser regulation,"The bill directly regulates mutual funds and their disclosure requirements under the Investment Company Act of 1940, falling under the scope of investment company regulation."
hr757-112,7,SOX / PCAOB / audit firm oversight,"The bill amends the Securities Investor Protection Act, deals with trustee appointments, and concerns the accuracy of customer statements in bankruptcy, all of which relate to the oversight of public company financial matters and the integrity of financial reporting, falling under the scope of SOX/PCAOB/audit firm oversight."
s910-111,13,TARP oversight and wind-down,"The bill focuses on additional monitoring, accountability, and oversight of the Troubled Asset Relief Program (TARP), which falls under the scope of TARP oversight beyond executive compensation as defined in category 13."
s1511-107,4,Money laundering / financial crime strategy,"The bill's title and summary explicitly focus on combating international money laundering and terrorist financing, and it addresses AML enforcement, financial crime strategy, and coordination of financial institutions and law enforcement authorities to detect and report illicit activities."
hr4354-114,4,Money laundering / financial crime strategy,"The bill includes provisions related to 'fraud offenses and financial crimes' by criminalizing the fraudulent display of a revoked Presidential Medal of Freedom, which falls under the broader scope of financial crime strategy and enforcement."
hr5956-109,7,SOX / PCAOB / audit firm oversight,"The bill amends the Sarbanes-Oxley Act and concerns the collection of penalties in securities law enforcement actions, directly relating to the regulation of public company auditors and the PCAOB's oversight responsibilities."
s220-107,6,Dodd-Frank reform / implementation,"The bill broadly amends Federal bankruptcy law, including provisions related to fraudulent schedules and financial contracts, which falls under the scope of Dodd-Frank reform and implementation as it addresses systemic financial issues and the restructuring of debts."
s3005-111,6,Dodd-Frank reform / implementation,"The bill aims to support federal financial regulatory agencies with data collection, research, and analysis, which directly relates to the implementation and oversight of financial regulations like those established by the Dodd-Frank Act."
s2856-109,6,Dodd-Frank reform / implementation,"The bill explicitly aims to provide 'regulatory relief' and modifies various financial regulations, including those related to broker definitions and Federal Reserve requirements, indicating a focus on reforming existing financial laws like Dodd-Frank."
hr2623-111,7,SOX / PCAOB / audit firm oversight,"The bill focuses on the SEC's authority to investigate and discipline individuals associated with self-regulatory organizations and investment companies, which falls under the purview of audit firm oversight and regulation of public company actors as governed by SOX and the PCAOB."
hr858-108,12,Data breach / identity theft / financial privacy,"The bill directly addresses penalties for aggravated identity theft, expanding existing prohibitions and focusing on data breach and identity theft prevention for consumers."
hr1053-105,7,SOX / PCAOB / audit firm oversight,"The bill concerns securities regulation, specifically relating to quotation requirements and the Securities and Exchange Commission, which falls under the purview of SOX, PCAOB, and audit firm oversight as it impacts the accuracy and transparency of financial reporting."
hr3791-112,16,Corporate nonfinancial / ESG disclosure,"The bill mandates disclosure of employee compensation data broken down by minority and women representation, which falls under the category of corporate nonfinancial/ESG disclosure as it requires reporting on diversity metrics beyond traditional financial data."
s2564-113,4,Money laundering / financial crime strategy,"The bill focuses on combating human trafficking, which inherently involves financial crimes like exploitation and fraud, and includes provisions for anti-money laundering through reporting and addressing deficiencies in services for trafficking victims."
s2845-111,4,Money laundering / financial crime strategy,"The bill prohibits fraudulent documents, which falls under the broader scope of financial crimes and anti-money laundering efforts as false documents can be used to facilitate illicit financial activity."
s1963-103,6,Dodd-Frank reform / implementation,"The bill directly addresses interstate banking regulations and amendments to existing banking laws (Bank Holding Company Act, Federal Deposit Insurance Act, Community Reinvestment Act), which falls under the scope of Dodd-Frank reform/implementation as it concerns the structure and regulation of financial institutions."
hr3448-113,15,Crowdfunding and small-issuer capital formation,"The bill focuses on easing capital formation for small issuers (emerging growth companies) by allowing them to increase tick sizes, which falls under the purview of crowdfunding and small-issuer capital formation legislation."
hr3548-103,7,SOX / PCAOB / audit firm oversight,"The bill concerns financial statements, government trust funds, and reporting requirements related to the minting and sale of commemorative coins, which falls under the broader oversight of financial practices and accounting standards similar to those addressed by SOX and PCAOB regulations."
hr4827-107,7,SOX / PCAOB / audit firm oversight,"The bill focuses on fraudulent financial reporting and misleading statements in financial statements, which directly relates to the Sarbanes-Oxley Act's goals of improving the accuracy and reliability of corporate disclosures and audit practices."
s2247-107,7,SOX / PCAOB / audit firm oversight,"The bill explicitly focuses on the regulation of public accounting firms, the establishment of the Public Company Accounting Oversight Board (PCAOB), and improving the quality of independent audits, all of which fall under the scope of SOX/PCAOB/audit firm oversight."
s2679-108,4,Money laundering / financial crime strategy,The bill includes the 'Combating Money Laundering and Terrorist Financing Act of 2004' which directly addresses anti-money laundering (AML) enforcement and forfeiture of assets related to terrorist acts.
hr5027-114,5,Federal Reserve audit / transparency,"The bill directly addresses the Federal Reserve Act, specifically regarding the callable stock of member banks and the use of surplus funds, which falls under the scope of Federal Reserve audit and transparency/governance structure reforms."
hr1750-113,7,SOX / PCAOB / audit firm oversight,"The bill amends the Sarbanes-Oxley Act of 2002 and directs the SEC to conduct cost-benefit analyses of accounting principles, directly relating to SOX, PCAOB, and audit firm oversight."
hr1653-105,7,SOX / PCAOB / audit firm oversight,"The bill amends securities acts and addresses securities fraud litigation, which falls under the purview of SOX, PCAOB, and audit firm oversight as it relates to the regulation of public company securities and fraud prevention."
s1933-112,15,Crowdfunding and small-issuer capital formation,"The bill focuses on improving access to public capital markets for emerging growth companies, easing capital formation requirements, and relates to the JOBS Act by reducing regulatory burdens for smaller issuers going public."
hr3996-111,1,"Systemic risk / FSOC / ""too big to fail""","The bill establishes the Financial Stability Oversight Council (FSOC) to monitor systemic risk and designates financial companies for heightened prudential standards, directly addressing 'too big to fail' policies and systemic financial risk."
hr87-112,6,Dodd-Frank reform / implementation,"The bill explicitly aims to repeal the Dodd-Frank Wall Street Reform and Consumer Protection Act, directly addressing the core subject matter of this category."
hr7275-110,6,Dodd-Frank reform / implementation,"The bill establishes a commission to investigate the 2008 financial crisis and report lessons learned, which directly relates to understanding and potentially reforming the regulatory landscape following the Dodd-Frank Act and the events that led to its passage."
s1661-111,4,Money laundering / financial crime strategy,"The bill focuses on investigating and prosecuting financial fraud targeting seniors, which directly aligns with anti-money laundering and financial crime strategy efforts."
hr1119-116,4,Money laundering / financial crime strategy,"The bill addresses protections for financial institutions providing services to marijuana-related businesses and eliminates penalties for state-authorized marijuana activities, which directly relates to financial crime strategy and anti-money laundering concerns."
hr4950-114,6,Dodd-Frank reform / implementation,"The bill concerns advising the Treasury Department on financial regulation and its effects on financial institutions and securities markets, which falls under the broad scope of Dodd-Frank reform and implementation as it relates to regulatory structure and impact."
hr725-104,7,SOX / PCAOB / audit firm oversight,"The bill directly addresses auditor requirements, fraud detection procedures, and penalties for auditors of public companies, which falls under the scope of the Sarbanes-Oxley Act, the PCAOB, and audit firm oversight."
s3070-115,6,Dodd-Frank reform / implementation,"The bill directly amends provisions of the Dodd-Frank Wall Street Reform and Consumer Protection Act, specifically regarding the submission frequency of 'living wills' which are a key component of Dodd-Frank's resolution planning framework."
hr5588-107,12,Data breach / identity theft / financial privacy,"The bill directly addresses penalties for aggravated identity theft, which falls under data breach, identity theft, and financial privacy protections for consumers."
hr1530-115,6,Dodd-Frank reform / implementation,"The bill amends the Financial Stability Act of 2010 (Dodd-Frank Act) and directly addresses data standards for information reported to financial regulatory agencies, which falls under Dodd-Frank implementation and reform."
s1914-105,6,Dodd-Frank reform / implementation,"The bill explicitly amends the bankruptcy code and addresses financial instruments, which falls under the scope of Dodd-Frank reform and implementation as it relates to financial contracts and their treatment in bankruptcy proceedings."
hr1062-104,10,Glass-Steagall / bank-securities separation,"The bill explicitly aims to repeal provisions of the Glass-Steagall Act, which separated commercial banking and securities activities, and focuses on allowing affiliations between banks and securities firms."
hjres19-111,13,TARP oversight and wind-down,The bill directly relates to oversight and potential wind-down of the TARP program (Emergency Economic Stabilization Act of 2008) by limiting further obligations and focusing on specific uses of remaining funds.
hr1574-103,7,SOX / PCAOB / audit firm oversight,"The bill relates to the securities industry and underwriting practices, which falls under the purview of audit and oversight of financial firms, similar to the scope of SOX and PCAOB regulations."
hr555-104,7,SOX / PCAOB / audit firm oversight,"The bill focuses heavily on auditing procedures, auditor liability, and the accuracy of financial statements, all of which fall under the purview of the Sarbanes-Oxley Act and the PCAOB's oversight of public company auditors."
s1206-114,1,"Systemic risk / FSOC / ""too big to fail""","The bill directly addresses the concept of 'Too Big To Fail' entities, directs the Financial Stability Oversight Council to compile a list of such entities, and aims to break them up, which falls squarely within the scope of systemic risk and FSOC regulation."
hr4318-104,6,Dodd-Frank reform / implementation,"The bill explicitly aims to reform the banking system and deposit insurance through a cross-guarantee system, which constitutes a significant overhaul of existing financial regulations and can be considered a form of Dodd-Frank reform/implementation as it fundamentally alters the financial safety net."
hr3652-110,19,Corporate bankruptcy: employee and retiree protections,"The bill explicitly focuses on protections for employees and retirees in bankruptcy proceedings, covering wages, benefits, pension plans, severance pay, and collective bargaining agreements."
hr3868-114,8,Investment company / hedge fund / investment adviser regulation,"The bill directly amends the Investment Company Act of 1940 and focuses on regulations related to business development companies (BDCs), which are a type of investment company."
s2208-114,11,Shareholder rights / corporate governance,"The bill addresses employment discrimination protections for survivors of violence and promotes financial empowerment, which falls under shareholder rights and corporate governance by focusing on employee rights and protections within companies."
s1526-113,7,SOX / PCAOB / audit firm oversight,The bill directly amends the Sarbanes-Oxley Act of 2002 and concerns the Public Company Accounting Oversight Board (PCAOB) and regulation of public company auditors.
hr2827-112,7,SOX / PCAOB / audit firm oversight,"The bill focuses on the regulation of municipal advisors, clarifying their registration requirements, fiduciary duties, and prohibited activities, which falls under the broader scope of securities regulation and audit oversight similar to the Sarbanes-Oxley Act and PCAOB regulations."
s2867-114,7,SOX / PCAOB / audit firm oversight,"The bill focuses on SEC regulations, oversight, and advisory bodies related to small businesses and their access to capital, which falls under the purview of audit firm oversight and corporate governance as it relates to public company reporting requirements."
hr3789-105,7,SOX / PCAOB / audit firm oversight,"The bill concerns federal court jurisdiction over class actions, particularly those involving securities fraud and securities regulation, and touches upon aspects of audit firm oversight through its impact on securities litigation, aligning with the focus of SOX/PCAOB/audit firm oversight."
hr1341-110,16,Corporate nonfinancial / ESG disclosure,"The bill mandates the disclosure of corporate income reported to the IRS in SEC filings, which falls under the category of requiring non-financial information disclosure related to tax transparency."
hr4173-111,6,Dodd-Frank reform / implementation,"The bill is explicitly identified as the Dodd-Frank Wall Street Reform and Consumer Protection Act, which directly amended, implemented, and reformed provisions of existing financial regulations."
s265-103,6,Dodd-Frank reform / implementation,"The bill focuses on reducing the regulatory burden on financial institutions, modifying criteria related to lending standards, accounting objectives, and capital standards, which directly relates to the implementation and reform of financial regulations like Dodd-Frank."
s1256-116,7,SOX / PCAOB / audit firm oversight,"The bill directly addresses the Public Company Accounting Oversight Board (PCAOB) and its disciplinary proceedings, which falls under the scope of SOX and audit firm oversight."
hr33-113,5,Federal Reserve audit / transparency,"The bill explicitly focuses on reforming the audit process of the Federal Reserve System and increasing transparency through detailed reports to Congress, directly aligning with the 'Federal Reserve audit / transparency' category."
hr4651-105,4,Money laundering / financial crime strategy,"The bill contains numerous amendments relating to federal criminal law and procedure, including provisions addressing bank fraud, embezzlement, and other financial crimes, falling under the umbrella of financial crime strategy and enforcement."
s2717-107,7,SOX / PCAOB / audit firm oversight,"The bill focuses on increasing penalties for financial fraud, requiring certification of financial statements by executives, and reviewing sentencing guidelines related to fraud offenses, all of which fall under the purview of SOX, PCAOB, and audit firm oversight."
hr5251-108,7,SOX / PCAOB / audit firm oversight,"The bill concerns the applicability of state laws to national banks, including consumer fraud laws and state bank regulations, which relates to oversight and regulation of financial institutions and could impact audit and compliance procedures."
hr4718-114,11,Shareholder rights / corporate governance,"The bill focuses on increasing gender diversity on corporate boards and requires disclosures to shareholders regarding board composition, which directly relates to corporate governance and shareholder rights."
s3709-112,6,Dodd-Frank reform / implementation,"The bill calls for a GAO examination of transactions between large financial institutions and the federal government, which is a form of oversight related to the financial crisis and potential impacts of Dodd-Frank implementation and related policies."
hr3009-113,2,"Derivatives, swaps, CFTC regulation","The bill directly regulates futures contracts and the Commodity Futures Trading Commission (CFTC), focusing on investor protection within the commodities markets, which falls under the scope of derivatives and CFTC regulation."
hr6638-115,7,SOX / PCAOB / audit firm oversight,"The bill focuses on disclosure requirements related to cybersecurity expertise on company governing bodies, which falls under the oversight of public company auditors and corporate governance practices regulated by the SEC and PCAOB."
s1070-113,4,Money laundering / financial crime strategy,"The bill addresses fraud offenses and financial crimes related to mobile device identification numbers, which can be used in illicit activities and therefore falls under the umbrella of financial crime strategy."
sjres9-115,6,Dodd-Frank reform / implementation,"The bill directly addresses a rule mandated by the Dodd-Frank Act and seeks to disapprove it, making it legislation related to Dodd-Frank reform/implementation."
s1208-113,18,Consumer / predatory mortgage lending,"The bill focuses on consumer protection related to rental-purchase agreements, which are a form of lending and directly impacts mortgage lending practices and predatory lending protections."
hr4096-114,6,Dodd-Frank reform / implementation,"The bill directly amends a provision related to the Volcker Rule, which was established by the Dodd-Frank Act, making it fall under Dodd-Frank reform/implementation legislation."
hr5607-114,4,Money laundering / financial crime strategy,"The bill focuses on enhancing the Department of the Treasury's role in protecting national security through anti-terrorism financing efforts, which directly relates to money laundering and financial crime strategy."
s832-108,7,SOX / PCAOB / audit firm oversight,"The bill concerns avoiding transfers related to excessive compensation and violations of securities laws in bankruptcy, which falls under the purview of accounting, corporate finance, and regulation of securities, aligning with the focus of SOX/PCAOB/audit firm oversight."
hr531-110,4,Money laundering / financial crime strategy,"The bill focuses on reducing financial abuse and fraud among mid-life and older Americans, which directly relates to financial crime strategy and anti-money laundering efforts targeting vulnerable populations."
hr2123-104,6,Dodd-Frank reform / implementation,"The bill directly addresses the implementation and structure of deposit insurance funds (SAIF and BIF) within the FDIC, which falls under the broader scope of Dodd-Frank reform and the restructuring of the financial system following financial crises."
hr4626-113,7,SOX / PCAOB / audit firm oversight,"The bill concerns access to information provided to regulatory systems and the protection of privilege and confidentiality, which falls under the purview of audit firm oversight and regulation of public company auditors as it relates to information sharing with regulators."
hr758-108,9,Banking capital requirements / Basel III,"The bill addresses bank capital requirements by revising the ratio of reserves institutions must maintain and discusses interest on reserves, which directly relates to bank capital and liquidity."
s1968-114,16,Corporate nonfinancial / ESG disclosure,"The bill mandates disclosure of non-financial information (forced labor practices in supply chains) by public companies, fitting the definition of corporate nonfinancial/ESG disclosure legislation."
hr713-111,8,Investment company / hedge fund / investment adviser regulation,"The bill specifically focuses on studying the hedge fund industry, which falls under the regulation of investment advisers and funds as defined in category 8."
s573-116,22,Insider trading reform,"The bill specifically focuses on Rule 10b5-1 trading plans, which are central to the statutory definition of insider trading and enforcement of insider trading laws."
hr704-115,6,Dodd-Frank reform / implementation,"The bill amends existing financial legislation (Federal Home Loan Bank Act) to expand the scope of advances and collateral available to community development financial institutions, which falls under the broader category of Dodd-Frank reform/implementation as it adjusts the financial landscape."
s2619-113,4,Money laundering / financial crime strategy,"The bill focuses on preventing human smuggling, which is a financial crime, and includes provisions related to repatriation, interdiction, and enhanced penalties for smuggling activities, all falling under the umbrella of financial crime strategy and anti-money laundering enforcement."
hr1256-106,7,SOX / PCAOB / audit firm oversight,"The bill concerns the Securities and Exchange Commission (SEC) and its fee collection practices, which falls under the regulation of public companies and the oversight of the SEC, aligning with the scope of SOX/PCAOB/audit firm oversight."
hr6954-110,4,Money laundering / financial crime strategy,"The bill focuses on preventing mail, telemarketing, and internet fraud targeting seniors, which directly relates to anti-money laundering enforcement and financial crime strategy, specifically targeting vulnerable populations."
hr1118-115,7,SOX / PCAOB / audit firm oversight,"The bill concerns liability standards for sellers of products, which touches upon evidence, witnesses, and potentially the responsibilities of those involved in the stream of commerce, aligning with the broader themes of corporate governance and audit-like oversight of product quality and safety."
hr977-111,2,"Derivatives, swaps, CFTC regulation","The bill explicitly focuses on bringing greater transparency and accountability to commodity markets, defining and classifying index traders and swap dealers, setting reporting requirements for derivatives positions, and regulating over-the-counter contracts, all of which fall under the regulation of derivatives, swaps, and the CFTC."
hr944-105,16,Corporate nonfinancial / ESG disclosure,"The bill requires disclosure of corporate charitable contributions, which falls under the category of non-financial information disclosure related to corporate behavior and transparency."
hr4913-114,6,Dodd-Frank reform / implementation,"The bill directly addresses the restructuring of Fannie Mae and Freddie Mac, which were central subjects of the Dodd-Frank Act and subsequent implementation efforts related to housing finance reform."
hr1226-109,9,Banking capital requirements / Basel III,"The bill focuses on capital standards for financial institutions, specifically relating to the Basel Committee on Banking Supervision and U.S. implementation of those standards, which directly falls under banking capital requirements."
hr3005-104,6,Dodd-Frank reform / implementation,"The bill explicitly aims to amend Federal securities laws and the Investment Company Act of 1940, indicating direct engagement with the Dodd-Frank framework and its implementation through revisions to existing legislation."
hr1495-104,8,Investment company / hedge fund / investment adviser regulation,"The bill directly amends the Investment Company Act of 1940, focusing on the regulation of mutual funds, investment advisers, and related aspects of investment company governance and operations."
hr681-104,7,SOX / PCAOB / audit firm oversight,"The bill focuses on reforming private enforcement of federal securities laws, attorney's fees, and class action procedures, all of which relate to the Sarbanes-Oxley Act's goals of improving corporate governance and audit oversight."
hr4038-107,2,"Derivatives, swaps, CFTC regulation","The bill explicitly focuses on regulating derivatives, swaps, and combines the functions of the CFTC and SEC, which are key regulators of these markets."
hr2517-112,11,Shareholder rights / corporate governance,"The bill focuses on shareholder authorization of political expenditures, proxy votes, and director liability, all of which fall under the umbrella of shareholder rights and corporate governance."
hr1090-114,7,SOX / PCAOB / audit firm oversight,"The bill focuses on standards of conduct for brokers and dealers, SEC regulation, and potential impacts on investment advisors, all of which fall under the purview of the Sarbanes-Oxley Act's oversight of public company auditors and financial reporting."
hr3623-113,15,Crowdfunding and small-issuer capital formation,"The bill focuses on easing capital formation for emerging growth companies through changes to IPO registration processes and disclosure requirements, aligning with the goals of crowdfunding and small-issuer capital formation legislation."
s1396-109,8,Investment company / hedge fund / investment adviser regulation,"The bill directly amends the Investment Company Act of 1940 and focuses on regulating investment companies and their investments in small businesses, aligning with the description of category 8."
hr6921-110,2,"Derivatives, swaps, CFTC regulation","The bill focuses on oversight and transparency of commodity futures markets, including reporting requirements for index traders and swap dealers, and falls under the regulation of the Commodity Futures Trading Commission (CFTC) and derivatives/swaps trading."
s484-115,8,Investment company / hedge fund / investment adviser regulation,"The bill directly addresses regulation of investment companies and amends the Investment Company Act of 1940, falling squarely within the scope of investment company regulation."
hr2661-109,7,SOX / PCAOB / audit firm oversight,"The bill concerns securities regulation and government trust funds, specifically relating to arbitrage exceptions and distributions, which falls under the broader scope of audit and oversight of financial instruments and regulations like those addressed by SOX and PCAOB."
hr3128-111,21,Credit rating agency regulation,"The bill directly addresses the methodologies of Nationally Recognized Statistical Rating Organizations (NRSROs) and their ratings of asset-backed securities, which falls under credit rating agency regulation."
hr2555-111,14,Insurance regulation,"The bill focuses on homeowners' insurance coverage for catastrophic events, establishing a consortium, providing debt guarantees, reinsurance coverage, and mitigation grants, all of which fall under the scope of insurance regulation."
s314-109,19,Corporate bankruptcy: employee and retiree protections,"The bill focuses on protecting workers, pensioners, and small businesses in bankruptcy cases, which directly relates to employee and retiree protections within the context of corporate bankruptcy proceedings."
hr7240-110,7,SOX / PCAOB / audit firm oversight,"The bill directly addresses accounting and auditing rules (fair value accounting, rule 10a-1, regulation SHO) and involves the SEC, which is closely tied to the oversight of public company auditors and the Sarbanes-Oxley Act framework."
hr2266-113,6,Dodd-Frank reform / implementation,"The bill directly amends the Dodd-Frank Act, specifically focusing on systemically important entities and their financial stability, which falls under the scope of Dodd-Frank reform and implementation."
s383-111,13,TARP oversight and wind-down,"The bill focuses on oversight of the Troubled Asset Relief Program (TARP), specifically enhancing the authorities and responsibilities of the Special Inspector General (SIGTARP) established to monitor TARP funds, which falls directly under TARP oversight and wind-down activities."
hr1577-111,3,Executive compensation at financial firms / TARP,"The bill focuses on recouping and restricting incentive bonus and retention payments made to executives and employees of financial firms, particularly those receiving TARP funds, directly addressing executive compensation issues."
hr1184-113,4,Money laundering / financial crime strategy,"The bill directly addresses penalties for violations of anti-structuring laws, which fall under the umbrella of anti-money laundering (AML) enforcement and financial crime strategy."
hr1667-111,4,Money laundering / financial crime strategy,"The bill focuses on prohibiting fraud offenses and financial crimes related to military action and reconstruction efforts, which directly aligns with anti-money laundering and financial crime strategy."
hr4291-109,11,Shareholder rights / corporate governance,"The bill focuses on increased disclosure requirements and shareholder voting related to executive compensation, which directly aligns with shareholder rights and corporate governance principles."
s1211-104,4,Money laundering / financial crime strategy,"The bill focuses on improving the collection and enforcement of restitution to victims of crime, which directly relates to financial crime strategy and ensuring compensation for victims, a key aspect of anti-money laundering and financial crime efforts."
hr975-108,19,Corporate bankruptcy: employee and retiree protections,"The bill focuses heavily on amendments to the bankruptcy code, specifically addressing protections for debtors and provisions related to employee and retiree considerations within bankruptcy proceedings, as evidenced by sections dealing with special circumstances, domestic support obligations, and crime victim claims."
hr2695-111,1,"Systemic risk / FSOC / ""too big to fail""","The bill addresses competitive rates and terms for merchants accessing electronic payment systems, which relates to systemic financial risk and the overall structure of the financial marketplace, potentially impacting 'too big to fail' institutions and the Financial Stability Oversight Council's purview."
s1780-113,7,SOX / PCAOB / audit firm oversight,"The bill directly concerns funding for the Public Company Accounting Oversight Board (PCAOB), which is central to the regulation of public company auditors and falls under the scope of SOX oversight."
s2062-108,7,SOX / PCAOB / audit firm oversight,"The bill focuses on procedures related to class action settlements, attorney's fees, and judicial oversight, which aligns with the regulation of public company auditors and legal proceedings, falling under the scope of SOX/PCAOB/audit firm oversight."
s3274-109,7,SOX / PCAOB / audit firm oversight,"The bill includes provisions related to auditing, record keeping (bank and business records), and establishing a claims resolution process which falls under the purview of financial accounting and oversight, similar to SOX and PCAOB regulations."
hr5233-113,4,Money laundering / financial crime strategy,"The bill addresses the theft of trade secrets, which falls under the umbrella of financial crime and specifically focuses on protecting business records and preventing economic espionage, aligning with the focus of anti-money laundering and financial crime strategy."
s318-105,18,Consumer / predatory mortgage lending,"The bill focuses heavily on private mortgage insurance (PMI) cancellation, disclosure requirements, and liability related to mortgage loans, directly addressing consumer protection and predatory lending concerns within the mortgage market."
hr1223-112,6,Dodd-Frank reform / implementation,"The bill directly addresses the implementation of credit risk retention requirements under the Securities Exchange Act of 1934, which was amended by the Dodd-Frank Act, making it a matter of Dodd-Frank reform/implementation."
hr2905-115,12,Data breach / identity theft / financial privacy,"The bill directly addresses identity theft, including scams perpetrated by individuals impersonating IRS employees, and focuses on data breach and identity theft prevention for consumers."
s3270-114,4,Money laundering / financial crime strategy,"The bill focuses on preventing and prosecuting elder abuse and exploitation, which directly relates to financial crime strategy and anti-money laundering efforts as elder abuse often involves fraud offenses and financial crimes."
s239-110,12,Data breach / identity theft / financial privacy,"The bill focuses on data breach notification requirements and financial data privacy protections for consumers, directly aligning with the description of Category 12."
hr5594-114,4,Money laundering / financial crime strategy,"The bill explicitly focuses on establishing a national strategy for combating the financing of terrorism and related financial crimes, which directly aligns with the definition of anti-money laundering (AML) enforcement and financial crime strategy."
hr5606-114,4,Money laundering / financial crime strategy,"The bill focuses on information sharing between financial institutions to combat money laundering and terrorist financing, which directly relates to anti-money laundering (AML) enforcement and financial crime strategy."
hr4203-106,2,"Derivatives, swaps, CFTC regulation","The bill explicitly addresses the clearing of over-the-counter derivative instruments and clarifies the jurisdiction of the CFTC and SEC over these instruments, falling squarely within the scope of derivatives regulation."
s2536-105,4,Money laundering / financial crime strategy,"The bill focuses heavily on international crime, including money laundering, and improving cooperation to deter international crime and terrorism, which directly aligns with the focus of category 4 on anti-money laundering enforcement and financial crime strategy."
hr4492-103,2,"Derivatives, swaps, CFTC regulation","The bill explicitly concerns the Commodity Futures Trading Commission (CFTC) and futures trading, directly falling under the scope of derivatives and CFTC regulation."
hr618-103,7,SOX / PCAOB / audit firm oversight,"The bill focuses on securities regulation, recordkeeping requirements for brokers and dealers, preventing fraud and manipulation in securities transactions, and oversight of securities associations, all of which fall under the purview of SOX, PCAOB, and audit firm oversight."
hr6079-109,8,Investment company / hedge fund / investment adviser regulation,"The bill specifically focuses on studying the hedge fund industry, including investor protections and regulation, which falls under the purview of investment company/hedge fund/investment adviser regulation."
hr6332-115,4,Money laundering / financial crime strategy,"The bill explicitly concerns the Financial Crimes Enforcement Network (FinCEN) and the use of financial activity data to counter weapons proliferation, which falls under financial crime strategy and anti-money laundering efforts."
hr2575-108,6,Dodd-Frank reform / implementation,"The bill directly addresses the regulation and oversight of Fannie Mae and Freddie Mac, which are central to the Dodd-Frank Act's provisions regarding systemic risk and financial stability, thus constituting Dodd-Frank reform/implementation."
hr4208-108,7,SOX / PCAOB / audit firm oversight,"The bill amends the Sarbanes-Oxley Act and directs the SEC to create rules regarding executive compensation and profit recapture, directly relating to SOX and audit firm oversight."
s3186-112,4,Money laundering / financial crime strategy,"The bill prohibits altering mobile device identification numbers, which falls under fraud offenses and financial crimes as it could be used to conceal stolen property and facilitate illicit activity."
hr1638-112,5,Federal Reserve audit / transparency,"The bill directly addresses the Federal Reserve's governance structure by removing its authority to pay earnings on reserves and mandates a specific monetary policy (linking the dollar to the price of gold), which falls under audit and transparency concerns."
hr1657-104,9,Banking capital requirements / Basel III,"The bill focuses on bank capital requirements, specifically addressing capital measurement components for credit risk and interest rate risk, and mandates prompt corrective action for inadequately capitalized member banks, aligning with the category of Banking capital requirements / Basel III."
s945-106,18,Consumer / predatory mortgage lending,"The bill focuses heavily on consumer credit, mortgage lending practices, TILA disclosures, and protections against predatory lending, all of which fall under the scope of consumer/predatory mortgage lending legislation."
hr6366-109,4,Money laundering / financial crime strategy,"The bill focuses on reforming requirements for reporting cash transactions, which directly relates to anti-money laundering (AML) efforts and financial crime prevention by adjusting reporting thresholds and potentially reducing unnecessary paperwork for financial institutions."
hr2998-113,7,SOX / PCAOB / audit firm oversight,"The bill concerns the regulation of dispute resolution (specifically arbitration) related to securities, which falls under the purview of the Sarbanes-Oxley Act and the oversight of the PCAOB as it relates to auditor independence and accountability in financial reporting."
s1719-116,7,SOX / PCAOB / audit firm oversight,"The bill focuses on oversight of financial services and investments, specifically relating to senior investors and recommending actions for the SEC, which falls under the purview of financial regulation and potential audit/oversight improvements."
hr1965-105,4,Money laundering / financial crime strategy,"The bill focuses on reforming civil asset forfeiture procedures, which are directly related to financial crime strategy and the handling of assets seized in connection with alleged criminal activity, including drug trafficking, bank fraud, and other offenses."
hr317-115,7,SOX / PCAOB / audit firm oversight,"The bill concerns accounting principles and standards, specifically related to repurchase-to-maturity transactions, which falls under the purview of accounting oversight and regulation similar to the Sarbanes-Oxley Act and PCAOB responsibilities."
hr6878-115,4,Money laundering / financial crime strategy,"The bill addresses criminal penalties for unlawful payments related to referrals for recovery and treatment facilities, which falls under the scope of financial crime strategy and anti-money laundering enforcement by targeting illicit financial incentives within the healthcare system."
s838-105,7,SOX / PCAOB / audit firm oversight,"The bill concerns securities regulation and instructs the SEC on information disclosure requirements, which falls under the purview of the Sarbanes-Oxley Act and PCAOB oversight of public company auditing and reporting."
hr5405-113,6,Dodd-Frank reform / implementation,"The bill explicitly states it makes 'technical corrections to the Dodd-Frank Wall Street Reform and Consumer Protection Act,' directly addressing the provisions of Dodd-Frank and thus falls under Dodd-Frank reform/implementation."
hr1697-112,6,Dodd-Frank reform / implementation,"The bill amends the Sarbanes-Oxley Act of 2002 and the Dodd-Frank Act, directly addressing financial regulation and implementation of existing laws."
hr578-103,8,Investment company / hedge fund / investment adviser regulation,"The bill focuses on the regulation of investment advisers, including registration, inspection, fees, disclosure requirements, and prohibited transactions, all of which fall under the scope of investment company/hedge fund/investment adviser regulation."
hr3662-105,4,Money laundering / financial crime strategy,"The bill focuses on the disposition of assets stolen from Holocaust victims, which directly relates to financial crime strategy and anti-money laundering efforts, as well as investigating potential wrongdoing involving money and property."
hr6266-114,6,Dodd-Frank reform / implementation,"The bill amends the Federal Deposit Insurance Act, which is a core component of the regulatory framework established by the Dodd-Frank Act, and addresses restrictions on brokered deposits, a concept directly related to Dodd-Frank implementation."
hr502-116,4,Money laundering / financial crime strategy,"The bill focuses on investigating the use of virtual currencies and online marketplaces for financial crimes, specifically sex and drug trafficking, which directly relates to anti-money laundering and financial crime strategy."
s360-111,3,Executive compensation at financial firms / TARP,"The bill directly addresses pay limits at firms receiving TARP funds, which falls under the scope of executive compensation at financial firms and TARP-related legislation."
s2939-111,5,Federal Reserve audit / transparency,"The bill explicitly requires an audit of the Federal Reserve System and its banks, which directly falls under the scope of legislation concerning Federal Reserve audit and transparency."
hr3624-114,7,SOX / PCAOB / audit firm oversight,"The bill concerns judicial procedure and evidence related to fraudulent claims of jurisdiction, which is closely tied to the integrity of legal proceedings and the accuracy of financial reporting, falling under the umbrella of audit and oversight principles similar to those addressed by SOX and PCAOB regulations."
hr1478-114,14,Insurance regulation,"The bill directly addresses insurance companies, state insurance authorities, and the FDIC's actions related to insurance company assets and rehabilitation, falling squarely within the scope of insurance regulation."
hr845-110,4,Money laundering / financial crime strategy,"The bill focuses on restitution to victims of crime, expanding the scope of recoverable losses and improving enforcement mechanisms, which directly relates to financial crime strategy and compensation for victims."
hr4571-113,7,SOX / PCAOB / audit firm oversight,"The bill concerns disclosures related to compensatory benefit plans and directs the SEC to revise its rules, which falls under the purview of corporate finance and securities regulation, aligning with the focus of SOX/PCAOB/audit firm oversight as it relates to corporate reporting requirements."
s2844-111,4,Money laundering / financial crime strategy,"The bill amends federal criminal code to improve the terrorist hoax statute, which falls under fraud offenses and financial crimes related to the investigation and response to potential terrorist threats, aligning with anti-money laundering and financial crime strategy efforts."
s3739-110,2,"Derivatives, swaps, CFTC regulation","The bill explicitly addresses the regulation of derivatives and unregistered hedge funds, falling directly within the scope of derivatives regulation and CFTC regulation as defined in category 2."
s31-109,18,Consumer / predatory mortgage lending,"The bill focuses on consumer protections related to international money transfers (remittances), which fall under the umbrella of financial services and lending practices aimed at protecting consumers from potentially predatory or unfair terms."
hr6545-111,16,Corporate nonfinancial / ESG disclosure,"The bill focuses on disclosing information about corporate conduct and enforcement actions, which aligns with the intent of corporate nonfinancial/ESG disclosure legislation by increasing transparency around corporate behavior."
hr1348-111,5,Federal Reserve audit / transparency,"The bill focuses on increasing the transparency of the Federal Reserve by requiring the publication of information about financial assistance provided, which directly relates to Federal Reserve audit and transparency concerns."
s139-111,12,Data breach / identity theft / financial privacy,"The bill focuses on data breach notification, identity theft prevention, and financial data privacy protections for consumers, directly aligning with the description of category 12."
hr4023-114,4,Money laundering / financial crime strategy,"The bill repeals provisions related to fraudulent offenses and financial crimes, specifically addressing the fraudulent display of emblems and the commercial use of a coat of arms, which fall under the scope of financial crime strategy and enforcement."
s883-104,6,Dodd-Frank reform / implementation,"The bill amends the Federal Credit Union Act, which falls under the broader scope of financial regulation and potential implementation changes, aligning with the focus of Dodd-Frank reform/implementation legislation."
s812-114,7,SOX / PCAOB / audit firm oversight,"The bill directly amends the Sarbanes-Oxley Act of 2002 regarding internal controls and audit requirements for smaller financial institutions, placing it squarely within the scope of SOX/PCAOB/audit firm oversight."
hr7104-110,13,TARP oversight and wind-down,"The bill focuses on oversight of the 2008 financial crisis through a commission to investigate its causes and recommend preventative measures, aligning with the broader scope of TARP oversight and wind-down beyond executive compensation."
hr1862-116,14,Insurance regulation,"The bill directly addresses the structure and existence of the Federal Insurance Office, which is a key component of insurance regulation."
s1723-111,13,TARP oversight and wind-down,"The bill focuses on the oversight and wind-down of the TARP program, specifically establishing a trust to manage TARP recipient assets and outlining liquidation requirements, which falls under TARP oversight beyond executive compensation."
hr467-111,6,Dodd-Frank reform / implementation,"The bill directly relates to the financial crisis and attempts to retroactively address the handling of a major financial institution's bankruptcy (Lehman Brothers) under the Emergency Economic Stabilization Act, which is closely tied to the Dodd-Frank Act's broader framework for financial stability and crisis response."
s1195-106,12,Data breach / identity theft / financial privacy,"The bill focuses on protecting the privacy of customers' financial information, including notice and consent requirements for sharing or selling personally identifiable financial information, which directly relates to data privacy and financial privacy protections for consumers."
hr4218-115,4,Money laundering / financial crime strategy,"The bill addresses fraud offenses and financial crimes, specifically focusing on strengthening accountability and oversight related to bribery of public officials, which falls under the broader scope of financial crime strategy and enforcement."
hr6337-111,13,TARP oversight and wind-down,"The bill directly relates to oversight of the TARP program by mandating disclosure requirements for institutions receiving assistance, which falls under the scope of TARP oversight beyond executive compensation."
hr238-115,2,"Derivatives, swaps, CFTC regulation","The bill directly addresses the Commodity Futures Trading Commission (CFTC) and regulates swaps, clearing requirements, and swap dealer registration, all of which fall under the scope of derivatives and CFTC regulation."
hr1652-111,3,Executive compensation at financial firms / TARP,"The bill directly addresses employee bonus payment plans at financial institutions receiving TARP funds, which falls under the scope of executive compensation regulation."
hr316-104,7,SOX / PCAOB / audit firm oversight,"The bill focuses on due process protections for bank directors and officers facing civil actions, which relates to standards of care, liability, and potentially audit/oversight processes, aligning with the scope of SOX, PCAOB, and audit firm oversight."
hr173-106,6,Dodd-Frank reform / implementation,"The bill amends the Community Reinvestment Act, which was originally enacted as part of broader financial regulation and is often subject to implementation and reform efforts alongside Dodd-Frank."
hr4223-112,4,Money laundering / financial crime strategy,"The bill focuses on prohibiting the theft and trafficking of medical products, which falls under the umbrella of financial crimes and anti-money laundering efforts due to the potential for economic loss and organized criminal activity."
hr5221-107,19,Corporate bankruptcy: employee and retiree protections,"The bill explicitly focuses on protecting employees and retirees' earnings and retirement savings in corporate bankruptcy proceedings, aligning with the description of category 19: 'Corporate bankruptcy: employee and retiree protections'."
s1650-112,6,Dodd-Frank reform / implementation,"The bill explicitly focuses on the implementation of Title VII of the Dodd-Frank Act, including amendments to extend regulation dates and coordinate oversight, directly falling under Dodd-Frank reform/implementation."
hr6251-114,7,SOX / PCAOB / audit firm oversight,"The bill directly relates to the Sarbanes-Oxley Act and the Public Company Accounting Oversight Board (PCAOB), focusing on the transparency of PCAOB disciplinary proceedings and audit firm oversight."
hr1165-114,7,SOX / PCAOB / audit firm oversight,"The bill concerns accounting principles and standards, specifically related to how repurchase-to-maturity transactions are treated, which falls under the purview of accounting oversight and regulation similar to Sarbanes-Oxley and the PCAOB."
hr3143-105,17,AML / beneficial ownership / corporate transparency,"The bill focuses on disclosure requirements for foreign insurance companies regarding financial dealings with Holocaust survivors and victims, and prohibits U.S. banks from transacting with non-compliant companies, which directly relates to corporate transparency and combating illicit finance by uncovering past financial activities."
hr2896-114,6,Dodd-Frank reform / implementation,"The bill focuses on tailoring regulations to fit the risk profiles of financial institutions, which is a direct implementation and reform effort related to the Dodd-Frank Act's broad regulatory framework."
hr1624-115,9,Banking capital requirements / Basel III,"The bill concerns the classification of municipal obligations as liquid assets for banking purposes, which directly relates to banking capital requirements and liquidity standards."
hr1173-111,4,Money laundering / financial crime strategy,"The bill focuses on combating financial crimes related to the theft and resale of stolen retail merchandise, which falls under the scope of anti-money laundering and financial crime strategy."
hr6069-110,7,SOX / PCAOB / audit firm oversight,"The bill focuses on empowering the SEC with enhanced enforcement authority and nationwide subpoena power, which directly relates to the oversight of securities regulation and the functioning of the PCAOB and audit procedures."
hr4060-113,6,Dodd-Frank reform / implementation,"The bill directly amends the Dodd-Frank Wall Street Reform and Consumer Protection Act, specifically regarding the Financial Stability Oversight Council's (FSOC) authority to designate bank holding companies for enhanced supervision, which falls under Dodd-Frank reform/implementation."
hr4516-111,1,"Systemic risk / FSOC / ""too big to fail""","The bill explicitly addresses preventing companies from becoming 'too big to fail' and defines 'systemic risk,' which falls directly under the scope of systemic risk and FSOC regulation."
hr3745-107,16,Corporate nonfinancial / ESG disclosure,"The bill focuses on requiring public companies to disclose corporate charitable contributions, which falls under the category of non-financial disclosure related to corporate behavior and transparency."
hr797-113,7,SOX / PCAOB / audit firm oversight,"The bill focuses on the regulation of municipal advisors, including their fiduciary duties, registration requirements, and the scope of MSRB rules, which falls under the broader umbrella of audit firm oversight and securities regulation as it relates to public companies and their advisors."
hr1909-112,15,Crowdfunding and small-issuer capital formation,"The bill focuses on creating a new type of financial company (FFSCCs) to provide credit alternatives to the underbanked, which aligns with easing capital formation for underserved consumers and small businesses, similar to the goals of the JOBS Act."
hr2549-111,21,Credit rating agency regulation,"The bill directly addresses regulation of Nationally Recognized Statistical Rating Organizations (NRSROs), their policies, procedures, and performance measures, which falls under credit rating agency regulation."
hr3610-114,8,Investment company / hedge fund / investment adviser regulation,"The bill directly addresses regulation of investment companies under the Investment Company Act of 1940, specifically by removing an exemption for companies located in U.S. possessions."
s1434-112,12,Data breach / identity theft / financial privacy,"The bill explicitly focuses on protecting consumer information, requiring data breach notification, and addressing identity theft prevention, which directly aligns with the Data breach / identity theft / financial privacy category."
hr5729-114,4,Money laundering / financial crime strategy,"The bill focuses on financial transactions involving Iran and requires reporting on risks related to money laundering and financing of terrorism, which directly aligns with financial crime strategy and enforcement."
s2433-105,12,Data breach / identity theft / financial privacy,"The bill focuses on protecting consumer financial information from being obtained under false pretenses, directly relating to data privacy and potential identity theft, which falls under category 12."
hr3010-113,7,SOX / PCAOB / audit firm oversight,"The bill concerns accounting principles and standards, specifically related to repurchase-to-maturity transactions, which falls under the purview of accounting oversight and audit regulations like those addressed by the Sarbanes-Oxley Act and the PCAOB."
hr4617-111,13,TARP oversight and wind-down,"The bill directly relates to the oversight and restrictions on the use of funds from the Troubled Asset Relief Program (TARP), specifically prohibiting their use for political purposes, which falls under TARP oversight beyond executive compensation."
hr3527-112,2,"Derivatives, swaps, CFTC regulation","The bill directly addresses the regulation of swaps and the Commodity Futures Trading Commission (CFTC), focusing on clarifying the definition of 'swap dealer' and related exemptions, which falls under derivatives regulation."
hr4217-112,8,Investment company / hedge fund / investment adviser regulation,"The bill focuses on regulating mutual depository institutions, including capital standards for 'Mutual Investment Certificates' and restrictions on takeovers of mutual savings associations, which falls under the regulation of investment companies and investment advisers."
hr2803-115,4,Money laundering / financial crime strategy,"The bill focuses on preventing and punishing human trafficking, assisting victims, and funding investigations, all of which fall under the umbrella of financial crime strategy and anti-money laundering efforts as trafficking often involves financial exploitation."
hr2268-115,4,Money laundering / financial crime strategy,"The bill addresses financial crimes (labor and sex trafficking) and focuses on preventing victimization, aligning with the broader scope of financial crime strategy and anti-trafficking efforts."
s2240-107,4,Money laundering / financial crime strategy,"The bill addresses fraud and abuse targeting seniors, including nursing home fraud, telemarketing fraud, and healthcare benefit program fraud, all of which fall under the umbrella of financial crime strategy and anti-money laundering efforts."
hr1610-112,6,Dodd-Frank reform / implementation,"The bill directly amends provisions related to the Dodd-Frank Act, specifically regarding swap participant definitions and implementation of margin requirements under Title VII."
hr2374-113,7,SOX / PCAOB / audit firm oversight,"The bill focuses on standards of conduct for brokers and dealers, SEC regulation, and relates to the Investment Advisers Act, all of which fall under the purview of SOX, PCAOB, and audit firm oversight as it concerns the regulation of financial professionals and public company interactions."
hr2558-106,7,SOX / PCAOB / audit firm oversight,"The bill focuses on the governance, oversight, and financial operations of a corporation (Federal Prison Industries, Inc.), which falls under the purview of corporate regulation and audit practices, similar to the Sarbanes-Oxley Act's focus on corporate accountability."
hr3261-112,4,Money laundering / financial crime strategy,"The bill focuses on combating the theft of U.S. property, including intellectual property, and addresses financial crimes related to online piracy through measures like suspending payment services and preventing access to infringing sites, which falls under financial crime strategy and anti-money laundering efforts."
s360-116,11,Shareholder rights / corporate governance,"The bill focuses on corporate governance by requiring diversity disclosures, which falls under shareholder rights and corporate governance practices related to board composition and transparency."
s1822-108,8,Investment company / hedge fund / investment adviser regulation,"The bill focuses on regulation of mutual funds, disclosure requirements for fees and expenses, and board composition of investment companies, all of which fall under the purview of investment company regulation."
hr4564-113,15,Crowdfunding and small-issuer capital formation,"The bill directly addresses equity crowdfunding, Regulation A+, and mechanisms to ease capital formation for small issuers, which falls under the definition of category 15."
hr1478-104,6,Dodd-Frank reform / implementation,"This bill directly relates to the implementation and restructuring of deposit insurance funds and the handling of failed institutions, which falls under the broader scope of the Dodd-Frank Act's provisions regarding financial stability and resolution mechanisms."
hr289-104,4,Money laundering / financial crime strategy,"The bill focuses on allowing civil actions to assess penalties for violations involving financial institutions, which directly relates to financial crime and enforcement, including fraud and embezzlement."
s1725-113,7,SOX / PCAOB / audit firm oversight,"The bill amends the Securities Investor Protection Act, deals with trustee appointments, and focuses on accounting and auditing practices related to customer claims and SIPC reporting, all of which fall under the purview of SOX/PCAOB oversight and audit firm regulation."
s927-111,21,Credit rating agency regulation,"The bill explicitly focuses on enhancing oversight and auditing of nationally recognized statistical rating organizations (NRSROs), which falls directly under credit rating agency regulation."
hr3674-108,4,Money laundering / financial crime strategy,"The bill focuses on verifying the identity of individuals opening financial accounts and specifically prohibits the use of foreign government-issued identification (excluding passports), which directly relates to anti-money laundering and financial crime prevention efforts by ensuring proper identification of customers."
s2107-106,7,SOX / PCAOB / audit firm oversight,"The bill focuses on securities regulation, SEC oversight, audit requirements, and fee structures related to public company filings and investment advisers, all of which fall under the purview of SOX, PCAOB, and audit firm oversight."
hr68-115,7,SOX / PCAOB / audit firm oversight,"The bill includes provisions for accounting and auditing of grant recipients and congressional oversight, which falls under the purview of SOX/PCAOB/audit firm oversight as it relates to financial accountability and government studies."
s2208-113,4,Money laundering / financial crime strategy,"The bill concerns reliance on state examinations for financial institutions to comply with reporting requirements related to monetary instrument transactions, which falls under the scope of fraud offenses and financial crimes, specifically anti-money laundering (AML) enforcement."
hr4194-106,7,SOX / PCAOB / audit firm oversight,"The bill concerns information disclosure requirements related to corporate mergers and modifies filing fees, which falls under the purview of securities law and potentially audit procedures related to financial transactions."
hr7037-115,14,Insurance regulation,"The bill directly addresses flood insurance and disaster relief, which falls under the scope of insurance regulation."
s2324-114,7,SOX / PCAOB / audit firm oversight,"The bill focuses on transparency and accountability regarding engineering reports, appeals processes, and fraud prevention within the National Flood Insurance Program, which involves record keeping, oversight, and potential legal challenges related to claims, aligning with aspects of audit and oversight of financial processes."
hr221-105,6,Dodd-Frank reform / implementation,"The bill amends the Community Reinvestment Act, which was significantly impacted by the Dodd-Frank Act's provisions regarding fair lending and community development, making it a Dodd-Frank reform/implementation issue."
hr4066-110,2,"Derivatives, swaps, CFTC regulation","The bill directly regulates the trading of energy commodities, addresses price manipulation and speculation, and focuses on the Commodity Futures Trading Commission (CFTC) and its regulatory authority over swaps and futures, fitting the description of derivatives/swaps regulation."
hr4569-113,7,SOX / PCAOB / audit firm oversight,"The bill focuses on revisions to SEC filings (Form 10-K and Regulation S-K), which directly relates to the Sarbanes-Oxley Act's requirements for public company reporting and audit procedures, and the PCAOB's oversight of those audits."
hr6023-112,5,Federal Reserve audit / transparency,"The bill focuses on reforming the governance structure of the Federal Reserve by restricting conflicts of interest on its boards of directors and increasing oversight, which directly relates to Federal Reserve audit and transparency concerns."
hr5843-113,12,Data breach / identity theft / financial privacy,"The bill focuses on protecting the credit of minors from fraud and identity theft, which falls under the umbrella of data breach/identity theft/financial privacy protections for consumers."
hr2733-111,14,Insurance regulation,"The bill directly addresses insurance regulation, specifically focusing on the classification of fixed indexed annuities and insurance products and overturning a related SEC rule, which falls under the purview of insurance industry and regulation."
hr4788-113,6,Dodd-Frank reform / implementation,"The bill directly amends the Dodd-Frank Act, specifically excluding mid-sized financial institutions from certain definitions within it, making it a Dodd-Frank reform/implementation measure."
hr6325-109,7,SOX / PCAOB / audit firm oversight,"The bill concerns audited financial statements and matching requirements for organizations receiving funds from coin sales, which falls under the purview of audit oversight and financial reporting standards related to SOX and PCAOB regulations."
s1356-110,9,Banking capital requirements / Basel III,"The bill focuses on bank capital requirements, FDIC oversight of bank holding companies, and examination standards, all of which fall under the purview of banking capital regulations and Basel III implementation."
hr3594-111,13,TARP oversight and wind-down,"The bill focuses on the oversight and wind-down of the TARP program, specifically establishing a trust to manage TARP recipient assets and outlining liquidation requirements, which falls under TARP oversight beyond executive compensation."
s2591-114,7,SOX / PCAOB / audit firm oversight,"The bill focuses on whistleblower protections and reward structures related to financial fraud reporting, which directly impacts the enforcement of financial regulations and the oversight of public company auditors and financial institutions, aligning with the scope of SOX/PCAOB/audit firm oversight."
hr2905-106,4,Money laundering / financial crime strategy,"The bill explicitly addresses money laundering prevention, regulatory efforts to monitor private banking activities for compliance with financial laws, and reporting requirements for financial institutions, aligning with the focus of category 4."
hr4098-107,7,SOX / PCAOB / audit firm oversight,"The bill focuses on accounting and auditing standards, auditor responsibilities, and penalties for altering financial records, all of which fall under the purview of the Sarbanes-Oxley Act and PCAOB regulation."
s1225-111,2,"Derivatives, swaps, CFTC regulation","The bill directly addresses the regulation of energy contract markets, speculation limits, and the Commodity Futures Trading Commission (CFTC), all of which fall under the scope of derivatives and CFTC regulation."
hr2622-115,4,Money laundering / financial crime strategy,"The bill focuses on countering terrorist financing through expanded recordkeeping and reporting requirements for financial institutions, directly relating to anti-money laundering and financial crime strategy."
hr5118-107,7,SOX / PCAOB / audit firm oversight,"The bill focuses on penalties for accounting and auditing improprieties, certification of financial statements by corporate officers, and SEC authority related to securities violations, all of which fall under the purview of the Sarbanes-Oxley Act and PCAOB oversight."
s183-108,7,SOX / PCAOB / audit firm oversight,"The bill directly relates to the Securities and Exchange Commission's (SEC) authority and enforcement powers, including penalties and subpoenaing records, which falls under the purview of audit oversight and regulation of public company actors."
hr5410-108,18,Consumer / predatory mortgage lending,"The bill focuses on consumer protection related to checking account availability, overdraft fees, and check processing, which directly addresses mortgage lending practices and predatory lending protections."
hr1553-111,7,SOX / PCAOB / audit firm oversight,"The bill concerns corporate finance and management, specifically addressing hostile takeovers and providing legal remedies for mutual savings institutions, which falls under the broader scope of corporate governance and oversight similar to SOX and PCAOB regulations."
hr6038-111,6,Dodd-Frank reform / implementation,"The bill explicitly amends the Dodd-Frank Act to increase transparency, focusing on data standards across multiple financial regulatory agencies, which falls directly under Dodd-Frank reform and implementation."
s1465-113,17,AML / beneficial ownership / corporate transparency,"The bill focuses on disclosing beneficial owners of corporations to prevent misuse for criminal activities like money laundering and tax evasion, directly aligning with the goals of AML and corporate transparency legislation."
s3920-111,1,"Systemic risk / FSOC / ""too big to fail""","The bill focuses on security threats to financial markets and economic recovery, which aligns with the broader concerns of systemic risk and financial stability addressed under category 1."
s3004-111,11,Shareholder rights / corporate governance,"The bill focuses on shareholder rights by requiring prior approval for political expenditures and disclosure of those expenditures, directly relating to corporate governance and shareholder involvement in company decisions."
hr4618-109,7,SOX / PCAOB / audit firm oversight,"The bill focuses on the internal operations of the SEC regarding inspections, examinations, and delegation of authority, which directly relates to the oversight of public company auditors and the Sarbanes-Oxley Act's provisions for PCAOB regulation."
s1568-109,7,SOX / PCAOB / audit firm oversight,"The bill includes amendments to the Sarbanes-Oxley Act of 2002 to exempt smaller depository institutions from internal controls assessment requirements, and also touches on accounting and auditing standards, placing it within the scope of SOX/PCAOB/audit firm oversight."
s422-103,7,SOX / PCAOB / audit firm oversight,"The bill focuses heavily on securities regulation, including recordkeeping, fraud prevention, SEC authority, and reporting requirements related to government securities, all of which fall under the purview of SOX/PCAOB/audit firm oversight as it relates to public company disclosures and market integrity."
s1054-112,7,SOX / PCAOB / audit firm oversight,"The bill focuses on the accuracy and veracity of proofs of claim in bankruptcy proceedings and establishes audit procedures, which directly relates to accounting and auditing practices and oversight, aligning with the scope of SOX/PCAOB/audit firm oversight."
hr5113-109,19,Corporate bankruptcy: employee and retiree protections,"The bill directly addresses executive compensation within the context of corporate bankruptcies and includes provisions related to employee and retiree benefits, aligning with the focus of category 19."
hr6126-114,16,Corporate nonfinancial / ESG disclosure,"The bill explicitly requires disclosure of corporate tax payments and financial information, which falls under the scope of non-financial (tax) disclosure requirements for public companies."
s556-112,7,SOX / PCAOB / audit firm oversight,"The bill amends securities laws related to registration thresholds and involves a study by the SEC's Division of Corporation Finance, which falls under the purview of oversight of public company securities and audit procedures."
s1801-103,7,SOX / PCAOB / audit firm oversight,"The bill focuses on information disclosure requirements related to conversions of savings institutions and restricts insider transactions, which aligns with the Sarbanes-Oxley Act's emphasis on corporate transparency and audit oversight."
s226-110,7,SOX / PCAOB / audit firm oversight,"The bill focuses on reporting requirements related to settlements involving fraud and false claims against the government, which ties into corporate accountability and oversight similar to the goals of the Sarbanes-Oxley Act and the PCAOB's role in audit quality."
s3052-111,1,"Systemic risk / FSOC / ""too big to fail""","The bill directly addresses the establishment and maintenance of the Systemic Resolution Fund, which is a key component of policies designed to address systemic financial risk and the 'too big to fail' problem."
hr3981-114,4,Money laundering / financial crime strategy,"The bill focuses heavily on preventing tax-related identity theft and fraud, addressing anti-money laundering (AML) concerns through identity verification, reporting requirements, and penalties for misuse of taxpayer information."
hr3468-112,4,Money laundering / financial crime strategy,"The bill addresses trafficking in counterfeit drugs, which falls under fraud offenses and financial crimes, specifically related to the illicit financial activity associated with counterfeit drug distribution."
hr2096-110,12,Data breach / identity theft / financial privacy,"The bill focuses on financial data privacy protections for consumers by giving them control over receiving bank statements and avoiding penalties for managing their accounts, which falls under financial privacy concerns."
hr2357-114,15,Crowdfunding and small-issuer capital formation,"The bill focuses on easing capital formation for small issuers through revisions to Form S-3, creating a micro-offering safe harbor, and improving Regulation D, all of which align with the goals of crowdfunding and small-issuer capital formation legislation."
hr1965-112,7,SOX / PCAOB / audit firm oversight,"The bill amends securities laws related to shareholder registration thresholds and SEC oversight, which falls under the purview of the Sarbanes-Oxley Act and PCAOB's regulatory framework for public company auditors."
s1724-111,4,Money laundering / financial crime strategy,"The bill focuses on investigating and prosecuting real estate fraud, which falls under the umbrella of financial crimes and anti-money laundering efforts, as real estate fraud often involves illicit financial activity."
hr3641-116,7,SOX / PCAOB / audit firm oversight,"The bill focuses on increasing penalties for securities law violations and expands penalties related to SEC actions, which falls under the purview of SOX, PCAOB, and audit firm oversight as it relates to the accuracy and enforcement of financial reporting."
hr2515-103,7,SOX / PCAOB / audit firm oversight,"The bill concerns securities regulation, information disclosure related to securities, and the operation of national securities exchanges, all of which fall under the purview of the Sarbanes-Oxley Act and PCAOB oversight of public company auditors."
hr4097-103,6,Dodd-Frank reform / implementation,"The bill reforms the regulation of depository institution service corporations, which falls under the broader scope of financial regulation and could be considered an implementation or amendment of existing financial laws, similar to Dodd-Frank reforms."
s114-104,7,SOX / PCAOB / audit firm oversight,"The bill concerns disclosure requirements related to securities, which falls under the purview of the Securities and Exchange Commission (SEC) and the broader framework of securities regulation and audit oversight."
s2270-114,12,Data breach / identity theft / financial privacy,"The bill focuses on data privacy, specifically concerning geolocation information from electronic devices, data breach notification through consent requirements, and protections for consumers against misuse of their location data."
hr5924-111,7,SOX / PCAOB / audit firm oversight,"The bill concerns the disclosure of records submitted to the SEC, which falls under the purview of the Sarbanes-Oxley Act and the oversight of the PCAOB, as it relates to public company auditors and financial reporting."
hr2987-114,9,Banking capital requirements / Basel III,"The bill directly addresses bank capital requirements and the calculation of minimum capital ratios for depository institutions, aligning with the focus of category 9."
s1663-106,4,Money laundering / financial crime strategy,"The bill explicitly focuses on combating money laundering, protecting the U.S. financial system, and addressing governmental corruption, which falls directly under the scope of anti-money laundering enforcement and financial crime strategy."
s240-104,7,SOX / PCAOB / audit firm oversight,"The bill focuses heavily on securities fraud litigation, auditor disclosures, and amendments to the Securities Exchange Act of 1934, all of which fall under the purview of SOX, PCAOB, and audit firm oversight."
hr5892-113,0,,"The bill focuses on the regulation of cryptocurrencies and aims to create a moratorium on their regulation, which doesn't directly align with any of the listed categories related to traditional financial institutions, systemic risk, or specific financial regulations."
s961-114,12,Data breach / identity theft / financial privacy,"The bill explicitly focuses on data breach notification, identity theft prevention, and financial data privacy protections for consumers, directly aligning with category 12."
hr1447-110,4,Money laundering / financial crime strategy,"The bill focuses on reforming requirements for reporting cash transactions, which directly relates to anti-money laundering (AML) efforts and financial crime prevention by adjusting reporting thresholds and potentially reducing unnecessary paperwork for financial institutions."
hr2965-109,7,SOX / PCAOB / audit firm oversight,"The bill focuses on government procurement and oversight of Federal Prison Industries, including financial statements, competitive bidding processes, and reporting requirements, which aligns with aspects of audit and government accountability similar to those addressed by SOX and PCAOB regulations."
hr3428-111,13,TARP oversight and wind-down,"The bill directly relates to the oversight and wind-down of the TARP program by requiring a reduction in authorization with each repayment, falling under the scope of TARP oversight beyond executive compensation."
hr4450-114,17,AML / beneficial ownership / corporate transparency,"The bill focuses on beneficial ownership disclosure requirements for corporations and limited liability companies to combat illicit finance and assist law enforcement, directly aligning with the focus of category 17 on AML, beneficial ownership, and corporate transparency."
hr3032-114,7,SOX / PCAOB / audit firm oversight,"The bill concerns a reporting requirement of the Securities and Exchange Commission (SEC) related to accessing financial records, which falls under the oversight of the SEC and its regulatory functions, aligning with the scope of SOX/PCAOB/audit firm oversight as it relates to financial record access and transparency."
s978-114,15,Crowdfunding and small-issuer capital formation,"The bill focuses on easing capital formation for startups by clarifying rules around general solicitation for Regulation D offerings, which falls under crowdfunding and small-issuer capital formation legislation."
hr5596-114,7,SOX / PCAOB / audit firm oversight,"The bill amends the Securities Exchange Act of 1934, which falls under the purview of securities regulation and oversight, aligning with the focus of SOX, PCAOB, and audit firm oversight."
s3-105,4,Money laundering / financial crime strategy,"The bill addresses bank fraud, counterfeiting, drug abuse, and the transfer of alien prisoners, all of which fall under the umbrella of financial crime strategy and anti-money laundering efforts."
hr5408-111,12,Data breach / identity theft / financial privacy,"The bill directly addresses identity theft offenses and focuses on data breach and identity theft prevention, aligning with category 12's description of data breach notification and identity theft protections for consumers."
hr2652-113,6,Dodd-Frank reform / implementation,"This bill addresses banking regulation related to a specific industry (marijuana-related businesses) and aims to remove federal penalties for providing financial services to these businesses, which falls under the broader scope of reforming financial regulations and implementation of existing laws."
hr461-109,7,SOX / PCAOB / audit firm oversight,"The bill focuses on regulating investment companies, investment advisors, and broker/dealers, and involves reporting requirements to the SEC and establishing databases for registration information, all of which fall under the purview of SOX/PCAOB/audit firm oversight as it relates to securities regulation and investor protection."
hr2273-115,4,Money laundering / financial crime strategy,"The bill addresses fraud offenses and financial crimes related to cannabidiol, which falls under the broader scope of financial crime strategy and anti-money laundering concerns as it involves the handling of deposits and bank accounts."
hr1495-112,7,SOX / PCAOB / audit firm oversight,"The bill explicitly concerns an audit of federal assets (gold reserves) and directs the GAO to review the audit results, which falls under the purview of accounting and auditing practices similar to those regulated by SOX and overseen by the PCAOB."
hr1341-111,13,TARP oversight and wind-down,"The bill focuses on oversight of the Troubled Asset Relief Program (TARP), specifically enhancing the authorities and responsibilities of the Special Inspector General (SIGTARP) established to monitor TARP funds, which falls directly under TARP oversight and wind-down activities."
s1841-114,20,Financial institution resolution / SIFI bankruptcy,"The bill focuses on the liquidation, reorganization, or recapitalization of failing financial corporations, which directly relates to financial institution resolution and the Orderly Liquidation Authority (OLA) framework."
hr3970-107,7,SOX / PCAOB / audit firm oversight,"The bill focuses heavily on accounting standards, auditor oversight (establishing an Independent National Board of Accountancy), and certification of financial statements, all of which fall under the purview of the Sarbanes-Oxley Act and PCAOB regulation."
hr2292-113,2,"Derivatives, swaps, CFTC regulation","The bill explicitly addresses the regulation of high-frequency trading of commodities futures and options, and greater protection for derivatives traders, which falls directly under the scope of derivatives regulation and CFTC oversight."
hr3322-108,18,Consumer / predatory mortgage lending,"The bill focuses on protecting consumers from predatory lending practices related to mortgage loans, including disclosure requirements, high-cost loan definitions, and liability for violations, which directly aligns with the Consumer / predatory mortgage lending category."
s187-106,12,Data breach / identity theft / financial privacy,"The bill focuses on data breach notification, financial data privacy protections for consumers, and consumer rights regarding the sharing of their personally identifiable financial information."
hr2121-115,9,Banking capital requirements / Basel III,"The bill directly addresses bank capital requirements (specifically the supplementary leverage ratio) and how it is calculated for custodial banks, which falls under the scope of banking capital regulations."
hr3458-115,4,Money laundering / financial crime strategy,"The bill establishes requirements related to firearms and aims to trace ammunition, which falls under the broader scope of financial crime strategy and preventing illicit finance through tracking and identification of criminal activity."
s1985-107,7,SOX / PCAOB / audit firm oversight,"The bill focuses on securities regulation, enforcement actions, and barring individuals from participating in the securities industry based on past violations, which aligns with the scope of the Sarbanes-Oxley Act and PCAOB oversight of public company auditors and securities regulation."
s1600-112,6,Dodd-Frank reform / implementation,"The bill amends the Sarbanes-Oxley Act, the Dodd-Frank Act, and makes changes to financial regulations generally, indicating a focus on reforming and implementing existing financial legislation."
hr4514-114,7,SOX / PCAOB / audit firm oversight,"The bill amends the Investment Company Act of 1940 and concerns protections for registered investment companies related to divestment decisions, falling under the scope of audit firm oversight and regulation of public company auditors."
hr2990-109,21,Credit rating agency regulation,"The bill explicitly focuses on regulating Nationally Recognized Statistical Rating Organizations (NRSROs), reforming the credit rating system, and addressing conflicts of interest at rating agencies."
s1802-113,2,"Derivatives, swaps, CFTC regulation","The bill directly regulates swaps, specifically utility operations-related swaps, and involves the Commodity Futures Trading Commission (CFTC), falling under the scope of derivatives and CFTC regulation."
s549-114,7,SOX / PCAOB / audit firm oversight,"The bill concerns funding for the Securities Investor Protection Corporation (SIPC), which is directly involved in the oversight of public company auditors and the financial reporting ecosystem, falling under the purview of SOX/PCAOB/audit firm oversight."
s153-108,12,Data breach / identity theft / financial privacy,"The bill focuses on penalties for aggravated identity theft, which directly relates to data breach, identity theft prevention, and financial data privacy protections for consumers."
hr4435-111,16,Corporate nonfinancial / ESG disclosure,"The bill mandates disclosure of corporate political contributions and expenditures, falling under the scope of corporate nonfinancial/ESG disclosure legislation."
hr3210-107,14,Insurance regulation,"The bill explicitly focuses on ensuring the financial capacity of insurers to cover terrorism risks, which falls directly under insurance regulation and specifically addresses terrorism risk insurance (TRIA)."
hr11-107,2,"Derivatives, swaps, CFTC regulation","The bill explicitly addresses financial contracts, netting agreements, swaps, and the treatment of these contracts in bankruptcy and receivership, all of which fall under the purview of derivatives and CFTC regulation."
hr3036-113,6,Dodd-Frank reform / implementation,"The bill explicitly amends the Dodd-Frank Wall Street Reform and Consumer Protection Act, focusing on the systemic risk designation process, which falls under Dodd-Frank reform and implementation."
s1815-104,8,Investment company / hedge fund / investment adviser regulation,"The bill focuses heavily on regulating investment advisers, mutual funds, and investment companies, directly aligning with the description of category 8 which covers these entities and related Acts."
hr1824-115,4,Money laundering / financial crime strategy,"The bill addresses protections for depository institutions providing financial services to marijuana businesses, eliminates penalties for state-authorized marijuana activities, and addresses criminal records related to marijuana convictions, all of which fall under financial crime strategy and anti-money laundering concerns."
hr5180-113,6,Dodd-Frank reform / implementation,"The bill directly amends the Financial Stability Act of 2010 (which is Dodd-Frank) to improve the transparency of the Financial Stability Oversight Council and the SIFI designation process, making it a Dodd-Frank reform/implementation measure."
s822-113,7,SOX / PCAOB / audit firm oversight,"The bill focuses on improving the quality of legal representation, DNA testing, and evidence retention in criminal cases, which relates to audit procedures and oversight of the criminal justice system, aligning with the focus of SOX/PCAOB and audit firm oversight."
hr41-110,6,Dodd-Frank reform / implementation,"The bill amends several financial acts, including the Financial Institutions Reform, Recovery, and Enforcement Act of 1989 and the Riegle-Neal Interstate Banking and Branching Efficiency Act of 1994, which falls under the scope of broader financial reform and implementation efforts like Dodd-Frank."
hr31-113,8,Investment company / hedge fund / investment adviser regulation,"The bill directly addresses regulation of business development companies (BDCs), which are a type of investment company, and modifies rules under the Investment Company Act of 1940."
hr556-107,23,Internet gambling payment enforcement,"The bill explicitly addresses the use of financial instruments for unlawful Internet gambling and is titled the 'Leach-LaFalce Internet Gambling Enforcement Act,' directly aligning with the UIGEA framework."
s1941-112,7,SOX / PCAOB / audit firm oversight,"The bill amends securities laws related to registration thresholds and SEC regulations, which falls under the purview of audit and oversight of public companies and their securities reporting, aligning with the focus of SOX/PCAOB/audit firm oversight."
s3461-114,7,SOX / PCAOB / audit firm oversight,"The bill concerns fees paid to the Securities and Exchange Commission (SEC) and potential credits for overpayments, which relates to the oversight of financial firms and the SEC's functions, aligning with the scope of SOX/PCAOB/audit firm oversight as it touches on financial reporting and regulatory compliance."
s1185-115,4,Money laundering / financial crime strategy,"The bill addresses firearms trafficking, which is often linked to financial crimes like money laundering and organized crime, and includes provisions to punish and deter these offenses."
hr102-114,16,Corporate nonfinancial / ESG disclosure,"The bill focuses on disclosing information about corporate conduct and enforcement actions, which falls under the scope of corporate nonfinancial disclosure legislation, specifically related to business ethics and potential misconduct."
hr4164-113,7,SOX / PCAOB / audit firm oversight,"The bill concerns SEC reporting requirements and the use of XBRL, which falls under the regulation of public company auditors and financial reporting standards governed by SOX and the PCAOB."
hr4293-115,9,Banking capital requirements / Basel III,"The bill directly addresses the Comprehensive Capital Analysis and Review (CCAR) process and Dodd-Frank Act Stress Tests, which are core components of banking capital requirements and stress testing regulations."
hr3436-111,3,Executive compensation at financial firms / TARP,"The bill focuses on financial disclosures by CEOs of financial institutions receiving TARP funds, which directly relates to executive compensation and oversight of firms receiving government assistance under TARP."
hr4125-108,16,Corporate nonfinancial / ESG disclosure,"The bill explicitly requires corporations to disclose non-financial information – specifically, payments made to foreign governments – which falls under the scope of corporate nonfinancial/ESG disclosure legislation."
hr6308-110,21,Credit rating agency regulation,"The bill focuses on regulating Nationally Recognized Statistical Rating Organizations (NRSROs) and their credit rating practices, specifically for municipal bonds, which falls directly under credit rating agency regulation."
hr181-114,4,Money laundering / financial crime strategy,"The bill focuses on combating human trafficking, which is a significant financial crime, and includes provisions for grants related to law enforcement, investigation, and victim services, aligning with the focus of anti-money laundering and financial crime strategy."
hr6305-111,4,Money laundering / financial crime strategy,"The bill focuses on preventing and reporting financial fraud targeting seniors, specifically 'affinity scams,' which falls under the broader scope of financial crime strategy and anti-money laundering efforts."
hr6690-110,5,Federal Reserve audit / transparency,"The bill directly addresses the Federal Reserve System, its monetary policy, and aims to increase transparency by defining a fixed value for the dollar and requiring specific open market operations, which falls under audit and governance reform."
hr282-116,4,Money laundering / financial crime strategy,"The bill includes provisions related to trafficking in firearms, which falls under the umbrella of financial crimes and potentially money laundering, as illegal firearms sales can be linked to illicit financial activities."
hr3426-109,6,Dodd-Frank reform / implementation,"The bill addresses the applicability of state laws to national banks and federal savings associations, which relates to the implementation and scope of federal banking regulations and potentially modifies existing frameworks established by Dodd-Frank and other banking legislation."
hr33-112,7,SOX / PCAOB / audit firm oversight,"The bill amends the Securities Act of 1933, which falls under the purview of securities regulation and oversight, closely aligning with the focus of SOX, PCAOB, and audit firm oversight."
hr3646-112,7,SOX / PCAOB / audit firm oversight,"The bill focuses on establishing accountability for foreign manufacturers through registered agents for legal proceedings, which relates to audit and oversight procedures similar to those under SOX and PCAOB, though applied to a broader set of products and manufacturers."
s274-108,7,SOX / PCAOB / audit firm oversight,"The bill focuses on procedures related to class action settlements, including fairness, adequacy, notice requirements, and jurisdiction, which directly relates to the oversight of legal proceedings and potentially impacts public company audits and legal compliance."
hr1406-111,7,SOX / PCAOB / audit firm oversight,"The bill directly addresses accounting and auditing practices (mark-to-market accounting) and SEC rules related to securities trading, falling under the purview of SOX, PCAOB, and audit firm oversight."
hr924-115,7,SOX / PCAOB / audit firm oversight,"The bill focuses on review of determinations made by financial regulatory agencies, establishing an independent panel for appeals and setting timeframes for agency responses and reports, which relates to audit firm oversight and administrative procedures within the financial sector."
s860-115,7,SOX / PCAOB / audit firm oversight,"The bill focuses on oversight, reporting requirements, and internal controls related to grant programs, which aligns with the Sarbanes-Oxley Act's emphasis on accounting and auditing standards and government program accountability."
hr6037-112,9,Banking capital requirements / Basel III,"The bill focuses on bank capital calculation, allowance for loan and lease losses, and risk-based capital requirements, all of which fall under the purview of banking capital requirements and Basel III standards."
s958-106,6,Dodd-Frank reform / implementation,"The bill amends banking and securities laws regarding financial contracts in the context of insolvent institutions, which directly relates to the implementation and refinement of post-crisis financial regulations like Dodd-Frank, as it addresses issues arising from the failure of financial institutions and the handling of their contracts."
hr2009-111,13,TARP oversight and wind-down,"The bill directly relates to the Troubled Asset Relief Program (TARP) and focuses on the wind-down of the program by allowing immediate repayment of TARP funds, which falls under oversight and wind-down activities beyond executive compensation."
hr1115-113,16,Corporate nonfinancial / ESG disclosure,"The bill mandates disclosure of corporate political spending (compliance with FECA) as a condition for securities exchange registration, which falls under corporate nonfinancial/ESG disclosure legislation."
s824-113,11,Shareholder rights / corporate governance,"The bill focuses on shareholder authorization of political expenditures, proxy votes, and director liability, all of which fall under the umbrella of shareholder rights and corporate governance."
hr2940-105,10,Glass-Steagall / bank-securities separation,"The bill explicitly amends the Glass-Steagall Act to repeal the separation between commercial banking and securities activities, directly addressing bank-securities separation."
s1428-109,4,Money laundering / financial crime strategy,"The bill focuses on prohibiting transactions with individuals and entities supporting terrorism, which directly relates to anti-money laundering and financial crime strategy by cutting off financial support to terrorist activities."
hr428-116,4,Money laundering / financial crime strategy,"The bill focuses on assessing the use of virtual currency to support terrorism, which falls under the scope of financial crime strategy and anti-money laundering (AML) enforcement as virtual currency can be used for illicit finance."
hr1714-111,3,Executive compensation at financial firms / TARP,"The bill directly addresses compensation practices at firms receiving TARP funds, specifically requiring representation of lower-paid employees on compensation committees."
hr6659-110,6,Dodd-Frank reform / implementation,"The bill amends the Federal Deposit Insurance Act, which is a core component of the Dodd-Frank Act's framework for resolving failing financial institutions and managing systemic risk, thus relating to Dodd-Frank reform/implementation."
hr3607-107,18,Consumer / predatory mortgage lending,"The bill directly addresses mortgage lending practices, high-cost loans, predatory lending protections, and reforms to the Truth in Lending Act, all of which fall under the scope of consumer/predatory mortgage lending legislation."
s1907-112,7,SOX / PCAOB / audit firm oversight,"The bill directly relates to the Sarbanes-Oxley Act and the Public Company Accounting Oversight Board (PCAOB), focusing on the transparency of PCAOB disciplinary proceedings and audit firm oversight."
s961-111,2,"Derivatives, swaps, CFTC regulation","The bill explicitly focuses on the regulation of credit default swaps and other swap agreements, which falls directly under the scope of derivatives regulation and CFTC oversight."
s1895-103,6,Dodd-Frank reform / implementation,"The bill directly addresses the restructuring of financial regulatory agencies, effectively implementing broad changes to the existing banking regulatory framework, which falls under the scope of Dodd-Frank reform and implementation even though it predates the Dodd-Frank Act itself by consolidating existing agencies."
hr1673-111,3,Executive compensation at financial firms / TARP,"The bill directly addresses bonus payments to recipients of TARP funds, falling under the scope of executive compensation at financial firms and the original TARP legislation."
hr5670-115,16,Corporate nonfinancial / ESG disclosure,"The bill explicitly requires disclosure of political expenditures by public corporations, which falls under the scope of corporate nonfinancial/ESG disclosure legislation."
s255-114,4,Money laundering / financial crime strategy,"The bill focuses on modifying civil forfeiture proceedings, increasing the burden of proof for the government, and addressing financial crime strategy through reporting requirements and a scienter requirement for structuring transactions, all of which fall under the umbrella of money laundering and financial crime enforcement."
s1063-116,15,Crowdfunding and small-issuer capital formation,"The bill focuses on easing capital formation for small issuers by revising Regulation D to allow for broader solicitation of investors, which falls under the scope of crowdfunding and small-issuer capital formation legislation."
hr5948-111,7,SOX / PCAOB / audit firm oversight,"The bill concerns materials submitted to the SEC and relates to disclosure requirements, which falls under the purview of the Sarbanes-Oxley Act and PCAOB oversight of public company audits and reporting."
hr10-106,10,Glass-Steagall / bank-securities separation,"The bill explicitly addresses and repeals sections of the Glass-Steagall Act, which separated commercial and investment banking, and focuses on affiliations between banks and securities firms."
hr4263-115,15,Crowdfunding and small-issuer capital formation,"The bill directly addresses Regulation A+, a specific mechanism for easing capital formation for small issuers, which falls under the crowdfunding and small-issuer capital formation category."
hr4239-105,6,Dodd-Frank reform / implementation,"The bill directly addresses the treatment of financial contracts in the context of bank failures and insolvency, which falls under the scope of Dodd-Frank reform and implementation as it seeks to clarify and improve the legal framework surrounding financial institutions and their contracts post-failure."
hr4970-112,4,Money laundering / financial crime strategy,"The bill focuses on preventing waste, fraud, and abuse of funds related to grants for violence against women programs, and includes provisions on financial record-keeping and accounting practices, which falls under financial crime strategy and anti-money laundering enforcement."
s921-106,7,SOX / PCAOB / audit firm oversight,"The bill concerns electronic signatures for documents submitted to broker-dealers, transfer agents, and investment advisors, which falls under the regulation of public company auditors and the Sarbanes-Oxley Act's focus on document integrity and verification."
s1753-108,12,Data breach / identity theft / financial privacy,"The bill focuses on preventing identity theft, improving consumer access to credit reports, and enhancing the accuracy of consumer information, all of which fall under data breach/identity theft/financial privacy protections for consumers."
hr299-114,7,SOX / PCAOB / audit firm oversight,"The bill requires private deposit insurers to submit audit reports to the Federal Housing Finance Agency, which falls under the scope of accounting and auditing oversight related to financial institutions."
hr1779-111,4,Money laundering / financial crime strategy,"The bill explicitly focuses on the investigation and prosecution of financial crimes, including mortgage fraud, securities fraud, and financial institution fraud, which falls under the scope of anti-money laundering and financial crime strategy."
hr1208-110,16,Corporate nonfinancial / ESG disclosure,"The bill focuses on requiring public companies to disclose corporate charitable contributions, which falls under the category of non-financial disclosure related to corporate behavior and ESG metrics."
hr7190-110,7,SOX / PCAOB / audit firm oversight,"The bill explicitly concerns the revision of fair value accounting standards and references the Financial Accounting Standards Board (FASB), which falls under the purview of accounting and auditing regulations, aligning with the focus of SOX/PCAOB/audit firm oversight."
hr3269-111,11,Shareholder rights / corporate governance,"The bill focuses on shareholder votes on executive compensation, golden parachute agreements, and compensation committee independence, all of which fall under shareholder rights and corporate governance practices."
hr543-109,16,Corporate nonfinancial / ESG disclosure,"The bill focuses on requiring public companies to disclose corporate charitable contributions, which falls under the category of non-financial disclosure related to corporate behavior and ESG metrics."
hr1349-111,7,SOX / PCAOB / audit firm oversight,"The bill focuses on accounting principles and standards, transferring oversight authority from the SEC to a new board (FAOB), which directly relates to the Sarbanes-Oxley Act's goal of improving corporate financial reporting and audit quality."
s550-114,7,SOX / PCAOB / audit firm oversight,"The bill concerns the funding of a standard-setting body designated by the SEC to establish accounting principles, which directly relates to accounting and auditing standards overseen by the Sarbanes-Oxley Act and the PCAOB."
s3098-111,6,Dodd-Frank reform / implementation,"The bill directly addresses proprietary trading restrictions and conflicts of interest related to securitizations, which are core elements of the Dodd-Frank Act and its implementation, aiming to reform financial sector practices post-crisis."
hr1703-114,12,Data breach / identity theft / financial privacy,"The bill focuses on protecting minors from identity theft and fraud related to their credit reports, which falls under data breach/identity theft/financial privacy protections for consumers."
s424-103,7,SOX / PCAOB / audit firm oversight,"The bill focuses on proxy solicitation rules, information disclosure, and potential conflicts of interest related to securities transactions, all of which fall under the purview of the Sarbanes-Oxley Act, PCAOB oversight, and audit firm regulation."
hr838-114,6,Dodd-Frank reform / implementation,"The bill revises requirements related to surety bonds and SBA guarantees, which falls under the broader scope of financial sector regulations and potential implementation changes related to existing financial programs, aligning with Dodd-Frank reform/implementation as it concerns financial stability and access to capital."
hr1550-110,7,SOX / PCAOB / audit firm oversight,"The bill directly addresses the Sarbanes-Oxley Act of 2002 and focuses on reducing reporting burdens related to internal controls, which falls under SOX and audit firm oversight."
hr3817-111,7,SOX / PCAOB / audit firm oversight,"The bill focuses on SEC authority, investor protection through disclosure requirements, examination of financial professionals, and recordkeeping, all of which fall under the purview of SOX, PCAOB, and audit firm oversight as it relates to public company regulation and financial reporting."
hr30-106,12,Data breach / identity theft / financial privacy,"The bill focuses on protecting consumers' personal financial information from being fraudulently obtained, which directly relates to data breach, identity theft, and financial privacy protections."
hr7228-110,1,"Systemic risk / FSOC / ""too big to fail""","The bill addresses financial crises and stabilization by providing unlimited insurance on bank accounts and money market funds, directly relating to systemic risk and the protection of the financial sector."
hr3505-109,6,Dodd-Frank reform / implementation,"The bill explicitly aims to provide 'regulatory relief' for insured depository institutions and amends several provisions related to bank regulation, suggesting it falls under the scope of Dodd-Frank reform/implementation as it seeks to modify existing financial regulations."
hr1207-111,5,Federal Reserve audit / transparency,"The bill explicitly focuses on reforming the audit process of the Federal Reserve System and increasing transparency through detailed reporting to Congress, directly aligning with the 'Federal Reserve audit / transparency' category."
hr4015-115,11,Shareholder rights / corporate governance,"The bill focuses on proxy advisory firms, which directly impacts corporate governance practices like shareholder rights and the proxy voting process, aligning with category 11's description of shareholder rights and corporate governance."
hr2126-112,14,Insurance regulation,"The bill directly addresses insurance regulation, specifically focusing on risk retention groups and commercial property insurance, which falls under the scope of insurance markets and federal preemption of state laws related to insurance."
s259-103,7,SOX / PCAOB / audit firm oversight,"The bill focuses on the recording of stock option compensation as an expense in financial statements, which directly relates to the accuracy of financial reporting and falls under the purview of the Sarbanes-Oxley Act and the PCAOB's oversight of public company auditors."
s1549-104,7,SOX / PCAOB / audit firm oversight,"The bill focuses on securities regulation, information disclosure requirements for municipal securities, and amendments to securities acts, which falls under the purview of audit and oversight related to public company (in this case, municipal) disclosures, aligning with SOX/PCAOB/audit firm oversight principles."
hr1257-115,7,SOX / PCAOB / audit firm oversight,"The bill concerns the Securities and Exchange Commission (SEC) and fees paid by national securities exchanges, which falls under the purview of oversight related to public company auditors and the Sarbanes-Oxley Act."
hr5037-113,6,Dodd-Frank reform / implementation,"The bill explicitly states it amends the Dodd-Frank Wall Street Reform and Consumer Protection Act, directly falling under the scope of Dodd-Frank reform/implementation legislation."
hr4279-115,8,Investment company / hedge fund / investment adviser regulation,"The bill concerns regulations for investment companies (closed-end companies) and aims to reduce filing requirements, directly relating to the regulation of investment advisers and investment companies."
s60-111,4,Money laundering / financial crime strategy,"The bill addresses the fraudulent sale and counterfeiting of tickets, which falls under the umbrella of financial crimes and fraud offenses."
hr4170-103,2,"Derivatives, swaps, CFTC regulation","The bill explicitly focuses on regulating derivatives, disclosure requirements for derivative financial instruments, and the reporting to regulatory bodies like the CFTC, which falls under the Derivatives, swaps, CFTC regulation category."
hr494-116,7,SOX / PCAOB / audit firm oversight,"The bill references 'Accounting and auditing' and 'Congressional oversight', which falls under the broader scope of audit firm oversight and related governance, aligning with category 7."
s2973-108,7,SOX / PCAOB / audit firm oversight,"The bill focuses on the applicability of state laws to national banks, including consumer protection laws and enforcement by state attorneys general, which relates to oversight and regulation of financial institutions and could impact audit and compliance procedures."
s758-106,7,SOX / PCAOB / audit firm oversight,"The bill focuses on establishing legal standards and procedures for resolving asbestos claims, which involves aspects of civil actions, liability, discovery, evidence, judicial review, and legal fees, all falling under the purview of legal oversight and regulation similar to SOX/PCAOB concerns."
s150-115,4,Money laundering / financial crime strategy,"The bill focuses on preventing fraud against veterans, which falls under the umbrella of financial crimes and anti-fraud enforcement."
hr4357-111,13,TARP oversight and wind-down,"The bill focuses on the use of repaid TARP funds for programs assisting workers and families, which falls under TARP oversight and wind-down beyond executive compensation."
s3452-112,18,Consumer / predatory mortgage lending,"The bill directly addresses mortgage lending practices and consumer credit rates, aiming to protect consumers from predatory lending, which falls under the scope of category 18."
hr2586-110,8,Investment company / hedge fund / investment adviser regulation,"The bill directly addresses the regulation of investment advisers, specifically hedge fund advisers, and amends the Investment Advisers Act of 1940, which falls under the scope of investment company regulation."
hr3995-111,4,Money laundering / financial crime strategy,"The bill focuses on investigations and prosecutions of fraud offenses and financial crimes related to the 2008 Financial Crisis, directly aligning with anti-money laundering and financial crime strategy efforts."
hr2409-116,15,Crowdfunding and small-issuer capital formation,"The bill focuses on expanding access to capital for small businesses, specifically those in rural areas, which directly aligns with the goals of crowdfunding and small-issuer capital formation legislation like the JOBS Act."
hr1109-108,6,Dodd-Frank reform / implementation,"The bill directly addresses the restructuring of financial regulation by consolidating the CFTC and SEC into a new commission, which constitutes a significant reform of the Dodd-Frank framework as it fundamentally alters the regulatory landscape established by that Act."
s2460-107,7,SOX / PCAOB / audit firm oversight,"The bill focuses on accounting and auditing standards, independence of accounting boards, auditor restrictions, and oversight of financial statements, all of which fall under the purview of the Sarbanes-Oxley Act and PCAOB regulation."
hr2454-113,4,Money laundering / financial crime strategy,"The bill amends the Computer Fraud and Abuse Act (CFAA) and modifies penalty provisions related to obtaining information without authorization, which falls under the scope of financial crime enforcement and fraud offenses."
hr1063-104,2,"Derivatives, swaps, CFTC regulation","The bill explicitly focuses on the supervision and regulation of derivatives activities, including registration requirements, financial responsibility, reporting, and enforcement powers for the SEC, which falls under the scope of derivatives regulation and CFTC regulation."
s3389-112,4,Money laundering / financial crime strategy,"The bill addresses the theft of trade secrets, which falls under the umbrella of financial crime and fraud offenses, and aims to protect economic espionage, aligning with efforts to combat illicit financial activity."
hr6334-111,7,SOX / PCAOB / audit firm oversight,"The bill revises the Community Reinvestment Act assessments and includes provisions related to regulatory agencies like the SEC and the Bureau of Consumer Financial Protection, suggesting a focus on oversight and regulatory procedures similar to those addressed by SOX and PCAOB."
hr815-109,4,Money laundering / financial crime strategy,"The bill focuses on verifying the identity of individuals opening financial accounts and specifically prohibits the use of foreign government-issued identification (excluding passports), which directly relates to anti-money laundering (AML) efforts and financial crime prevention by ensuring proper identification of customers."
hr657-108,6,Dodd-Frank reform / implementation,"The bill directly expands the powers of the Securities and Exchange Commission (SEC) to respond to financial emergencies, which falls under the scope of Dodd-Frank reform and implementation as it relates to financial stability and regulatory authority."
s1855-104,7,SOX / PCAOB / audit firm oversight,"The bill concerns securities regulation and fees related to the Securities and Exchange Commission, which falls under the purview of audit firm oversight and the regulation of public companies."
s481-111,4,Money laundering / financial crime strategy,"The bill directly addresses the investigation of financial crimes by increasing funding for FBI agents, which falls under the scope of money laundering and financial crime strategy."
hr1135-113,6,Dodd-Frank reform / implementation,"The bill explicitly amends the Dodd-Frank Act, indicating it falls under the category of Dodd-Frank reform/implementation legislation."
hr6284-110,2,"Derivatives, swaps, CFTC regulation","The bill directly regulates commodity exchanges and energy trading, focusing on preventing manipulation and increasing transparency, which falls under the purview of the Commodity Futures Trading Commission (CFTC) and derivatives regulation."
hr1053-116,16,Corporate nonfinancial / ESG disclosure,"The bill explicitly mandates disclosure of political expenditures by public corporations, which falls under the scope of corporate nonfinancial/ESG disclosure legislation."
s1993-104,5,Federal Reserve audit / transparency,"The bill focuses on auditing the Federal Reserve, increasing transparency through reporting requirements, and reforming its governance structure by applying federal procurement regulations, all of which fall under the scope of Federal Reserve audit/transparency legislation."
hr5011-108,7,SOX / PCAOB / audit firm oversight,"The bill focuses on regulating investment companies, investment advisers, broker/dealer registration, and reporting requirements, all of which fall under the purview of the Sarbanes-Oxley Act and PCAOB oversight, as well as securities regulation generally."
s3431-112,4,Money laundering / financial crime strategy,"The bill focuses on regulating substances related to fraud offenses and financial crimes, specifically concerning anabolic steroids and their trafficking, which falls under the scope of financial crime strategy and anti-money laundering efforts."
hr1350-112,4,Money laundering / financial crime strategy,"The bill focuses on investigations and prosecutions of fraud offenses and financial crimes related to the 2008 Financial Crisis, directly aligning with anti-money laundering and financial crime strategy."
hr3760-105,4,Money laundering / financial crime strategy,"The bill directly addresses money laundering activities, specifically focusing on incorporating the prevention and investigation of money laundering into the review process for bank mergers and acquisitions, aligning with the core focus of category 4."
hr6361-110,4,Money laundering / financial crime strategy,"The bill focuses on penalties for violations of sanctions, which falls under the broader scope of financial crime strategy and anti-money laundering enforcement related to illicit finance and terrorism."
hr2869-111,2,"Derivatives, swaps, CFTC regulation","The bill directly addresses regulation of energy contract markets, speculation limits, and the Commodity Futures Trading Commission (CFTC), all of which fall under the scope of derivatives and CFTC regulation."
hr833-106,6,Dodd-Frank reform / implementation,"The bill is titled the 'Bankruptcy Reform Act of 2000' and extensively amends Title 11 of the United States Code (bankruptcy law), indicating a broad reform of bankruptcy procedures, which falls under the scope of Dodd-Frank reform/implementation as it relates to financial restructuring and consumer protection within the financial system."
s3416-112,7,SOX / PCAOB / audit firm oversight,"The bill focuses on increasing penalties for violations of federal securities laws and relates to enforcement actions by the SEC, which falls under the purview of SOX, PCAOB, and audit firm oversight."
s3704-110,4,Money laundering / financial crime strategy,"The bill directly addresses the investigation of financial crimes by authorizing additional FBI agents, which falls under the scope of money laundering and financial crime strategy."
hr1566-113,6,Dodd-Frank reform / implementation,"The bill involves the creation of a new type of federally chartered financial institution and explicitly references coordination with the CFPB under the Dodd-Frank Act, indicating it's related to Dodd-Frank implementation and reform."
hr3009-110,2,"Derivatives, swaps, CFTC regulation","The bill directly regulates over-the-counter derivatives in natural gas, specifically focusing on reporting requirements and CFTC oversight, which falls under the scope of derivatives regulation."
hr5649-112,2,"Derivatives, swaps, CFTC regulation","The bill directly addresses regulation of swaps and the Commodity Futures Trading Commission (CFTC) by clarifying exemptions for captive finance companies from swap clearing requirements, falling under the scope of derivatives regulation."
hr2629-113,15,Crowdfunding and small-issuer capital formation,"The bill focuses on easing regulatory burdens for smaller companies issuing securities, which directly relates to crowdfunding and small-issuer capital formation efforts like those under the JOBS Act."
hr2277-115,7,SOX / PCAOB / audit firm oversight,"The bill concerns securities transactions and aims to prevent improper financial dealings by Members of Congress, which falls under the broader scope of audit firm oversight and regulation of public company financial practices as covered by SOX and PCAOB."
hr4267-115,8,Investment company / hedge fund / investment adviser regulation,"The bill directly amends the Investment Company Act of 1940 and focuses on regulations pertaining to Business Development Companies (BDCs), which fall under the category of investment company regulation."
s2290-108,7,SOX / PCAOB / audit firm oversight,"The bill includes provisions for auditing medical evidence, establishing medical advisory committees, and addressing fraud related to claims, all of which fall under the purview of audit oversight and related legal procedures."
s3505-114,6,Dodd-Frank reform / implementation,"The bill focuses on bankruptcy processes for financial companies and aims to improve oversight and expertise within those proceedings, which directly relates to the implementation and potential reform of the Dodd-Frank Act's provisions concerning financial institution resolution and systemic risk."
s664-103,7,SOX / PCAOB / audit firm oversight,"The bill concerns amendments related to interlocking directorates, which falls under corporate governance and oversight, and the Clayton Act is often relevant to PCAOB and SOX-related issues regarding audit firm independence and corporate reporting."
s557-103,4,Money laundering / financial crime strategy,"The bill focuses on combating telemarketing fraud, enhancing penalties for targeting seniors, and establishing a hotline for reporting fraud, all of which fall under the umbrella of anti-money laundering/financial crime strategy and enforcement."
hr5461-114,4,Money laundering / financial crime strategy,"The bill focuses on preventing the financing of terrorism and money laundering, tracking assets of Iranian officials, and improving anti-money laundering techniques, all of which fall under financial crime strategy and enforcement."
s1151-103,6,Dodd-Frank reform / implementation,"The bill focuses on easing regulatory burdens on depository institutions and requiring analysis of those burdens, which aligns with the broader goal of Dodd-Frank reform and implementation by revisiting and potentially modifying financial regulations."
hr940-112,6,Dodd-Frank reform / implementation,"The bill establishes a regulatory framework for covered bonds, which are a type of financial security, and involves oversight by the Treasury and federal banking agencies, indicating a focus on implementing new financial regulations and potentially amending existing financial structures, aligning with the scope of Dodd-Frank reform/implementation."
hr4342-111,13,TARP oversight and wind-down,"The bill focuses on the oversight and wind-down of the TARP program, specifically terminating the Secretary of the Treasury's authority and requiring reporting from financial institutions receiving funds, which falls directly under TARP oversight beyond executive compensation."
s2002-114,4,Money laundering / financial crime strategy,"The bill focuses on mental health programs within the criminal justice system, including grants for related law enforcement and corrections programs, and aims to minimize criminal justice involvement for individuals with mental illness, which falls under financial crime strategy due to the potential for individuals with mental health issues to be involved in illicit financial activities."
hjres101-110,13,TARP oversight and wind-down,"The bill directly relates to oversight and the wind-down of the TARP program established under the Emergency Economic Stabilization Act of 2008, focusing on limiting further obligations of funds."
hr4092-103,4,Money laundering / financial crime strategy,"The bill's title and summary explicitly mention 'crime control,' 'financial institution fraud,' and provisions related to 'anti-crime' efforts, aligning with the focus on financial crime strategy and prevention of illegal activities."
hr6161-112,15,Crowdfunding and small-issuer capital formation,"The bill focuses on easing regulatory burdens for smaller companies by redefining SEC filing requirements based on revenue and market value, which aligns with the goals of crowdfunding and small-issuer capital formation legislation."
hr5227-103,6,Dodd-Frank reform / implementation,"The bill focuses on reforming the deposit insurance system and modernizing banking regulations, which falls under the scope of amending and implementing provisions related to financial sector oversight and risk management, similar to the goals of the Dodd-Frank Act."
s3717-111,6,Dodd-Frank reform / implementation,"The bill directly amends provisions of the Dodd-Frank Act by repealing prohibitions on disclosing SEC records, making it a Dodd-Frank reform/implementation measure."
hr24-115,5,Federal Reserve audit / transparency,"The bill explicitly requires a full audit of the Federal Reserve System and the Federal Reserve Banks by the Comptroller General, directly addressing Federal Reserve audit and transparency concerns."
hr5983-114,6,Dodd-Frank reform / implementation,"The bill explicitly amends, implements, and repeals provisions of the Dodd-Frank Wall Street Reform and Consumer Protection Act, making it a direct Dodd-Frank reform/implementation bill."
hr636-108,7,SOX / PCAOB / audit firm oversight,"The bill directly addresses the Securities Act of 1933 and the Securities Exchange Act of 1934, focusing on private securities litigation, safe harbors, liability standards, and remedies, all of which fall under the purview of SOX, PCAOB, and audit firm oversight as it relates to public company accountability and securities law."
hr3355-103,4,Money laundering / financial crime strategy,"The bill focuses heavily on crime prevention, law enforcement grants, and addressing various types of criminal activity, including drug trafficking and financial crimes like bank fraud, which fall under the umbrella of financial crime strategy and anti-money laundering efforts."
hr3764-111,7,SOX / PCAOB / audit firm oversight,"The bill includes requirements for financial audits, an audit committee, and financial reporting procedures, all of which fall under the purview of accounting and audit oversight related to the Sarbanes-Oxley Act and PCAOB regulations."
s1843-116,16,Corporate nonfinancial / ESG disclosure,"The bill mandates disclosure of employee numbers, which falls under corporate nonfinancial disclosure requirements, specifically relating to a company's operational footprint and potentially ESG-related considerations."
s3486-109,12,Data breach / identity theft / financial privacy,"The bill focuses on data breach notification, identity theft prevention, and financial data privacy protections for veterans affected by a specific security breach, aligning with category 12."
hr5320-113,4,Money laundering / financial crime strategy,"The bill concerns access to criminal history information for financial service providers, which directly relates to anti-money laundering and financial crime strategy by ensuring those in the financial sector are vetted."
hr3331-113,17,AML / beneficial ownership / corporate transparency,"The bill focuses on beneficial ownership disclosure of corporations and limited liability companies to prevent illicit finance and assist law enforcement, directly aligning with the core objectives of AML and corporate transparency legislation."
hr5471-113,2,"Derivatives, swaps, CFTC regulation","The bill directly addresses clearing requirements for swaps and amends the Commodity Exchange Act and Securities Exchange Act, which falls under the regulation of derivatives, swaps, and the CFTC."
s1544-112,15,Crowdfunding and small-issuer capital formation,"The bill focuses on easing capital formation for small issuers through a SEC exemption, aligning with the goals of equity crowdfunding and Regulation A+ as addressed in the JOBS Act."
hr6198-111,7,SOX / PCAOB / audit firm oversight,"The bill focuses on technical corrections to bankruptcy law, including provisions related to fraudulent petition preparation and judicial code appeals, which fall under the broader scope of audit and oversight of financial reporting and legal processes, similar to the concerns addressed by SOX and PCAOB."
s2192-103,7,SOX / PCAOB / audit firm oversight,"The bill concerns securities regulation, information disclosure related to securities, and the role of the Securities and Exchange Commission, all of which fall under the purview of SOX, PCAOB, and audit firm oversight as it relates to public company reporting and transparency."
hr4626-110,2,"Derivatives, swaps, CFTC regulation","The bill explicitly focuses on reauthorizing and amending the Commodity Exchange Act, regulating futures and over-the-counter derivatives, and enhancing oversight of the CFTC, all of which fall under the derivatives and CFTC regulation category."
hr4330-113,2,"Derivatives, swaps, CFTC regulation","The bill directly addresses regulation of swaps, reporting requirements, and the Commodity Futures Trading Commission (CFTC), which falls under the Derivatives, swaps, CFTC regulation category."
s1903-106,12,Data breach / identity theft / financial privacy,"The bill directly addresses consumer financial privacy, data sharing practices of financial institutions, and access to personal information, all of which fall under the scope of data breach/identity theft/financial privacy protections."
hr4392-113,2,"Derivatives, swaps, CFTC regulation","The bill directly addresses regulations related to commodity pools and the CFTC, focusing on exemptions for general solicitation, which falls under the purview of derivatives and CFTC regulation."
hr4487-111,11,Shareholder rights / corporate governance,"The bill directly addresses shareholder rights by requiring a majority vote for corporate political spending, which falls under corporate governance and shareholder control of company funds."
hr2589-111,14,Insurance regulation,"The bill directly addresses insurance markets by establishing federal reinsurance for municipal bond insurers, falling squarely within the scope of insurance regulation."
hr1862-106,4,Money laundering / financial crime strategy,"The bill focuses heavily on combating fraud and abuse targeting seniors, including telemarketing fraud, health care fraud, and pension plan fraud, all of which fall under the umbrella of financial crime strategy and anti-money laundering efforts."
s881-114,6,Dodd-Frank reform / implementation,"The bill explicitly includes a review of regulations issued pursuant to the Dodd-Frank Act, directly relating to Dodd-Frank reform and implementation."
hr5116-103,7,SOX / PCAOB / audit firm oversight,"The bill focuses on amending Title 11 of the United States Code (Bankruptcy Code) and includes provisions related to bankruptcy administration, procedures, and court oversight, which aligns with the scope of SOX, PCAOB, and audit firm oversight as it concerns financial reporting and legal compliance."
s928-111,13,TARP oversight and wind-down,"The bill focuses on enhancing disclosures related to the Troubled Asset Relief Program (TARP), specifically regarding the use of funds and reporting to Congress, which falls under TARP oversight and wind-down activities."
hr4142-111,1,"Systemic risk / FSOC / ""too big to fail""","The bill directly addresses the concept of 'Too Big To Fail' and proposes breaking up large financial entities to prevent systemic risk, aligning with the core focus of category 1."
hr703-111,6,Dodd-Frank reform / implementation,"The bill amends the Emergency Economic Stabilization Act of 2008 (EESA), which established TARP, and modifies provisions related to deposit insurance and the FDIC, indicating it's a reform/implementation measure related to financial crisis response legislation like Dodd-Frank."
hr685-109,7,SOX / PCAOB / audit firm oversight,"The bill amends bankruptcy law related to auditing, business records, and data dissemination, and includes provisions impacting financial contracts, which aligns with the focus of SOX, PCAOB, and audit firm oversight."
s604-111,5,Federal Reserve audit / transparency,"The bill explicitly focuses on reforming the audit process of the Federal Reserve System and increasing transparency through reporting requirements, directly aligning with the description of Category 5: Federal Reserve audit / transparency."
hr1676-103,13,TARP oversight and wind-down,"The bill focuses on financing losses from the resolution of savings and loan associations and oversight of the Resolution Trust Corporation (RTC), which falls under TARP oversight and wind-down beyond executive compensation."
hr4982-112,4,Money laundering / financial crime strategy,"The bill focuses on combating violence against women, which includes provisions related to criminal investigation, prosecution, and addressing fraud offenses and financial crimes associated with domestic violence, thus aligning with the category of money laundering/financial crime strategy."
s1984-113,4,Money laundering / financial crime strategy,"The bill focuses on penalties for obtaining financial information, specifically credit card data, which directly relates to financial crime and fraud offenses."
s496-108,7,SOX / PCAOB / audit firm oversight,"The bill directly relates to the Securities and Exchange Commission (SEC) and streamlining the hiring process for positions like accountants and compliance examiners, which falls under the purview of SOX/PCAOB/audit firm oversight as it concerns the regulation of public company auditors and the enforcement of securities laws."
s1529-111,4,Money laundering / financial crime strategy,"The bill addresses fraud offenses and financial crimes, specifically prohibiting misleading Congress, which falls under the broader scope of financial crime strategy and government ethics, and could be considered a form of concealing material facts related to potential financial implications of military action."
hr2350-103,18,Consumer / predatory mortgage lending,"The bill focuses on ensuring access to basic financial services accounts, which directly relates to consumer protection and potentially addresses predatory lending practices by providing alternatives to costly check-cashing services."
hr73-113,5,Federal Reserve audit / transparency,"The bill directly addresses the structure and existence of the Federal Reserve, aiming to abolish it and repeal the Federal Reserve Act, which falls under audit, transparency, and governance reform of the Federal Reserve."
s350-115,7,SOX / PCAOB / audit firm oversight,"The bill relates to securities transactions and aims to prevent improper financial dealings by Members of Congress, which falls under the broader scope of audit and oversight related to financial markets and corporate governance, similar to the goals of SOX and PCAOB regulations."
hr3819-113,6,Dodd-Frank reform / implementation,"The bill amends the Bank Holding Company Act, which is a key component of the Dodd-Frank Act's Volcker Rule, and therefore falls under Dodd-Frank reform/implementation."
s1540-111,20,Financial institution resolution / SIFI bankruptcy,"The bill focuses on reforming the resolution of failing financial institutions and enhancing the FDIC's authority as a receiver, directly relating to financial institution resolution and the Orderly Liquidation Authority (OLA) framework."
hr3997-109,12,Data breach / identity theft / financial privacy,"The bill focuses on data breach notification, identity theft prevention, and financial data privacy protections for consumers, which directly aligns with category 12."
hr1095-111,13,TARP oversight and wind-down,"The bill focuses on oversight and restrictions related to the Troubled Asset Relief Program (TARP), specifically regarding lobbying, political contributions, and reporting requirements, which falls under TARP oversight beyond executive compensation."
hr3973-115,7,SOX / PCAOB / audit firm oversight,"The bill focuses on risk control mechanisms for market data storage and involves the SEC and FINRA, which are directly related to the oversight of public company auditors and the Sarbanes-Oxley Act's focus on audit integrity."
hr2875-115,4,Money laundering / financial crime strategy,"The bill addresses fraud offenses and financial crimes related to flood insurance claims, and includes provisions for civil enforcement and penalties, falling under the scope of financial crime strategy and anti-money laundering enforcement."
s1717-115,17,AML / beneficial ownership / corporate transparency,"The bill explicitly focuses on beneficial ownership disclosure requirements for corporations and limited liability companies to combat illicit finance and assist law enforcement in preventing money laundering, aligning directly with the focus of category 17."
hr3146-105,18,Consumer / predatory mortgage lending,"The bill focuses heavily on consumer credit, bankruptcy dischargeability of debts, and protections for borrowers, aligning with the themes of consumer and predatory mortgage lending legislation."
hr4961-113,4,Money laundering / financial crime strategy,"The bill addresses financial crimes through penalties for individuals acting for financial gain in human smuggling and includes provisions related to transmitting location information to further federal crimes, which often involves financial aspects."
hr1748-111,4,Money laundering / financial crime strategy,"The bill focuses on enhancing the investigation and prosecution of mortgage fraud and financial institution fraud, which directly relates to anti-money laundering enforcement and financial crime strategy."
s1006-111,11,Shareholder rights / corporate governance,"The bill directly addresses shareholder rights by requiring a supermajority vote to approve excessive executive compensation, falling under the scope of corporate governance and shareholder approval mechanisms."
s3283-106,2,"Derivatives, swaps, CFTC regulation","The bill explicitly addresses futures and over-the-counter derivatives regulation, clearing requirements, and the Commodity Futures Trading Commission (CFTC), which falls directly under the 'Derivatives, swaps, CFTC regulation' category."
s2577-114,7,SOX / PCAOB / audit firm oversight,"The bill focuses on forensic science testing capacity, accreditation of labs, and DNA evidence analysis, all of which relate to audit procedures and oversight of forensic science, falling under the purview of SOX/PCAOB/audit firm oversight as it concerns the reliability of evidence presented in legal proceedings."
hr1471-104,6,Dodd-Frank reform / implementation,"This bill amends the Federal Deposit Insurance Act and related acts concerning funding for deposit insurance funds and the Resolution Trust Corporation, which are core components of the post-financial crisis regulatory framework established by Dodd-Frank."
s1525-104,4,Money laundering / financial crime strategy,"The bill focuses on preventing economic espionage and protecting proprietary economic information, which directly relates to financial crime strategy and combating illicit finance through the protection of valuable assets."
s1890-114,4,Money laundering / financial crime strategy,"The bill addresses financial crime through the creation of a civil cause of action for trade secret misappropriation, increased penalties for theft, and reporting requirements related to trade secret theft, all of which fall under the umbrella of fraud offenses and financial crimes."
hr2707-103,6,Dodd-Frank reform / implementation,"The bill amends existing financial legislation (Bank Enterprise Act, Community Reinvestment Act, Bank Holding Company Act) and focuses on community development lending and financial institution activities, which falls under the scope of Dodd-Frank reform/implementation as it relates to community-focused banking regulations."
hr6117-112,19,Corporate bankruptcy: employee and retiree protections,"The bill explicitly focuses on improving protections for employees and retirees in business bankruptcy proceedings, covering wages, salaries, pensions, and benefits, which directly aligns with category 19's description of protecting employees and retirees in corporate bankruptcy."
s1767-108,7,SOX / PCAOB / audit firm oversight,"The bill directly addresses accounting practices, auditing firms, and audit firm independence, all of which fall under the purview of the Sarbanes-Oxley Act and the PCAOB's regulatory oversight."
s871-114,18,Consumer / predatory mortgage lending,"The bill focuses on lending practices in rural communities and modifies the Truth in Lending Act regarding qualified mortgages, which directly relates to consumer/predatory mortgage lending."
hr822-106,6,Dodd-Frank reform / implementation,"The bill explicitly aims to 'modernize and improve the Federal Home Loan Bank System,' which involves amending existing acts and altering the structure and operations of the banks, representing a significant reform of the existing financial framework established by Dodd-Frank."
s1607-103,4,Money laundering / financial crime strategy,"The bill's title and summary explicitly mention controlling and preventing crime, with numerous subtitles addressing various types of fraud, including bank fraud and financial institution fraud prosecutions, which fall under the umbrella of financial crime strategy and anti-money laundering efforts."
s1527-103,7,SOX / PCAOB / audit firm oversight,"The bill focuses on securities regulation, congressional oversight of financial organizations, and reporting requirements, all of which fall under the purview of SOX/PCAOB/audit firm oversight as it relates to the regulation of public companies and financial markets."
s890-112,4,Money laundering / financial crime strategy,"The bill focuses heavily on fighting fraud, expanding authorities related to criminal investigations, money laundering, and the collection of debts related to fraud offenses, all of which fall under the umbrella of financial crime strategy and enforcement."
s1520-106,7,SOX / PCAOB / audit firm oversight,"The bill concerns government property and records related to assets, which falls under the purview of audit and oversight, similar to the Sarbanes-Oxley Act's focus on financial recordkeeping and accountability, though it's focused on historical assets rather than ongoing financial reporting."
hr5585-109,2,"Derivatives, swaps, CFTC regulation","The bill focuses on the netting process for financial contracts, including securities contracts and swaps, and addresses the treatment of these contracts in bankruptcy and receivership, which falls under derivatives and CFTC regulation."
hr2061-109,7,SOX / PCAOB / audit firm oversight,"The bill amends the Sarbanes-Oxley Act of 2002 to exempt smaller depository institutions from internal controls assessment requirements, and also touches on accounting and auditing standards, placing it squarely within the scope of SOX/PCAOB/audit firm oversight."
s3-104,4,Money laundering / financial crime strategy,"The bill focuses on crime control, law enforcement, and includes provisions related to criminal penalties and procedure, suggesting a focus on financial crime strategy and enforcement through the justice system."
hr3890-111,21,Credit rating agency regulation,"The bill focuses on enhancing oversight of nationally recognized statistical rating organizations (NRSROs), reforming the credit rating system, and addressing conflicts of interest at rating agencies, all of which fall under the purview of credit rating agency regulation."
s1331-104,4,Money laundering / financial crime strategy,"The bill addresses bank fraud, embezzlement, and theft of public money, which fall under the scope of financial crime strategy and anti-money laundering enforcement."
hr4332-106,12,Data breach / identity theft / financial privacy,"The bill focuses heavily on consumer financial privacy, data security, and protection against fraud, which directly aligns with the Data breach / identity theft / financial privacy category."
s100-113,6,Dodd-Frank reform / implementation,"The bill directly amends and repeals provisions of the Dodd-Frank Wall Street Reform and Consumer Protection Act, specifically Title I and Title VIII, making it a clear example of Dodd-Frank reform/implementation legislation."
s2244-113,14,Insurance regulation,"The bill directly concerns the Terrorism Risk Insurance Program, which is a key component of insurance market regulation and disaster relief related to terrorism events."
hr1664-111,3,Executive compensation at financial firms / TARP,"The bill directly addresses executive compensation at financial firms receiving TARP funds, focusing on prohibiting unreasonable and excessive pay and requiring performance-based standards."
s1976-103,7,SOX / PCAOB / audit firm oversight,"The bill focuses heavily on auditing procedures, auditor liability, the establishment of a Public Auditing Self-Disciplinary Board, and modifications to the Sarbanes-Oxley Act's requirements for financial statement audits, all of which fall under the scope of SOX/PCAOB/audit firm oversight."
hr420-103,7,SOX / PCAOB / audit firm oversight,"The bill focuses on securities regulation and corporate governance through a study of foreign capital markets, which falls under the broader scope of oversight related to securities and audit practices."
hr3997-106,7,SOX / PCAOB / audit firm oversight,"The bill focuses on securities regulation, database searches for lost security holders, and the responsibilities of the SEC regarding the delivery of property rights, all of which fall under the purview of SOX / PCAOB / audit firm oversight as it relates to accurate record-keeping and investor protection."
s187-113,18,Consumer / predatory mortgage lending,"The bill directly addresses mortgage lending practices and consumer credit, specifically prohibiting deceptive practices involving checks sent as part of credit solicitations, which falls under predatory lending protections."
s1077-112,4,Money laundering / financial crime strategy,"The bill concerns the reporting of 'suspicious transactions' which directly relates to anti-money laundering (AML) enforcement and financial crime investigation, as it impacts the process of identifying and reporting potential illegal activity within the financial system."
hr888-114,6,Dodd-Frank reform / implementation,"The bill directly amends the Dodd-Frank Act, specifically focusing on systemically important entities and their financial reporting requirements, which falls under Dodd-Frank reform/implementation."
hr5637-109,14,Insurance regulation,"The bill explicitly addresses the regulation of nonadmitted and reinsurance insurance markets, which falls under the scope of insurance regulation."
s2999-113,7,SOX / PCAOB / audit firm oversight,"The bill includes requirements for accounting and auditing of grant recipients and oversight of the Office of Juvenile Justice and Delinquency Prevention, which falls under the purview of broader audit and oversight legislation like SOX."
hr90-111,4,Money laundering / financial crime strategy,"The bill addresses fraud offenses and financial crimes committed by public officials, which falls under the scope of financial crime strategy and enforcement of anti-money laundering principles."
hr3199-109,4,Money laundering / financial crime strategy,"The bill focuses on extending and modifying authorities to combat terrorism, including provisions related to surveillance, data collection (bank records, library records, etc.), and criminal investigation, all of which fall under the umbrella of financial crime strategy and anti-money laundering efforts to disrupt terrorist financing."
s2497-108,8,Investment company / hedge fund / investment adviser regulation,"The bill focuses on mutual fund investor protections, disclosure requirements, and the regulation of investment companies, which directly falls under the scope of investment company regulation."
hr1535-107,7,SOX / PCAOB / audit firm oversight,"The bill concerns financial statements, government corporations (Federal Prison Industries), and oversight requirements, which fall under the broader scope of corporate governance and audit-related matters often addressed by SOX and PCAOB regulations."
s473-110,4,Money laundering / financial crime strategy,"The bill explicitly focuses on improving prohibitions on money laundering and terrorist financing, addressing AML enforcement and financial crime strategy through revisions to criminal code, subpoena procedures, and penalties for related offenses."
s1359-108,12,Data breach / identity theft / financial privacy,"The bill focuses on disclosures related to international money transfers to protect consumers, which falls under financial privacy and consumer protection regarding financial transactions."
hr2868-110,7,SOX / PCAOB / audit firm oversight,"The bill concerns securities regulation and the oversight of stock exchanges, which falls under the purview of the Sarbanes-Oxley Act and the PCAOB's responsibilities for public company auditors and financial reporting."
hr3505-110,7,SOX / PCAOB / audit firm oversight,"The bill focuses on technical corrections to the Federal securities laws, including the Investment Company Act and Investment Advisers Act, which fall under the purview of SOX, PCAOB, and audit firm oversight as they relate to public company regulation and financial reporting."
hr1880-111,14,Insurance regulation,"The bill explicitly focuses on the regulation of insurers, insurance agencies, and insurance producers, covering areas like financial stability, consumer protection, and fraud prevention within the insurance markets."
s2696-113,5,Federal Reserve audit / transparency,"The bill directly addresses policy changes within the Federal Reserve System, specifically regarding the assessment of financial and managerial factors for small bank holding companies, which falls under the purview of Federal Reserve governance and transparency."
s1478-116,6,Dodd-Frank reform / implementation,"The bill directly impacts the structure of a financial regulatory body established by the Dodd-Frank Act, making it a Dodd-Frank reform/implementation issue."
hr695-105,12,Data breach / identity theft / financial privacy,"The bill focuses on the right to use and sell encryption, data security, and preventing forced key relinquishment, all of which fall under financial privacy and data breach/identity theft protections for consumers."
hr4083-107,7,SOX / PCAOB / audit firm oversight,"The bill focuses on accounting and auditing standards, certification of financial statements by executives, and SEC enforcement related to false financial reporting, all of which fall under the purview of the Sarbanes-Oxley Act and PCAOB oversight."
s182-115,4,Money laundering / financial crime strategy,"The bill focuses on fraud offenses and financial crimes related to guardianship and conservatorship, which falls under the umbrella of financial crime strategy and prevention of elder abuse."
hr1477-104,6,Dodd-Frank reform / implementation,"This bill directly implements changes to the structure of deposit insurance funds within the FDIA, which falls under the broader scope of Dodd-Frank reform and implementation as it concerns financial stability and the regulation of financial institutions."
hr1723-114,15,Crowdfunding and small-issuer capital formation,"The bill aims to simplify the registration process for smaller companies, which falls under the scope of easing capital formation mechanisms related to the JOBS Act."
hr3606-112,15,Crowdfunding and small-issuer capital formation,"The bill explicitly focuses on improving access to public capital markets for emerging growth companies, easing capital formation through exemptions and modifications related to initial public offerings and SEC regulations, aligning with the goals of crowdfunding and small-issuer capital formation legislation."
s2816-115,7,SOX / PCAOB / audit firm oversight,"The bill concerns the Securities Investor Protection Corporation (SIPC), which is directly related to the oversight of public company securities and the financial health of the investment industry, falling under the purview of SOX/PCAOB/audit firm oversight as it relates to investor protection."
s465-112,4,Money laundering / financial crime strategy,"The bill focuses on preventing and combating mail, telemarketing, and internet fraud targeting seniors, which directly relates to anti-money laundering enforcement and financial crime strategy."
s505-111,14,Insurance regulation,"The bill directly addresses insurance markets, specifically catastrophe insurance, reinsurance programs, and the establishment of a national stabilization program for homeowners' insurance, aligning with the definition of Insurance regulation."
hr1180-111,3,Executive compensation at financial firms / TARP,"The bill amends the Emergency Economic Stabilization Act of 2008 (TARP) to restrict the types of stock the Treasury Secretary can receive, which directly relates to the control and potential influence over financial firms receiving TARP funds, impacting executive compensation and firm governance."
s2111-112,12,Data breach / identity theft / financial privacy,"The bill focuses on enhancing punishment for identity theft and data privacy violations, directly relating to data breach notification, identity theft prevention, and financial data privacy protections for consumers."
s3389-110,16,Corporate nonfinancial / ESG disclosure,"The bill explicitly mandates the disclosure of non-financial information (payments to foreign governments for resource extraction) by public companies, aligning with the focus of corporate nonfinancial/ESG disclosure legislation."
hr3829-107,7,SOX / PCAOB / audit firm oversight,"The bill directly addresses the Private Securities Litigation Reform Act and the Securities Litigation Uniform Standards Act, which relate to securities fraud litigation, auditor liability, and the regulation of public company audits, all falling under the purview of SOX/PCAOB/audit firm oversight."
hr5070-107,7,SOX / PCAOB / audit firm oversight,"The bill directly addresses the Sarbanes-Oxley Act by establishing the Public Company Accounting Oversight Board, enhancing audit firm oversight, and strengthening the independence of auditors, all core components of SOX legislation."
hr4808-105,6,Dodd-Frank reform / implementation,"The bill amends the Federal Deposit Insurance Act, which is a core component of the Dodd-Frank Act's regulatory framework, and addresses affiliations involving a formerly government-sponsored enterprise, indicating a potential implementation or reform of existing financial regulations."
hr5291-108,4,Money laundering / financial crime strategy,"The bill focuses heavily on security measures related to preventing terrorism, including border security, container inspection, and intelligence sharing, all of which fall under the umbrella of financial crime strategy and anti-money laundering efforts to disrupt terrorist financing and activities."
hr2098-113,7,SOX / PCAOB / audit firm oversight,"The bill focuses on government contracting procedures and oversight of Federal Prison Industries, which involves financial reporting, regulatory procedures, and potential impacts on corporate finance and management, aligning with the themes of SOX, PCAOB, and audit firm oversight."
hr675-104,7,SOX / PCAOB / audit firm oversight,"The bill focuses heavily on auditing procedures, securities fraud actions, and the responsibilities of auditors, all of which fall under the purview of the Sarbanes-Oxley Act and PCAOB regulation."
hr758-116,4,Money laundering / financial crime strategy,"The bill addresses financial institutions complying with law enforcement requests, which directly relates to fraud offenses and financial crimes, and aims to limit liability in the context of investigations."
hr737-113,14,Insurance regulation,"The bill directly addresses homeowners' insurance coverage for catastrophic events, which falls under the scope of insurance regulation."
hr5474-107,12,Data breach / identity theft / financial privacy,"The bill focuses on data breach notification, identity theft prevention, and financial data privacy protections for consumers, directly aligning with category 12."
hr2586-112,2,"Derivatives, swaps, CFTC regulation","The bill directly addresses the regulation of swap execution facilities, which fall under the purview of the Commodity Futures Trading Commission (CFTC) and are a key component of the derivatives market regulated by Title VII of the Dodd-Frank Act."
hr78-111,4,Money laundering / financial crime strategy,"The bill focuses on enhancing the FBI's ability to stop mortgage fraud, which falls under the umbrella of financial crime strategy and enforcement of anti-money laundering (AML) principles as mortgage fraud is a significant financial crime."
hr123-111,12,Data breach / identity theft / financial privacy,"The bill focuses on enhancing the detection of identity theft through additional reporting requirements for credit agencies, directly relating to data breach/identity theft/financial privacy protections for consumers."
hr4566-111,13,TARP oversight and wind-down,"The bill focuses on the oversight and wind-down of the TARP program, specifically terminating authorities and adjusting the public debt limit based on TARP repayments, which falls directly under TARP oversight beyond executive compensation."
s1461-113,14,Insurance regulation,"The bill directly addresses insurance markets, specifically homeowners' insurance, reinsurance programs, and catastrophe risk, falling squarely within the scope of insurance regulation."
hr2128-115,7,SOX / PCAOB / audit firm oversight,"The bill concerns the Securities and Exchange Commission (SEC) and administrative proceedings, which falls under the purview of SOX, PCAOB, and audit firm oversight as it relates to the regulation of public company auditors and enforcement actions by the SEC."
hr5440-109,7,SOX / PCAOB / audit firm oversight,"The bill addresses jurisdictional rules and the amount in controversy in civil litigation, which relates to the legal framework surrounding corporate actions and potentially audit procedures, aligning with the broader scope of SOX/PCAOB/audit firm oversight."
s1273-103,6,Dodd-Frank reform / implementation,"The bill focuses on reducing regulatory burden on depository institutions in disaster areas, which can be considered a form of financial deregulation and falls under the broader scope of implementing or reforming financial regulations like those addressed by Dodd-Frank."
hr634-113,2,"Derivatives, swaps, CFTC regulation","The bill directly addresses regulation of swaps, margin requirements, and the Commodity Futures Trading Commission (CFTC), falling squarely within the scope of derivatives and CFTC regulation."
s3568-109,12,Data breach / identity theft / financial privacy,"The bill explicitly focuses on protecting consumer information, requiring data breach notification, and preventing identity theft, all of which fall under the scope of data breach/identity theft/financial privacy legislation."
s888-113,2,"Derivatives, swaps, CFTC regulation","The bill directly addresses regulation of swaps, margin requirements, and the Commodity Futures Trading Commission (CFTC), which falls under the Derivatives, swaps, CFTC regulation category."
hr1037-108,4,Money laundering / financial crime strategy,"The bill directly addresses preventing money laundering by requiring financial institutions to report account holder information, aligning with the focus of anti-money laundering (AML) enforcement and financial crime strategy."
hr5660-114,9,Banking capital requirements / Basel III,"The bill concerns regulations impacting bank deposits and restrictions on undercapitalized banks, which falls under the scope of banking capital requirements and related regulations like those stemming from Basel III."
hr5019-114,8,Investment company / hedge fund / investment adviser regulation,"The bill focuses on research reports related to investment funds, which falls under the regulation of investment companies and advisers as described in category 8."
s2877-107,11,Shareholder rights / corporate governance,"The bill focuses on shareholder approval of stock option plans, detailed information disclosure requirements, and limits on stock option grants to highly compensated employees, all of which fall under the umbrella of corporate governance and shareholder rights."
hr1551-113,18,Consumer / predatory mortgage lending,"The bill focuses on disclosures and consumer protections related to rental-purchase agreements, which fall under the scope of consumer credit and predatory lending practices, specifically regarding the terms and costs of these agreements."
s463-111,3,Executive compensation at financial firms / TARP,"The bill directly addresses restrictions on expenditures by firms receiving TARP funds, specifically prohibiting entertainment and holiday events, which falls under the scope of executive compensation and corporate responsibility related to TARP recipients."
hr5143-114,14,Insurance regulation,"The bill explicitly focuses on international insurance standards, state-based regulation, and the impact on U.S. consumers and insurance markets, directly aligning with the scope of insurance regulation."
hr1167-114,6,Dodd-Frank reform / implementation,"The bill directly reorganizes financial regulatory agencies (CFTC and SEC) into a single commission, which constitutes a significant reform of the financial regulatory structure established by Dodd-Frank."
hr24-113,5,Federal Reserve audit / transparency,"The bill explicitly focuses on requiring a full audit of the Federal Reserve System and increasing its transparency, which directly aligns with the description of category 5."
hr6751-115,4,Money laundering / financial crime strategy,"The bill focuses on reporting financial services provided to sanctioned persons, which directly relates to anti-money laundering (AML) enforcement and financial crime strategy, as sanctioned persons are often involved in illicit finance."
hr2603-112,7,SOX / PCAOB / audit firm oversight,"The bill concerns SEC guidance and actions related to disclosures, which falls under the purview of securities regulation and oversight of the SEC's regulatory procedures, similar to the scope of SOX and PCAOB oversight of financial reporting."
hr2477-114,7,SOX / PCAOB / audit firm oversight,"The bill focuses on data standards for financial reporting, improving data quality, and applies to reports like those from investment advisors and corporate disclosures, all of which fall under the purview of the Sarbanes-Oxley Act and PCAOB oversight of public company auditors."
hr1375-108,6,Dodd-Frank reform / implementation,"The bill explicitly aims to provide 'regulatory relief' and modifies several aspects of banking regulations, including those related to the FDIC, Comptroller of the Currency, and investment requirements, indicating it's focused on reforming existing financial regulations like those established by Dodd-Frank."
s1393-112,7,SOX / PCAOB / audit firm oversight,"The bill concerns SEC guidance and actions related to disclosures, which falls under the purview of securities regulation and oversight of the SEC, similar to the Sarbanes-Oxley Act's focus on corporate reporting and accountability."
s2375-105,7,SOX / PCAOB / audit firm oversight,"The bill amends the Securities Exchange Act of 1934, focuses on securities fraud, and involves regulation of the securities industry, all of which fall under the purview of SOX/PCAOB/audit firm oversight as it relates to corporate accountability and reporting."
s3185-110,2,"Derivatives, swaps, CFTC regulation","The bill explicitly regulates swaps and derivatives involving energy commodities and focuses on the authority of the Commodity Futures Trading Commission (CFTC) to oversee these markets, aligning with the description of category 2."
hr2354-114,7,SOX / PCAOB / audit firm oversight,"The bill focuses on reviewing SEC regulations, which falls under the purview of the Sarbanes-Oxley Act and the oversight of public company auditors and accounting practices regulated by the PCAOB."
hr3736-107,7,SOX / PCAOB / audit firm oversight,"The bill directly addresses auditor independence standards and revises rules related to accounting and auditing, which falls under the purview of the Sarbanes-Oxley Act and the PCAOB."
s16-107,4,Money laundering / financial crime strategy,"The bill includes provisions for criminal forfeiture for money laundering conspiracies and jurisdiction over foreign banks engaged in money laundering with U.S. accounts, directly addressing financial crime strategy and enforcement."
hr5154-106,4,Money laundering / financial crime strategy,"The bill focuses on reporting and penalties related to defects in foreign motor vehicle products, which could be linked to fraud and ensuring accurate information is provided to government authorities, aligning with financial crime strategy and enforcement."
s1791-112,15,Crowdfunding and small-issuer capital formation,"The bill explicitly focuses on registration exemptions for crowdfunded securities and easing capital formation for small issuers, which aligns with the description of Category 15."
s1241-115,4,Money laundering / financial crime strategy,"The bill explicitly addresses prohibitions on money laundering, currency smuggling laws, and financial transactions involving proceeds from unlawful activity, all of which fall under the scope of anti-money laundering (AML) enforcement and financial crime strategy."
s2190-112,15,Crowdfunding and small-issuer capital formation,"The bill explicitly focuses on equity crowdfunding, Regulation A+, and easing capital formation for small issuers, which directly aligns with category 15's description."
hr594-115,6,Dodd-Frank reform / implementation,"The bill reorganizes financial regulatory agencies (CFTC and SEC) into a single commission, which represents a significant structural change to the financial regulatory landscape and falls under the scope of Dodd-Frank reform/implementation as it impacts the existing regulatory framework established by that Act."
s2531-114,7,SOX / PCAOB / audit firm oversight,"The bill amends the Investment Company Act of 1940 and concerns protections for investment companies related to divestment decisions, falling under the scope of audit firm oversight and regulation of public company auditors."
hr851-111,3,Executive compensation at financial firms / TARP,"The bill explicitly addresses executive compensation requirements for institutions receiving TARP funds, directly aligning with the description of category 3."
s2212-113,6,Dodd-Frank reform / implementation,"The bill directly amends the Consumer Financial Protection Act of 2010 and modifies the authority of the Financial Stability Oversight Council (FSOC) regarding CFPB regulations, which falls under Dodd-Frank reform/implementation."
hr1918-114,4,Money laundering / financial crime strategy,"The bill amends the Computer Fraud and Abuse Act (CFAA) and modifies penalty provisions related to obtaining information without authorization, which falls under the scope of financial crime strategy and enforcement, particularly concerning fraud offenses."
hr5249-111,7,SOX / PCAOB / audit firm oversight,"The bill concerns accounting and auditing practices related to loan losses and write-downs, which falls under the purview of financial reporting standards and potentially PCAOB oversight."
s3578-115,7,SOX / PCAOB / audit firm oversight,"The bill concerns investment research and the Securities and Exchange Commission (SEC), which falls under the purview of securities regulation and oversight, aligning with the focus of SOX, PCAOB, and audit firm oversight as it relates to the quality and availability of financial information."
hr1952-113,7,SOX / PCAOB / audit firm oversight,"The bill concerns the rules governing securities trading and the SEC's oversight of those rules, which falls under the purview of the Sarbanes-Oxley Act and PCAOB's regulatory domain."
hr1806-104,7,SOX / PCAOB / audit firm oversight,"The bill revises laws related to the Legal Services Corporation, including provisions on auditing, record-keeping, and restrictions on litigation, all of which fall under the broader scope of accounting, auditing, and legal ethics, which are central to the Sarbanes-Oxley Act and PCAOB oversight."
hr3447-103,7,SOX / PCAOB / audit firm oversight,"The bill focuses on amending federal securities laws to regulate the activities of depository institutions, including registration procedures, definitions of investment advisers, and oversight of investment companies, which directly relates to the Sarbanes-Oxley Act's focus on audit and corporate governance."
s738-111,18,Consumer / predatory mortgage lending,"The bill focuses on disclosures and consumer protections related to rental-purchase agreements, which fall under the scope of mortgage lending practices and predatory lending protections as it concerns consumer credit."
hr2600-114,1,"Systemic risk / FSOC / ""too big to fail""","The bill directly addresses the concept of 'Too Big To Fail' entities, directs the Financial Stability Oversight Council to compile a list of such entities, and aims to break them up, which falls squarely within the scope of systemic risk and FSOC regulation."
s1840-113,4,Money laundering / financial crime strategy,"The bill concerns reliance on state examinations for compliance with reporting requirements related to monetary instrument transactions, which falls under the scope of financial crime and anti-money laundering enforcement."
s1949-114,4,Money laundering / financial crime strategy,"The bill addresses fraud offenses and financial crimes related to mobile device identification numbers, which can be used in illicit activities and therefore falls under the umbrella of financial crime strategy."
s731-113,9,Banking capital requirements / Basel III,"The bill directly addresses bank capital requirements and the implementation of Basel III standards, focusing on the impact of these requirements on U.S. financial institutions."
hr5998-111,6,Dodd-Frank reform / implementation,"The bill directly amends a provision of the Dodd-Frank Wall Street Reform and Consumer Protection Act, specifically repealing a compensation reporting requirement within that Act."
hr1625-114,22,Insider trading reform,"The bill directly addresses the statutory definition of insider trading and related communications, focusing on prohibiting trading with material non-public information and the enforcement of insider trading laws."
s1592-116,4,Money laundering / financial crime strategy,"The bill focuses on protecting financial institutions cooperating with law enforcement requests, which directly relates to financial crime investigation and enforcement, aligning with the focus of anti-money laundering and financial crime strategy."
hr7332-110,4,Money laundering / financial crime strategy,"The bill addresses fraud offenses and financial crimes related to the sale of tickets, which falls under the broader scope of anti-money laundering and financial crime strategy."
hr3850-114,18,Consumer / predatory mortgage lending,"The bill focuses on consumer protections related to financial products linked to federal and military pensions, specifically addressing predatory lending concerns and disclosure requirements for credit arrangements involving these pensions."
hr740-112,7,SOX / PCAOB / audit firm oversight,"The bill focuses on disclosure requirements for securities issuers regarding sanctionable activities, which falls under the purview of corporate finance and management and SEC regulations, aligning with the scope of SOX/PCAOB/audit firm oversight as it relates to corporate reporting and transparency."
s1196-113,4,Money laundering / financial crime strategy,"The bill amends the Computer Fraud and Abuse Act (CFAA) and modifies penalty provisions related to obtaining information without authorization, which falls under the scope of financial crime strategy and enforcement, specifically addressing fraud offenses."
hr1058-104,7,SOX / PCAOB / audit firm oversight,"The bill explicitly addresses accounting and auditing practices, securities fraud, and the rules governing securities litigation, all of which fall under the purview of SOX, PCAOB, and audit firm oversight."
hr4956-103,9,Banking capital requirements / Basel III,"The bill focuses heavily on bank capital requirements, capitalization guidelines, and prohibiting additional capital requirements from federal agencies, aligning with the description of category 9."
hr2897-111,9,Banking capital requirements / Basel III,"The bill focuses on risk-based assessment of depository institutions and systemic risk assessment, directly relating to bank capital requirements and the stability of the Deposit Insurance Fund."
hr3145-111,2,"Derivatives, swaps, CFTC regulation","The bill explicitly focuses on regulating credit default swaps and granting the CFTC (through the SEC) authority over swap agreements, which falls directly under the derivatives and swaps category."
hr5786-113,9,Banking capital requirements / Basel III,"The bill focuses on regulatory relief for community banks, including adjustments to capital requirements and the assessment of financial factors, which directly relates to banking capital requirements and Basel III implementation."
sjres5-111,13,TARP oversight and wind-down,"The bill directly relates to oversight of the Emergency Economic Stabilization Act of 2008 (TARP) by attempting to limit the obligation of funds authorized under the act, falling under TARP oversight and wind-down."
s746-106,7,SOX / PCAOB / audit firm oversight,"The bill focuses on regulatory analysis, cost-benefit analysis, and peer review of rules, which are all closely related to the principles of the Sarbanes-Oxley Act and the oversight of public company auditing and reporting requirements."
hr774-112,7,SOX / PCAOB / audit firm oversight,"The bill amends securities laws and focuses on penalties related to violations, which aligns with the Sarbanes-Oxley Act's focus on corporate responsibility and audit oversight, even though it specifically targets seniors."
s372-114,7,SOX / PCAOB / audit firm oversight,"The bill concerns access to information and maintaining privilege/confidentiality protections, which relates to audit firm oversight and the integrity of financial information, aligning with the focus of SOX/PCAOB and audit firm regulation."
hr1459-115,5,Federal Reserve audit / transparency,"The bill focuses on increasing transparency and oversight of the Financial Stability Oversight Council (FSOC) and the Office of Financial Research (OFR) through reporting requirements and placing their budgets under the regular appropriations process, which directly relates to Federal Reserve audit/transparency concerns."
s1169-114,4,Money laundering / financial crime strategy,"The bill focuses on juvenile delinquency prevention programs, which includes addressing fraud offenses and financial crimes, and requires analysis of internal controls and payments recouped from grantees violating policies, aligning with financial crime strategy and potential money laundering concerns within the juvenile justice system."
s3032-111,7,SOX / PCAOB / audit firm oversight,"The bill concerns guidance issued by the Securities and Exchange Commission (SEC), which falls under the purview of securities regulation and potentially audit firm oversight due to the impact of disclosure requirements on financial reporting."
hr5860-112,3,Executive compensation at financial firms / TARP,"The bill directly addresses clawbacks of previously earned compensation at financial institutions, falling under the scope of executive compensation regulation."
hr1130-110,7,SOX / PCAOB / audit firm oversight,"The bill concerns financial disclosure reports for judges and the redaction of personal information, which falls under the broader scope of ethics and oversight related to financial reporting, similar to the Sarbanes-Oxley Act's focus on corporate financial disclosures and PCAOB oversight."
hr945-105,11,Shareholder rights / corporate governance,"The bill concerns shareholder participation in corporate charitable contributions, which falls under the broader scope of shareholder rights and corporate governance practices."
s865-104,7,SOX / PCAOB / audit firm oversight,"The bill amends the Securities Act of 1933 and concerns liability and information disclosure related to securities, which falls under the purview of SOX, PCAOB, and audit firm oversight as it relates to the accuracy of public company disclosures."
hr1645-115,7,SOX / PCAOB / audit firm oversight,"The bill directly amends the Sarbanes-Oxley Act of 2002 and concerns auditor attestation requirements, which falls under the scope of SOX and PCAOB regulation."
s1671-105,7,SOX / PCAOB / audit firm oversight,"The bill focuses on bank examination procedures and oversight of service corporations/subsidiaries, which relates to the regulation of financial institutions and their auditors, falling under the purview of SOX/PCAOB/audit firm oversight."
hr1650-111,13,TARP oversight and wind-down,"The bill focuses on enhancing oversight of the Troubled Asset Relief Program (TARP), specifically granting the Comptroller General broader access to information and records, which falls under TARP oversight beyond executive compensation as defined in category 13."
s1960-114,7,SOX / PCAOB / audit firm oversight,"The bill directly relates to the Securities and Exchange Commission (SEC) and establishes a statute of limitations for its actions, which falls under the purview of securities regulation and oversight, similar to the Sarbanes-Oxley Act's focus on audit and corporate accountability."
hr2140-113,14,Insurance regulation,"The bill directly addresses insurance regulation, specifically focusing on accounting and capital requirements for insurance companies and their relationship to state law, which falls under the scope of insurance market legislation."
s977-112,4,Money laundering / financial crime strategy,"The bill focuses on combating criminal gangs, which inherently involves addressing financial crimes associated with gang activity, and includes provisions related to forfeiture, penalties for crimes in aid of racketeering, and potentially money laundering aspects of gang operations."
s2931-114,4,Money laundering / financial crime strategy,"The bill addresses cybercrime and fraud offenses, which fall under the broader scope of financial crime strategy and enforcement of anti-money laundering (AML) principles as botnets are often used in financial crimes."
hr77-113,4,Money laundering / financial crime strategy,"The bill addresses fraud offenses and financial crimes related to currency and prohibits taxation on coins and bullion, which falls under the scope of anti-money laundering and financial crime strategy."
hr1221-113,6,Dodd-Frank reform / implementation,"The bill directly relates to the implementation of provisions of the Dodd-Frank Wall Street Reform and Consumer Protection Act, specifically regarding risk-based capital requirements and Basel III standards."
hr3321-115,4,Money laundering / financial crime strategy,"The bill explicitly focuses on establishing a national strategy for combating the financing of terrorism and related financial crimes, which directly aligns with the focus of anti-money laundering (AML) enforcement and financial crime strategy."
hr6492-110,4,Money laundering / financial crime strategy,"The bill focuses on increasing transparency and accountability in agreements between the Department of Justice and organizations, which directly relates to financial crime strategy and enforcement, as deferred prosecution agreements are often used in cases involving corporate wrongdoing and potential financial penalties."
hr3126-111,6,Dodd-Frank reform / implementation,"The bill establishes a new agency to regulate consumer financial products and services, drawing authority from existing consumer finance laws and transferring functions from multiple federal agencies, which directly relates to the implementation and reform of financial regulations following the Dodd-Frank Act."
hr4182-104,6,Dodd-Frank reform / implementation,"The bill explicitly aims to reform financial regulation by establishing a new framework for financial services holding companies, eliminating prohibitions on affiliations, and merging bank and thrift charters, which directly relates to amending and implementing changes to existing financial laws like Dodd-Frank."
hr5603-114,4,Money laundering / financial crime strategy,"The bill focuses on recovering stolen assets linked to foreign government corruption, which directly relates to anti-money laundering and financial crime strategy, specifically targeting illicit finance and fraud offenses."
s353-106,7,SOX / PCAOB / audit firm oversight,"The bill focuses on class action procedures, notification requirements, and jurisdiction, which directly relate to the oversight of public company litigation and the rules governing it, falling under the purview of SOX/PCAOB/audit firm oversight as it impacts corporate governance and legal processes."
hr6524-112,6,Dodd-Frank reform / implementation,"The bill directly addresses provisions of the Bank Holding Company Act of 1956, which was amended by the Dodd-Frank Act regarding proprietary trading, making it a matter of Dodd-Frank reform and implementation."
hr3214-111,21,Credit rating agency regulation,"The bill focuses on regulating Nationally Recognized Statistical Rating Organizations (NRSROs), reforming the credit rating system, and addressing conflicts of interest at rating agencies, which directly aligns with category 21."
hr1351-114,14,Insurance regulation,"The bill directly addresses homeowners' insurance coverage for catastrophic events and establishes a consortium to manage catastrophe risk, falling squarely within the scope of insurance regulation."
hr1176-114,7,SOX / PCAOB / audit firm oversight,"The bill focuses on auditing and transparency related to a financial regulatory agency (NCUA), which aligns with the scope of the Sarbanes-Oxley Act and PCAOB oversight, as it concerns financial reporting and accountability."
hr4084-107,11,Shareholder rights / corporate governance,"The bill focuses on prohibiting special loans to insiders of reporting issuers, which directly relates to corporate governance and fairness in financial dealings, aligning with shareholder rights and preventing potential conflicts of interest."
s3716-110,13,TARP oversight and wind-down,"The bill focuses on oversight of the TARP program through the Special Inspector General, specifically addressing personnel, audit, and investigation authorities related to the Emergency Economic Stabilization Act of 2008, which falls under TARP oversight beyond executive compensation."
s3598-112,4,Money laundering / financial crime strategy,"The bill focuses on protecting elder adults from financial exploitation and crime, collecting data on elder abuse, and providing resources for investigation and prevention of financial crimes targeting seniors, which directly aligns with anti-money laundering and financial crime strategy."
s867-112,4,Money laundering / financial crime strategy,"The bill focuses on combating criminal gangs, which inherently involves addressing financial crimes associated with gang activity, and includes provisions related to forfeiture and penalties for crimes like murder-for-hire, aligning with anti-money laundering and financial crime strategy efforts."
hr3783-111,7,SOX / PCAOB / audit firm oversight,"The bill relates to the SEC's enforcement of judgments and orders, which falls under the purview of audit firm oversight and regulation of public company auditors as it concerns the SEC's ability to pursue legal action and collect penalties from companies and individuals violating securities laws."
hr3351-111,11,Shareholder rights / corporate governance,"The bill focuses on shareholder rights by providing a non-binding vote on executive compensation and increasing transparency in proxy voting, which directly relates to corporate governance practices."
s344-111,8,Investment company / hedge fund / investment adviser regulation,"The bill directly addresses the registration and regulation of hedge funds, which fall under the definition of investment advisers and are governed by the Investment Advisers Act and Investment Company Act."
s2160-112,7,SOX / PCAOB / audit firm oversight,"The bill focuses on improving the examination process for depository institutions, establishing an appeals process for supervisory determinations, and creating an ombudsman, all of which relate to audit oversight and regulatory standards for financial institutions, aligning with the scope of SOX/PCAOB/audit firm oversight."
hr1573-112,6,Dodd-Frank reform / implementation,"The bill explicitly focuses on the implementation of Title VII of the Dodd-Frank Act, including delays in implementation, regulatory coordination, and further rulemaking related to the Act's provisions."
s67-114,7,SOX / PCAOB / audit firm oversight,"The bill amends the Securities Investor Protection Act, deals with trustee appointments, and focuses on accurate record-keeping and financial reporting, all of which fall under the purview of accounting and auditing regulations and the oversight of the PCAOB and SOX."
hr4787-113,6,Dodd-Frank reform / implementation,"The bill directly amends the Bank Holding Company Act, which was significantly impacted by the Dodd-Frank Act, indicating it falls under Dodd-Frank reform/implementation by adjusting regulations related to proprietary trading and relationships with hedge funds and private equity funds."
hr491-114,12,Data breach / identity theft / financial privacy,"The bill focuses on the privacy of geolocation information, data breach concerns related to its interception and disclosure, and establishes civil remedies for violations, all of which fall under data breach/identity theft/financial privacy protections for consumers."
s1002-115,6,Dodd-Frank reform / implementation,"The bill directly amends the Sarbanes-Oxley Act and references the Volcker Rule (part of Dodd-Frank), indicating it is focused on Dodd-Frank reform and implementation."
hr5278-108,0,,"This bill focuses on healthcare access, antitrust issues related to pharmacy negotiations, and pharmacy benefit manager regulation, which do not align with any of the listed financial regulatory categories."
s1491-114,6,Dodd-Frank reform / implementation,"The bill amends several financial regulations, including the Truth in Lending Act, Gramm-Leach-Bliley Act, and the Consumer Financial Protection Act, indicating it is directly involved in the implementation and reform of existing financial laws, which falls under Dodd-Frank reform/implementation as these acts were influenced by Dodd-Frank."
s3480-112,2,"Derivatives, swaps, CFTC regulation","The bill directly addresses regulation of swaps, margin requirements, and the Commodity Futures Trading Commission (CFTC), which falls under the Derivatives, swaps, CFTC regulation category."
s1117-115,8,Investment company / hedge fund / investment adviser regulation,"The bill amends the Investment Company Act of 1940 and concerns money market funds, which fall under the regulation of investment companies."
hr1608-111,18,Consumer / predatory mortgage lending,"The bill directly addresses mortgage lending practices and consumer credit rates, aiming to protect consumers from predatory lending, which falls under the scope of consumer/predatory mortgage lending legislation."
hr5048-107,7,SOX / PCAOB / audit firm oversight,"The bill focuses on corporate governance standards related to listing requirements on exchanges, which directly ties into the oversight of public company auditors and securities regulation, aligning with the scope of SOX and PCAOB regulations."
hr5059-115,6,Dodd-Frank reform / implementation,"The bill amends the Home Owners' Loan Act, which falls under the broader scope of financial regulation and could be considered an implementation detail related to the Dodd-Frank Act's provisions on holding companies and systemic risk, even though it focuses on tailoring regulations."
hr5602-114,4,Money laundering / financial crime strategy,"The bill focuses on enhancing anti-terrorism tools by improving tracking of fund transfers, identifying terrorist financing methods, and coordinating financial crime strategy, all of which fall under the umbrella of money laundering and financial crime strategy."
s3179-115,4,Money laundering / financial crime strategy,"The bill focuses on investigating the use of virtual currencies and online marketplaces for financial crimes, specifically sex and drug trafficking, which directly relates to anti-money laundering and financial crime strategy."
s3635-115,4,Money laundering / financial crime strategy,"The bill focuses on offender reentry programs, which includes preventing recidivism through addressing substance abuse and criminal justice collaboration, and specifically mentions preventing waste, fraud, and abuse of funds, all of which fall under financial crime strategy and anti-money laundering efforts."
hr4682-111,8,Investment company / hedge fund / investment adviser regulation,"The bill establishes Lifetime Savings Accounts, which function similarly to Roth IRAs and are intended to promote financial investment, falling under the regulation of investment accounts and advisers."
hr1626-113,16,Corporate nonfinancial / ESG disclosure,"The bill directly addresses disclosure requirements for public companies regarding political expenditures, which falls under the scope of corporate nonfinancial disclosure legislation."
hr4118-111,13,TARP oversight and wind-down,"The bill focuses on the oversight and wind-down of the TARP program, specifically requiring the divestment of assets purchased under TARP and directing repayments towards reducing the public debt, which falls under TARP oversight beyond executive compensation."
hr3671-107,7,SOX / PCAOB / audit firm oversight,"The bill focuses on auditing and disclosure requirements for investment advisers and public accountants, directly relating to the Sarbanes-Oxley Act's goals of improving corporate transparency and auditor independence."
s869-110,7,SOX / PCAOB / audit firm oversight,"The bill directly addresses revisions to Section 404 of the Sarbanes-Oxley Act, focusing on auditing requirements, internal control assessments, and the role of the PCAOB and SEC, all of which fall under the scope of SOX/PCAOB/audit firm oversight."
hr384-111,13,TARP oversight and wind-down,"The bill focuses on reforming and ensuring accountability for the Troubled Assets Relief Program (TARP), including oversight, reporting requirements, and winding down aspects of the program, which falls directly under TARP oversight and wind-down."
hr613-113,6,Dodd-Frank reform / implementation,"The bill directly amends provisions of the Dodd-Frank Act by repealing certain requirements and utilizes the Orderly Liquidation Authority (OLA) established within Dodd-Frank, indicating a focus on Dodd-Frank reform and implementation."
hr3948-115,7,SOX / PCAOB / audit firm oversight,"The bill concerns the production of intellectual property related to financial systems and the requirements for SEC requests, which falls under the oversight of financial firms and the regulation of auditors and public company disclosures, aligning with SOX/PCAOB/audit firm oversight."
hr417-103,7,SOX / PCAOB / audit firm oversight,"The bill focuses on reforming private enforcement of federal securities laws, including aspects of liability, legal fees, and attorney conflicts of interest, all of which fall under the purview of the Sarbanes-Oxley Act and PCAOB oversight of public company audits and regulation."
s3045-114,4,Money laundering / financial crime strategy,"The bill addresses financial crime through revisions to federal civil forfeiture procedures, including auditing and database establishment related to seizures, which falls under the scope of financial crime strategy and enforcement."
s1715-103,7,SOX / PCAOB / audit firm oversight,"The bill concerns unclaimed distributions of security interests and escheatment processes, which falls under the regulation of securities and potentially the oversight of public company auditors and the Sarbanes-Oxley Act framework."
s178-114,4,Money laundering / financial crime strategy,"The bill focuses on combating trafficking, establishing a fund for victim assistance, and addressing financial crimes related to trafficking through assessments on convicted offenders, which falls under the umbrella of anti-money laundering and financial crime strategy."
hr3165-105,7,SOX / PCAOB / audit firm oversight,"The bill directly addresses accounting principles, the SEC's review of them, and provides for judicial review of these principles, all of which fall under the purview of the Sarbanes-Oxley Act, the PCAOB, and audit firm oversight."
hr2552-105,7,SOX / PCAOB / audit firm oversight,"The bill focuses on audit requirements, independent audits, and the role of certified public accountants, all of which fall under the purview of SOX, PCAOB, and audit firm oversight."
hr3898-115,4,Money laundering / financial crime strategy,"The bill focuses on prohibiting financial services to entities doing business with North Korea and increasing sanctions enforcement, which directly relates to anti-money laundering and financial crime strategy."
hr607-105,18,Consumer / predatory mortgage lending,"The bill focuses on preventing unnecessary costs for home equity conversion mortgages and includes provisions related to residential mortgage transactions, suggesting a focus on consumer protection within the mortgage lending space."
hr1299-103,13,TARP oversight and wind-down,"The bill concerns funding and oversight of the Resolution Trust Corporation (RTC), which was established to resolve failing savings and loan institutions, falling under the scope of TARP oversight and wind-down activities beyond executive compensation."
hr1110-111,4,Money laundering / financial crime strategy,"The bill addresses fraud offenses and financial crimes, specifically caller ID spoofing used to wrongfully obtain value, which falls under the scope of financial crime strategy and anti-money laundering enforcement."
hr2455-115,4,Money laundering / financial crime strategy,"The bill addresses financial conflicts of interest for federal employees, specifically prohibiting participation in matters where the President has a financial interest, which falls under the broader scope of financial crime strategy and enforcement."
hr3503-112,7,SOX / PCAOB / audit firm oversight,"The bill directly amends the Sarbanes-Oxley Act of 2002 and concerns the Public Company Accounting Oversight Board (PCAOB), falling squarely within the scope of SOX/PCAOB/audit firm oversight legislation."
hr1725-103,3,Executive compensation at financial firms / TARP,"The bill directly addresses limitations on compensation, bonuses, and pay equity at the Resolution Trust Corporation and the Federal Deposit Insurance Corporation, which falls under the scope of executive compensation at financial firms."
s2092-110,19,Corporate bankruptcy: employee and retiree protections,"The bill explicitly focuses on protections for employees and retirees in corporate bankruptcy proceedings, covering areas like pension benefits, severance pay, and collective bargaining agreements."
hr703-105,5,Federal Reserve audit / transparency,"The bill explicitly focuses on auditing the Federal Reserve System and increasing its transparency through open meetings, directly aligning with the 'Federal Reserve audit / transparency' category."
hr4607-115,6,Dodd-Frank reform / implementation,"The bill focuses on a comprehensive review of existing financial regulations, which directly relates to the implementation and potential reform of the Dodd-Frank Act and broader financial regulatory frameworks."
s1837-108,4,Money laundering / financial crime strategy,"The bill's title and summary explicitly focus on combating money laundering and terrorist financing, and it amends laws related to financial crime enforcement and investigation."
hr3601-105,12,Data breach / identity theft / financial privacy,"The bill focuses on identity fraud, data protection, and consumer privacy, which directly aligns with the 'Data breach / identity theft / financial privacy' category."
hr3375-111,4,Money laundering / financial crime strategy,"The bill focuses on increasing penalties for fraud and money laundering offenses committed to facilitate terrorism, directly relating to financial crime strategy and anti-terrorism efforts."
hr2201-115,15,Crowdfunding and small-issuer capital formation,"The bill focuses on exempting 'micro-offerings' from registration requirements, which directly relates to easing capital formation for small issuers, aligning with the goals of crowdfunding and Regulation A+ initiatives."
hr3193-113,6,Dodd-Frank reform / implementation,"The bill directly amends provisions of the Dodd-Frank Act by restructuring the CFPB and altering its relationship with the FSOC, which falls under Dodd-Frank reform and implementation."
s1282-113,10,Glass-Steagall / bank-securities separation,"The bill explicitly aims to reinstate Glass-Steagall Act protections, separating commercial banking from securities activities, which directly falls under the category of Glass-Steagall / bank-securities separation."
s4036-111,6,Dodd-Frank reform / implementation,"The bill revises requirements related to the Temporary Corporate Credit Union Stabilization Fund and references the Dodd-Frank Act, indicating it's related to the implementation and reform of Dodd-Frank provisions."
s2410-114,7,SOX / PCAOB / audit firm oversight,"The bill focuses on disclosure requirements related to cybersecurity expertise on company governing bodies, which falls under the oversight of public company governance and potentially audit committee responsibilities, aligning with the scope of SOX, PCAOB, and audit firm oversight."
s1615-112,6,Dodd-Frank reform / implementation,"The bill focuses on regulatory analysis and justification requirements for financial regulators, which directly relates to the implementation and potential reform of financial regulations like those established by the Dodd-Frank Act."
hr10-115,6,Dodd-Frank reform / implementation,"The bill explicitly focuses on repealing provisions of the Dodd-Frank Act, directly addressing its reform and implementation."
s1367-114,6,Dodd-Frank reform / implementation,"The bill amends existing financial regulations (Federal Home Loan Bank Act and Federal Deposit Insurance Act) and involves oversight of financial institutions, which falls under the scope of Dodd-Frank reform and implementation as it relates to the broader financial system."
s1962-112,7,SOX / PCAOB / audit firm oversight,"The bill directly addresses the Sarbanes-Oxley Act of 2002 and modifies requirements related to internal control reporting and assessment, which falls under the scope of SOX and PCAOB oversight."
hr5592-114,2,"Derivatives, swaps, CFTC regulation","The bill directly addresses regulation of swaps, the Commodity Futures Trading Commission (CFTC), clearing requirements, and penalties for violations related to derivatives, fitting the description of category 2."
hr163-114,5,Federal Reserve audit / transparency,"The bill focuses on increasing transparency by requiring the Federal Reserve to collect and publish data on loan interest rates, which directly relates to Federal Reserve audit and transparency concerns."
hr5386-108,7,SOX / PCAOB / audit firm oversight,"The bill addresses corporate governance through changes to the board of directors of Federal Prison Industries and includes provisions related to business records and financial planning, aligning with the focus of SOX/PCAOB/audit firm oversight on corporate structure and financial accountability."
s2430-103,6,Dodd-Frank reform / implementation,"The bill provides flexibility for depository institutions and their regulators in the wake of a disaster, which can be considered an implementation aspect of existing financial regulations and potentially amends aspects of financial law."
hr5147-107,7,SOX / PCAOB / audit firm oversight,"The bill concerns accounting standards and financial statements, specifically related to stock options, which falls under the purview of the Sarbanes-Oxley Act and the PCAOB's oversight of public company auditors."
s1316-111,9,Banking capital requirements / Basel III,"The bill concerns banking regulation, specifically relating to the establishment of bank branches, which falls under the broader scope of banking capital requirements and operational structures."
hr1699-114,7,SOX / PCAOB / audit firm oversight,"The bill focuses on government contracting procedures, wage rates, and oversight related to Federal Prison Industries, which involves corporate finance and management practices, and could be considered analogous to audit and oversight of a government corporation, similar to the scope of SOX and PCAOB regulations."
hr5060-103,7,SOX / PCAOB / audit firm oversight,"The bill concerns fees collected under the Securities Act of 1933 and relates to the funding of the Securities and Exchange Commission, which falls under the purview of securities regulation and oversight, aligning with the focus of SOX/PCAOB/audit firm oversight as it pertains to public company regulation."
hr4941-111,4,Money laundering / financial crime strategy,"The bill focuses on reporting requirements for the transportation of funds and value, and addresses the criminal enforcement of anti-money laundering (AML) and financial crime strategy related to cash smuggling."
hr2643-114,4,Money laundering / financial crime strategy,"The bill focuses on providing state officials access to criminal history information for financial service providers, which directly relates to anti-money laundering and financial crime strategy by improving background checks and oversight of those in the financial sector."
s3677-110,4,Money laundering / financial crime strategy,"The bill focuses on establishing a task force to investigate and prosecute financial crimes, aligning with the core purpose of anti-money laundering enforcement and financial crime strategy."
hr1049-114,7,SOX / PCAOB / audit firm oversight,"The bill concerns funding for the Securities Investor Protection Corporation (SIPC), which is directly related to the oversight of public company auditors and the integrity of financial markets, falling under the purview of SOX/PCAOB/audit firm oversight."
hr1037-116,4,Money laundering / financial crime strategy,"The bill focuses on reporting financial services provided to sanctioned persons, which directly relates to anti-money laundering (AML) enforcement and financial crime strategy, as sanctioned persons are often involved in illicit finance."
s3129-110,2,"Derivatives, swaps, CFTC regulation","The bill directly regulates commodity exchanges and energy trading, focusing on preventing manipulation and increasing transparency, which falls under the purview of the Commodity Futures Trading Commission (CFTC) and derivatives regulation."
hr1588-112,18,Consumer / predatory mortgage lending,"The bill focuses on disclosures and consumer protections related to rental-purchase agreements, which are a form of financing for consumers acquiring goods, and thus falls under the category of consumer and predatory mortgage lending practices."
s1065-111,7,SOX / PCAOB / audit firm oversight,"The bill amends the Investment Company Act of 1940 and the Employee Retirement Income Security Act of 1974 (ERISA), both of which fall under the purview of financial regulation and audit oversight, aligning with category 7's focus on SOX, PCAOB, and audit firm oversight."
hr3760-115,18,Consumer / predatory mortgage lending,"The bill directly addresses mortgage lending practices and sets interest rate restrictions on consumer credit transactions, aligning with the focus of consumer and predatory mortgage lending protections."
hr5991-114,21,Credit rating agency regulation,"The bill directly addresses the regulation of Nationally Recognized Statistical Rating Organizations (NRSROs), which falls under the category of credit rating agency regulation."
hr595-115,6,Dodd-Frank reform / implementation,"The bill amends the Federal Reserve Act and references Title II of the Dodd-Frank Act, indicating it directly relates to Dodd-Frank reform and implementation."
s298-111,7,SOX / PCAOB / audit firm oversight,"The bill focuses on investigating the causes of the financial crisis and the roles of regulatory bodies like the SEC and rating agencies, which falls under the scope of audit firm oversight and financial regulation related to the Sarbanes-Oxley Act."
hr617-103,7,SOX / PCAOB / audit firm oversight,"The bill focuses on securities regulation, proxy rules, disclosure requirements, and oversight of the SEC, all of which fall under the purview of the Sarbanes-Oxley Act and PCAOB's regulatory framework."
s1557-104,4,Money laundering / financial crime strategy,"The bill focuses on prohibiting economic espionage and protecting proprietary economic information, which falls under the broader scope of financial crime strategy and enforcement, particularly concerning illicit financial activities and protecting U.S. economic interests."
hr1212-111,7,SOX / PCAOB / audit firm oversight,"The bill directly amends the Sarbanes-Oxley Act of 2002 and focuses on the oversight of auditors, specifically the Public Company Accounting Oversight Board (PCAOB) and regulation of public company auditors."
hr4071-107,7,SOX / PCAOB / audit firm oversight,"The bill focuses on extending securities registration and reporting requirements, which directly relates to securities law and oversight, aligning with the category for SOX / PCAOB / audit firm oversight."
hr2104-113,12,Data breach / identity theft / financial privacy,"The bill focuses on the misuse of Social Security numbers, establishing penalties and protections related to identity theft and financial data privacy for consumers."
hr5664-107,19,Corporate bankruptcy: employee and retiree protections,"The bill focuses on fair treatment of employee benefits and pension plans within bankruptcy proceedings, directly addressing employee and retiree protections in the context of corporate collapse."
hr6243-114,4,Money laundering / financial crime strategy,"The bill addresses fraud offenses and financial crimes related to the trafficking of fentanyl, which falls under the scope of financial crime strategy and anti-money laundering efforts."
hr1576-113,5,Federal Reserve audit / transparency,"The bill directly addresses the Federal Reserve's governance structure and monetary policy, specifically focusing on defining the value of the dollar and removing its authority to pay earnings on reserves, which falls under audit and transparency concerns."
hr3461-112,7,SOX / PCAOB / audit firm oversight,"The bill focuses on the fairness and reform of financial institution examinations, including appeals processes and standards, which directly relates to audit oversight and the regulatory framework surrounding financial reporting and compliance, aligning with the scope of SOX, PCAOB, and audit firm oversight."
s2976-113,2,"Derivatives, swaps, CFTC regulation","The bill directly addresses derivatives, swaps, and clarifies clearing requirements under the Commodity Exchange Act and Securities Exchange Act, falling squarely within the scope of derivatives regulation and CFTC regulation."
s1450-104,7,SOX / PCAOB / audit firm oversight,"The bill concerns contracts and corporate reorganizations within the context of bankruptcy, which falls under the broader scope of corporate governance and potentially audit/oversight of financial dealings related to those contracts."
s1280-111,13,TARP oversight and wind-down,"The bill focuses on the oversight and wind-down of the TARP program, specifically establishing a trust to manage TARP recipient assets and liquidating them for taxpayer return, which falls under TARP oversight beyond executive compensation."
hr4256-111,8,Investment company / hedge fund / investment adviser regulation,"The bill concerns Real Estate Investment Trusts (REITs), which are a type of investment company, and modifies their eligibility for grants, directly relating to investment company regulation."
hr5714-112,9,Banking capital requirements / Basel III,"The bill focuses heavily on bank capital requirements, leverage ratios, and asset limits, all of which fall under the scope of Basel III implementation and banking capital regulations."
s906-111,4,Money laundering / financial crime strategy,"The bill focuses on investigating and prosecuting financial fraud targeting seniors, which directly aligns with anti-money laundering and financial crime strategy efforts."
s340-111,13,TARP oversight and wind-down,"The bill focuses on enhancing oversight of the Troubled Asset Relief Program (TARP), specifically granting the Comptroller General broader access to information and records, which falls under TARP oversight beyond executive compensation as defined in category 13."
hr1996-110,6,Dodd-Frank reform / implementation,"The bill addresses the applicability of state laws to national banks and federal savings associations, which relates to the implementation and scope of federal banking regulations and could be considered a reform of existing federal-state relations within the financial sector, falling under the umbrella of Dodd-Frank reform/implementation as it impacts the regulatory landscape."
hr5046-114,4,Money laundering / financial crime strategy,"The bill focuses on addressing the opioid epidemic through grants for law enforcement, substance abuse agencies, and investigating unlawful opioid distribution, which directly relates to financial crime strategy and anti-money laundering efforts given the illicit nature of drug trafficking."
hr4566-115,6,Dodd-Frank reform / implementation,"The bill directly amends the Dodd-Frank Wall Street Reform and Consumer Protection Act by modifying stress test requirements, placing it squarely within the scope of Dodd-Frank reform/implementation legislation."
hr3818-107,7,SOX / PCAOB / audit firm oversight,"The bill focuses heavily on regulation of public auditors, establishing the Public Accounting Regulatory Board (PCAOB), and improving audit quality standards, all of which fall under the scope of SOX/PCAOB/audit firm oversight."
s477-114,1,"Systemic risk / FSOC / ""too big to fail""","The bill directly addresses a program ('Operation Choke Point') aimed at discouraging financial institutions from providing services to a specific industry (firearms dealers and manufacturers), which falls under the broader scope of systemic risk and financial sector regulation."
hr3040-111,4,Money laundering / financial crime strategy,"The bill focuses on preventing and combating mail, telemarketing, and internet fraud targeting seniors, which directly relates to anti-money laundering enforcement and financial crime strategy."
s1245-114,4,Money laundering / financial crime strategy,"The bill addresses financial crimes through restrictions on equipment purchases by law enforcement agencies and data collection related to SWAT team usage, which can be tied to investigations of fraud offenses and financial crimes."
hr2547-113,9,Banking capital requirements / Basel III,"The bill directly addresses bank capital requirements and the implementation of Basel III standards, focusing on the impact on community, mid-size, and regional institutions."
hr6272-109,7,SOX / PCAOB / audit firm oversight,"The bill focuses on empowering the SEC with enhanced enforcement authority, including nationwide subpoena power, which directly relates to the oversight of securities regulation and the functions of the SEC, aligning with the scope of SOX/PCAOB/audit firm oversight."
s452-116,7,SOX / PCAOB / audit firm oversight,"The bill directly amends the Sarbanes-Oxley Act of 2002 and concerns auditor attestation requirements, which falls under the scope of SOX and PCAOB oversight."
hr2531-107,18,Consumer / predatory mortgage lending,"The bill directly addresses predatory mortgage lending practices, TILA reform, and protections for consumers related to mortgage loans, aligning with the focus of category 18."
hr1973-112,4,Money laundering / financial crime strategy,"The bill addresses fraud offenses and financial crimes, specifically prohibiting undisclosed self-dealing by public officials, which falls under the broader scope of financial crime strategy and enforcement."
hr4565-113,15,Crowdfunding and small-issuer capital formation,"The bill focuses on increasing capital formation for small companies through changes to securities laws, aligning with the description of crowdfunding and small-issuer capital formation legislation (JOBS Act-related)."
s2794-110,7,SOX / PCAOB / audit firm oversight,"The bill focuses on securities regulation and investor protection, specifically addressing fraudulent marketing practices related to financial investments, which falls under the purview of audit and oversight related to financial practices and standards."
hr4519-115,16,Corporate nonfinancial / ESG disclosure,"The bill directly addresses the repeal of disclosure requirements related to resource extraction, which falls under the category of corporate nonfinancial/ESG disclosure as it concerns information beyond traditional financial metrics."
hr2940-112,15,Crowdfunding and small-issuer capital formation,"The bill focuses on easing capital formation for small issuers by removing restrictions on general solicitation under Regulation D, which is directly related to crowdfunding and small-issuer capital formation."
hr4934-111,7,SOX / PCAOB / audit firm oversight,"The bill concerns guidance issued by the Securities and Exchange Commission (SEC), which falls under the purview of securities regulation and potentially audit firm oversight due to the impact of disclosure requirements on financial reporting."
hr4855-114,15,Crowdfunding and small-issuer capital formation,"The bill directly addresses regulation crowdfunding, increasing the dollar amount limit and clarifying requirements for funding portals, which falls under the category of easing capital formation for small issuers related to the JOBS Act."
hr4538-114,4,Money laundering / financial crime strategy,"The bill focuses on the reporting of suspected financial exploitation of senior citizens, which directly relates to financial crime strategy and anti-money laundering efforts, as exploitation is often a precursor to financial crimes."
hr333-107,19,Corporate bankruptcy: employee and retiree protections,"The bill focuses heavily on bankruptcy reform, specifically addressing employee and retiree protections through provisions related to disposable income, special allowances for health insurance, and dismissal of cases for debtors convicted of crimes, impacting claims for domestic support obligations and potentially pension beneficiaries."
hr2119-105,5,Federal Reserve audit / transparency,"The bill focuses on auditing the Federal Reserve System and increasing transparency through annual reporting requirements to Congress, directly aligning with the category of Federal Reserve audit / transparency."
s418-109,7,SOX / PCAOB / audit firm oversight,"The bill focuses on regulating investment companies, investment advisers, and securities sales practices, particularly concerning disclosures and registration requirements, which directly relates to the oversight of public company auditors and securities regulation under SOX/PCAOB."
hr605-110,4,Money laundering / financial crime strategy,"The bill focuses on combating fraud, specifically telemarketing fraud targeting seniors, which falls under the umbrella of financial crime strategy and anti-money laundering enforcement as it aims to protect vulnerable individuals from financial exploitation."
hr3312-115,6,Dodd-Frank reform / implementation,"The bill directly amends the Dodd-Frank Act regarding enhanced supervision of bank holding companies, making it fall under Dodd-Frank reform/implementation legislation."
s524-107,5,Federal Reserve audit / transparency,"The bill directly addresses the Federal Reserve System, specifically authorizing interest payments on reserves and reforming reserve requirements, which falls under the purview of Federal Reserve audit/transparency and governance structure."
hr1480-104,1,"Systemic risk / FSOC / ""too big to fail""","The bill addresses the stabilization of a deposit insurance fund (SAIF) and involves bank capital, failures, and the role of the FDIC, which are all core elements of systemic risk management and financial sector stability."
hr4804-114,4,Money laundering / financial crime strategy,"The bill addresses malicious and false threats made to trigger law enforcement responses, which falls under the scope of financial crime strategy and anti-money laundering enforcement as swatting can be used to disrupt financial institutions or be part of broader criminal activity."
hr4866-109,18,Consumer / predatory mortgage lending,"The bill contains significant provisions related to mortgage lending practices, Truth in Lending Act reform, counseling requirements, and predatory lending protections, all falling under the scope of consumer and predatory mortgage lending."
hr1112-113,16,Corporate nonfinancial / ESG disclosure,"The bill mandates disclosure of expenditures made to influence public opinion, which falls under the scope of corporate nonfinancial disclosure, specifically relating to political spending."
s2306-103,7,SOX / PCAOB / audit firm oversight,"The bill amends the Securities Exchange Act of 1934 and addresses securities fraud, which falls under the purview of the Sarbanes-Oxley Act's focus on audit and corporate responsibility."
hr1481-104,9,Banking capital requirements / Basel III,"The bill focuses on deposit insurance fund management, assessment rates, reserve ratios, and the transfer of funds between insurance funds, all of which relate to bank capital requirements and financial stability."
hr1161-106,6,Dodd-Frank reform / implementation,"The bill amends banking and bankruptcy laws related to financial contracts, specifically addressing the treatment of these contracts in the event of a bank failure, which falls under the scope of Dodd-Frank reform and implementation as it concerns systemic risk and financial stability."
s1111-114,2,"Derivatives, swaps, CFTC regulation","The bill directly addresses swaps, specifically utility operations-related swaps, and focuses on regulation of the Commodity Futures Trading Commission (CFTC) regarding their designation and reporting requirements."
hr290-104,7,SOX / PCAOB / audit firm oversight,"The bill focuses on bank directors, accounting, and prohibiting outside counsel/accountants from serving on boards, which directly relates to audit firm oversight and the Sarbanes-Oxley Act's emphasis on corporate governance and independence."
hr4393-105,6,Dodd-Frank reform / implementation,"The bill amends banking and bankruptcy laws related to financial contracts, specifically addressing the treatment of these contracts in the event of a bank failure, which falls under the scope of Dodd-Frank reform and implementation as it concerns systemic risk and financial stability."
hr1185-109,9,Banking capital requirements / Basel III,"The bill focuses on reforming the Federal Deposit Insurance System, including changes to bank capital, reserve requirements, risk assessments, and assessment rates, all of which fall under the purview of banking capital requirements and Basel III standards."
hr3329-113,6,Dodd-Frank reform / implementation,"The bill directly relates to the implementation of the Dodd-Frank Act by modifying capital requirements for smaller bank holding companies, which falls under Dodd-Frank reform/implementation."
hjres41-115,6,Dodd-Frank reform / implementation,"The bill directly addresses a rule mandated by the Dodd-Frank Act and seeks to nullify it, making it legislation related to Dodd-Frank reform/implementation."
hr3474-103,6,Dodd-Frank reform / implementation,"The bill's title and summary indicate it aims to improve and reform various aspects of financial institutions and consumer protection, which aligns with the broad scope of Dodd-Frank reform and implementation, even though it predates Dodd-Frank and is focused on earlier regulatory adjustments."
hr6204-112,8,Investment company / hedge fund / investment adviser regulation,"The bill directly amends the Investment Advisers Act of 1940 and focuses on the regulation of investment advisers, falling squarely within the scope of category 8."
hr1475-104,6,Dodd-Frank reform / implementation,"This bill directly implements changes to the Federal Deposit Insurance Act, merging funds and altering assessment schedules, which falls under the broader scope of Dodd-Frank reform/implementation as it restructures financial regulations."
hr4364-105,6,Dodd-Frank reform / implementation,"The bill focuses on streamlining regulations for depository institutions and making technical corrections to existing financial laws, which falls under the scope of Dodd-Frank reform and implementation as it addresses the regulatory framework established by prior financial legislation."
hr2972-104,7,SOX / PCAOB / audit firm oversight,"The bill focuses on the funding and fee structure of the Securities and Exchange Commission (SEC), which is directly related to the regulation of public companies and the oversight of auditors, falling under the purview of Sarbanes-Oxley and PCAOB responsibilities."
s1389-111,14,Insurance regulation,"The bill directly addresses insurance regulation, specifically focusing on the exemption of certain annuity contracts from federal securities regulation and referencing the National Association of Insurance Commissioners, which is a key body in insurance oversight."
hr3579-108,8,Investment company / hedge fund / investment adviser regulation,"The bill focuses on regulations pertaining to credit unions, including investments, loans, mergers, and net worth requirements, which fall under the regulation of investment companies and investment advisers."
hr2084-114,4,Money laundering / financial crime strategy,"The bill addresses tax-related crimes in connection with identity theft and fraud offenses, which falls under the scope of financial crime strategy and anti-money laundering enforcement."
s3373-114,9,Banking capital requirements / Basel III,"The bill concerns the liabilities of insured depository institutions and relates to capital requirements by setting a limit on reciprocal deposits, which impacts a bank's financial standing and is therefore related to banking capital requirements."
hr710-111,9,Banking capital requirements / Basel III,"The bill focuses on securing Tier 1 capital for banks through preferred stock investments, directly relating to bank capital requirements and the TARP Capital Purchase Program, which is a key aspect of bank capital regulation."
hr3990-113,12,Data breach / identity theft / financial privacy,"The bill focuses on identity theft prevention, data breach notification, and financial data privacy protections for consumers, directly aligning with the description of category 12."
hr1489-112,10,Glass-Steagall / bank-securities separation,"The bill explicitly aims to reinstate the separation between commercial banking and securities activities, referencing and reviving the Glass-Steagall Act, which directly addresses bank-securities separation."
s780-115,4,Money laundering / financial crime strategy,"The bill addresses financial services for marijuana-related businesses, protections for depository institutions providing those services, and eliminating restrictions related to financial crimes, all of which fall under the scope of money laundering/financial crime strategy."
s89-114,6,Dodd-Frank reform / implementation,"The bill explicitly aims to repeal the Dodd-Frank Wall Street Reform and Consumer Protection Act, directly addressing the core subject matter of category 6."
hr913-109,7,SOX / PCAOB / audit firm oversight,"The bill focuses on enhanced disclosures of employee stock options and related accounting standards, which directly relates to financial statements, the SEC, and audit requirements, falling under the purview of SOX/PCAOB/audit firm oversight."
hr3110-115,6,Dodd-Frank reform / implementation,"The bill directly amends the Financial Stability Act of 2010, which is the formal name of the Dodd-Frank Act, indicating it falls under Dodd-Frank reform/implementation legislation."
s642-115,4,Money laundering / financial crime strategy,"The bill addresses civil forfeiture, structuring financial transactions to evade reporting requirements, and the use of seized property in connection with financial crimes, all of which fall under the umbrella of money laundering and financial crime strategy."
hr418-114,16,Corporate nonfinancial / ESG disclosure,"The bill mandates disclosure of corporate political spending, which falls under the category of non-financial disclosure requirements for public companies."
hr3555-115,7,SOX / PCAOB / audit firm oversight,"The bill concerns regulations under the Securities Exchange Act of 1934 and directs the SEC to interpret a term related to exchange facilities, which falls under the oversight of the PCAOB and SOX's broader framework of audit and securities regulation."
hr1611-115,11,Shareholder rights / corporate governance,"The bill focuses on increasing gender diversity on corporate boards and requires disclosures to shareholders regarding board composition, which directly relates to corporate governance and shareholder rights."
hr2264-112,4,Money laundering / financial crime strategy,"The bill focuses on preventing the smuggling of drugs and humans, which are considered financial crimes, and specifically includes provisions to make tunnel construction a predicate offense for money laundering violations."
s513-111,5,Federal Reserve audit / transparency,"The bill explicitly focuses on requiring the Federal Reserve to publish information about its financial assistance programs, directly addressing Federal Reserve audit and transparency concerns."
hr2864-115,15,Crowdfunding and small-issuer capital formation,"The bill focuses on easing capital formation for smaller issuers by modifying Regulation A+, which is a key component of the JOBS Act related to crowdfunding and small-issuer capital formation."
s2373-112,7,SOX / PCAOB / audit firm oversight,"The bill focuses on SEC regulations, regulatory procedures, and improving the quality of regulations, which aligns with the oversight of the PCAOB and the Sarbanes-Oxley Act's goals of improving corporate financial reporting and audit quality."
hr6086-111,6,Dodd-Frank reform / implementation,"The bill directly amends provisions of the Dodd-Frank Act by repealing prohibitions on FOIA requests for SEC records, making it a Dodd-Frank reform/implementation measure."
s1614-114,4,Money laundering / financial crime strategy,"The bill focuses on fraud offenses and financial crimes related to guardianship and conservatorship, which falls under the umbrella of financial crime strategy and prevention of elder abuse."
s753-106,6,Dodd-Frank reform / implementation,"The bill explicitly amends the Banking Act of 1933 (Glass-Steagall Act) and the Bank Holding Company Act of 1956, which are core components of the Dodd-Frank Act's regulatory framework and represents a significant reform of financial regulations."
hr2550-103,7,SOX / PCAOB / audit firm oversight,"The bill reorganizes financial regulatory bodies (CFTC and SEC) into a single commission, which inherently involves oversight of securities regulation, public company reporting, and related areas falling under the purview of the Sarbanes-Oxley Act and PCAOB."
hr59-103,6,Dodd-Frank reform / implementation,"The bill focuses on reducing the regulatory burden on depository institutions, modifying reporting requirements, and streamlining approval processes, which aligns with the goals of Dodd-Frank reform and implementation by addressing financial regulations."
hr4846-107,7,SOX / PCAOB / audit firm oversight,"The bill includes provisions for audits, financial statements, and reporting requirements related to the United States Mint Public Enterprise Fund, which falls under the broader scope of government oversight and financial reporting similar to SOX and PCAOB regulations."
hr2682-112,2,"Derivatives, swaps, CFTC regulation","The bill directly addresses regulation of swaps, margin requirements, and the Commodity Futures Trading Commission (CFTC), which falls under the Derivatives, swaps, CFTC regulation category."
hr4097-106,4,Money laundering / financial crime strategy,"The bill addresses the theft of materials used in the production of government securities, which directly relates to financial crime and the potential for counterfeiting, thus falling under the scope of money laundering/financial crime strategy."
hr3320-106,12,Data breach / identity theft / financial privacy,"The bill directly addresses consumer financial privacy, data sharing practices of financial institutions, and access to personal information, all of which fall under the scope of data breach/identity theft/financial privacy protections."
hr3550-111,7,SOX / PCAOB / audit firm oversight,"The bill amends securities laws and focuses on penalties for violations, specifically related to fraud offenses and financial crimes, which aligns with the scope of the Sarbanes-Oxley Act and PCAOB oversight of financial reporting and auditor responsibilities."
hr2818-113,4,Money laundering / financial crime strategy,"The bill focuses on surveillance powers and restrictions on government access to information, which directly relates to preventing fraud offenses and financial crimes by limiting the ability to secretly gather data that could be used for illicit purposes."
hr5322-114,8,Investment company / hedge fund / investment adviser regulation,"The bill directly addresses regulation of investment companies under the Investment Company Act of 1940, specifically focusing on companies located in U.S. territories."
s1405-105,6,Dodd-Frank reform / implementation,"The bill explicitly aims for 'regulatory reform in financial institution management and activities' and streamlines agency actions, indicating a focus on amending and reforming existing financial regulations, which aligns with the scope of Dodd-Frank reform/implementation even though it predates Dodd-Frank, it's a similar goal of regulatory adjustment."
s1933-107,7,SOX / PCAOB / audit firm oversight,"The bill directly addresses liability standards in securities litigation, auditing, and corporate governance, all of which fall under the purview of the Sarbanes-Oxley Act and PCAOB oversight."
s2153-105,5,Federal Reserve audit / transparency,"The bill focuses on auditing the Federal Reserve, increasing transparency through reporting requirements, and reforming its governance structure by requiring appropriations for expenditures, aligning closely with the description of Category 5."
s1927-113,12,Data breach / identity theft / financial privacy,"The bill explicitly focuses on protecting consumer information, requiring data breach notification, and addressing identity theft prevention, which directly aligns with the Data breach / identity theft / financial privacy category."
hr21-108,23,Internet gambling payment enforcement,"The bill explicitly addresses the Unlawful Internet Gambling Enforcement Act (UIGEA) framework and payment processing restrictions on online gambling, directly aligning with category 23."
hr2219-115,4,Money laundering / financial crime strategy,"The bill focuses on anti-money laundering programs and financial crime strategy specifically targeting human trafficking, which falls directly under the scope of legislation on financial crime enforcement."
hr3903-115,15,Crowdfunding and small-issuer capital formation,"The bill focuses on easing capital formation for issuers by expanding the use of 'testing the waters' and confidential draft registration submissions, which are mechanisms related to initial public offerings and small-issuer funding, aligning with the goals of crowdfunding and small-issuer capital formation legislation."
hr5283-114,4,Money laundering / financial crime strategy,"The bill addresses financial crimes through revisions to federal civil forfeiture procedures, including auditing and database establishment related to seizures, which falls under the umbrella of financial crime strategy and enforcement."
s690-108,11,Shareholder rights / corporate governance,"The bill focuses on shareholder approval of stock option plans, vesting periods, and disclosure requirements related to executive compensation, all of which fall under the umbrella of shareholder rights and corporate governance."
s3569-112,4,Money laundering / financial crime strategy,"The bill focuses on improving the enforcement of criminal and civil law related to cloud computing, which includes addressing fraud offenses and financial crimes, aligning with the focus of anti-money laundering and financial crime strategy."
hr1900-105,7,SOX / PCAOB / audit firm oversight,"The bill focuses on regulations pertaining to the sales practices of financial products, sales personnel qualifications, and consumer complaint resolution, which aligns with the oversight of financial firms and their adherence to standards like those enforced by the PCAOB and SOX."
s2724-107,2,"Derivatives, swaps, CFTC regulation","The bill focuses on regulating energy and metal commodity trading markets, specifically addressing futures trading, derivatives regulation, market manipulation, and CFTC oversight, which directly falls under the scope of derivatives, swaps, and CFTC regulation."
s1799-113,7,SOX / PCAOB / audit firm oversight,"The bill includes provisions for audits of grant recipients and requirements for nonprofit organizations regarding compensation, which fall under accounting and auditing practices and oversight similar to those addressed by the Sarbanes-Oxley Act and PCAOB regulations."
hr1119-113,11,Shareholder rights / corporate governance,"The bill directly addresses corporate finance related to political campaign spending and restricts access to federal financing based on such spending, which falls under the umbrella of corporate governance and shareholder rights by attempting to influence corporate behavior regarding political activities."
s534-115,4,Money laundering / financial crime strategy,"The bill includes provisions related to fraud offenses and financial crimes, specifically revising civil remedy provisions for victims of human trafficking offenses and federal sex offenses, which fall under the umbrella of financial crime strategy and enforcement."
hr1114-108,7,SOX / PCAOB / audit firm oversight,"The bill focuses on establishing procedures for resolving claims and managing a compensation fund, which involves administrative law judges, evidence, court records, and legal fees, all of which fall under the purview of audit firm oversight and related legal processes."
hr6810-115,4,Money laundering / financial crime strategy,"The bill includes provisions related to 'fraud offenses and financial crimes' by criminalizing the fraudulent display of a revoked Presidential Medal of Freedom, which falls under the broader scope of financial crime strategy and enforcement."
hr2076-114,4,Money laundering / financial crime strategy,"The bill focuses on providing safe harbor for financial institutions serving marijuana-related businesses and addresses suspicious activity reporting requirements, which directly relates to anti-money laundering and financial crime strategy."
s143-107,7,SOX / PCAOB / audit firm oversight,"The bill directly addresses fees related to the Securities and Exchange Commission, modifies filing requirements under securities laws, and concerns oversight of the SEC, all of which fall under the purview of SOX, PCAOB, and audit firm oversight."
hr725-115,7,SOX / PCAOB / audit firm oversight,"The bill concerns fraudulent joinder in federal court, which relates to the integrity of pleadings and evidence presented in civil actions, impacting the judicial process and potentially uncovering issues with audit trails and financial reporting, aligning with the broader scope of SOX and PCAOB oversight."
s3-111,6,Dodd-Frank reform / implementation,"The bill explicitly mentions reforming the financial regulatory system and strengthening systemic-risk regulation, which are core components of the Dodd-Frank Act and its implementation."
hr1067-115,4,Money laundering / financial crime strategy,"The bill focuses on utilizing funds from forfeited drug seizures, which are derived from financial crimes like drug trafficking and aims to increase border security by targeting illicit finance, aligning with the focus of anti-money laundering and financial crime strategy."
hr2356-114,8,Investment company / hedge fund / investment adviser regulation,"The bill concerns research reports related to investment funds, which falls under the regulation of investment companies and investment advisers."
hr7266-110,2,"Derivatives, swaps, CFTC regulation","The bill explicitly focuses on regulating derivatives dealers and hedge funds, clearing and reporting requirements, and granting the CFTC (through the SEC in this case) jurisdiction over derivatives markets, aligning with the description of category 2."
hr1858-104,6,Dodd-Frank reform / implementation,"The bill explicitly amends and revises provisions of RESPA and TILA, both of which were significantly impacted by the Dodd-Frank Act, indicating it's focused on Dodd-Frank reform/implementation."
s1507-115,0,,"The bill focuses on flood insurance and mitigation efforts, which do not directly align with any of the listed financial regulatory categories, as it pertains to disaster relief and state-level finance rather than federal financial regulation."
s1423-105,6,Dodd-Frank reform / implementation,"The bill explicitly aims to 'modernize and improve the Federal Home Loan Bank System,' which involves amending the Federal Home Loan Bank Act and altering the structure and operations of the FHLBs, indicating a reform of an existing financial regulatory framework and thus falls under Dodd-Frank reform/implementation as it addresses systemic financial institutions."
hr3067-115,4,Money laundering / financial crime strategy,"The bill focuses on investigating and prosecuting cybercrimes against individuals, including threats and the publication of personally identifiable information, which falls under the scope of financial crime strategy and anti-money laundering enforcement as these crimes can be used to facilitate financial harm."
s1940-112,14,Insurance regulation,"The bill directly addresses the National Flood Insurance Act, insurance availability, risk premium rates, and regulations within the insurance industry, all falling under insurance regulation."
s726-114,6,Dodd-Frank reform / implementation,"The bill amends the Consumer Financial Protection Act of 2010 and concerns the CFPB's reporting requirements, which falls under the broader scope of Dodd-Frank reform and implementation as the CFPB was created by Dodd-Frank."
hr2391-116,6,Dodd-Frank reform / implementation,"The bill involves amendments to existing financial legislation (Federal Home Loan Bank Act) and expands investment authority, which falls under the scope of broader financial reform and implementation efforts similar to Dodd-Frank adjustments."
hr718-104,7,SOX / PCAOB / audit firm oversight,"The bill focuses on combining the functions of the CFTC and SEC, which are key regulators of public companies and financial markets, and involves aspects of securities regulation and oversight, aligning with the scope of SOX/PCAOB/audit firm oversight."
hr665-103,4,Money laundering / financial crime strategy,"The bill focuses on criminal penalties for fraud against insurance companies, including embezzlement and false reporting, which falls under the broader scope of financial crime strategy and anti-money laundering enforcement."
hr835-111,5,Federal Reserve audit / transparency,"The bill directly addresses the monetary policy of the Federal Reserve and seeks to define a value for the U.S. dollar, which falls under the scope of Federal Reserve audit/transparency and governance structure reform."
hr6513-110,7,SOX / PCAOB / audit firm oversight,"The bill focuses on enhancing SEC enforcement powers, audit oversight through testimony requirements from the FASB and PCAOB, and revisions to confidentiality rules related to SEC submissions, all of which fall under the purview of SOX, PCAOB, and audit firm oversight."
hr4079-104,6,Dodd-Frank reform / implementation,"The bill explicitly aims to reduce regulatory burdens on depository institutions and includes amendments to acts like RESPA and TILA, which fall under the scope of Dodd-Frank implementation and reform by altering existing financial regulations."
hr2448-111,2,"Derivatives, swaps, CFTC regulation","The bill explicitly regulates futures transactions involving energy commodities and credit default swaps, and focuses on the Commodity Futures Trading Commission (CFTC) regulation of these markets, including clearing and reporting requirements."
s3258-111,7,SOX / PCAOB / audit firm oversight,"The bill significantly amends the Sarbanes-Oxley Act of 2002, focuses on accounting and auditing procedures, and addresses the authority of the PCAOB and SEC regarding investigations and enforcement, all of which fall under the scope of SOX/PCAOB/audit firm oversight."
hr3470-115,12,Data breach / identity theft / financial privacy,"The bill focuses on the privacy of geolocation information, which falls under financial data privacy protections for consumers as it relates to tracking and potential misuse of personal data."
s216-112,4,Money laundering / financial crime strategy,"The bill focuses on criminal penalties for knowingly and intentionally violating food safety regulations, which falls under the broader scope of financial crime strategy and anti-fraud enforcement related to the food supply."
hr3705-114,6,Dodd-Frank reform / implementation,"The bill focuses on regulatory review and consistency across financial regulators, which is a common aspect of implementing and refining the Dodd-Frank Act's framework."
hr7223-110,6,Dodd-Frank reform / implementation,"The bill includes provisions to suspend mark-to-market accounting requirements and addresses the financial viability and potential privatization of GSEs, which are directly related to the implementation and reform of Dodd-Frank, as the GSEs were significantly impacted by the Act."
hr3723-104,4,Money laundering / financial crime strategy,"The bill focuses on protecting proprietary economic information and addresses criminal offenses related to stealing, obtaining, or conveying trade secrets, which directly relates to financial crime strategy and anti-money laundering efforts by protecting valuable assets from illicit actors."
hr1085-103,9,Banking capital requirements / Basel III,"The bill focuses on bank capital requirements, specifically regarding share subscriptions and asset-based formulas for Federal Home Loan Bank membership, which directly relates to banking capital standards."
s1897-113,12,Data breach / identity theft / financial privacy,"The bill focuses on identity theft prevention, data breach notification, and financial data privacy protections for consumers, directly aligning with the description of category 12."
hr24-114,5,Federal Reserve audit / transparency,"The bill explicitly focuses on requiring a full audit of the Federal Reserve System and removing limitations on audits, directly aligning with the 'Federal Reserve audit / transparency' category."
hr3296-108,12,Data breach / identity theft / financial privacy,"The bill directly addresses identity theft prevention, data protection for consumers, and relief for victims of identity theft, which falls under the scope of data breach/identity theft/financial privacy legislation."
hr2861-111,11,Shareholder rights / corporate governance,"The bill focuses on shareholder rights, including majority voting for directors, proxy access, independent board chairmen, and say-on-pay votes, all of which fall under the definition of shareholder rights and corporate governance."
hr2363-104,6,Dodd-Frank reform / implementation,"The bill amends the Federal Deposit Insurance Act and related acts, addresses fund mergers and repeals provisions, which directly relates to the implementation and reform of financial regulations like those established by Dodd-Frank."
hr2058-103,7,SOX / PCAOB / audit firm oversight,"The bill concerns the distribution of securities under bankruptcy plans and the conclusive presumption of their fair market value, which relates to audit and valuation practices within the context of financial reporting and the Sarbanes-Oxley Act's focus on accurate financial statements."
s927-114,7,SOX / PCAOB / audit firm oversight,"The bill amends securities registration requirements and discusses supplementary information filing, which falls under the purview of the Sarbanes-Oxley Act and PCAOB oversight of public company reporting."
hr4261-103,7,SOX / PCAOB / audit firm oversight,"The bill focuses on identifying regulatory bodies, improving international cooperation in financial regulation, and analyzing clearing/settlement systems, which relates to the oversight of financial markets and securities regulation, aligning with the scope of SOX/PCAOB and audit firm oversight."
hr484-108,7,SOX / PCAOB / audit firm oversight,"The bill includes repealing provisions amending the Public Health Service Act and references liability, which falls under the purview of audit firm oversight and SOX-related concerns, as well as congressional reporting requirements related to corporate governance."
hr1909-116,15,Crowdfunding and small-issuer capital formation,"The bill focuses on easing capital formation for small issuers by revising rules around general solicitation in Regulation D offerings, which aligns with the goals of crowdfunding and small-issuer capital formation legislation like the JOBS Act."
hr3116-105,7,SOX / PCAOB / audit firm oversight,"The bill focuses on bank examination procedures and oversight of service corporations/subsidiaries, which relates to the regulation of public company auditors and the Sarbanes-Oxley Act's emphasis on corporate governance and financial reporting integrity."
hr2483-112,7,SOX / PCAOB / audit firm oversight,"The bill amends securities laws related to whistleblower incentives and protection, which falls under the oversight of the SEC and impacts corporate finance and management practices, aligning with the focus of SOX/PCAOB and audit firm oversight."
s178-115,4,Money laundering / financial crime strategy,"The bill focuses on preventing elder abuse and exploitation, improving the justice system's response to these crimes, and addresses fraud offenses and financial crimes targeting elders, all of which fall under the scope of money laundering/financial crime strategy."
hr6667-112,18,Consumer / predatory mortgage lending,"The bill focuses on advancing the rights and remedies of consumers in financial services transactions, specifically aiming to improve information flow and reduce risks associated with financial products, which directly relates to consumer and predatory mortgage lending protections."
s779-115,7,SOX / PCAOB / audit firm oversight,"The bill amends securities laws to increase penalties for violations, which directly relates to the enforcement of those laws and oversight of public company auditors and financial reporting, falling under the scope of SOX/PCAOB/audit firm oversight."
s1152-115,6,Dodd-Frank reform / implementation,"The bill addresses banking regulation and aims to remove restrictions on financial institutions providing services to cannabis-related businesses, which falls under the broader scope of reforming existing financial regulations and implementation of laws related to financial services."
s3497-112,6,Dodd-Frank reform / implementation,"The bill directly amends and repeals provisions of the Dodd-Frank Wall Street Reform and Consumer Protection Act, specifically Title I and Title VIII, making it fall squarely within the scope of Dodd-Frank reform/implementation legislation."
hr2571-111,14,Insurance regulation,"The bill explicitly addresses the regulation of nonadmitted and reinsurance insurance markets, which falls under the scope of insurance regulation."
s1594-109,12,Data breach / identity theft / financial privacy,"The bill focuses on data breach notification, identity theft prevention, and financial data privacy protections for consumers, directly aligning with category 12."
s2767-113,4,Money laundering / financial crime strategy,"The bill addresses fraudulent statements and documents related to obtaining custody of a child with the intent to subject them to trafficking, which falls under the scope of financial crimes and anti-money laundering efforts to combat illicit activities like human trafficking."
hr1409-107,9,Banking capital requirements / Basel III,"The bill focuses on ensuring the financial safety and adequate capitalization of Fannie Mae and Freddie Mac, which directly relates to bank capital requirements and risk management, aligning with category 9."
hr1340-103,6,Dodd-Frank reform / implementation,"The bill focuses on the completion and reform of the Resolution Trust Corporation (RTC), which was established to resolve failed savings associations following the financial crisis, and includes provisions related to the Federal Deposit Insurance Act (FDIA) and oversight of financial institutions, directly relating to the implementation and wind-down of crisis-era legislation like Dodd-Frank."
hr188-110,7,SOX / PCAOB / audit firm oversight,"The bill concerns financial statements and auditing requirements related to a commemorative coin program, falling under the purview of SOX/PCAOB/audit firm oversight as it relates to the accuracy and reporting of financial information."
hr1259-116,7,SOX / PCAOB / audit firm oversight,"The bill concerns the Securities and Exchange Commission (SEC) and administrative proceedings, which falls under the purview of oversight related to the Sarbanes-Oxley Act and the regulation of public company auditors, as the SEC enforces accounting and reporting standards."
hr5184-107,7,SOX / PCAOB / audit firm oversight,"The bill focuses on overseeing the audits of public companies and establishing an office within the SEC to improve audit quality, directly relating to the Sarbanes-Oxley Act's goals of audit firm oversight and accounting standards."
s2972-106,4,Money laundering / financial crime strategy,"The bill's title and summary explicitly focus on combating international money laundering, protecting the financial system, and related measures like record keeping, reporting, and identifying beneficial owners, which directly aligns with the definition of legislation on anti-money laundering (AML) enforcement and financial crime strategy."
hr2847-103,4,Money laundering / financial crime strategy,"The bill's title and summary explicitly focus on 'crime control,' including provisions related to drug control, bank fraud, and general law enforcement, which falls under the umbrella of financial crime strategy and anti-money laundering efforts."
hr2754-107,7,SOX / PCAOB / audit firm oversight,"The bill focuses on government corporations like Federal Prison Industries, reporting requirements, and potential reforms to its operations, which aligns with oversight themes similar to those addressed in Sarbanes-Oxley regarding corporate governance and accountability, although it's not directly related to public company auditing."
hr6162-109,7,SOX / PCAOB / audit firm oversight,"The bill focuses on auditing government contractors and ensuring financial oversight within the Department of Homeland Security, which aligns with the principles of cost accounting and rigorous contract management similar to those addressed by SOX and PCAOB oversight of financial reporting and auditing practices."
hr4107-114,4,Money laundering / financial crime strategy,"The bill focuses on preventing fraud, protecting policyholders, and ensuring compliance within the National Flood Insurance Program, which directly relates to financial crime strategy and anti-money laundering enforcement in the context of insurance claims."
hr4411-109,23,Internet gambling payment enforcement,"The bill explicitly addresses the Unlawful Internet Gambling Enforcement Act (UIGEA) framework and payment processing restrictions on online gambling, directly aligning with category 23."
s3941-111,4,Money laundering / financial crime strategy,"The bill addresses fraud offenses and financial crimes related to trafficking in counterfeit goods, which falls under the scope of financial crime strategy and enforcement."
s391-116,7,SOX / PCAOB / audit firm oversight,"The bill directly concerns the Public Company Accounting Oversight Board (PCAOB) and its funding, which falls under the scope of SOX and audit firm oversight legislation."
hr370-112,4,Money laundering / financial crime strategy,"The bill focuses on preventing and reporting financial fraud targeting seniors, specifically 'affinity scams,' which falls under the umbrella of financial crime strategy and anti-money laundering efforts."
hr2253-111,7,SOX / PCAOB / audit firm oversight,"The bill focuses on investigating the causes of the financial crisis and the roles of regulatory bodies like the SEC and rating agencies, which falls under the scope of audit firm oversight and the regulation of public company auditors."
s836-111,13,TARP oversight and wind-down,"The bill directly relates to the oversight of the Emergency Economic Stabilization Act of 2008 (EESA), which established the TARP programs, and focuses on enhancing the authority of the Congressional Oversight Panel created by that Act."
hr4466-113,6,Dodd-Frank reform / implementation,"The bill focuses on assessing existing and proposed financial regulations across multiple agencies, which aligns with the goal of Dodd-Frank reform and implementation by ensuring regulatory coherence and potentially identifying outdated rules established after the passage of Dodd-Frank."
s2513-106,12,Data breach / identity theft / financial privacy,"The bill focuses on consumer control over personal financial and health information, data privacy, and data breach protections, which directly aligns with the Data breach / identity theft / financial privacy category."
hr3248-103,7,SOX / PCAOB / audit firm oversight,"The bill focuses on securities regulation, reporting requirements for securities organizations, and oversight of foreign entities acquiring control of domestic securities organizations, all of which fall under the purview of SOX/PCAOB/audit firm oversight as it relates to financial market integrity and transparency."
hr4992-114,4,Money laundering / financial crime strategy,"The bill focuses on regulating funds transfers involving Iran, specifically addressing anti-terrorism and illicit finance concerns, which falls under the scope of money laundering and financial crime strategy."
hr100-113,19,Corporate bankruptcy: employee and retiree protections,"The bill explicitly focuses on improving protections for employees and retirees in business bankruptcies, covering wages, salaries, pensions, and benefits, which directly aligns with the description of category 19."
hr2551-106,7,SOX / PCAOB / audit firm oversight,"The bill focuses on government procurement processes, competition with private firms, and financial oversight of Federal Prison Industries, which relates to government accountability and audit-like functions, aligning with the themes of SOX/PCAOB/audit firm oversight."
hr1723-112,9,Banking capital requirements / Basel III,"The bill directly addresses bank capital requirements by allowing certain non-accrual loans to be treated as accrual loans for capital measurement purposes, impacting how banks assess their financial standing."
hr4120-105,7,SOX / PCAOB / audit firm oversight,"The bill concerns the Securities and Exchange Commission (SEC) and securities regulation, specifically focusing on transaction fees and reporting requirements, which falls under the purview of SOX/PCAOB/audit firm oversight as it relates to the regulation of public company financial reporting and oversight."
s20-113,6,Dodd-Frank reform / implementation,"The bill explicitly aims to repeal the Dodd-Frank Wall Street Reform and Consumer Protection Act, directly addressing the Act's provisions and therefore falling under Dodd-Frank reform/implementation."
hr7305-110,13,TARP oversight and wind-down,"The bill focuses on the oversight and wind-down of the TARP program, specifically terminating its authority and converting it to a different form, which falls under TARP oversight beyond executive compensation."
hr1994-109,18,Consumer / predatory mortgage lending,"The bill focuses on protecting homebuyers from predatory lending practices, specifically addressing subprime mortgages, high-cost mortgages, and unfair or deceptive acts in mortgage lending, which directly aligns with consumer and predatory mortgage lending protections."
s915-116,11,Shareholder rights / corporate governance,"The bill concerns corporate governance by altering board election procedures and restricting share repurchases, which directly impacts shareholder rights and corporate finance practices."
hr1468-112,4,Money laundering / financial crime strategy,"The bill addresses fraud offenses and financial crimes related to public officials engaging in undisclosed self-dealing, which falls under the broader scope of financial crime strategy and anti-corruption efforts."
s1185-113,7,SOX / PCAOB / audit firm oversight,"The bill amends securities laws and focuses on penalties related to violations, which falls under the purview of SOX, PCAOB, and audit firm oversight as it relates to the regulation of public company securities and financial reporting."
hr6330-112,12,Data breach / identity theft / financial privacy,"The bill focuses on identity theft offenses, data breach protection for elderly individuals, and financial data privacy, aligning with the description of Category 12."
hr4146-103,6,Dodd-Frank reform / implementation,"The bill amends the Federal Deposit Insurance Act, which is a core component of the regulatory framework established by the Dodd-Frank Act, and addresses claims against the FDIC in the context of bank asset acquisitions, suggesting it relates to the implementation and interpretation of post-Dodd-Frank regulations."
s79-114,4,Money laundering / financial crime strategy,"The bill focuses on financial transfers (remittances) and requires verification of legal status, which directly relates to anti-money laundering and financial crime strategy by attempting to prevent illicit financial flows."
hr2947-111,7,SOX / PCAOB / audit firm oversight,"The bill makes technical corrections to several Acts related to securities laws and the regulation of public companies, which falls under the purview of SOX, PCAOB, and audit firm oversight."
hr2798-111,7,SOX / PCAOB / audit firm oversight,"The bill focuses on increasing investor protection through the Securities Investor Protection Corporation (SIPC), amending the Securities Investor Protection Act, and establishing oversight mechanisms within the SEC, all of which relate to audit and investor protection in financial markets."
hr2519-104,7,SOX / PCAOB / audit firm oversight,"The bill deals with exemptions from securities laws and disclosure requirements related to pooled funds maintained by charitable organizations, which falls under the regulation of public company auditors and securities law, aligning with the focus of SOX/PCAOB/audit firm oversight."
s2561-113,4,Money laundering / financial crime strategy,"The bill addresses financial crimes related to human smuggling, specifically prohibiting actions 'for financial gain' and including penalties for related fraud offenses, aligning with the focus on anti-money laundering and financial crime strategy."
s995-112,4,Money laundering / financial crime strategy,"The bill addresses fraud offenses and financial crimes, specifically prohibiting undisclosed self-dealing by public officials, which falls under the scope of financial crime strategy and enforcement."
hr1533-108,8,Investment company / hedge fund / investment adviser regulation,"The bill directly relates to the regulation of pension funds, specifically church pension plans, and modifies requirements under the Investment Company Act of 1940, which governs mutual funds and investment advisers."
hr323-112,16,Corporate nonfinancial / ESG disclosure,"The bill focuses on disclosing information about corporate conduct and enforcement actions, which aligns with the broader theme of corporate nonfinancial disclosure, specifically relating to potential misconduct."
hr1423-115,4,Money laundering / financial crime strategy,"The bill includes provisions on fraud offenses and financial crimes related to the National Flood Insurance Program, as well as establishing criminal and civil penalties for false statements and whistleblower protections, which fall under the scope of financial crime strategy and enforcement."
hr4377-111,10,Glass-Steagall / bank-securities separation,"The bill explicitly aims to reinstate the separation between commercial banking and securities activities, referencing the Glass-Steagall Act and repealing provisions of the Gramm-Leach-Bliley Act which dismantled it."
s603-116,6,Dodd-Frank reform / implementation,"The bill directly amends the Financial Stability Act of 2010 (Dodd-Frank Act) regarding the Financial Stability Oversight Council's (FSOC) designation and supervision of nonbank financial companies, making it a direct implementation/reform of Dodd-Frank."
hr790-115,10,Glass-Steagall / bank-securities separation,"The bill explicitly aims to reinstate the separation between commercial banking and securities activities, referencing the Glass-Steagall Act and repealing provisions of the Gramm-Leach-Bliley Act which dismantled that separation."
hr4348-105,9,Banking capital requirements / Basel III,"The bill concerns bank capital requirements by addressing the permissibility of banks holding passive investments, which directly relates to how banks allocate their capital and manage their assets."
hr5673-109,4,Money laundering / financial crime strategy,"The bill focuses on mandatory restitution for victims of federal crimes, including covering the costs of seeking and collecting restitution, which directly relates to financial crime strategy and compensation for victims of crime."
s214-114,11,Shareholder rights / corporate governance,"The bill focuses on shareholder authorization of political expenditures, proxy voting disclosure requirements, and director liability related to political spending, all of which fall under the umbrella of shareholder rights and corporate governance."
hr4696-107,19,Corporate bankruptcy: employee and retiree protections,"The bill concerns claims in bankruptcy proceedings, specifically related to asbestos exposure and its impact on employees, retirees, and survivors, falling under the scope of employee and retiree protections in corporate bankruptcy."
s3219-112,5,Federal Reserve audit / transparency,"The bill focuses on reforming the governance structure of the Federal Reserve by restricting conflicts of interest on its boards of directors and increasing oversight, which directly relates to Federal Reserve audit and transparency concerns."
hr2273-107,4,Money laundering / financial crime strategy,"The bill focuses on reporting requirements related to offshore activities and violations of financial and labor laws by banks and their affiliates, which directly relates to anti-money laundering and financial crime strategy."
hr5127-111,4,Money laundering / financial crime strategy,"The bill focuses on regulating stored value devices to prevent their use in financial crimes like drug trafficking, human trafficking, and terrorism financing, which directly aligns with anti-money laundering (AML) enforcement and financial crime strategy."
hr5852-114,7,SOX / PCAOB / audit firm oversight,"The bill amends the Securities Investor Protection Act, relates to oversight of the Securities Investor Protection Corporation, and references the Sarbanes-Oxley Act, all of which fall under the purview of SOX/PCAOB/audit firm oversight."
s861-103,6,Dodd-Frank reform / implementation,"The bill focuses on providing assistance and funding to community development financial institutions, which falls under the broader scope of financial sector legislation and could be considered an implementation or reform measure related to community investment programs, similar to provisions within the Dodd-Frank Act aimed at supporting community banks."
hr833-111,5,Federal Reserve audit / transparency,"The bill directly addresses the structure and existence of the Federal Reserve System, aiming to abolish it and repeal the Federal Reserve Act, which falls under the scope of Federal Reserve audit/transparency and governance reform."
hr1166-114,7,SOX / PCAOB / audit firm oversight,"The bill focuses on accounting principles and standards, requiring all transactions to be shown on balance sheets, which directly relates to the Sarbanes-Oxley Act's focus on accounting and audit firm oversight."
s3426-112,18,Consumer / predatory mortgage lending,"The bill directly addresses consumer credit, specifically small-dollar loans, and aims to protect consumers from predatory lending practices by regulating terms, requiring state law compliance, and prohibiting unauthorized actors in the credit extension process."
hr1795-115,4,Money laundering / financial crime strategy,"The bill focuses on reforming forfeiture procedures, which are frequently used in financial crime cases and involves auditing and database creation related to seizures, aligning with anti-money laundering and financial crime strategy efforts."
hr1081-112,6,Dodd-Frank reform / implementation,The bill directly addresses the implementation of provisions within the Dodd-Frank Wall Street Reform and Consumer Protection Act by delaying rules related to interchange fees and requiring further study and potential revisions to those rules.
s575-112,6,Dodd-Frank reform / implementation,The bill directly relates to the implementation of the Dodd-Frank Act by extending rulemaking timelines for a rule mandated by the Act regarding debit interchange fees.
hr3701-113,6,Dodd-Frank reform / implementation,"The bill directly addresses provisions of the Bank Holding Company Act of 1956, which was amended by the Dodd-Frank Act regarding proprietary trading, making it a matter of Dodd-Frank reform and implementation."
hr4676-114,4,Money laundering / financial crime strategy,"The bill focuses on preventing fraud offenses and financial crimes specifically targeting veterans' benefits, which falls under the scope of financial crime strategy and anti-money laundering enforcement as it aims to protect funds designated for veterans."
hr3211-107,6,Dodd-Frank reform / implementation,"The bill directly addresses the treatment of financial contracts in bankruptcy, which was a key area of focus in the Dodd-Frank Act's reforms following the 2008 financial crisis, aiming to avoid systemic risk and ensure orderly resolution of failing financial institutions."
