bill_id,category_ids,category_labels,bill_type,reason
s1654-113,,,,"The bill is a general tax measure denying deductions for all corporate regulatory violations regardless of type, rather than a bill whose central purpose is to address private employer wage, hour, or benefit obligations."
hr2274-108,,,,"The bill is a commemorative measure to rename a federal courthouse and does not relate to private employer wage, hour, or benefit obligations."
s471-115,,,,"The bill addresses state authority to regulate pricing and billing for air ambulance services, which is unrelated to private employer wage, hour, or benefit obligations."
s675-109,,,,"The bill focuses on rural development, housing, and general business investment credits; while it mentions wages as a cost for a small business investment credit, it does not regulate or incentivize compliance with private employer wage, hour, or benefit obligations."
hr4311-114,,,,"The bill concerns the substantiation of charitable contributions for tax deduction purposes and does not relate to private employer wage, hour, or benefit obligations."
hr433-108,,,,"The bill addresses individual income tax credits related to the alternative minimum tax and stock option losses, which is a general tax policy issue rather than a regulation of private employer wage, hour, or benefit obligations."
hr3203-109,,,,"The bill relates to federal grant eligibility for Hispanic-serving institutions under the Higher Education Act and does not address private employer wage, hour, or benefit obligations."
hr6006-110,,,,"The bill concerns military conservation banking and habitat mitigation programs and does not relate to private employer wage, hour, or benefit obligations."
s2452-108,,,,"The bill focuses on the labeling and import requirements for raw ginseng and does not address private employer wage, hour, or benefit obligations."
hr3033-107,,,,"The bill concerns the funding and review of a database for nonimmigrant foreign students and does not relate to private employer wage, hour, or benefit obligations."
hr330-114,,,,"The bill concerns the designation and regulation of national monuments and marine resources, which is unrelated to private employer wage, hour, or benefit obligations."
hr3923-106,,,,"The bill is a piece of private legislation concerning immigrant visa eligibility for a specific individual and does not relate to private employer wage, hour, or benefit obligations."
hr5072-115,,,,"The bill addresses the immigration status of Liberian nationals and does not regulate private employer wage, hour, or benefit obligations."
s1126-115,,,,"The bill focuses on immigration enforcement and federal funding for sanctuary jurisdictions, and does not regulate private employer wage, hour, or benefit obligations."
hr4713-106,,,,"The bill focuses on the solvency and financing of a government-administered trust fund for miner benefits and the adjustment of liability for specific operators, which falls under the exclusion for bills financing government trust funds for miner benefits."
s2285-109,,,,"The bill focuses on whistleblower protections for federal employees, intelligence officers, and government contractors, rather than regulating private employer wage, hour, or benefit obligations."
hr1557-112,,,,"The bill addresses immigration status and permanent residency for family members of 9/11 victims and does not relate to private employer wage, hour, or benefit obligations."
hr6432-114,,,,"The bill focuses on monitoring international trade deficits and developing trade policy, which does not regulate private employer wage, hour, or benefit obligations."
s1605-109,,,,"The bill focuses on criminal penalties for crimes against law enforcement and judicial officers and does not regulate private employer wage, hour, or benefit obligations."
s630-110,,,,"The bill adjusts Medicare reimbursement rates for healthcare providers, which is explicitly listed as a non-qualifying bill type as it sets government payment rates rather than regulating private employer wage or benefit obligations."
s1639-113,,,,"The bill focuses on privacy protections and regulatory requirements for the operation of unmanned aircraft systems and does not address private employer wage, hour, or benefit obligations."
hr1452-110,,,,"The bill concerns campaign finance disclosure requirements for phone banks and does not relate to private employer wage, hour, or benefit obligations."
hr3691-110,,,,"The bill focuses on consumer product safety, recalls, and CPSC regulatory authority, and does not address private employer wage, hour, or benefit obligations."
s831-107,,,,"The bill provides a tax deduction for business meal expenses, which is a general business tax provision and does not relate to private employer wage, hour, or benefit obligations."
hr823-111,,,,"The bill relates to the collection of hate crime statistics and does not address private employer wage, hour, or benefit obligations."
hr3940-110,,,,"The bill addresses Medicaid case management regulations and administrative procedures, which relates to government reimbursement and healthcare administration rather than private employer wage, hour, or benefit obligations."
s714-116,,,,"The bill addresses tax deductions for hardrock mining operations and does not relate to private employer wage, hour, or benefit obligations."
hr2649-109,,,,"The bill's primary purpose is aviation security and whistleblower protections for airport workers; while it mentions wage restitution in the subjects, the summary indicates the central focus is security infrastructure and safety, not the regulation of private employer wage, hour, or benefit obligations."
hr3613-108,,,,"The bill concerns the disclosure of tax return information to the Department of Education for student financial aid purposes and does not regulate private employer wage, hour, or benefit obligations."
hr1473-112,,,,"The bill is a government appropriations act focusing on the Department of Defense and military personnel; it does not regulate private employer wage, hour, or benefit obligations."
hr4946-113,,,,"The bill focuses on firearm tracing and the administration of law enforcement grants, which is entirely unrelated to private employer wage, hour, or benefit obligations."
hr5230-107,,,,"The bill focuses on food safety, product recalls, and meat/poultry inspection enforcement, and does not address private employer wage, hour, or benefit obligations."
s3000-111,,,,"The bill addresses Medicaid funding (FMAP) and government reimbursement rates to states, which does not regulate private employer wage, hour, or benefit obligations."
s61-111,,,,"The bill addresses bankruptcy law and mortgage modifications for homeowners and does not relate to private employer wage, hour, or benefit obligations."
s1508-110,,,,"The bill focuses on tax incentives for renewable energy production and corporate tax administration, and does not address private employer wage, hour, or benefit obligations."
s2155-108,,,,"The bill offers a general tax credit for hiring and domestic production (a manufacturer's jobs credit), which incentivizes hiring decisions rather than regulating or incentivizing compliance with wage, hour, or benefit obligations."
hr4423-108,,,,"The bill is an appropriations bill for the Department of Veterans Affairs funding government services and facilities, which does not regulate private employer wage, hour, or benefit obligations."
s3975-111,,,,"The bill focuses on general income tax rates, capital gains, and the alternative minimum tax, which are general tax policies rather than regulations of private employer wage, hour, or benefit obligations."
hr3823-106,,,,"The bill regulates consumer lending practices and payday loans, which is a matter of financial consumer protection rather than private employer wage, hour, or benefit obligations."
hr5632-110,,,,"The bill concerns the importation of radioactive waste and does not relate to private employer wage, hour, or benefit obligations."
hr4057-111,,,,"The bill concerns payments from a government trust fund to wool manufacturers based on import duties and does not regulate private employer wage, hour, or benefit obligations."
s3569-109,,,,"The bill implements a free trade agreement focusing on customs, tariffs, and international trade regulations, and does not address private employer wage, hour, or benefit obligations."
s1086-113,,,,"The bill reauthorizes a government block grant program for child care services and focuses on quality standards, licensing, and background checks rather than private employer wage, hour, or benefit obligations."
s1078-114,,,,"The bill focuses on public health and outdoor recreation programs administered by the Department of the Interior and does not regulate private employer wage, hour, or benefit obligations."
hr3685-107,,,,"The bill provides a tax credit for individual taxpayers to cover their children's educational expenses and does not regulate or incentivize private employer wage, hour, or benefit obligations."
hr1265-110,,,,"The bill relates to government procurement and contracting preferences for service-disabled veteran-owned small businesses, not to private employer wage, hour, or benefit obligations."
hr2587-113,,,,"The bill addresses administrative leave and volunteerism for federal employees, and the government is not a non-governmental employer under this category."
hr6289-111,,,,"The bill relates to public access to legislative data from the Library of Congress and does not address private employer wage, hour, or benefit obligations."
hr6253-114,,,,"The bill focuses on professional licensing and certification standards for veterans entering the civilian workforce, which does not regulate private employer wage, hour, or benefit obligations."
hr1057-108,,,,"The bill relates to adoption tax credits and assistance programs, which are explicitly listed as non-qualifying general tax or family policy unrelated to private employer wage or benefit obligations."
hr6484-112,,,,"The bill focuses on water resource management and levee stability improvements in California and does not address private employer wage, hour, or benefit obligations."
s393-108,1.0,Wage Hour & Benefits,tax_credit_introduction,"Introduces a tax credit for private employers who maintain employees participating in military reserve components, which incentivizes the retention of workers during protected military leave."
s1450-115,,,,"The bill regulates passenger behavior and mobile device usage on aircraft and does not relate to private employer wage, hour, or benefit obligations."
hr1482-112,,,,"The bill focuses on grants for recruiting and training public school teachers, which involves government-funded education programs and public-sector employment rather than private employer wage or benefit obligations."
s1410-114,,,,"The bill focuses on providing government grants for substance use disorder treatment and recovery services, which does not regulate or incentivize private employer wage, hour, or benefit obligations."
hr610-113,,,,"The bill establishes an advisory committee for tick-borne diseases and does not relate to private employer wage, hour, or benefit obligations."
hr1449-114,,,,"The bill relates to the administration of firearms laws and the disclosure of ATF database information, which has no connection to private employer wage, hour, or benefit obligations."
hr5260-108,,,,"The bill extends the life of a federal advisory committee on veterans' business affairs and does not regulate private employer wage, hour, or benefit obligations."
hr3544-108,,,,"The bill concerns the study of designating lands in Hawaii as a unit of the National Park System and does not relate to private employer wage, hour, or benefit obligations."
hr4287-114,,,,"The bill addresses state and local taxation of wireless services and providers, which is unrelated to private employer wage, hour, or benefit obligations."
s2191-112,,,,"The bill addresses accessibility regulations for pools under the Americans with Disabilities Act and does not relate to private employer wage, hour, or benefit obligations."
hr3896-109,,,,"The bill addresses HUD community development block grant flexibility and disaster relief for municipalities; it does not regulate private employer wage, hour, or benefit obligations."
hr2313-109,,,,"The bill relates to the suspension of tariffs on a specific dye and does not address private employer wage, hour, or benefit obligations."
s915-108,,,,"The bill authorizes appropriations for the Department of Energy's scientific research and does not regulate private employer wage, hour, or benefit obligations."
s2506-109,,,,"The bill focuses on environmental health assessments and public health grants; it does not regulate private employer wage, hour, or benefit obligations."
s2400-113,,,,"The bill focuses on the administration, funding, and quality of emergency medical services (EMS) and does not regulate private employer wage, hour, or benefit obligations."
hr4896-111,,,,"The bill focuses on international arms control and trade restrictions regarding Iran and does not address private employer wage, hour, or benefit obligations."
hr6359-115,,,,"The bill concerns security clearances for federal government employees and reporting on hate group affiliations, which does not involve private employer wage, hour, or benefit obligations."
hr219-116,,,,"The bill addresses taxes on state and local bonds used for abortion facilities and does not relate to private employer wage, hour, or benefit obligations."
s2405-112,,,,"The bill relates to the suspension of tariffs on a specific polymer blend and does not address private employer wage, hour, or benefit obligations."
s708-109,,,,"The bill focuses on Medicare payment rates and quality of care reporting for nursing facilities, which is a government reimbursement issue rather than a private employer wage, hour, or benefit obligation."
hr1487-113,,,,"The bill addresses Medicare physician self-referral and antikickback laws regarding hospital incentive payments, which does not relate to private employer wage, hour, or benefit obligations."
s1457-113,,,,"The bill addresses the capitalization of interest costs for distilled spirits production and does not relate to private employer wage, hour, or benefit obligations."
hr678-107,,,,"The bill addresses personal income tax deductions for student loan interest, which is a general tax policy for individuals and does not regulate private employer wage, hour, or benefit obligations."
hr981-108,,,,"The bill is a commemorative measure to rename a post office and does not relate to private employer wage, hour, or benefit obligations."
hr6159-110,,,,"The bill concerns land exchanges and real property conveyances involving the National Forest System and NOAA, and does not relate to private employer wage, hour, or benefit obligations."
hr2089-113,,,,"The bill focuses on state authority over education standards and curricula and does not regulate private employer wage, hour, or benefit obligations."
hr3337-110,,,,"The bill addresses immigration admissibility and health-related grounds for entry into the U.S., which is unrelated to private employer wage, hour, or benefit obligations."
hr1612-110,,,,"The bill concerns the boundary of a national monument, the establishment of a historic site, and land transfers; it does not relate to private employer wage, hour, or benefit obligations."
hr1106-112,,,,"The bill focuses on establishing a commission to study the social work profession and providing grants for workplace improvements and research, rather than regulating or enforcing private employer wage, hour, or benefit obligations."
hr2507-111,,,,"The bill focuses on federal economic development assistance and poverty elimination for Native American communities, rather than regulating private employer wage, hour, or benefit obligations."
hr4513-115,,,,"The bill relates to eligibility requirements for USDA farm ownership loans and does not address private employer wage, hour, or benefit obligations."
s1193-115,1.0,Wage Hour & Benefits,tax_credit_introduction,"The bill introduces tax credits for private employers who provide job training to trainees, which is explicitly listed as a qualifying credit tied to employer-provided job training."
hr5307-112,,,,"The bill relates to the reduction of tariffs on a chemical substance and does not address private employer wage, hour, or benefit obligations."
hr3054-114,,,,"The bill focuses on financial sector regulation and the separation of commercial and investment banking; it does not address private employer wage, hour, or benefit obligations."
hr4309-107,,,,"The bill relates to the suspension of tariffs on a chemical compound and does not address private employer wage, hour, or benefit obligations."
hr2064-112,,,,"The bill relates to immigration and employment eligibility verification (I-9/E-Verify process), not to employer wage, hour, or benefit obligations."
s2940-111,,,,"The bill focuses on airport security infrastructure and penalties for individuals circumventing security; it does not address private employer wage, hour, or benefit obligations."
hr831-111,,,,"The bill focuses on antitrust exemptions and international alliances between air carriers, which does not relate to private employer wage, hour, or benefit obligations."
hr1854-107,,,,"The bill concerns parental rights to educational materials and medical consent for minors in schools, which is unrelated to private employer wage, hour, or benefit obligations."
hjres24-114,,,,"The bill proposes a constitutional amendment regarding political campaign contributions and expenditures, which is unrelated to private employer wage, hour, or benefit obligations."
hr6942-110,,,,"The bill relates to the design and minting of the five-cent coin and has no connection to private employer wage, hour, or benefit obligations."
s3529-112,,,,"The bill relates to environmental regulations under the Clean Air Act and EPA enforcement regarding hazardous air pollutants, not private employer wage, hour, or benefit obligations."
hr438-116,,,,"The bill concerns federal funding for state and local law enforcement regarding immigration detainers and does not relate to private employer wage, hour, or benefit obligations."
hr3755-112,,,,"The bill concerns prohibitions on demonstrations at funerals and memorial services for veterans and does not relate to private employer wage, hour, or benefit obligations."
hr4567-111,,,,"The bill focuses on establishing criminal jurisdiction over federal contractors and employees for crimes committed abroad, rather than regulating private employer wage, hour, or benefit obligations."
hr407-107,,,,"The bill concerns the denial of passports to individuals for nonpayment of child support, which is a personal legal obligation and not a private employer's wage, hour, or benefit obligation."
hr2432-108,,,,"The bill focuses on reforming federal paperwork and regulatory processes to reduce administrative burdens; it does not regulate private employer wage, hour, or benefit obligations."
hr3382-112,,,,"The bill prohibits smoking in federal buildings and does not regulate private employer wage, hour, or benefit obligations."
hr88-116,,,,"The bill concerns the interstate transport and legality of knives and does not relate to private employer wage, hour, or benefit obligations."
hr4705-106,,,,"The bill focuses on recouping federal R&D investments from pharmaceutical companies to fund a trust fund and drug benefits; it does not regulate private employer wage, hour, or benefit obligations to their employees."
hr803-112,,,,"The bill addresses vocational rehabilitation and benefits administered by the Department of Veterans Affairs for veterans, which are government-provided services and not obligations of non-governmental employers."
hr4883-113,,,,"The bill focuses on the establishment of a rare-earth refinery cooperative and domestic supply chain requirements for weapon systems, with no relation to private employer wage, hour, or benefit obligations."
s1838-109,,,,"The bill concerns the transfer and management of real property between the federal government and the District of Columbia and does not regulate private employer wage, hour, or benefit obligations."
hr5863-109,,,,"The bill addresses environmental regulations regarding the shipment and disposal of polychlorinated biphenyls (PCBs) and does not relate to private employer wage, hour, or benefit obligations."
s1983-108,,,,"The bill focuses on firearms laws, dealer record-keeping, and ballistics testing, and does not address private employer wage, hour, or benefit obligations."
hr821-113,,,,"The bill addresses mortgage protections and interest rate caps for servicemembers and their spouses, which relates to consumer finance and housing, not private employer wage, hour, or benefit obligations."
s2490-114,,,,"The bill concerns the restructuring of the federal appellate court system and does not regulate private employer wage, hour, or benefit obligations."
hr2733-109,,,,"The bill concerns the closure and realignment of military reserve facilities and does not regulate private employer wage, hour, or benefit obligations."
hr4423-111,,,,"The bill addresses the pay of Members of Congress, who are government employees, and therefore does not involve non-governmental employer wage or benefit obligations."
hr3132-111,,,,"The bill relates to funding for school security grants and does not address private employer wage, hour, or benefit obligations."
hr3809-114,,,,"The bill focuses on public-private agreements for the leasing and renovation of federal real property and does not regulate private employer wage, hour, or benefit obligations."
hr793-114,,,,"The bill addresses Medicare Part D network pharmacy access and reimbursement terms, which relates to government healthcare program administration rather than private employer wage, hour, or benefit obligations."
hr2380-111,,,,"The bill addresses carbon taxes and Social Security payroll tax reductions, which are general tax and social insurance policies rather than regulations of private employer wage, hour, or benefit obligations."
hr4822-106,,,,"The bill focuses on community development lending, housing finance, and bank capital requirements, and does not address private employer wage, hour, or benefit obligations."
hr5080-114,,,,"The bill focuses on criminalizing gun trafficking and does not address private employer wage, hour, or benefit obligations."
hr1978-112,,,,"The bill relates to the disclosure of tax return information for missing children investigations and does not address private employer wage, hour, or benefit obligations."
hr3214-114,,,,"The bill establishes a government fund for the construction and lease of Coast Guard icebreakers and does not regulate private employer wage, hour, or benefit obligations."
s2827-110,,,,"The bill concerns government procurement of alternative fuels and greenhouse gas emissions standards, which is unrelated to private employer wage, hour, or benefit obligations."
hr395-115,,,,"The bill addresses legislative rules and procedures regarding the subject matter of bills and does not regulate private employer wage, hour, or benefit obligations."
hr4573-112,,,,"The bill relates to the reduction of tariffs on a chemical compound and does not address private employer wage, hour, or benefit obligations."
hr4900-108,,,,"The bill focuses on ocean conservation, NOAA reorganization, and environmental policy, and does not address private employer wage, hour, or benefit obligations."
hr4873-108,,,,"The bill addresses the naturalization process for members of the U.S. Armed Forces and does not relate to private employer wage, hour, or benefit obligations."
s2597-107,,,,"The bill provides grants for the recruitment and training of physicians in rural areas, which is an educational and public health initiative rather than a regulation of private employer wage, hour, or benefit obligations."
hr5124-112,,,,"The bill relates to the suspension of tariffs on a specific chemical compound and does not address private employer wage, hour, or benefit obligations."
hr1884-114,,,,"The bill is a ceremonial designation of a post office building and does not relate to private employer wage, hour, or benefit obligations."
hr1126-113,,,,"The bill concerns the administration and design of a national memorial and does not relate to private employer wage, hour, or benefit obligations."
s3539-112,,,,"The bill focuses on providing incentive payments to clinics for the adoption of electronic health record technology, which is a matter of health IT infrastructure and Medicaid reimbursement rather than private employer wage, hour, or benefit obligations."
s2433-115,,,,"The bill addresses eligibility for veterans' benefits administered by the Department of Veterans Affairs for military service, which does not involve private employer wage, hour, or benefit obligations."
hr524-114,,,,"The bill focuses on educational standards and federal influence over state curricula, which is unrelated to private employer wage, hour, or benefit obligations."
hr3128-107,,,,"The bill relates to the establishment of a National Guard and military pay, which involves government employees and military personnel rather than non-governmental employer wage or benefit obligations."
s2161-106,,,,"The bill concerns diesel fuel excise taxes and the Highway Trust Fund, which does not relate to private employer wage, hour, or benefit obligations."
hr5046-107,,,,"The bill authorizes funding for the construction and operation of facilities at Mesa Verde National Park and does not relate to private employer wage, hour, or benefit obligations."
s2516-113,,,,"The bill focuses on campaign finance disclosure and election spending by corporations and other entities, which is unrelated to private employer wage, hour, or benefit obligations."
s1990-107,,,,"The bill focuses on public health education regarding emergency contraception and does not relate to private employer wage, hour, or benefit obligations."
s1228-112,,,,"The bill addresses criminal penalties for trafficking in counterfeit military goods and does not relate to private employer wage, hour, or benefit obligations."
hr3282-115,,,,"The bill relates to transportation safety and regulatory compliance regarding electronic logging devices for hours of service, not to private employer wage, hour, or benefit obligations."
s513-110,,,,"The bill concerns the use of the Armed Forces to restore public order and enforce law; it does not relate to private employer wage, hour, or benefit obligations."
hr5391-106,,,,"The bill establishes a commission for the commemoration of Memorial Day and does not regulate or incentivize private employer wage, hour, or benefit obligations."
s524-110,,,,"The bill provides government-funded disaster relief, unemployment assistance, and grants to agricultural producers and workers, rather than regulating or enforcing private employer wage, hour, or benefit obligations."
hr2455-107,,,,"The bill concerns the transfer of a vessel to a museum and does not relate to private employer wage, hour, or benefit obligations."
hr70-109,,,,"The bill focuses on the regulation of out-of-state municipal solid waste and environmental protection, which is unrelated to private employer wage, hour, or benefit obligations."
s389-111,,,,"The bill relates to lead limits in children's products and consumer safety regulations, which does not involve private employer wage, hour, or benefit obligations."
s2761-113,,,,"The bill focuses on transportation planning and the distribution of federal highway funds to metropolitan planning organizations, and does not address private employer wage, hour, or benefit obligations."
hr435-111,,,,"The bill provides a tax credit for renewable energy production, which is unrelated to private employer wage, hour, or benefit obligations."
hr5104-111,,,,"The bill addresses tax deductions for domestic oil production activities and does not relate to private employer wage, hour, or benefit obligations."
hr1354-110,,,,"The bill focuses on government-administered healthcare, pensions, and benefits for veterans and members of the Armed Forces, which does not involve private employer wage or benefit obligations."
hr7318-115,,,,"The bill concerns the administrative timeline and membership of the Public Buildings Reform Board and does not relate to private employer wage, hour, or benefit obligations."
hr492-109,,,,"The bill concerns the transfer of a naval vessel to a port authority and does not relate to private employer wage, hour, or benefit obligations."
s307-110,,,,"The bill concerns water release rates from a dam and fishery management, which has no relation to private employer wage, hour, or benefit obligations."
s1204-107,1.0,Wage Hour & Benefits,enforcement,"The bill amends ERISA and the Internal Revenue Code to mandate that private group health plans provide coverage for immunosuppressive drugs, thereby expanding employer benefit obligations."
s688-112,,,,"The bill adjusts Medicare payment rates to hospitals in Puerto Rico, which is a government reimbursement issue rather than a private employer wage or benefit obligation."
hr2615-110,,,,"The bill concerns Department of Defense security clearance eligibility and does not relate to private employer wage, hour, or benefit obligations."
s2625-114,,,,"The bill focuses on criminal background checks for school employees to ensure child safety and does not relate to private employer wage, hour, or benefit obligations."
s352-111,,,,"The bill relates to the transition of television broadcasting from analog to digital and does not address private employer wage, hour, or benefit obligations."
hr3601-106,,,,"The bill concerns the transfer of a lighthouse and land from the Secretary of the Army to a historical society and does not relate to private employer wage, hour, or benefit obligations."
hr1869-114,,,,"The bill concerns transparency and reporting of environmental compliance costs for federal power administrations and does not relate to private employer wage, hour, or benefit obligations."
hr3342-108,,,,"The bill concerns the designation of historic trail segments and does not relate to private employer wage, hour, or benefit obligations."
hr4966-112,,,,"The bill addresses federal budget sequestration and government spending limits, including veterans' medical care, and does not regulate private employer wage, hour, or benefit obligations."
hr3152-116,,,,"The bill is a ceremonial designation of a post office facility and does not relate to private employer wage, hour, or benefit obligations."
hr6537-112,,,,"The bill focuses on international trade preferences and sanitary/phytosanitary standards for beneficiary developing countries, and does not regulate private employer wage, hour, or benefit obligations."
hr4152-111,,,,"The bill focuses on providing grants to schools to change derogatory mascots and names, which is unrelated to private employer wage, hour, or benefit obligations."
hr4102-106,,,,"The bill concerns international loans from the IMF and oil production policies; it does not regulate private employer wage, hour, or benefit obligations."
hr3341-112,,,,"The bill focuses on immigration, visa processing, and tourism; it does not regulate private employer wage, hour, or benefit obligations."
hr372-116,,,,"The bill addresses benefits for TSA employees, who are federal government employees, and therefore does not involve non-governmental employer misconduct or obligations."
hr4201-109,,,,"The bill addresses compensation for federal employees, and the guidelines explicitly exclude bills addressing government employee pay and benefits."
s148-108,,,,"The bill concerns the line of presidential succession and does not relate to private employer wage, hour, or benefit obligations."
hr13-110,,,,"The bill concerns a feasibility study for a water supply project and does not relate to private employer wage, hour, or benefit obligations."
hr2432-112,,,,"The bill focuses on an economic impact study regarding water system management and aquatic nuisance species, and does not regulate private employer wage, hour, or benefit obligations."
s3602-112,,,,"The bill addresses government-administered food assistance programs (SNAP) and public assistance eligibility, which are not private employer wage, hour, or benefit obligations."
hr5620-114,,,,"The bill addresses personnel management, removals, and disciplinary actions for employees of the Department of Veterans Affairs, which is a government agency and not a non-governmental employer."
s1308-109,,,,"The bill focuses on reorganizing government offices to provide trade adjustment assistance to firms affected by import competition, rather than regulating private employer wage, hour, or benefit obligations."
s1357-108,,,,"The bill is a military construction appropriations act focusing on Department of Defense infrastructure and housing; it does not regulate private employer wage, hour, or benefit obligations."
s514-115,,,,"The bill directs the Department of Veterans Affairs to provide medical therapy to veterans, which is a government-administered healthcare program and does not involve private employer wage, hour, or benefit obligations."
hr3731-110,,,,"The bill relates to the suspension of tariffs on lutetium oxide and does not involve private employer wage, hour, or benefit obligations."
hr5513-109,,,,"The bill adjusts Medicare payment rates and ownership rules for medical equipment suppliers, which is a government reimbursement issue rather than a private employer wage or benefit obligation."
s1275-110,,,,"The bill focuses on public health grants and Medicaid funding for prostate cancer screening and treatment, which does not involve private employer wage, hour, or benefit obligations."
hr3216-112,,,,"The bill establishes a medical service and director within the Department of Veterans Affairs, which concerns government healthcare administration rather than private employer wage, hour, or benefit obligations."
s1055-112,,,,"The bill provides a refundable tax credit directly to teachers for their undergraduate tuition, which is a general tax benefit for individuals rather than a regulation of private employer wage, hour, or benefit obligations."
hr5275-110,,,,"The bill relates to the suspension of tariffs on specific herbicides and does not address private employer wage, hour, or benefit obligations."
s3266-112,,,,"The bill addresses interest rates for federal student loans, which is a government lending program and does not relate to private employer wage, hour, or benefit obligations."
hjres84-110,,,,"The bill addresses international affairs and the fight against anti-Semitism; it does not regulate private employer wage, hour, or benefit obligations."
hr5264-110,,,,"The bill focuses on international trade preferences, customs fees, and corporate estimated tax installments, none of which regulate private employer wage, hour, or benefit obligations."
hr4915-113,,,,"The bill relates to securities law and the regulation of general solicitation for investment offerings, which does not involve private employer wage, hour, or benefit obligations."
s2439-110,,,,"The bill relates to criminal justice reporting and animal cruelty statistics, which has no connection to private employer wage, hour, or benefit obligations."
s381-109,,,,"The bill provides a tax exclusion for individuals receiving annuity or life insurance payments, which is a general tax policy for retirees rather than a regulation of private employer wage or benefit obligations."
s2845-114,,,,"The bill concerns international sanctions against individuals in Venezuela for human rights violations and does not relate to private employer wage, hour, or benefit obligations."
s571-114,,,,"The bill addresses FAA medical certification requirements for pilots and does not regulate private employer wage, hour, or benefit obligations."
hr5524-112,,,,"The bill relates to the suspension of tariffs on marine engine parts and does not address private employer wage, hour, or benefit obligations."
hjres89-107,,,,"The bill is a commemorative measure proclaiming honorary citizenship and does not relate to private employer wage, hour, or benefit obligations."
hr5810-110,,,,"The bill focuses on government grants for mentoring programs and student loan forgiveness, which are public assistance and education initiatives rather than regulations of private employer wage, hour, or benefit obligations."
s2007-109,,,,"The bill establishes a commission to study health care costs and insurance, which does not regulate or incentivize private employer wage, hour, or benefit obligations."
hr6469-110,,,,"The bill authorizes federal funding for the Organ Procurement and Transplantation Network and does not regulate private employer wage, hour, or benefit obligations."
hr6056-111,,,,The bill addresses tax treatment and contribution limits for specific employee-funded pension plans rather than regulating private employer wage obligations or misconduct.
hr4645-108,,,,"The bill focuses on federal assistance for water-related environmental infrastructure projects in Kentucky and does not address private employer wage, hour, or benefit obligations."
hr3428-107,,,,"The bill concerns loan guarantees for steel companies and does not regulate or incentivize private employer wage, hour, or benefit obligations."
s2258-112,,,,"The bill relates to the amortization of expenses for music copyrights and does not address private employer wage, hour, or benefit obligations."
hr5378-112,,,,"The bill relates to the suspension of tariffs on a specific chemical compound and does not address private employer wage, hour, or benefit obligations."
hr5544-111,,,,"The bill concerns land transfers and redevelopment of the Southwest waterfront in the District of Columbia and does not address private employer wage, hour, or benefit obligations."
s3730-110,,,,"The bill focuses on expanding training, education, and workforce development for healthcare professionals and caregivers, rather than regulating private employer wage, hour, or benefit obligations."
s1292-110,,,,"The bill focuses on food safety and the traceability of meat and poultry products; it does not address private employer wage, hour, or benefit obligations."
hr1438-113,,,,"The bill addresses eligibility for government-administered veterans' pensions and does not regulate private employer wage, hour, or benefit obligations."
s1229-108,,,,"The bill addresses whistleblower protections and personnel practices specifically for federal employees, and the government is not a non-governmental employer under this category."
hr3786-110,,,,"The bill addresses the termination of consumer telecommunications contracts for military members and does not relate to private employer wage, hour, or benefit obligations."
hjres33-111,,,,"The bill proposes a constitutional amendment regarding environmental rights and does not address private employer wage, hour, or benefit obligations."
hjres9-116,,,,"The bill proposes a constitutional amendment regarding voting rights and election procedures and does not relate to private employer wage, hour, or benefit obligations."
hr1745-108,,,,"The bill focuses on highway safety and the impoundment of vehicles for DWI charges, which has no relation to private employer wage, hour, or benefit obligations."
s691-114,,,,"The bill concerns the authorization of nuclear waste repositories and intergovernmental consent; it does not relate to private employer wage, hour, or benefit obligations."
s109-116,,,,"The bill focuses on prohibiting federal funding for abortion and restricting abortion coverage in health plans, which does not relate to private employer wage, hour, or benefit obligations such as minimum wage, overtime, or pension mismanagement."
hr1078-113,,,,"The bill concerns the voluntary nature of the American Community Survey and does not relate to private employer wage, hour, or benefit obligations."
hr5556-110,,,,"The bill addresses individual tax penalties for early retirement distributions during unemployment, rather than regulating private employer wage, hour, or benefit obligations or misconduct."
hr2641-116,,,,"The bill concerns presidential press briefings and government transparency, which has no relation to private employer wage, hour, or benefit obligations."
hr4200-109,,,,"The bill focuses on forest management and recovery of federal lands after catastrophic events and does not regulate private employer wage, hour, or benefit obligations."
hr3412-113,,,,"The bill focuses on regulatory reform for higher education institutions and student financial aid; it does not regulate private employer wage, hour, or benefit obligations."
s2279-106,,,,"The bill concerns the acquisition of land for Sequoia National Park and does not relate to private employer wage, hour, or benefit obligations."
hr7144-110,,,,"The bill focuses on the establishment of a national biological data center and does not address private employer wage, hour, or benefit obligations."
hr3522-115,,,,"The bill focuses on the coordination and standardization of geospatial data within the federal government and does not regulate private employer wage, hour, or benefit obligations."
hr2197-111,,,,"The bill addresses the Small Business Administration's criteria for determining business affiliation between franchisors and franchisees, which is a regulatory status issue rather than a mandate regarding private employer wage, hour, or benefit obligations."
hr4667-108,,,,"The bill concerns land exchanges and hydroelectric power licensing for the Tapoco Project and does not address private employer wage, hour, or benefit obligations."
hr4165-109,,,,"The bill relates to the boundaries of a coastal barrier resource system and does not address private employer wage, hour, or benefit obligations."
s2049-106,,,,"The bill relates to the authorization of appropriations for a crime reduction trust fund and does not address private employer wage, hour, or benefit obligations."
s2598-114,,,,"The bill relates to the minting of commemorative coins and does not address private employer wage, hour, or benefit obligations."
hr2077-110,,,,"The bill is a commemorative measure to rename a post office building and does not relate to private employer wage, hour, or benefit obligations."
hr24-108,,,,"The bill focuses on firearms ballistics testing and criminal investigation records, which is unrelated to private employer wage, hour, or benefit obligations."
s2680-106,,,,"The bill focuses on international diplomacy and stabilization in the Balkans and does not address private employer wage, hour, or benefit obligations."
sjres21-114,,,,"The bill proposes a constitutional amendment regarding the desecration of the U.S. flag and has no relation to private employer wage, hour, or benefit obligations."
hr5990-110,,,,"The bill focuses on consumer protection and the labeling and sale of video games to minors, which is unrelated to private employer wage, hour, or benefit obligations."
hr4414-115,,,,"The bill concerns the repayment of federal student grants and does not relate to private employer wage, hour, or benefit obligations."
s273-113,1.0,Wage Hour & Benefits,enforcement,"The bill modifies the definition of a fiduciary under ERISA, which directly affects the legal standards and enforcement of private employer retirement benefit obligations."
hr375-109,,,,"The bill concerns the size and structure of the U.S. Navy fleet and does not relate to private employer wage, hour, or benefit obligations."
s1145-107,,,,"The bill offers a tax credit for hiring veterans from a specific group, which incentivizes hiring decisions rather than regulating private employer wage or benefit compliance."
hr5603-110,,,,"The bill focuses on the organizational structure, command, and coordination of the National Guard and military forces, which involves government entities and does not regulate private employer wage, hour, or benefit obligations."
hr4290-114,,,,"The bill addresses the sovereign debt and financial stability of the government of Puerto Rico, which involves public-sector finance rather than private employer wage, hour, or benefit obligations."
s545-108,1.0,Wage Hour & Benefits,enforcement,"The bill amends ERISA to establish rules, solvency requirements, and enforcement mechanisms for association health plans, directly regulating private employer benefit obligations."
hr6726-112,,,,"The bill addresses pay adjustments for Members of Congress and federal employees, and since the government is not a non-governmental employer, it does not qualify."
s1811-107,,,,"The bill addresses financial disclosure and ethics requirements for executive branch government employees, not the wage, hour, or benefit obligations of non-governmental employers."
hr568-110,,,,"The bill relates to FHA-insured reverse mortgages for seniors and does not involve private employer wage, hour, or benefit obligations."
hr6279-111,,,,"The bill addresses the pay, leave, and retention of members of the Armed Forces (government employees), which is explicitly excluded as it does not involve private employer misconduct or obligations."
hr5292-115,,,,"The bill concerns the administration of the decennial census and the impact of citizenship questions; it does not relate to private employer wage, hour, or benefit obligations."
hr3773-108,,,,"The bill focuses on general individual income tax rates, capital gains, and business depreciation deductions rather than regulating private employer wage, hour, or benefit obligations."
s2310-114,,,,"The bill concerns the consolidation of federal education funding for states to improve academic achievement and does not regulate private employer wage, hour, or benefit obligations."
hr5220-109,,,,"The bill focuses on credentialing and licensing to help veterans transition to the private sector, rather than regulating private employer wage, hour, or benefit obligations."
hr204-107,,,,"The bill addresses unfair methods of competition and predatory pricing among air carriers, which is an antitrust/competition issue rather than a private employer wage, hour, or benefit obligation."
s635-113,,,,"The bill relates to consumer privacy notices for financial institutions and does not address private employer wage, hour, or benefit obligations."
hr3894-111,,,,"The bill establishes a public health grant program for obesity prevention and does not regulate or incentivize private employer wage, hour, or benefit obligations."
s1256-111,,,,"The bill focuses on Medicaid funding and the expansion of home and community-based services for beneficiaries, which relates to government reimbursement and public health policy rather than private employer wage or benefit obligations."
hr5104-113,,,,"The bill focuses on energy and water conservation improvements for affordable housing and does not regulate private employer wage, hour, or benefit obligations."
hr4419-110,,,,"The bill relates to the suspension of tariffs on synthetic staple fibers and does not address private employer wage, hour, or benefit obligations."
hr2127-112,,,,"The bill focuses on funding public health grants to reduce infant mortality and does not regulate private employer wage, hour, or benefit obligations."
hr2354-115,,,,"The bill defines 'recreational vessel' for workers' compensation purposes, which relates to disability assistance and safety rather than wage, hour, or benefit obligations like minimum wage, overtime, or pensions."
hr3980-107,,,,"The bill directs the minting of a commemorative coin and does not relate to private employer wage, hour, or benefit obligations."
hr406-113,,,,"The bill addresses immigration judicial discretion regarding the removal of alien parents and does not relate to private employer wage, hour, or benefit obligations."
hr1349-113,,,,"The bill establishes a National Heritage Area in Arizona and does not regulate or incentivize private employer wage, hour, or benefit obligations."
hr3441-110,,,,"The bill focuses on grants for training school principals and establishing leadership standards in education, which does not relate to private employer wage, hour, or benefit obligations."
hr821-116,,,,"The bill relates to the retention of criminal background check records for firearm transactions and does not involve private employer wage, hour, or benefit obligations."
hr3967-116,,,,"The bill addresses tax deductions for financial institutions holding municipal bonds and does not relate to private employer wage, hour, or benefit obligations."
s2209-108,,,,"The bill focuses on water resources projects and ecosystem restoration in Florida and does not address private employer wage, hour, or benefit obligations."
hr2591-110,,,,"The bill addresses Medicare Part B enrollment penalties and COBRA/retiree coverage exclusions, which are government benefit program rules rather than private employer wage or benefit obligations."
s1637-108,,,,"The bill focuses on international taxation and domestic production tax deductions; while it mentions W-2 wages as a limit for a tax deduction, it does not regulate private employer wage/hour compliance or introduce credits for specific benefit obligations."
s944-116,,,,"The bill addresses the personnel system, pay, and benefits of TSA employees, who are federal government employees, and therefore does not involve non-governmental employer misconduct."
hr4896-107,,,,"The bill addresses product safety standards for children's sleepwear and does not relate to private employer wage, hour, or benefit obligations."
s392-112,,,,"The bill focuses on student health and physical education programs in schools and does not regulate private employer wage, hour, or benefit obligations."
hr4809-109,,,,"The bill focuses on the clarity of language used in federal agency regulations and does not regulate private employer wage, hour, or benefit obligations."
s245-110,,,,"The bill relates to the designation of a National Historic Site and does not address private employer wage, hour, or benefit obligations."
hr209-108,,,,"The bill extends a government-administered unemployment compensation program, which is a public assistance program rather than a private employer wage or benefit obligation."
hr1982-109,,,,"The bill provides educational, housing, and healthcare benefits to members of the Armed Forces and veterans, which are government-administered benefits and do not involve private employer wage or benefit obligations."
s3735-110,,,,"The bill provides general enterprise zone tax incentives for specific business types, which incentivizes business location and investment rather than regulating private employer wage, hour, or benefit obligations."
s4-110,,,,"The bill focuses on homeland security, intelligence sharing, and counterterrorism within the federal government and does not regulate private employer wage, hour, or benefit obligations."
hr2535-109,,,,"The bill relates to the suspension of tariffs on chemical dyes and does not address private employer wage, hour, or benefit obligations."
s636-116,,,,"The bill addresses immigration status and employment authorization for Venezuelan nationals, which does not regulate private employer wage, hour, or benefit obligations."
hr6379-115,,,,"The bill reauthorizes the National Flood Insurance Program, which is unrelated to private employer wage, hour, or benefit obligations."
hr4514-113,,,,"The bill addresses government-administered benefits for public safety officers, which falls under government employee benefits and does not regulate private employer wage or benefit obligations."
hr2391-112,,,,"The bill provides tax credits for renewable energy integration and power production, which is unrelated to private employer wage, hour, or benefit obligations."
s98-108,,,,"The bill focuses on prohibiting financial holding companies and national banks from engaging in real estate brokerage or management activities, which does not relate to private employer wage, hour, or benefit obligations."
s1007-114,,,,"The bill concerns the renaming of a national museum site and does not relate to private employer wage, hour, or benefit obligations."
s2162-106,,,,"The bill addresses liability indemnification and civil penalties for nuclear incidents and regulatory violations, not private employer wage, hour, or benefit obligations."
hr3560-109,,,,"The bill focuses on public health education and data collection regarding food choking hazards for children and does not relate to private employer wage, hour, or benefit obligations."
s604-109,,,,"The bill expands Medicare coverage for medical nutrition therapy, which is a government health benefit program and does not regulate private employer wage, hour, or benefit obligations."
hr4322-109,,,,"The bill addresses the management of Indian trust assets and government accounting claims, which involves federal-tribal relations and government trust funds rather than private employer wage, hour, or benefit obligations."
hr4175-110,,,,"The bill focuses on data privacy, cybercrime, and identity theft enforcement, which is unrelated to private employer wage, hour, or benefit obligations."
hr755-115,,,,"The bill concerns state motor vehicle database access and REAL ID compliance, which has no relation to private employer wage, hour, or benefit obligations."
s2925-109,,,,"The bill relates to the suspension of tariffs on a specific chemical compound and does not address private employer wage, hour, or benefit obligations."
s354-109,,,,"The bill focuses on medical malpractice liability and health care litigation reform, not on private employer wage, hour, or benefit obligations."
hr5123-107,,,,"The bill focuses on water management, habitat enhancement, and infrastructure projects at the Salton Sea and Colorado River, and does not address private employer wage, hour, or benefit obligations."
sjres5-107,,,,"The bill concerns the appointment of a citizen regent to the Smithsonian Institution and does not relate to private employer wage, hour, or benefit obligations."
hr2273-110,,,,"The bill focuses on FDA regulatory fees, drug safety, and labeling requirements for manufacturers; it does not address private employer wage, hour, or benefit obligations."
hr2724-111,,,,"The bill focuses on national transportation objectives, energy efficiency, and safety targets, and does not address private employer wage, hour, or benefit obligations."
hr5946-114,,,,"The bill provides a tax exclusion for prizes won by athletes; it does not regulate private employer wage, hour, or benefit obligations."
s982-112,,,,"The bill concerns the detention of enemy belligerents at Guantanamo Bay and does not relate to private employer wage, hour, or benefit obligations."
s1434-112,,,,"The bill focuses on data security standards and consumer privacy protections for sensitive account information, which is unrelated to private employer wage, hour, or benefit obligations."
s2504-114,,,,"The bill relates to the legality of advertising marijuana in states where it is legal and does not address private employer wage, hour, or benefit obligations."
hr5788-112,,,,"The bill is a ceremonial designation of a post office and does not relate to private employer wage, hour, or benefit obligations."
s3033-108,,,,"The bill is a private immigration relief bill concerning the permanent residency status of an individual and does not relate to private employer wage, hour, or benefit obligations."
s378-110,,,,"The bill focuses on judicial security, criminal law enhancements to protect court personnel, and government funding for the U.S. Marshals Service, and does not regulate private employer wage, hour, or benefit obligations."
s3070-110,,,,"The bill relates to the minting of commemorative coins for the Boy Scouts of America and does not address private employer wage, hour, or benefit obligations."
hr3542-107,,,,"The bill concerns the definition of material support for terrorists and has no relation to private employer wage, hour, or benefit obligations."
hr3655-107,,,,"The bill relates to the suspension of tariffs on specific herbicides and does not address private employer wage, hour, or benefit obligations."
s3209-114,,,,"The bill focuses on prescription drug monitoring programs and state data sharing; it does not regulate private employer wage, hour, or benefit obligations."
hr4544-110,,,,"The bill relates to the issuance of commemorative medals for military veterans and does not involve private employer wage, hour, or benefit obligations."
hr5647-107,,,,"The bill concerns the duration of a Navy-Marine Corps Intranet procurement contract and does not relate to private employer wage, hour, or benefit obligations."
hr1418-110,,,,"The bill focuses on public health research, grants for traumatic brain injury registries, and healthcare access; it does not regulate private employer wage, hour, or benefit obligations."
s213-112,,,,"The bill concerns a posthumous military honor for a member of the U.S. Army and does not relate to private employer wage, hour, or benefit obligations."
hr4755-106,,,,"The bill focuses on the maintenance, funding, and replacement of the Woodrow Wilson Memorial Bridge and does not regulate private employer wage, hour, or benefit obligations."
hr1210-113,,,,"The bill focuses on homeland security and intelligence prioritization for mass transit systems and does not address private employer wage, hour, or benefit obligations."
hr1861-114,,,,"The bill concerns transportation funding and motorcycle helmet checkpoints, which has no relation to private employer wage, hour, or benefit obligations."
hr4890-109,,,,"The bill addresses government budgetary procedures and the presidential line-item veto power, not private employer wage, hour, or benefit obligations."
hr4108-113,,,,"The bill establishes a grant program for schools to purchase nebulizers and train personnel; it does not regulate private employer wage, hour, or benefit obligations."
hr6001-111,,,,"The bill establishes tax-free COBRA premium payment accounts, which is explicitly listed as a non-qualifying bill type regarding general tax or family policy unrelated to private employer wage or benefit obligations."
s2897-106,,,,"The bill addresses corporate accounting methods for naval construction contracts and does not relate to private employer wage, hour, or benefit obligations."
hr63-115,,,,"The bill offers a tax credit for hiring veterans, which is explicitly listed as a non-qualifying bill type that incentivizes hiring decisions rather than wage or benefit compliance."
s2433-110,,,,"The bill focuses on international foreign policy and global poverty reduction strategies, not the regulation of private employer wage, hour, or benefit obligations within the U.S."
s720-108,,,,"The bill focuses on patient safety data confidentiality and whistleblower protections for reporting medical errors, which does not relate to employer wage, hour, or benefit obligations."
s854-107,,,,"The bill addresses coverage for tobacco cessation services under government-administered health programs (Medicare, Medicaid, and MCH), not private employer wage, hour, or benefit obligations."
s854-108,,,,"The bill authorizes grants and funding for the treatment and rehabilitation of torture victims; it does not regulate private employer wage, hour, or benefit obligations."
hr5309-108,,,,"The bill addresses Medicare claim filing deadlines and government reimbursement processing, which does not involve private employer wage, hour, or benefit obligations."
hr4239-113,,,,"The bill focuses on drought assistance, water resource management, and disaster relief; it does not regulate private employer wage, hour, or benefit obligations."
hr1230-111,,,,"The bill focuses on medical research, diagnosis, and treatment of bone marrow failure diseases and does not regulate private employer wage, hour, or benefit obligations."
s1925-107,,,,"The bill establishes a National Heritage Area for historical and cultural preservation and does not relate to private employer wage, hour, or benefit obligations."
s255-111,,,,"The bill regulates consumer credit interest rates and the Truth in Lending Act, which is unrelated to private employer wage, hour, or benefit obligations."
hr1828-113,,,,"The bill addresses death benefits for public safety officers (government employees), and the guidelines explicitly exclude bills addressing government employee pay and benefits."
s2916-106,,,,"The bill concerns the classification of animal hair clippers in the Harmonized Tariff Schedule and does not relate to private employer wage, hour, or benefit obligations."
s745-113,,,,"The bill focuses on forest management and pest control on federal lands and does not address private employer wage, hour, or benefit obligations."
hr2323-109,,,,"The bill focuses on the recovery and research of southern sea otters and does not address private employer wage, hour, or benefit obligations."
hr370-107,,,,"The bill provides tax credits for charitable contributions to scholarships and school materials, which does not regulate or incentivize private employer wage, hour, or benefit obligations."
s3385-111,,,,"The bill focuses on oil and gas leasing policies and economic impact assessments regarding employment opportunities, rather than regulating private employer wage, hour, or benefit obligations."
hr5039-114,,,,"The bill addresses income source rules and tax administration for U.S. territories and does not regulate private employer wage, hour, or benefit obligations."
hr218-111,,,,"The bill provides a personal tax credit to individuals for lost wages incurred during organ donation, which is a general tax/health policy and does not regulate or incentivize private employer wage or benefit obligations."
hr1096-108,,,,"The bill focuses on border security, customs administration, and DHS personnel increases, and does not regulate private employer wage, hour, or benefit obligations."
hr5834-112,,,,"The bill relates to tuition rates at public institutions of higher education for dependents of military personnel and does not involve private employer wage, hour, or benefit obligations."
hr3469-113,,,,"The bill addresses the definition of veteran status for benefit and employment preference purposes related to service academy preparatory schools, which concerns government-administered veteran benefits rather than private employer wage or hour obligations."
hr5150-111,,,,"The bill focuses on Second Amendment rights and firearm regulations in the District of Columbia and does not address private employer wage, hour, or benefit obligations."
hr5247-109,,,,"The bill provides international assistance to a museum in Poland and does not relate to private employer wage, hour, or benefit obligations."
s75-112,,,,"The bill addresses antitrust and price-fixing agreements between manufacturers and retailers under the Sherman Act, which is unrelated to private employer wage, hour, or benefit obligations."
s2778-114,,,,"The bill concerns the Department of Defense's procurement and acquisition of weapon systems and does not relate to private employer wage, hour, or benefit obligations."
hr6347-111,,,,"The bill addresses corporate restitution for Holocaust-era war crimes and eligibility for government contracts, which is unrelated to private employer wage, hour, or benefit obligations."
hr3453-112,,,,"The bill concerns the management of wolf populations under the Endangered Species Act and has no relation to private employer wage, hour, or benefit obligations."
hr2817-110,,,,"The bill focuses on campaign finance reform and corporate tax rates to fund elections, which does not relate to private employer wage, hour, or benefit obligations."
hr1015-114,,,,"The bill focuses on government procurement and subcontracting compliance for VA contracts, not on private employer wage, hour, or benefit obligations."
hr3342-107,,,,"The bill focuses on international human rights, economic development, and refugee relief for women in Central Asia, and does not regulate private employer wage, hour, or benefit obligations."
s1559-114,,,,"The bill focuses on criminal law, domestic violence protections, and animal welfare, and does not address private employer wage, hour, or benefit obligations."
hr2752-111,,,,"The bill regulates the provision of family planning services to minors and does not address private employer wage, hour, or benefit obligations."
hr1105-115,,,,"The bill focuses on environmental regulations regarding the definition of 'Waters of the United States' and does not relate to private employer wage, hour, or benefit obligations."
hr876-115,,,,"The bill focuses on aviation security, employee screening, and insider threat mitigation; it does not address private employer wage, hour, or benefit obligations."
s539-113,,,,"The bill establishes a commission to coordinate federal clinical care for diabetes and does not regulate private employer wage, hour, or benefit obligations."
sjres33-111,,,,"The bill concerns the revision of the proposed constitution of the U.S. Virgin Islands and does not address private employer wage, hour, or benefit obligations."
hr4542-109,,,,"The bill focuses on foreign ownership and 'actual control' of U.S. airlines and does not regulate private employer wage, hour, or benefit obligations."
hr4853-113,,,,"The bill relates to the electronic delivery of Medicare Summary Notices and administrative contracting for Medicare, which does not involve private employer wage, hour, or benefit obligations."
hr1649-110,,,,"The bill concerns the closure or relocation of government offices (Farm Service Agency) and does not regulate private employer wage, hour, or benefit obligations."
hr475-108,,,,"The bill focuses on environmental noise abatement and EPA reorganization, which does not relate to private employer wage, hour, or benefit obligations."
hr5285-112,,,,"The bill relates to the suspension of tariffs on a chemical compound and does not address private employer wage, hour, or benefit obligations."
s2728-108,,,,"The bill focuses on criminalizing automobile insurance fraud and regulating insurance inspections, which does not relate to private employer wage, hour, or benefit obligations."
hr3933-109,,,,"The bill focuses on forest conservation, land use, and grants for preserving open space, and does not address private employer wage, hour, or benefit obligations."
s3356-112,,,,"The bill focuses on international conservation, biodiversity, and foreign policy, and does not address private employer wage, hour, or benefit obligations."
hr5090-108,,,,"The bill provides a tax credit for natural gas production from deep onshore wells and does not relate to private employer wage, hour, or benefit obligations."
hr5086-108,,,,"The bill relates to the suspension of tariffs on a specific chemical dye and does not address private employer wage, hour, or benefit obligations."
hr1812-107,,,,"The bill focuses on school safety grants, violence prevention, and community policing, and does not regulate private employer wage, hour, or benefit obligations."
hr716-114,,,,"The bill focuses on medical reporting requirements for mammography facilities and cancer research, not on private employer wage, hour, or benefit obligations."
s452-107,,,,"The bill addresses Medicare billing, auditing, and reimbursement rates for healthcare providers, which are government reimbursement issues rather than private employer wage, hour, or benefit obligations."
s910-114,,,,"The bill addresses tax exclusions for health plans of governmental entities and levies on Medicare providers, which concerns government employee benefits and government reimbursement rates rather than private employer wage or benefit obligations."
hr3823-109,,,,"The bill is a piece of private legislation concerning immigrant visa eligibility and permanent residency status, which is unrelated to private employer wage, hour, or benefit obligations."
s2967-112,,,,"The bill relates to the suspension of tariffs on a specific product and does not address private employer wage, hour, or benefit obligations."
hr2089-112,,,,"The bill focuses on the use of advanced 3D modeling technologies for federal-aid highway projects and does not address private employer wage, hour, or benefit obligations."
hr2737-111,,,,"The bill focuses on international foreign aid and human trafficking in eligible countries, rather than regulating the wage, hour, or benefit obligations of non-governmental employers within the U.S."
s659-110,,,,"The bill addresses death gratuity payments for members of the Armed Forces, which is a government benefit for military service members and does not involve private employer wage or benefit obligations."
s2034-112,,,,"The bill focuses on international sanctions and human rights abuses in Syria and does not regulate private employer wage, hour, or benefit obligations."
s34-108,,,,"The bill addresses the repeal of the estate tax for family-owned businesses and farms, which is a general tax policy and does not relate to private employer wage, hour, or benefit obligations."
s335-116,,,,"The bill focuses on ZTE Corporation's compliance with sanctions violations and trade restrictions, which is unrelated to private employer wage, hour, or benefit obligations."
s674-108,,,,"The bill concerns the designation of museums under the National Maritime Heritage Act and does not relate to private employer wage, hour, or benefit obligations."
s3144-114,,,,"The bill addresses the constitutional right to effective counsel in criminal proceedings and does not relate to private employer wage, hour, or benefit obligations."
hr967-115,,,,"The bill is a commemorative measure to award a Congressional Gold Medal and does not regulate or incentivize private employer wage, hour, or benefit obligations."
hr4103-107,,,,"The bill concerns the transfer of public lands for historic preservation and education and does not relate to private employer wage, hour, or benefit obligations."
hr532-107,,,,"The bill focuses on environmental protection and funding for MTBE contamination cleanup, which is unrelated to private employer wage, hour, or benefit obligations."
s2042-111,,,,"The bill relates to the suspension of tariffs on reconstituted tobacco and does not address private employer wage, hour, or benefit obligations."
hr825-109,,,,"The bill concerns the sale of gold by the International Monetary Fund and does not relate to private employer wage, hour, or benefit obligations."
s3668-111,,,,"The bill focuses on establishing grants for medical-legal partnerships to help patients navigate health programs and does not regulate private employer wage, hour, or benefit obligations."
hr4539-113,,,,"The bill concerns transparency requirements for research papers issued by the Consumer Financial Protection Bureau and does not relate to private employer wage, hour, or benefit obligations."
s1959-109,,,,"The bill concerns the placement of a statue of Rosa Parks in the U.S. Capitol and has no relation to private employer wage, hour, or benefit obligations."
hr5320-106,,,,"The bill adjusts Medicare payment rates and capitation for health organizations, which is a government reimbursement issue rather than a private employer's wage, hour, or benefit obligation to its employees."
hr4218-108,,,,"The bill focuses on federal research and development programs for high-performance computing and does not regulate private employer wage, hour, or benefit obligations."
hr4215-111,,,,"The bill concerns the classification of biological agents for public health and agricultural safety and has no relation to private employer wage, hour, or benefit obligations."
s3106-110,,,,"The bill relates to intellectual property and copyright law regarding vessel hull designs and does not address private employer wage, hour, or benefit obligations."
s856-113,,,,"The bill focuses on international affairs, foreign aid, and sanctions related to Syria and does not regulate private employer wage, hour, or benefit obligations."
hr6272-112,,,,"The bill focuses on transparency and reporting requirements for clinical trial data and does not relate to private employer wage, hour, or benefit obligations."
hr416-107,,,,"The bill focuses on energy policy and environmental funding from retail electricity savings and does not address private employer wage, hour, or benefit obligations."
s246-107,,,,"The bill concerns a moratorium on taxes imposed on the Internet and does not relate to private employer wage, hour, or benefit obligations."
hr3102-114,,,,"The bill focuses on airport security screening, credentialing, and background checks for employees; it does not regulate private employer wage, hour, or benefit obligations."
hr4718-107,,,,"The bill relates to the depreciation of potato storage facilities for tax purposes and does not address private employer wage, hour, or benefit obligations."
s80-113,,,,"The bill focuses on funding and protocols for auditing sexual assault evidence backlogs and DNA analysis; it does not regulate private employer wage, hour, or benefit obligations."
s818-111,,,,"The bill focuses on educational technology and funding for schools and does not regulate private employer wage, hour, or benefit obligations."
hr1778-107,,,,"The bill focuses on collecting data regarding racial profiling during traffic stops by law enforcement and does not relate to private employer wage, hour, or benefit obligations."
hr1169-112,,,,"The bill addresses the pay, retirement, and benefits of National Guard technicians and military personnel, which are government employees and thus excluded from the scope of private employer misconduct."
hr4078-107,,,,"The bill focuses on environmental reclamation of abandoned mines and the establishment of a reclamation fund; it does not address private employer wage, hour, or benefit obligations."
hr2573-108,,,,"The bill focuses on the management and development of federal real property through public-private partnerships and does not regulate private employer wage, hour, or benefit obligations."
hr1164-114,,,,"The bill focuses on consumer privacy and data collection by video service operators and does not relate to private employer wage, hour, or benefit obligations."
s1917-111,,,,"The bill addresses tariffs on imported footwear and does not relate to private employer wage, hour, or benefit obligations."
s3954-111,,,,"The bill focuses on air cargo security screening and training programs to prevent terrorism, not on private employer wage, hour, or benefit obligations."
hr4980-114,,,,"The bill concerns the correction of records in the National Instant Criminal Background Check System and does not relate to private employer wage, hour, or benefit obligations."
hr1077-107,,,,"The bill addresses pay schedules for federal prevailing rate employees, and bills concerning government employee compensation do not qualify as they do not involve non-governmental employer misconduct."
hr2198-110,,,,"The bill focuses on general government contract oversight and reporting requirements rather than specifically regulating private employer wage, hour, or benefit obligations."
hr2470-110,,,,"The bill focuses on tax credits for public school construction bonds and general labor standards for those projects, rather than regulating private employer wage, hour, or benefit obligations."
hr4426-112,,,,"The bill relates to the suspension of tariffs on inkjet printing ink and does not address private employer wage, hour, or benefit obligations."
s1332-113,,,,"The bill adjusts Medicare payment conditions for home health services and does not regulate private employer wage, hour, or benefit obligations."
hr3003-109,,,,"The bill establishes a commission to investigate detainee abuses in the Global War on Terrorism and does not relate to private employer wage, hour, or benefit obligations."
hr5207-111,1.0,Wage Hour & Benefits,enforcement,"The bill modifies the operation and rules of Employee Stock Ownership Plans (ESOPs), which are retirement benefit plans governed by ERISA and the Internal Revenue Code, thereby affecting private employer benefit obligations."
hr3744-109,,,,"The bill provides a refundable tax credit to individual taxpayers for housing support expenses for displaced persons, which does not regulate or incentivize private employer wage, hour, or benefit obligations."
hr3941-106,,,,"The bill relates to the suspension of tariffs on a specific dye product and does not address private employer wage, hour, or benefit obligations."
hr483-110,,,,"The bill concerns land exchanges in the Tahoe National Forest and does not relate to private employer wage, hour, or benefit obligations."
hr1262-111,,,,"The bill focuses on environmental protection and water quality financing; it does not regulate private employer wage, hour, or benefit obligations."
s3009-114,,,,"The bill focuses on SBA disaster loan eligibility and business training for National Guard and Reserve members, rather than regulating private employer wage, hour, or benefit obligations."
s640-112,,,,"The bill focuses on international nuclear safety cooperation and treaties; it does not regulate private employer wage, hour, or benefit obligations."
hr72-114,,,,"The bill establishes a grant program for schools to purchase nebulizers and train personnel; it does not regulate private employer wage, hour, or benefit obligations."
s2380-110,,,,"The bill addresses corporate taxation of foreign income and controlled foreign corporations, which is unrelated to private employer wage, hour, or benefit obligations."
hr4326-115,,,,"The bill is a ceremonial designation of a post office facility and does not relate to private employer wage, hour, or benefit obligations."
s2827-109,,,,"The bill focuses on the investigative authorities and subpoena powers of the DHS privacy officer and does not relate to private employer wage, hour, or benefit obligations."
s225-112,,,,"The bill relates to law enforcement access to IRS mailing addresses for missing child investigations and does not address private employer wage, hour, or benefit obligations."
hr2831-109,1.0,Wage Hour & Benefits,enforcement,"The bill amends ERISA to strengthen benefit accrual standards and prevent age discrimination in defined benefit pension plans, directly regulating private employer retirement benefit obligations."
hr5313-110,,,,"The bill relates to the suspension of tariffs on a specific polymer and does not address private employer wage, hour, or benefit obligations."
s613-112,,,,"The bill relates to the recovery of expert witness fees in special education litigation under the IDEA and does not involve private employer wage, hour, or benefit obligations."
hr2395-112,,,,"The bill concerns the establishment of government-run Job Corps centers in U.S. territories and does not regulate private employer wage, hour, or benefit obligations."
hr3397-110,,,,"The bill addresses lead-based paint hazards and blood lead levels in housing, which is unrelated to private employer wage, hour, or benefit obligations."
s58-107,,,,"The bill grants a federal charter to a nonprofit organization and does not regulate private employer wage, hour, or benefit obligations."
s2583-114,,,,"The bill focuses on environmental protection and the reauthorization of water revolving funds, which does not relate to private employer wage, hour, or benefit obligations."
s2436-108,,,,"The bill reauthorizes the Native American Programs Act and relates to federal administration and aid for Native Americans, not private employer wage, hour, or benefit obligations."
hr1085-115,,,,"The bill concerns the withdrawal of public lands from mineral development and does not relate to private employer wage, hour, or benefit obligations."
s1814-112,,,,"The bill focuses on funding and reimbursement for public health emergency response and disaster medical systems, not on private employer wage, hour, or benefit obligations."
hr747-112,,,,"The bill relates to the extension and modification of the Build America Bonds program for state and local finance, which does not involve private employer wage, hour, or benefit obligations."
hr842-113,,,,"The bill focuses on expanding medical research and funding for gastrointestinal disorders through the NIH and does not regulate private employer wage, hour, or benefit obligations."
hr4059-114,,,,"The bill relates to Medicare advance directives and beneficiary incentives, not to private employer wage, hour, or benefit obligations."
s2947-106,,,,"The bill focuses on foreign trade restrictions and human rights in Iran and does not regulate private employer wage, hour, or benefit obligations."
hr4931-107,1.0,Wage Hour & Benefits,enforcement,"By making permanent the pension and individual retirement provisions of the Economic Growth and Tax Relief Reconciliation Act of 2001, the bill establishes permanent regulatory and tax frameworks governing private employer retirement benefit obligations under ERISA and the tax code."
hr5797-115,,,,"The bill addresses Medicaid reimbursement rates for mental health services and does not regulate private employer wage, hour, or benefit obligations."
hr24-111,,,,"The bill focuses on the administrative redesignation of a government agency (Department of the Navy) and does not regulate private employer wage, hour, or benefit obligations."
hr5722-115,,,,"The bill addresses Medicare payment and coverage policies for pain management treatments, which is a government reimbursement issue rather than a private employer wage, hour, or benefit obligation."
s1015-107,,,,"The bill focuses on railroad grade crossing safety and traffic congestion, which is unrelated to private employer wage, hour, or benefit obligations."
hr2449-112,,,,"The bill focuses on the expungement of criminal records and criminal justice reform, which does not relate to private employer wage, hour, or benefit obligations."
s817-116,,,,"The bill concerns the classification and taxation of firearm silencers and does not relate to private employer wage, hour, or benefit obligations."
s3738-110,,,,"The bill focuses on mortgage foreclosure deferrals and consumer protections under the Truth in Lending Act, which does not relate to private employer wage, hour, or benefit obligations."
s2480-114,,,,"The bill addresses protections for interns within the Federal Government, and since the government is not a non-governmental employer, it does not qualify."
hr2378-108,1.0,Wage Hour & Benefits,enforcement,"The bill revises hours of duty limitations and prohibits railroad carriers from discriminating or retaliating against employees for reporting safety conditions, directly regulating private employer hour and labor conduct."
s2284-106,1.0,Wage Hour & Benefits,enforcement,"The bill increases the Federal minimum wage under the Fair Labor Standards Act, directly increasing the stringency of wage obligations for non-governmental employers."
s2273-113,,,,"The bill focuses on Department of Defense energy efficiency, fuel procurement, and infrastructure; it does not regulate private employer wage, hour, or benefit obligations."
hr4322-107,,,,"The bill relates to the suspension of tariffs on a specific drug (ET-743) and does not address private employer wage, hour, or benefit obligations."
hr3235-114,,,,"The bill authorizes government grants to states for maternal depression screening and treatment, which does not regulate or incentivize private employer wage, hour, or benefit obligations."
hr670-107,,,,"The bill is a commemorative designation for a post office building and does not relate to private employer wage, hour, or benefit obligations."
s641-112,,,,"The bill focuses on international foreign aid and diplomatic efforts to provide clean water and sanitation globally, and does not regulate private employer wage, hour, or benefit obligations."
s3383-110,,,,"The bill establishes national historical parks and provides funding for their preservation, which is unrelated to private employer wage, hour, or benefit obligations."
s1541-113,,,,"The bill addresses pay for members of the Armed Forces and government personnel during a shutdown, which falls under the excluded category of government employee compensation."
hr5487-113,,,,"The bill focuses on tax exemptions and withholding requirements for foreign investments in real estate investment trusts (REITs) and does not address private employer wage, hour, or benefit obligations."
s998-110,,,,"The bill addresses tax accounting for interest costs related to the production of distilled spirits and does not involve private employer wage, hour, or benefit obligations."
hr4015-108,,,,"The bill adjusts the date for the end of daylight saving time and does not regulate private employer wage, hour, or benefit obligations."
s1151-115,,,,"The bill provides a tax credit to individual caregivers for their own expenses, rather than regulating or incentivizing private employer wage, hour, or benefit obligations."
hr5569-111,,,,"The bill extends the National Flood Insurance Program and manages FEMA's financing obligations, which is unrelated to private employer wage, hour, or benefit obligations."
s1265-113,,,,"The bill addresses Medicare reimbursement and competitive bidding for medical equipment suppliers, which relates to government payment rates and procurement rather than private employer wage, hour, or benefit obligations."
hr2435-108,,,,"The bill concerns federal compensation to states for the incarceration of undocumented aliens and does not relate to private employer wage, hour, or benefit obligations."
hr808-113,,,,"The bill proposes the creation of a government department focused on peacebuilding and conflict resolution and does not regulate private employer wage, hour, or benefit obligations."
hr2200-114,,,,"The bill focuses on homeland security intelligence and information sharing regarding CBRN threats and does not address private employer wage, hour, or benefit obligations."
s142-107,,,,"The bill addresses antitrust and ownership restrictions within the meat packing industry and does not relate to private employer wage, hour, or benefit obligations."
hr2798-107,,,,"The bill relates to bond requirements for citizen lawsuits under the Federal Water Pollution Control Act and does not address private employer wage, hour, or benefit obligations."
hr3198-114,,,,"The bill offers a general tax credit for hiring new employees to incentivize job creation, which is explicitly excluded as it does not regulate wage/hour compliance or specific benefit obligations."
s52-115,,,,"The bill focuses on immigration enforcement and the inadmissibility of gang members, which has no relation to private employer wage, hour, or benefit obligations."
hr6095-114,,,,"The bill focuses on providing grants for computer science education in schools and does not regulate private employer wage, hour, or benefit obligations."
hr2237-109,,,,"The bill focuses on chemical security, terrorism prevention, and environmental safety regulations; it does not address private employer wage, hour, or benefit obligations."
hr5502-114,,,,"The bill relates to identity verification for federal student aid applications and does not involve private employer wage, hour, or benefit obligations."
hr4132-112,,,,"The bill focuses on FDA drug approval processes and regulatory procedures for medical treatments, which is unrelated to private employer wage, hour, or benefit obligations."
hr5987-109,,,,"The bill concerns a feasibility study for water supply augmentation in Oklahoma and does not relate to private employer wage, hour, or benefit obligations."
hr3384-112,,,,"The bill offers a tax credit for hiring veterans from a specific group, which incentivizes hiring decisions rather than regulating wage or benefit compliance."
s1206-114,,,,"The bill focuses on the systemic risk of large financial institutions and the prevention of taxpayer bailouts, not on private employer wage, hour, or benefit obligations."
hr4664-114,,,,"The bill concerns international diplomacy and the rights of refugees from Arab countries and Iran, and does not relate to private employer wage, hour, or benefit obligations."
s3509-111,,,,"The bill focuses on energy research, development, and safety technology for oil and gas production and does not address private employer wage, hour, or benefit obligations."
s2886-107,,,,"The bill concerns the tax-exempt status of houses of worship regarding political speech and does not relate to private employer wage, hour, or benefit obligations."
hr6645-110,,,,"The bill provides government-funded benefits and pensions to military veterans, which does not involve the regulation of private employer wage, hour, or benefit obligations."
hr3895-113,,,,"The bill focuses on energy exploration, oil and gas leasing, and environmental regulations; it does not address private employer wage, hour, or benefit obligations."
hr6274-110,,,,"The bill concerns habeas corpus rights for persons held under military authority in Cuba and does not relate to private employer wage, hour, or benefit obligations."
hr6096-110,,,,"The bill concerns international child abduction treaties and extradition; it does not relate to private employer wage, hour, or benefit obligations."
s1242-109,,,,"The bill relates to the suspension of tariffs on lutetium oxide and does not address private employer wage, hour, or benefit obligations."
hr4834-110,,,,"The bill is a commemorative act to award a congressional gold medal and does not relate to private employer wage, hour, or benefit obligations."
hr4501-110,,,,"The bill relates to the suspension of tariffs on imported Christmas tree lamps and does not address private employer wage, hour, or benefit obligations."
hjres41-115,,,,"The bill relates to SEC disclosure requirements for payments made by resource extraction companies to governments, which does not involve private employer wage, hour, or benefit obligations to employees."
hr3748-106,,,,"The bill relates to the suspension of tariffs on organic pigments and dyes and does not address private employer wage, hour, or benefit obligations."
hr3809-111,,,,"The bill provides a tax deduction for funeral home proprietors for providing services to indigent individuals, which is unrelated to private employer wage, hour, or benefit obligations."
s1215-112,,,,"The bill concerns land exchanges and loan maturity terms for a national historical park and does not relate to private employer wage, hour, or benefit obligations."
hr1226-110,,,,"The bill expands eligibility for a Department of Veterans Affairs education program, which is a government-administered benefit and does not involve private employer wage or benefit obligations."
s2816-106,,,,"The bill focuses on the management, funding, and human resources of the National Park System and federal agencies, and does not regulate private employer wage, hour, or benefit obligations."
hr6394-111,,,,"The bill concerns the trade and export of sea otter pelts under the Marine Mammal Protection Act and does not relate to private employer wage, hour, or benefit obligations."
hr2668-111,,,,"The bill establishes a government-administered health plan to provide insurance options for individuals; it does not regulate private employer wage, hour, or benefit obligations or corporate misconduct."
hr642-107,,,,"The bill focuses on environmental authorization and funding for the Chesapeake Bay Office of NOAA and does not address private employer wage, hour, or benefit obligations."
hr6399-110,,,,"The bill concerns the removal of Social Security numbers from Medicare cards, which is a government administrative and privacy matter and does not regulate private employer wage, hour, or benefit obligations."
hr2863-112,,,,"The bill adjusts Medicare reimbursement and service eligibility for physical therapy and dental care, which is a government reimbursement rate issue rather than a private employer wage or benefit obligation."
hr868-114,,,,"The bill relates to eligibility for government-managed TRICARE health coverage and individual health savings accounts, not to private employer wage, hour, or benefit obligations."
hr3852-108,,,,"The bill extends a government energy assistance program for low-income residents and does not regulate private employer wage, hour, or benefit obligations."
hr598-108,,,,"The bill establishes a commission to study the creation of a national education museum and archive, which has no relation to private employer wage, hour, or benefit obligations."
hr5995-111,,,,"The bill addresses tax deductions for damages paid under the Oil Pollution Act and does not relate to private employer wage, hour, or benefit obligations."
hr1208-114,,,,"The bill establishes a National Heritage Area in California and does not relate to private employer wage, hour, or benefit obligations."
hr6351-112,,,,"The bill addresses arbitration agreements between nursing home facilities and residents, which concerns consumer/patient rights and contracts rather than employer wage, hour, or benefit obligations to employees."
hr2996-109,,,,"The bill concerns the liquidation of customs drawback claims and tariffs, which is unrelated to private employer wage, hour, or benefit obligations."
hr5326-111,,,,"The bill repeals a cost-share program for organic certification in agriculture, which does not relate to private employer wage, hour, or benefit obligations."
hr462-113,,,,"The bill concerns the transfer of public land for the use of the Utah National Guard and does not relate to private employer wage, hour, or benefit obligations."
hr4629-115,,,,"The bill focuses on transportation security and the regulation of hazardous materials by railroad carriers, and does not address private employer wage, hour, or benefit obligations."
hr2107-115,,,,"The bill focuses on the administrative and judicial processes for FAA airman certificate appeals and enforcement actions, not on private employer wage, hour, or benefit obligations."
hr4309-110,,,,"The bill focuses on studying traffic patterns and economic impacts of border wait times and does not regulate private employer wage, hour, or benefit obligations."
s3259-111,,,,"The bill addresses antitrust enforcement and the limitation of civil damages in competition law, which is unrelated to private employer wage, hour, or benefit obligations."
hr2404-114,,,,"The bill addresses Medicare coverage for obesity treatment and prescription drugs, which relates to government health reimbursement rates rather than private employer wage, hour, or benefit obligations."
hr2804-107,,,,"The bill is a commemorative measure to name a federal courthouse and does not relate to private employer wage, hour, or benefit obligations."
hr6623-112,,,,"The bill prohibits human cloning and does not relate to private employer wage, hour, or benefit obligations."
s2509-115,,,,"The bill establishes a fund for National Park Service infrastructure maintenance and does not regulate private employer wage, hour, or benefit obligations."
hr4457-106,,,,"The bill is a commemorative measure to rename a post office and does not relate to private employer wage, hour, or benefit obligations."
hr2190-110,,,,"The bill concerns the administration of benefits by the Department of Veterans Affairs for rural veterans and does not regulate private employer wage, hour, or benefit obligations."
hr3189-107,,,,"The bill relates to export control authority and foreign trade, which has no connection to private employer wage, hour, or benefit obligations."
s3168-107,,,,"The bill focuses on consumer protections and regulatory standards for the death care industry, not on private employer wage, hour, or benefit obligations."
s1231-108,,,,"The bill focuses on consumer protection and the regulation of unsolicited commercial electronic mail (spam), which is unrelated to private employer wage, hour, or benefit obligations."
s1021-108,,,,"The bill focuses on the administration and funding of a government-sponsored child nutrition program and does not regulate private employer wage, hour, or benefit obligations."
s1997-111,,,,"The bill relates to the suspension of tariffs on a chemical compound (Propargite) and does not involve private employer wage, hour, or benefit obligations."
hr1061-111,,,,"The bill concerns land transfers and trust land for the Hoh Indian Tribe and does not relate to private employer wage, hour, or benefit obligations."
hjres15-108,,,,"The bill proposes abolishing personal income, estate, and gift taxes and prohibiting government competition with private business, which does not regulate private employer wage, hour, or benefit obligations."
s654-112,,,,"This is a private relief bill for a specific individual and does not regulate or incentivize private employer wage, hour, or benefit obligations."
s1318-111,,,,"The bill prohibits the use of stimulus funds for project signage and does not relate to private employer wage, hour, or benefit obligations."
s2766-111,1.0,Wage Hour & Benefits,enforcement,"The bill amends ERISA and the Public Health Service Act to mandate that private group and individual health insurance plans provide coverage for medically necessary foods, thereby expanding the benefit obligations of private employers and insurers."
hr2058-111,,,,"The bill addresses mental health screenings for members of the Armed Forces and coordination between the DoD and VA, which involves government services rather than private employer wage, hour, or benefit obligations."
hr5165-114,1.0,Wage Hour & Benefits,enforcement,"The bill amends the Family and Medical Leave Act (FMLA) to expand eligibility for medical leave for disabled veterans, thereby increasing the legal obligations of private employers regarding protected leave."
sjres47-115,,,,"The bill concerns arbitration agreements between financial service providers and consumers, not the wage, hour, or benefit obligations of a non-governmental employer to its employees."
hr2234-109,,,,"The bill focuses on health information technology grants, Medicare/Medicaid payment adjustments, and interoperability standards, rather than private employer wage, hour, or benefit obligations."
hr3593-114,,,,"The bill concerns FAA regulations regarding cost-sharing for private pilots and does not relate to private employer wage, hour, or benefit obligations."
hr1102-114,,,,"The bill addresses criminal penalties for law enforcement officers and does not relate to private employer wage, hour, or benefit obligations."
hr4792-115,,,,"The bill focuses on reporting requirements for small business access to capital after natural disasters and does not regulate private employer wage, hour, or benefit obligations."
s144-116,,,,"The bill concerns the naming and designation of a national monument and has no relation to private employer wage, hour, or benefit obligations."
hr5418-113,,,,"The bill regulates the conduct of government employees (IRS) regarding email usage and does not involve private employer wage, hour, or benefit obligations."
hr5287-107,,,,"The bill addresses the forgiveness of overpayments of military retired pay, which concerns government-administered benefits for service members and does not involve private employer wage or benefit obligations."
s2992-110,,,,"The bill focuses on VA housing loans and mortgage protections for service members, which does not involve private employer wage, hour, or benefit obligations."
hr4937-109,,,,"The bill addresses continuity of prescription drug coverage under Medicare and Medicaid for dual eligible individuals, which is a government benefit program and does not involve private employer wage or benefit obligations."
hr2547-114,,,,"The bill relates to FDA drug approval processes and surrogate endpoints, which has no connection to private employer wage, hour, or benefit obligations."
hr3476-107,,,,"The bill concerns land condemnation and fee-to-trust applications for a Native American tribe and does not relate to private employer wage, hour, or benefit obligations."
s3010-108,,,,The bill provides government grants to fire services for salaries and training; it does not regulate private employer wage obligations or address corporate misconduct.
hr2846-107,,,,"The bill addresses the taxation of unrelated business income for tax-exempt organizations holding interests in S corporations and does not relate to private employer wage, hour, or benefit obligations."
hr4793-114,,,,"The bill concerns land acquisition for flood damage and water management in the Everglades and does not relate to private employer wage, hour, or benefit obligations."
s2257-113,,,,"The bill addresses retirement distribution taxes for federal employees of the Bureau of Prisons, and government employees are excluded from the definition of non-governmental employers."
s1105-114,,,,"The bill concerns the Department of Veterans Affairs providing care for dependents of homeless veterans, which is a government-funded service and does not regulate private employer wage or benefit obligations."
hr5249-113,,,,"The bill focuses on international sanctions and trade restrictions regarding a Russian state agency and does not regulate private employer wage, hour, or benefit obligations."
s793-115,,,,"The bill regulates the trade and possession of shark fins for wildlife conservation and does not address private employer wage, hour, or benefit obligations."
hr2623-113,,,,"The bill concerns the public notice of excess federal real property managed by the GSA and does not relate to private employer wage, hour, or benefit obligations."
hr1211-113,,,,"The bill focuses on government transparency and the Freedom of Information Act (FOIA) and does not regulate private employer wage, hour, or benefit obligations."
hr3279-109,,,,"The bill reauthorizes a government program to help homeless veterans reintegrate into the labor force, which is a government-funded service and does not regulate private employer wage, hour, or benefit obligations."
s3401-110,,,,"The bill concerns habeas corpus review and the detention of enemy combatants at Guantanamo Bay, which has no relation to private employer wage, hour, or benefit obligations."
s2499-114,,,,"The bill focuses on the tax treatment of Health Savings Accounts (HSAs) and general medical tax deductions, which are categorized as general tax or family policy rather than private employer wage or benefit obligations."
hr183-109,,,,"The bill addresses the permanent repeal of the estate, gift, and generation-skipping transfer taxes, which is unrelated to private employer wage, hour, or benefit obligations."
hr6657-115,,,,"The bill primarily addresses border security and immigration; while it mentions the FLSA, it does so only to provide overtime pay for Border Patrol agents, who are government employees and thus excluded from the non-governmental employer scope."
hr4779-112,,,,"The bill relates to the suspension of tariffs on a specific chemical compound and does not address private employer wage, hour, or benefit obligations."
hr31-115,,,,"The bill focuses on the reorganization and abolishment of federal executive agencies and does not regulate private employer wage, hour, or benefit obligations."
s211-107,,,,"The bill focuses on the administration, funding, and standards of BIA-funded schools and tribal education programs, rather than regulating private employer wage, hour, or benefit obligations."
hr522-112,,,,"The bill focuses on occupational safety and health standards regarding combustible dust, which is a workplace safety issue rather than a wage, hour, or benefit obligation."
hr2465-114,,,,"The bill addresses housing stipends provided by the Department of Veterans Affairs to student veterans, which is a government benefit program and does not involve private employer wage or benefit obligations."
hr1018-112,,,,"The bill relates to a tax deduction for mortgage insurance premiums for homeowners and does not involve private employer wage, hour, or benefit obligations."
hr2518-107,,,,"The bill focuses on grants for alternative fuel school buses and energy technology, which does not relate to private employer wage, hour, or benefit obligations."
hr4444-113,,,,"The bill focuses on Congressional Budget Office scoring procedures and government fiscal analysis, not on private employer wage, hour, or benefit obligations."
s535-110,,,,"The bill focuses on the investigation and prosecution of historical criminal civil rights violations and does not relate to private employer wage, hour, or benefit obligations."
hr5153-107,,,,"The bill is a commemorative measure to rename a post office building and does not relate to private employer wage, hour, or benefit obligations."
hr1719-111,,,,"The bill focuses on modernizing voter registration through the internet and does not relate to private employer wage, hour, or benefit obligations."
hr3262-113,,,,"The bill addresses the national debt ceiling and public debt limits, which is a matter of public finance and does not regulate private employer wage, hour, or benefit obligations."
s1498-115,,,,"The bill establishes a museum within the Smithsonian Institution and does not regulate or incentivize private employer wage, hour, or benefit obligations."
s624-114,,,,"The bill adjusts Medicare coinsurance for cancer screenings, which is a government health benefit program and does not regulate private employer wage, hour, or benefit obligations."
hr4994-107,,,,"The bill addresses federal reimbursement to states for unemployment assistance for trainees, which is a government benefit program rather than a regulation of private employer wage or benefit obligations."
hr5046-109,,,,"The bill focuses on funding financial literacy education for students and teachers, which does not regulate or incentivize private employer wage, hour, or benefit obligations."
s1617-108,1.0,Wage Hour & Benefits,enforcement,"The bill amends ERISA to expand requirements for spousal consent and survivor annuities in defined contribution plans, thereby strengthening the benefit obligations of private employers."
hr6659-115,,,,"The bill addresses TSA security screening procedures for transgender passengers and does not relate to private employer wage, hour, or benefit obligations."
hr4810-111,,,,"The bill focuses on funding and administering government services for homeless veterans through the VA and HUD, and does not regulate private employer wage, hour, or benefit obligations."
hr2499-115,,,,"The bill concerns election administration and polling place standards, which is unrelated to private employer wage, hour, or benefit obligations."
s1653-110,,,,"The bill addresses liability insurance and cost allocation for nuclear damages and treaties; it does not regulate private employer wage, hour, or benefit obligations."
hr3589-110,,,,"The bill expands eligibility for Trade Adjustment Assistance (TAA), which is a government-funded program for dislocated workers, rather than regulating private employer wage, hour, or benefit obligations."
hr4464-113,,,,"The bill addresses corporate tax deferral for controlled foreign corporations and does not relate to private employer wage, hour, or benefit obligations."
hr2581-112,,,,"The bill addresses the payment of Social Security benefits, which is a government public assistance program and not a private employer wage or benefit obligation."
hr1318-116,,,,"The bill concerns the installation of a stained glass panel in the Library of Congress and has no relation to private employer wage, hour, or benefit obligations."
hr7171-110,,,,"The bill concerns the importation of polar bear trophies and animal protection laws, which has no relation to private employer wage, hour, or benefit obligations."
s177-107,,,,"The bill addresses pay policies and fringe benefits for postmasters within the United States Postal Service, which are government employees and therefore excluded from the non-governmental employer requirement."
s2704-107,,,,"The bill addresses the disclosure of military testing and healthcare for veterans, involving government agencies (DoD, VA) rather than private employer wage, hour, or benefit obligations."
s3066-111,,,,"The bill addresses pay rates and adjustments for federal civil service employees under the Office of Personnel Management, and therefore does not involve non-governmental employer misconduct."
hr3484-108,,,,"The bill focuses on animal welfare standards and licensing for breeders and dealers, and does not address private employer wage, hour, or benefit obligations."
s1710-111,,,,"The bill prohibits TARP recipients from funding ACORN and does not relate to private employer wage, hour, or benefit obligations."
s89-111,,,,"The bill focuses on the administration of public housing assistance and charter contracts for public housing agencies, and does not regulate private employer wage, hour, or benefit obligations."
s502-107,,,,"The bill focuses on federal program evaluations and needs assessments for Indian tribes and does not regulate private employer wage, hour, or benefit obligations."
hr5672-111,,,,"The bill concerns the regulation of hunting and fishing equipment on federal lands and does not relate to private employer wage, hour, or benefit obligations."
s1243-110,,,,"The bill addresses military retired pay for government service members, which does not involve private employer wage or benefit obligations."
hr4541-109,,,,"The bill focuses on environmental protection and the Clean Water Act, with no relation to private employer wage, hour, or benefit obligations."
s500-114,,,,"The bill concerns the distribution of mineral royalties and revenues between the federal government and states, which does not relate to private employer wage, hour, or benefit obligations."
hr1650-115,,,,"The bill focuses on establishing a national home study assessment process for foster and adoptive parents and does not relate to private employer wage, hour, or benefit obligations."
hr6373-111,,,,"The bill addresses Medicaid reimbursement and provider eligibility for healthcare professionals, which is a government reimbursement rate issue rather than a private employer wage or benefit obligation."
hr5673-113,,,,"The bill addresses government reimbursement to states for expenses related to undocumented immigrants and does not regulate private employer wage, hour, or benefit obligations."
hr4936-107,,,,"The bill addresses dislocation allowances for retired members of the uniformed services, which concerns government-administered military benefits rather than private employer wage or benefit obligations."
hr4838-106,,,,"The bill concerns naturalization requirements and oath waivers for individuals with disabilities, which is unrelated to private employer wage, hour, or benefit obligations."
hr6267-109,,,,"The bill addresses tax credits for residential energy efficiency and does not relate to private employer wage, hour, or benefit obligations."
hr2292-111,1.0,Wage Hour & Benefits,enforcement,"The bill amends ERISA to mandate that group health plans provide specific preventive care coverage for children without cost-sharing, thereby expanding the benefit obligations of non-governmental employers."
s2935-115,,,,"The bill focuses on drug and alcohol treatment programs for aviation workers and does not regulate private employer wage, hour, or benefit obligations."
hr4626-110,,,,"The bill focuses on financial regulation, market manipulation, and the jurisdiction of the CFTC over derivatives and foreign exchange, and does not address private employer wage, hour, or benefit obligations."
hr3968-110,,,,"The bill adjusts Medicare reimbursement coverage for respiratory therapists, which is a government payment rate issue rather than a private employer wage or benefit obligation."
hjres124-115,,,,"The bill is a continuing appropriations act focusing on government agency funding, defense spending, and public health programs (CHIP, Medicaid, VA), none of which regulate private employer wage, hour, or benefit obligations."
hr1654-108,,,,"The bill addresses general administrative procedures for congressional oversight of agency rulemaking and does not specifically regulate private employer wage, hour, or benefit obligations."
hr2663-111,,,,"The bill focuses on transportation infrastructure financing and government loan terms, which does not relate to private employer wage, hour, or benefit obligations."
s4091-109,,,,"The bill addresses the restoration of government Social Security Trust Funds due to a clerical error, which is a government benefit program and does not involve private employer wage or benefit obligations."
s312-111,,,,"The bill provides a tax credit for first-time homebuyers and does not relate to private employer wage, hour, or benefit obligations."
hr2083-114,1.0,Wage Hour & Benefits,enforcement,"The bill establishes whistleblower protections against retaliation for employees of private Medicare-participating hospitals, which aligns with the category's focus on protecting employees from retaliation for reporting workplace violations."
hr3526-111,,,,"The bill focuses on funding grants for community-based gang intervention and juvenile justice programs, which does not relate to private employer wage, hour, or benefit obligations."
hr1553-110,,,,"The bill focuses on pediatric cancer research, grants for patient information, and the creation of a cancer registry, and does not regulate private employer wage, hour, or benefit obligations."
hr2518-111,,,,"The bill addresses product liability and the legal exemptions of sellers in the stream of commerce, which is unrelated to private employer wage, hour, or benefit obligations."
hr6145-110,,,,"The bill focuses on internet safety education for minors in schools and libraries and does not relate to private employer wage, hour, or benefit obligations."
s1841-113,,,,"The bill addresses Department of Defense budget sequestration and appropriations, which involves government spending and not the wage or benefit obligations of non-governmental employers."
hr342-114,,,,"The bill concerns access to military commissary and exchange stores for disabled veterans and their dependents, which is a government-provided benefit and does not involve private employer wage, hour, or benefit obligations."
hr4609-107,,,,"The bill directs a study of a groundwater aquifer and does not relate to private employer wage, hour, or benefit obligations."
s3171-112,,,,"The bill relates to the suspension of tariffs on a specific chemical product and does not address private employer wage, hour, or benefit obligations."
hr6365-110,,,,"The bill addresses the administration and alignment of Medicare and Medicaid benefits for dually eligible individuals, which is a government benefit program and does not regulate private employer wage, hour, or benefit obligations."
hr1557-108,,,,"The bill concerns the IRS's ability to notify taxpayers about tax refunds and does not relate to private employer wage, hour, or benefit obligations."
hr908-111,,,,"The bill reauthorizes a program to locate missing elderly patients and provides grants to nonprofits; it does not regulate private employer wage, hour, or benefit obligations."
s460-108,,,,"The bill authorizes appropriations for a government program to assist states with the cost of incarcerating criminal aliens and does not regulate private employer wage, hour, or benefit obligations."
hr6556-115,,,,"The bill is a ceremonial designation of a post office facility and does not relate to private employer wage, hour, or benefit obligations."
hr4374-115,,,,"The bill concerns the FDA's authorization of emergency medical products for military use and does not regulate private employer wage, hour, or benefit obligations."
hr5203-112,,,,"The bill relates to the suspension of tariffs on imported fiberglass window shade material and does not address private employer wage, hour, or benefit obligations."
hr5556-113,,,,"The bill addresses Medicare reimbursement and electronic health record (EHR) usage requirements for medical professionals, which does not relate to private employer wage, hour, or benefit obligations."
s3413-109,,,,"The bill concerns the liquidation of customs entries for educational toys and tariffs, which is unrelated to private employer wage, hour, or benefit obligations."
hr436-108,,,,"The bill addresses general income tax reductions and fiscal policy during wartime, rather than regulating private employer wage, hour, or benefit obligations."
hr6324-115,,,,"The bill focuses on SEC studies of underwriting fees for initial public offerings and does not relate to private employer wage, hour, or benefit obligations."
hr2745-108,,,,"The bill addresses tax valuation and basis limitations for player contracts during the sale of sports franchises, which is a matter of corporate taxation and asset valuation rather than private employer wage, hour, or benefit obligations."
s93-109,,,,"The bill concerns cargo preference and the transportation of government-generated cargoes on U.S.-flag vessels, which does not relate to private employer wage, hour, or benefit obligations."
hr2947-115,,,,"The bill concerns the modification of coastal barrier resource maps in Florida and has no relation to private employer wage, hour, or benefit obligations."
hr1630-108,,,,"The bill concerns the boundary revision and land acquisition of a National Park and does not relate to private employer wage, hour, or benefit obligations."
hr3156-113,,,,"The bill focuses on flood insurance premium rates and FEMA disaster relief policies, which are unrelated to private employer wage, hour, or benefit obligations."
hr4497-113,,,,"The bill provides tax relief for disaster-related business expenses and charitable contributions, which does not regulate or incentivize private employer wage, hour, or benefit obligations."
hr3838-109,,,,"The bill focuses on government contracting reform, fraud prevention, and procurement ethics following Hurricane Katrina, rather than private employer wage, hour, or benefit obligations."
s2503-108,,,,"The bill addresses taxes on dividends and capital gains, which are general tax policy matters and do not relate to private employer wage, hour, or benefit obligations."
s1894-109,,,,"The bill concerns government maintenance payments to foster care agencies and does not regulate private employer wage, hour, or benefit obligations."
hr4349-109,1.0,Wage Hour & Benefits,enforcement,"The bill prohibits adverse employment actions (retaliation) by Medicare providers against employees who report dangerous conditions, which aligns with protected whistleblower disclosures under private-sector employment standards."
hr4863-107,,,,"The bill is a piece of private legislation concerning immigrant visa eligibility and permanent residency, which has no relation to private employer wage, hour, or benefit obligations."
hr217-115,,,,"The bill regulates the eligibility of entities to receive federal family planning grants based on abortion services and does not address private employer wage, hour, or benefit obligations."
hr3833-107,,,,"The bill focuses on the creation and regulation of a child-safe Internet domain and does not address private employer wage, hour, or benefit obligations."
s3207-106,,,,"The bill provides grants for rural water well systems and does not relate to private employer wage, hour, or benefit obligations."
s2586-107,,,,"The bill relates to national security and electronic surveillance under the Foreign Intelligence Surveillance Act and does not address private employer wage, hour, or benefit obligations."
hr3306-108,,,,"The bill addresses immigration procedures for visitor visas and does not relate to private employer wage, hour, or benefit obligations."
hr816-110,,,,"The bill concerns the release of public land for a flood control project in Nevada and does not relate to private employer wage, hour, or benefit obligations."
hr4120-113,,,,"The bill relates to the construction of the National Law Enforcement Museum and does not address private employer wage, hour, or benefit obligations."
s3431-110,,,,"The bill focuses on providing grants to educational agencies for expanded learning time for students and does not regulate private employer wage, hour, or benefit obligations."
s2323-112,,,,"This is an appropriations bill funding government agencies (Commerce, Justice, and Science); it does not regulate or incentivize private employer wage, hour, or benefit obligations."
hr3148-110,,,,"The bill focuses on criminal laws regarding child pornography and human trafficking and does not regulate private employer wage, hour, or benefit obligations."
hr4537-113,,,,"The bill addresses tax exclusions for state and local government employees, and the government is not a non-governmental employer under this category."
s2792-115,,,,"The bill focuses on updating technical training standards for aviation maintenance schools and does not regulate private employer wage, hour, or benefit obligations."
hr2686-112,,,,"The bill addresses TANF assistance and child care funding, which are public assistance programs and not private employer wage, hour, or benefit obligations."
hr598-116,,,,"The bill focuses on international affairs, security assistance, and sanctions related to Georgia and Russia, and does not address private employer wage, hour, or benefit obligations."
hr3099-114,,,,"The bill focuses on creating a government-led national strategy and advisory council to support family caregivers, rather than regulating private employer wage, hour, or benefit obligations."
s2839-114,,,,"The bill extends the authorization for a cultural heritage commission and does not relate to private employer wage, hour, or benefit obligations."
hr295-113,,,,"The bill focuses on preventing identity theft and tax fraud through IRS data sharing and law enforcement coordination, and does not regulate private employer wage, hour, or benefit obligations."
s2896-109,,,,"The bill relates to the suspension of tariffs on a chemical compound and does not address private employer wage, hour, or benefit obligations."
hr5116-106,,,,"The bill authorizes appropriations for the National Health Service Corps' scholarship and loan repayment programs, which are government-funded educational benefits and not private employer wage or benefit obligations."
s3136-106,,,,"The bill is a private immigration relief bill granting permanent residence to specific individuals and does not relate to private employer wage, hour, or benefit obligations."
s3119-114,,,,"The bill focuses on general regulatory cost reduction and debt ceiling mechanisms rather than specifically regulating private employer wage, hour, or benefit obligations."
hr2445-109,,,,"The bill relates to the suspension of tariffs on a chemical compound (PHBA) and does not address private employer wage, hour, or benefit obligations."
hr4259-111,,,,"The bill focuses on immigration policy and foreign investment via the EB-5 visa program and does not regulate private employer wage, hour, or benefit obligations."
hr3365-110,,,,"The bill addresses air quality standards and the Clean Air Act; it does not relate to private employer wage, hour, or benefit obligations."
hr4582-114,,,,"The bill concerns fish population management and water use in the Central Valley Project and has no relation to private employer wage, hour, or benefit obligations."
hr719-108,,,,"The bill regulates livestock ownership and market competition in the meat packing industry, not private employer wage, hour, or benefit obligations."
s79-107,,,,"The bill focuses on student discipline and drug-free school policies in educational agencies; it does not regulate private employer wage, hour, or benefit obligations."
s2558-107,,,,"The bill focuses on the collection of medical data for benign brain tumors through cancer registries and does not relate to private employer wage, hour, or benefit obligations."
hr757-111,,,,"The bill is a ceremonial redesignation of a federal building and courthouse and does not relate to private employer wage, hour, or benefit obligations."
s1944-113,,,,"The bill focuses on preventing Medicare fraud and educating beneficiaries, which does not relate to private employer wage, hour, or benefit obligations."
hr2302-111,,,,"The bill addresses the recoupment of pay and benefits for members of the Armed Forces, which concerns government employee compensation and does not involve private employer wage or benefit obligations."
hr4544-106,,,,"The bill focuses on the standards for enacting federal crimes and the requirement for law enforcement impact statements, and does not address private employer wage, hour, or benefit obligations."
hr2092-114,,,,"The bill focuses on student data privacy and security for online service operators and does not address private employer wage, hour, or benefit obligations."
s1623-113,1.0,Wage Hour & Benefits,enforcement,"The bill amends the Fair Labor Standards Act (FLSA) to regulate how private employers provide overtime compensation via compensatory time, including establishing liability for violations."
hr3540-111,,,,"The bill concerns the modification of a land grant patent for a historical society and does not relate to private employer wage, hour, or benefit obligations."
hr1691-107,1.0,Wage Hour & Benefits,enforcement,The bill strengthens the enforcement of retiree health benefit obligations by making parent corporations liable when a federal contractor fails to provide required health care benefits to retired employees.
hr1226-109,,,,"The bill focuses on international banking capital standards and inter-agency coordination regarding the Basel Committee, which does not relate to private employer wage, hour, or benefit obligations."
s980-109,,,,"The bill focuses on funding for state and local governments to monitor sex offenders and does not relate to private employer wage, hour, or benefit obligations."
s3192-110,,,,"The bill concerns lease authority for trust lands for specific Native American tribes and does not relate to private employer wage, hour, or benefit obligations."
hr147-114,,,,"The bill concerns the disclosure of government transportation costs for congressional travel and does not regulate private employer wage, hour, or benefit obligations."
hr2354-107,,,,"The bill addresses tax deductions for crop losses and replanting costs for farmers; it does not relate to private employer wage, hour, or benefit obligations."
hr4325-113,,,,"The bill regulates the marketing and advertising of electronic cigarettes to children and does not address private employer wage, hour, or benefit obligations."
s781-109,,,,"The bill concerns the use of pack and saddle stock animals on federal lands and does not relate to private employer wage, hour, or benefit obligations."
hr1960-115,,,,"The bill addresses ethics codes for Supreme Court Justices and does not relate to private employer wage, hour, or benefit obligations."
hr5068-107,,,,"The bill expands Medicaid coverage for certain cancers, which is a government-administered public assistance program and does not regulate private employer wage, hour, or benefit obligations."
hr596-116,,,,"The bill concerns international diplomacy and the non-recognition of Russian sovereignty over Crimea, which has no relation to private employer wage, hour, or benefit obligations."
hr1301-109,,,,"The bill concerns the sponsorship of Boy Scout units by the Department of Defense and does not relate to private employer wage, hour, or benefit obligations."
hjres130-113,,,,"The bill is a continuing appropriations resolution for federal agencies and does not regulate private employer wage, hour, or benefit obligations."
hr2740-113,,,,"The bill focuses on corporate tax evasion, tax havens, and federal procurement preferences regarding outsourcing, rather than private employer wage, hour, or benefit obligations."
s2702-108,,,,"The bill concerns campaign finance laws and corporate political spending, which is unrelated to private employer wage, hour, or benefit obligations."
hr351-109,,,,"The bill addresses the dependent care tax credit, which is a general tax benefit for individuals/families and does not regulate or incentivize private employer wage, hour, or benefit obligations."
hr3336-109,,,,"The bill focuses on aviation safety equipment requirements for commercial aircraft and does not address private employer wage, hour, or benefit obligations."
hr2700-108,,,,"The bill adjusts Medicare payment rates for orphan drugs and biologicals, which is a government reimbursement issue and does not regulate private employer wage, hour, or benefit obligations."
hr6409-112,1.0,Wage Hour & Benefits,enforcement,"The bill strengthens whistleblower protections and streamlines legal remedies for private sector employees who face retaliation for reporting violations of federal law, which aligns with the category's focus on retaliation against employees for protected disclosures."
hr4328-106,,,,"The bill provides a personal income tax deduction for members of the Armed Forces reserves for expenses incurred during service; it does not regulate private employer wage, hour, or benefit obligations."
hjres20-107,,,,"The bill proposes a constitutional amendment regarding the right to life and the definition of personhood; it has no relation to private employer wage, hour, or benefit obligations."
hr3840-109,,,,"The bill is a piece of private legislation concerning the immigration status and removal of a specific individual, which has no relation to private employer wage, hour, or benefit obligations."
hr4112-114,,,,"The bill provides a motor fuel excise tax exemption for mobile mammography vehicles, which is a general tax policy and does not relate to private employer wage, hour, or benefit obligations."
s15-107,,,,"The bill focuses on international foreign assistance and global health strategies to combat HIV/AIDS, tuberculosis, and malaria, rather than regulating private employer wage, hour, or benefit obligations in the U.S."
s2461-113,,,,"The bill focuses on extending and funding the Children's Health Insurance Program (CHIP) and Medicaid, which are government-administered public assistance programs rather than private employer wage or benefit obligations."
hr3807-114,,,,"The bill addresses the federal statutory debt limit and national debt obligations, which is a matter of public finance and does not regulate private employer wage, hour, or benefit obligations."
hr246-115,,,,"The bill repeals a fee on health insurance providers, which is a matter of insurance industry regulation and taxation, not a private employer's wage, hour, or benefit obligations to its employees."
hr4135-114,,,,"The bill concerns firearm possession eligibility for foreign nationals under the Visa Waiver Program and does not relate to private employer wage, hour, or benefit obligations."
hr6348-112,,,,"The bill focuses on environmental protection and the prevention of invasive species in the Great Lakes and does not relate to private employer wage, hour, or benefit obligations."
s2781-106,,,,"The bill addresses tax deductions for charitable contributions of artistic works and does not relate to private employer wage, hour, or benefit obligations."
hr2390-116,,,,"The bill focuses on housing grants for blight elimination and neighborhood revitalization, which does not relate to private employer wage, hour, or benefit obligations."
hr476-108,,,,"The bill addresses veterans' benefits administered by the VA for members of the Cadet Nurse Corps, which involves government benefits rather than private employer wage or benefit obligations."
s1903-113,,,,"The bill regulates consumer disclosures for prepaid cards and financial institution conduct, not private employer wage, hour, or benefit obligations."
s2128-108,,,,"The bill defines constitutional eligibility for the Office of President and does not relate to private employer wage, hour, or benefit obligations."
s734-108,,,,"The bill provides funding for a government commission investigating terrorist attacks and does not relate to private employer wage, hour, or benefit obligations."
hr1418-114,,,,"The bill addresses Medicare Part B enrollment and penalties for residents of Puerto Rico, which is a government-administered health benefit program and does not involve private employer wage or benefit obligations."
s494-113,,,,"The bill relates to bonus depreciation for livestock assets and does not address private employer wage, hour, or benefit obligations."
s266-111,,,,"The bill addresses Medicare prescription drug coverage and price negotiations, which is a government benefit program and does not regulate private employer wage, hour, or benefit obligations."
s1781-112,,,,"The bill provides tax relief to employees receiving discrimination awards rather than regulating or incentivizing private employer wage, hour, or benefit obligations."
hr1312-112,,,,"The bill offers a tax credit for hiring veterans, which is explicitly listed as a non-qualifying bill type that incentivizes hiring decisions rather than wage or benefit compliance."
hr6637-112,,,,"The bill focuses on financial institution reporting requirements and the prevention of financial crimes, and does not address private employer wage, hour, or benefit obligations."
hr1462-108,,,,"The bill focuses on providing international medical and rehabilitation assistance to individuals with disabilities in foreign countries and does not regulate private employer wage, hour, or benefit obligations."
hr1956-112,,,,"The bill addresses taxpayer eligibility requirements for the child tax credit, which is a government benefit program and does not relate to private employer wage, hour, or benefit obligations."
s2810-112,,,,"The bill relates to tariffs on imported golf club iron heads and does not address private employer wage, hour, or benefit obligations."
hr94-115,,,,"The bill concerns congressional oversight of Department of Veterans Affairs medical facility leases and does not regulate private employer wage, hour, or benefit obligations."
hr6304-109,,,,"The bill addresses eligibility for Social Security Disability Insurance, which is a government benefit program and does not involve private employer wage, hour, or benefit obligations."
hr2453-116,,,,"The bill addresses vehicle weight limitations for logging vehicles and does not relate to private employer wage, hour, or benefit obligations."
hr933-108,,,,"The bill authorizes appropriations for a government program to assist states with the cost of incarcerating criminal aliens and does not regulate private employer wage, hour, or benefit obligations."
hjres35-107,,,,"The bill relates to occupational safety and health (ergonomics), which is distinct from employer wage, hour, and benefit obligations."
hr2111-112,,,,"The bill focuses on environmental studies and infrastructure planning regarding salmon recovery and dam removal, and does not address private employer wage, hour, or benefit obligations."
s920-107,,,,"The bill provides tax credits for the rehabilitation of historic homes for residential use and does not relate to private employer wage, hour, or benefit obligations."
hr212-107,,,,"The bill focuses on federal regulatory procedures regarding the taking of private property and does not address private employer wage, hour, or benefit obligations."
hr6699-115,,,,"The bill focuses on establishing a fund to promote U.S. agricultural exports and does not regulate private employer wage, hour, or benefit obligations."
hr1776-113,,,,"The bill focuses on the establishment of a national recreation area and wilderness designations in California and does not address private employer wage, hour, or benefit obligations."
hr1179-113,,,,"The bill adjusts Medicare coverage requirements for skilled nursing facility services and does not regulate private employer wage, hour, or benefit obligations."
hr2567-113,,,,"The bill focuses on consumer product safety standards for handguns and does not relate to private employer wage, hour, or benefit obligations."
s2504-115,,,,"The bill concerns international space cooperation between NASA and the Israel Space Agency and does not relate to private employer wage, hour, or benefit obligations."
s1008-108,,,,"The bill provides grants for educational programs for students and does not regulate or incentivize private employer wage, hour, or benefit obligations."
hr1499-108,1.0,Wage Hour & Benefits,enforcement,"The bill expands the mandatory coverage requirements for group health plans and insurance issuers, thereby increasing the benefit obligations of non-governmental employers."
hr1622-113,,,,"The bill focuses on federal procurement rules and the definition of 'small business' for government contracting purposes, rather than private employer wage, hour, or benefit obligations."
hr4167-113,,,,"The bill addresses banking regulations and the Volcker Rule regarding collateralized loan obligations, which is unrelated to private employer wage, hour, or benefit obligations."
s1685-116,,,,"The bill focuses on carbon capture technology research and development in the energy sector and does not address private employer wage, hour, or benefit obligations."
hr6097-112,1.0,Wage Hour & Benefits,enforcement,"The bill amends ERISA and the Internal Revenue Code to exempt private employers from penalties and enforcement actions for failing to provide certain health benefits, directly affecting the stringency of employer benefit obligations."
s2562-109,,,,"The bill addresses government-administered disability compensation and pensions for veterans through the Department of Veterans Affairs, not the wage or benefit obligations of non-governmental employers."
s147-109,,,,"The bill focuses on the political recognition and reorganization of a Native Hawaiian governing entity and does not regulate private employer wage, hour, or benefit obligations."
hr2630-108,,,,"The bill focuses on immigration enforcement and criminal penalties for alien smuggling, which is unrelated to private employer wage, hour, or benefit obligations."
hr2013-108,,,,"The bill addresses Social Security lump-sum death benefits, which are government-administered public assistance programs and not obligations of non-governmental employers."
s2746-113,,,,"The bill focuses on public health data collection and research regarding sudden unexpected death in children and does not regulate private employer wage, hour, or benefit obligations."
hr5104-112,,,,"The bill relates to the suspension of tariffs on ski poles and accessories, which does not involve private employer wage, hour, or benefit obligations."
hr3909-110,,,,"The bill concerns military aircraft fleet size and requirements for the Air Force and does not relate to private employer wage, hour, or benefit obligations."
hr2140-109,,,,"The bill relates to the suspension of tariffs on specific herbicides and adjuvants and does not address private employer wage, hour, or benefit obligations."
s611-111,,,,"The bill focuses on funding and evaluating public health grants for sex education and does not regulate private employer wage, hour, or benefit obligations."
s3810-111,,,,"The bill focuses on international sanctions, oil and gas leasing, and national security regarding Iran, and does not address private employer wage, hour, or benefit obligations."
hr1993-110,,,,"The bill focuses on international counterterrorism financing and interagency coordination; it does not regulate private employer wage, hour, or benefit obligations."
hr748-109,,,,"The bill addresses the transportation of minors for abortions and parental notification requirements; it does not relate to private employer wage, hour, or benefit obligations."
s2662-111,,,,"The bill focuses on medical malpractice litigation and alternative dispute resolution for healthcare claims, which is unrelated to private employer wage, hour, or benefit obligations."
hr3318-111,,,,"The bill establishes an advisory committee for the SEC to protect investor interests and marketplace integrity, which does not relate to private employer wage, hour, or benefit obligations."
hr4329-107,,,,"The bill relates to the suspension of tariffs on a specific chemical and does not address private employer wage, hour, or benefit obligations."
hr2448-110,,,,"The bill addresses federal excise taxes on motor fuels and does not relate to private employer wage, hour, or benefit obligations."
hr317-109,,,,"The bill focuses on the structural establishment of a federal district court in the Virgin Islands and does not regulate private employer wage, hour, or benefit obligations."
hr3287-108,,,,"The bill is a commemorative measure to award congressional gold medals and does not regulate or incentivize private employer wage, hour, or benefit obligations."
hr442-112,,,,"The bill concerns administrative procedures for mining claim maintenance fee waivers from the Bureau of Land Management and does not relate to private employer wage, hour, or benefit obligations."
hr2412-113,,,,"The bill concerns the Department of Veterans Affairs' administration of healthcare access for veterans and does not regulate private employer wage, hour, or benefit obligations."
hr921-108,,,,"The bill addresses the management of representational allowances for Members of the House of Representatives, which concerns government spending and public-sector administration rather than private employer wage or benefit obligations."
s923-110,,,,"The bill focuses on the designation and management of a national scenic trail and does not address private employer wage, hour, or benefit obligations."
hr5040-113,,,,"The bill concerns the conveyance of federal land to a county for a shooting range and does not relate to private employer wage, hour, or benefit obligations."
hr4350-109,,,,"The bill provides grants for energy efficiency and technical assistance in schools and does not regulate private employer wage, hour, or benefit obligations."
hr1256-109,,,,"The bill concerns the disclosure of animal identification information under the Freedom of Information Act and does not relate to private employer wage, hour, or benefit obligations."
hr295-110,,,,"The bill concerns the establishment of a national cemetery for veterans by the Department of Veterans Affairs and does not relate to private employer wage, hour, or benefit obligations."
hr4514-111,,,,"The bill concerns a resource study for designating a historic home as a unit of the National Park System and does not relate to private employer wage, hour, or benefit obligations."
hr372-110,,,,"The bill regulates telemarketing and political calls via the FTC's do-not-call registry and does not relate to private employer wage, hour, or benefit obligations."
hr84-113,,,,"The bill addresses workplace complaints for employees of the Transportation Security Administration (TSA), which is a government agency, and therefore does not involve non-governmental employer misconduct."
hr3294-111,,,,"The bill authorizes the Department of Defense to support a NOAA program and cover participant costs; it does not regulate private employer wage, hour, or benefit obligations."
s403-113,,,,"The bill focuses on preventing bullying and harassment of students in schools and does not relate to private employer wage, hour, or benefit obligations."
s658-112,,,,"The bill addresses the preservation of evidence regarding sexual assault and harassment within the military and involves government agencies (DoD and VA), not private employer wage, hour, or benefit obligations."
hr3394-115,,,,"The bill provides government funding for medical residency programs at teaching health centers and does not regulate private employer wage, hour, or benefit obligations."
hr4912-115,,,,"The bill is a ceremonial measure to award a Congressional Gold Medal and does not regulate or incentivize private employer wage, hour, or benefit obligations."
hr1457-108,,,,"The bill is a piece of private legislation concerning immigrant visa eligibility for specific individuals and does not relate to private employer wage, hour, or benefit obligations."
hr2678-110,,,,"The bill focuses on food safety and animal welfare standards in the meat packing industry and does not address private employer wage, hour, or benefit obligations."
hr4182-108,,,,"The bill focuses on public health grants for family life and sex education and does not regulate private employer wage, hour, or benefit obligations."
s1319-111,,,,"The bill addresses legislative procedure and constitutional authority for Acts of Congress and does not regulate private employer wage, hour, or benefit obligations."
hr6425-109,,,,"The bill focuses on child welfare, juvenile justice, and the creation of a resource center for maltreated infants; it does not regulate private employer wage, hour, or benefit obligations."
s472-110,,,,"The bill authorizes a construction project for a Department of Veterans Affairs medical facility and does not regulate private employer wage, hour, or benefit obligations."
hr4025-109,,,,"The bill addresses travel reimbursements for veterans receiving medical care from the VA, which is a government benefit program and does not involve private employer wage or benefit obligations."
hr2441-114,,,,"The bill is a ceremonial measure to award a Congressional gold medal and does not relate to private employer wage, hour, or benefit obligations."
s3590-112,,,,"The bill focuses on the reauthorization and governance of the Denali Commission for infrastructure and economic development in Alaska, and does not regulate private employer wage, hour, or benefit obligations."
hr5374-107,,,,"The bill regulates the relationship between labor unions and their members regarding the disclosure of rights, rather than regulating private employer wage, hour, or benefit obligations."
hr1272-113,,,,"The bill focuses on agricultural research, grants, and land access for maple syrup production and does not regulate private employer wage, hour, or benefit obligations."
hr4219-115,1.0,Wage Hour & Benefits,enforcement,The bill amends ERISA to regulate private employer benefit obligations by establishing requirements for paid leave and flexible work arrangements in exchange for state and local law exemptions.
hr5168-113,,,,"The bill focuses on providing grants for full-service community schools and integrating social services for students and families, and does not regulate private employer wage, hour, or benefit obligations."
s1127-114,,,,"The bill addresses the deductibility of executive compensation for corporate tax purposes rather than regulating employer wage, hour, or benefit obligations to employees."
hr3820-115,,,,"The bill addresses Medicare reimbursement and assessment protocols for home health services, not private employer wage, hour, or benefit obligations."
s2097-114,,,,"The bill adjusts Medicaid reimbursement rates for healthcare providers; it does not regulate private employer wage, hour, or benefit obligations."
hr3997-106,,,,"The bill focuses on the delivery of dividends and interest to lost security holders and investors, which relates to securities law and property rights rather than employer wage, hour, or benefit obligations to employees."
hr3268-114,,,,"The bill focuses on animal welfare and the prevention of horse soring; it does not address private employer wage, hour, or benefit obligations."
hr5079-111,,,,"The bill establishes a grant program for teacher training and student loan forgiveness, which does not regulate private employer wage, hour, or benefit obligations."
s858-114,,,,"The bill focuses on energy efficiency performance contracts for federal facilities and does not regulate private employer wage, hour, or benefit obligations."
s2517-114,,,,"The bill focuses on national security and the use of social media by terrorists, and does not address private employer wage, hour, or benefit obligations."
hr4358-108,,,,"The bill addresses criminal penalties for trafficking in counterfeit marks and intellectual property theft, which is unrelated to private employer wage, hour, or benefit obligations."
hr1746-111,,,,"The bill focuses on FEMA's predisaster hazard mitigation program and disaster relief funding, which does not regulate or incentivize private employer wage, hour, or benefit obligations."
s2420-115,,,,"The bill provides a child tax credit to individuals and does not regulate or incentivize private employer wage, hour, or benefit obligations."
hr6129-114,,,,"The bill designates a wildlife sanctuary on Forest Service land and has no relation to private employer wage, hour, or benefit obligations."
hr1315-107,,,,"The bill concerns construction deadlines for hydroelectric projects and does not relate to private employer wage, hour, or benefit obligations."
s591-111,,,,"The bill establishes a commission to evaluate radioactive waste strategies and does not address private employer wage, hour, or benefit obligations."
hr3138-107,,,,"The bill focuses on public health initiatives and grants to combat club drug abuse and does not regulate private employer wage, hour, or benefit obligations."
hr6398-114,,,,"The bill concerns grant criteria for women's business centers and does not regulate private employer wage, hour, or benefit obligations."
hr4151-110,,,,"The bill focuses on educational promotion and recruitment for STEM fields and does not regulate private employer wage, hour, or benefit obligations."
hr1825-116,,,,"The bill focuses on the administrative procedures and oversight of the Office of the National Taxpayer Advocate and the IRS, and does not regulate private employer wage, hour, or benefit obligations."
hr2381-113,,,,"The bill establishes a government-funded grant program to provide employment opportunities and training for low-income youth, which incentivizes hiring and job creation rather than regulating private employer wage, hour, or benefit compliance."
hr4798-107,,,,"The bill addresses government-administered pensions for surviving spouses of veterans and Medicaid eligibility, which are public benefit programs and not obligations of non-governmental employers."
hr1420-108,,,,"The bill focuses on environmental liability and the public accounting of funds used for hazardous substance cleanup, which is unrelated to private employer wage, hour, or benefit obligations."
s1525-111,,,,"The bill focuses on land conservation and grants for acquiring public lands in the National Capital region, which has no relation to private employer wage, hour, or benefit obligations."
hr5099-114,,,,"The bill establishes a pilot program for the donation of real property and facilities to the Department of Veterans Affairs and does not regulate private employer wage, hour, or benefit obligations."
hr6424-114,,,,"The bill focuses on establishing a plumbing research laboratory at NIST and does not address private employer wage, hour, or benefit obligations."
hr2607-114,,,,"The bill is a ceremonial designation of a post office building and does not relate to private employer wage, hour, or benefit obligations."
s2961-108,,,,"The bill addresses corporate tax accounting methods for personal service corporations and does not regulate private employer wage, hour, or benefit obligations."
s1515-110,,,,"The bill focuses on providing legal representation and grants for victims of domestic violence and does not regulate private employer wage, hour, or benefit obligations."
hr4904-110,,,,"The bill relates to the suspension of tariffs on a specific chemical compound and does not address private employer wage, hour, or benefit obligations."
hr4851-114,,,,"The bill focuses on military electronic warfare capabilities and Department of Defense procurement, which does not involve private employer wage, hour, or benefit obligations."
hr531-112,,,,"The bill establishes a government-funded student loan repayment program for health professionals; it does not regulate private employer wage, hour, or benefit obligations."
hr3971-111,,,,"The bill addresses Health Savings Accounts (HSAs) and general tax exclusions for health insurance, which are explicitly listed as non-qualifying general tax or family policy rather than private employer wage or benefit obligations."
hr5248-113,,,,"The bill concerns U.S. participation in an international organization and does not relate to private employer wage, hour, or benefit obligations."
s2987-110,,,,"The bill concerns the modification of a highway project description in Louisiana and does not relate to private employer wage, hour, or benefit obligations."
s1396-115,,,,"The bill relates to commercial driver's license exemptions for active-duty military personnel and does not regulate private employer wage, hour, or benefit obligations."
hr2080-111,,,,"The bill addresses tax credits for energy-efficient property and biomass heating, which is unrelated to private employer wage, hour, or benefit obligations."
hr1511-108,,,,"The bill is a commemorative measure to award a gold medal to a foreign leader and has no relation to private employer wage, hour, or benefit obligations."
s1049-107,,,,"The bill addresses research and development tax credits and net operating losses for corporations, which are general business tax incentives and not related to private employer wage, hour, or benefit obligations."
hr3615-111,,,,"The bill provides a standard tax deduction for taxpayers using a home office for business, which is a general tax policy and does not regulate private employer wage, hour, or benefit obligations."
hr6167-112,,,,"The bill extends agricultural disaster assistance and insurance programs, which are government subsidies and relief funds rather than regulations of private employer wage, hour, or benefit obligations."
hr666-107,,,,"The bill addresses foreign tax credit limitations for dividends from foreign corporations and does not relate to private employer wage, hour, or benefit obligations."
hr1820-107,,,,"The bill concerns the closure and realignment of military bases and does not regulate private employer wage, hour, or benefit obligations."
hr1800-111,,,,"The bill addresses procedural protections and judicial review regarding the FBI's use of national security letters and does not relate to private employer wage, hour, or benefit obligations."
hr4305-111,,,,"The bill provides a tax credit for the use of soybean-based electrical transformer fluid, which is an environmental/energy incentive and does not relate to private employer wage, hour, or benefit obligations."
hr2317-108,,,,"The bill is a private relief measure directing the government to pay restitution to individuals from asset forfeiture funds, which does not relate to private employer wage, hour, or benefit obligations."
hr5299-114,,,,"The bill is a ceremonial measure to award a Congressional Gold Medal to military personnel and does not regulate private employer wage, hour, or benefit obligations."
hr1090-108,,,,"The bill concerns government procurement of fuel-efficient vehicles and does not relate to private employer wage, hour, or benefit obligations."
hr1067-111,,,,"The bill addresses Social Security benefit computation formulas, which are government-administered public assistance programs and not private employer wage or benefit obligations."
hr4737-115,,,,"The bill focuses on airport security, emergency response training, and evacuation planning, which does not relate to private employer wage, hour, or benefit obligations."
s1288-113,,,,"The bill addresses general judicial procedure and attorney sanctions under the Federal Rules of Civil Procedure and does not specifically regulate private employer wage, hour, or benefit obligations."
s2903-109,,,,"The bill relates to the suspension of tariffs on a specific chemical compound and does not address private employer wage, hour, or benefit obligations."
hjres94-111,,,,"The bill is a commemorative resolution honoring Gulf War veterans and does not regulate private employer wage, hour, or benefit obligations."
hr4288-111,,,,"The bill addresses eminent domain and relocation assistance for property owners, which is unrelated to private employer wage, hour, or benefit obligations."
s2739-114,,,,"The bill concerns a settlement and compensation payment from the federal government to a Native American tribe for land use and hydropower revenues, which does not involve private employer wage, hour, or benefit obligations."
hr3051-111,,,,"The bill focuses on consumer protection and transparency regarding the language used in insurance documents, rather than private employer wage, hour, or benefit obligations."
hr2500-116,,,,"The bill focuses on Department of Defense appropriations and military personnel management, which concerns government employees and does not regulate private employer wage or benefit obligations."
s1219-109,,,,"The bill concerns the lease and conveyance of water rights between tribes and a water association, which is entirely unrelated to private employer wage, hour, or benefit obligations."
s2632-107,,,,"The bill addresses annuities and survivor benefits for spouses of members of the uniformed services, which are government-administered military benefits and not obligations of a non-governmental employer."
s249-116,,,,"The bill concerns Taiwan's observer status in the World Health Organization and international diplomacy, which has no relation to private employer wage, hour, or benefit obligations."
hr2471-113,,,,"The bill concerns the regulatory authority over natural gas exports and does not address private employer wage, hour, or benefit obligations."
s2264-106,,,,"The bill addresses the internal organizational structure and employment policies of the Department of Veterans Affairs, which is a government entity and not a non-governmental employer."
hr3989-106,,,,"The bill relates to the suspension of tariffs on a specific herbicide product and does not address private employer wage, hour, or benefit obligations."
hr1110-111,,,,"The bill addresses criminal penalties for caller ID spoofing and fraud, which is unrelated to private employer wage, hour, or benefit obligations."
hr2985-107,,,,"The bill focuses on consumer protection and deceptive advertising during emergencies, not on private employer wage, hour, or benefit obligations."
hr4047-106,,,,"The bill addresses criminal sentencing for sex offenders and has no relation to private employer wage, hour, or benefit obligations."
s1340-109,,,,"The bill concerns the apportionment of funds for wildlife restoration and does not relate to private employer wage, hour, or benefit obligations."
hr1850-110,,,,"The bill offers a tax credit for employer-provided housing assistance, which is explicitly listed as a non-qualifying bill type (employer-provided housing credits) unrelated to wage, hour, or benefit obligations."
hr4458-114,,,,"The bill concerns the boundary adjustment of a coastal barrier resources system and has no relation to private employer wage, hour, or benefit obligations."
s2780-106,,,,"The bill focuses on the remediation of methamphetamine laboratories and government reimbursement for cleanup expenses, which is unrelated to private employer wage, hour, or benefit obligations."
hr6748-110,,,,"The bill concerns the allocation of Homeland Security grants for emergency management and terrorism prevention, which does not relate to private employer wage, hour, or benefit obligations."
hr664-114,,,,"The bill concerns international travel regulations between the U.S. and Cuba and does not relate to private employer wage, hour, or benefit obligations."
hr1988-109,,,,"The bill concerns federal jurisdiction over the destruction of veterans' memorials and does not relate to private employer wage, hour, or benefit obligations."
s138-109,,,,"The bill focuses on SBA microloan programs and technical assistance for entrepreneurs, which does not regulate or incentivize private employer wage, hour, or benefit obligations."
hr513-111,,,,"The bill focuses on energy research, development, and national energy independence through grants and prizes, and does not address private employer wage, hour, or benefit obligations."
hr6490-111,,,,"The bill relates to mining royalty rates for soda ash and does not address private employer wage, hour, or benefit obligations."
hr1656-115,1.0,Wage Hour & Benefits,tax_credit_introduction,Introduces a business tax credit and expands tax exclusions to incentivize private employers to provide student loan repayments and 529 contributions as employee benefits.
hr2427-110,,,,"The bill concerns the reorganization and efficiency review of government offices within the USDA and does not regulate private employer wage, hour, or benefit obligations."
hr6779-110,,,,"The bill focuses on energy resources, federal land payments, and ocean management, and does not regulate private employer wage, hour, or benefit obligations."
s1160-115,,,,"The bill concerns the expansion of a national heritage area in Illinois and does not relate to private employer wage, hour, or benefit obligations."
s2673-106,,,,"The bill concerns the transfer of land for cemetery use and does not relate to private employer wage, hour, or benefit obligations."
hr1988-112,,,,"The bill provides tax credits for medical research and therapeutic discovery projects, which is a general business investment incentive and does not relate to private employer wage, hour, or benefit obligations."
hr1063-110,,,,"The bill addresses criminal penalties and parental notification requirements regarding abortion for minors and does not relate to private employer wage, hour, or benefit obligations."
s468-110,,,,"The bill focuses on drug safety, postmarket surveillance, and FDA regulatory authority over pharmaceutical products, and does not address private employer wage, hour, or benefit obligations."
hr3508-115,,,,"The bill addresses tax return filing requirements and deficiency procedures for small partnerships, which is a matter of tax administration and not related to private employer wage, hour, or benefit obligations."
s2176-107,,,,"The bill relates to the suspension of tariffs on a chemical compound and does not address private employer wage, hour, or benefit obligations."
hr4891-114,,,,"The bill consists of technical and clerical amendments to various tax laws and does not substantively regulate or incentivize private employer wage, hour, or benefit obligations."
hr4032-107,,,,"The bill addresses Medicaid coverage, maternal health block grants, and federal employee health benefits, none of which regulate private employer wage, hour, or benefit obligations."
hr3127-111,,,,"The bill concerns the acquisition and display of a statue in the U.S. Capitol and does not relate to private employer wage, hour, or benefit obligations."
hr1541-113,,,,"The bill addresses compensation and discretionary payments for federal employees, and the government is not a non-governmental employer under this category."
hr1757-107,,,,"The bill concerns customs duties and tariff refunds for petroleum derivatives under NAFTA and does not relate to private employer wage, hour, or benefit obligations."
s2745-108,,,,"The bill is focused on renaming a national conservation area and does not relate to private employer wage, hour, or benefit obligations."
s2957-107,,,,"The bill relates to the suspension of tariffs on a chemical compound and does not address private employer wage, hour, or benefit obligations."
s533-114,,,,"The bill focuses on tsunami detection, warning systems, and research conducted by NOAA and does not regulate private employer wage, hour, or benefit obligations."
s2588-108,,,,"The bill authorizes appropriations for a manufacturing extension partnership program focused on technology and standards, not on regulating private employer wage, hour, or benefit obligations."
s3397-112,,,,"The bill addresses work requirements for the Temporary Assistance for Needy Families (TANF) program, which is a public assistance program and does not regulate private employer wage, hour, or benefit obligations."
s863-113,,,,"The bill addresses veterans' educational assistance and VA funding for higher education institutions, which are government-administered benefits and do not involve private employer wage or benefit obligations."
s2565-111,,,,"The bill relates to the suspension of tariffs on imported decorative items and does not address private employer wage, hour, or benefit obligations."
s1637-114,,,,"The bill focuses on establishing a National Responsible Father Registry for adoption and paternity purposes and does not regulate private employer wage, hour, or benefit obligations."
hr2054-107,,,,"The bill concerns a boundary change between Utah and Nevada and does not relate to private employer wage, hour, or benefit obligations."
s1498-111,,,,"The bill focuses on authorizing appropriations from the Highway Trust Fund for transportation programs and does not regulate private employer wage, hour, or benefit obligations."
hr3409-113,,,,"The bill concerns the statutory authorization for expanding national wildlife refuges and has no relation to private employer wage, hour, or benefit obligations."
s20-109,1.0,Wage Hour & Benefits,enforcement,"The bill amends ERISA to prohibit group health plans from excluding or restricting prescription contraceptive benefits, thereby expanding the benefit obligations of non-governmental employers."
hr2042-107,,,,"The bill addresses the taxation of net capital gains for individual taxpayers and does not regulate private employer wage, hour, or benefit obligations."
hr4524-106,,,,"The bill concerns agricultural loans and subsidies for farmers and does not regulate private employer wage, hour, or benefit obligations."
s1605-112,,,,"The bill addresses housing and credit discrimination under the Fair Housing Act and Equal Credit Opportunity Act, which does not relate to private employer wage, hour, or benefit obligations."
hr5110-111,,,,"The bill concerns the modification of boundaries for a National Monument and land transfers between government agencies, which has no relation to private employer wage, hour, or benefit obligations."
hr6162-112,,,,"The bill addresses the tax treatment of Health Savings Accounts (HSAs) and high deductible health plans, which falls under the excluded category of general tax or family policy rather than private employer wage or benefit obligations."
hr4335-107,,,,"The bill relates to the suspension of tariffs on machinery parts and does not address private employer wage, hour, or benefit obligations."
hr2571-113,,,,"The bill focuses on consumer financial privacy and the CFPB's authority to collect personal information, which is unrelated to private employer wage, hour, or benefit obligations."
hr30-114,1.0,Wage Hour & Benefits,enforcement,"The bill modifies the legal definition of a 'full-time employee' to change the threshold for the employer mandate to provide health care coverage, thereby altering the regulatory obligations of private employers regarding employee benefits."
hr565-108,,,,"The bill provides disaster loan assistance to small businesses affected by drought and does not regulate or incentivize private employer wage, hour, or benefit obligations."
hr3108-113,,,,"The bill addresses the Supplemental Nutrition Assistance Program (SNAP), which is a government public assistance program and does not involve private employer wage, hour, or benefit obligations."
hr2272-109,,,,"The bill relates to the suspension of tariffs on a specific chemical product and does not address private employer wage, hour, or benefit obligations."
s2296-112,,,,"The bill restricts how higher education institutions use federal financial aid funds for marketing and recruiting, which does not relate to private employer wage, hour, or benefit obligations."
s2823-110,,,,"The bill focuses on transportation funding, highway trust funds, and infrastructure projects, and does not regulate private employer wage, hour, or benefit obligations."
s157-114,1.0,Wage Hour & Benefits,enforcement,"The bill repeals the penalty on large employers who fail to offer health care coverage to eligible employees, thereby reducing the enforcement of private employer benefit obligations."
hr5486-112,,,,"The bill addresses tariffs on imported rubber and plastic soles and heels and does not relate to private employer wage, hour, or benefit obligations."
hr2297-116,,,,"The bill focuses on the creation of a free IRS tax filing service and does not regulate private employer wage, hour, or benefit obligations."
s2361-108,,,,"The bill focuses on federal health research, medical training, and government loan repayment programs for urology, and does not regulate private employer wage, hour, or benefit obligations."
s316-111,,,,"The bill addresses corporate tax rates on timber gains and REITs, which is a matter of general corporate taxation and not related to private employer wage, hour, or benefit obligations."
hr3111-107,,,,"The bill authorizes the issuance of government savings bonds to fund energy and infrastructure projects and does not regulate private employer wage, hour, or benefit obligations."
hr1750-115,,,,"The bill relates to private activity bond financing for first-time farmers to acquire land and equipment, which does not involve private employer wage, hour, or benefit obligations."
hr69-116,,,,"The bill focuses on federal education funding and school choice for students; it does not regulate private employer wage, hour, or benefit obligations."
s1467-115,,,,"The bill focuses on VA grants for educational programs and research in orthotics and prosthetics, which does not regulate private employer wage, hour, or benefit obligations."
s311-108,,,,"The bill focuses on aviation security and the installation of missile defense systems on aircraft, which is unrelated to private employer wage, hour, or benefit obligations."
hr3834-106,,,,"The bill relates to rural housing loan guarantees and mortgage refinancing for homeowners, which does not involve private employer wage, hour, or benefit obligations."
hr5238-107,,,,"The bill focuses on the protection of archaeological sites and land management in New Mexico and does not address private employer wage, hour, or benefit obligations."
s1563-113,,,,"The bill focuses on biofuels market expansion, fuel infrastructure, and vehicle manufacturing requirements, and does not address private employer wage, hour, or benefit obligations."
hr2677-115,,,,"The bill focuses on public health outreach and education to reduce mental health stigma and does not regulate private employer wage, hour, or benefit obligations."
hr3168-109,,,,"The bill focuses on providing federal grants for medical research centers and does not regulate or incentivize private employer wage, hour, or benefit obligations."
s1265-109,,,,"The bill focuses on environmental protection and reducing diesel emissions through grants and loans; it does not regulate private employer wage, hour, or benefit obligations."
s2519-109,,,,"The bill relates to the suspension of tariffs on a specific pesticide and does not address private employer wage, hour, or benefit obligations."
hr3876-107,,,,"The bill establishes a National Heritage Area in Utah and does not regulate or incentivize private employer wage, hour, or benefit obligations."
hr6243-110,,,,"The bill provides a fuel excise tax exemption for ambulance services, which is a general operational tax relief and does not relate to private employer wage, hour, or benefit obligations."
hr5442-113,,,,"The bill requires disclosure of corporate tax payments in financial reports and does not regulate private employer wage, hour, or benefit obligations."
hr5926-110,,,,"The bill designates a national scenic trail and does not relate to private employer wage, hour, or benefit obligations."
hr4393-106,,,,"The bill relates to the availability of federal funding for the State Children's Health Insurance Program (SCHIP), which is a government-administered public health program and does not regulate private employer wage or benefit obligations."
hr2180-115,,,,"The bill expands healthcare benefits for military personnel and dependents through the TRICARE program, which involves government-administered benefits rather than private employer wage or benefit obligations."
hr1770-110,,,,"The bill provides a tax credit for corrosion prevention technology in business property, which is unrelated to private employer wage, hour, or benefit obligations."
hr2170-115,,,,"The bill addresses flood insurance variances and risk management for agricultural structures; it does not relate to private employer wage, hour, or benefit obligations."
s2844-111,,,,"The bill addresses criminal penalties and civil liability related to terrorist hoaxes and threats; it does not regulate private employer wage, hour, or benefit obligations."
hjres88-112,,,,"The bill proposes a constitutional amendment regarding corporate personhood and the general authority to regulate corporations, rather than addressing specific private employer wage, hour, or benefit obligations."
hr5958-112,,,,"The bill is a ceremonial designation to name a visitor contact station and does not relate to private employer wage, hour, or benefit obligations."
hr5543-111,,,,"The bill addresses collective bargaining and compensation for employees of the Department of Veterans Affairs, and since the government is not a non-governmental employer, it does not qualify."
hr3891-110,,,,"The bill concerns the board composition of the National Fish and Wildlife Foundation and does not relate to private employer wage, hour, or benefit obligations."
s2369-109,,,,"The bill focuses on national security warrants, FISA orders, and judicial review of government surveillance, which is unrelated to private employer wage, hour, or benefit obligations."
hr475-114,,,,"The bill addresses the administration of VA educational assistance programs for veterans and does not regulate private employer wage, hour, or benefit obligations."
s593-111,,,,"The bill focuses on food safety and the banning of bisphenol A in food containers, which is unrelated to private employer wage, hour, or benefit obligations."
s3192-111,,,,"The bill addresses the judicial review process for veterans' benefits administered by the government, not the wage or benefit obligations of non-governmental employers."
hr1685-114,,,,"The bill concerns FEMA's criteria for granting disaster declarations and providing public and individual assistance; it does not regulate private employer wage, hour, or benefit obligations."
hr7296-110,,,,"The bill addresses general administrative law and the timing of agency rule implementation, rather than specifically regulating private employer wage, hour, or benefit obligations."
hr2392-114,,,,"The bill relates to voter registration eligibility and election law, which has no connection to private employer wage, hour, or benefit obligations."
hr4250-109,,,,"The bill focuses on eliminating fees for export promotion programs and expanding the Department of Commerce's trade activities, which does not relate to private employer wage, hour, or benefit obligations."
s1396-108,1.0,Wage Hour & Benefits,enforcement,"The bill amends ERISA to prohibit group health plans from restricting or excluding contraceptive benefits, thereby expanding the benefit obligations of non-governmental employers."
hr4035-111,,,,"The bill addresses estate tax deductions for capital loss carryovers and does not relate to private employer wage, hour, or benefit obligations."
s2313-112,,,,"The bill relates to the suspension of tariffs on imported camel hair and does not address private employer wage, hour, or benefit obligations."
s2224-112,,,,"The bill focuses on international affairs and reporting on Syrian opposition groups and weapons stockpiles, which has no relation to private employer wage, hour, or benefit obligations."
hr6212-109,,,,"The bill provides a tax credit for ethanol production to stimulate industry growth in specific states, which is unrelated to private employer wage, hour, or benefit obligations."
hr1894-115,,,,"The bill concerns the construction of a bridge in Missouri and does not relate to private employer wage, hour, or benefit obligations."
hr705-114,,,,"The bill focuses on funding capital grants for rail line relocation and safety improvements, which does not relate to private employer wage, hour, or benefit obligations."
hr4456-114,,,,"The bill focuses on environmental reclamation and economic development in coal communities through government funding; it does not regulate private employer wage, hour, or benefit obligations."
s2719-107,,,,"The bill focuses on environmental restoration projects along the Middle Rio Grande and does not relate to private employer wage, hour, or benefit obligations."
hr1350-113,,,,"The bill concerns the withdrawal of federal lands from mining and mineral leasing and does not relate to private employer wage, hour, or benefit obligations."
s557-112,,,,"The bill addresses tax-free distributions from individual retirement accounts for charitable purposes, which is a matter of general tax policy for individuals rather than a regulation of private employer wage or benefit obligations."
hr2797-114,,,,"The bill focuses on juvenile justice, school discipline policy, and constitutional rights in law enforcement; it does not address private employer wage, hour, or benefit obligations."
hr3307-108,,,,"The bill addresses the creation of a federal crime for eco-terrorism and property damage, which is unrelated to private employer wage, hour, or benefit obligations."
s857-113,1.0,Wage Hour & Benefits,enforcement,"The bill expands the scope of protected family members under the Family and Medical Leave Act (FMLA), thereby increasing the legal obligations of private employers regarding employee leave."
s2905-110,,,,"The bill focuses on fraud and criminal law violations related to the award and performance of federal contracts, rather than private employer wage, hour, or benefit obligations."
hr604-107,,,,"The bill focuses on consumer safety labeling for toys and games and does not relate to private employer wage, hour, or benefit obligations."
hr5323-110,,,,"The bill concerns the liquidation of customs entries and refund of duties on truck tires, which is a tariff and trade matter unrelated to private employer wage, hour, or benefit obligations."
hr5813-115,,,,"The bill addresses the definition of personal holding company income for tax purposes and does not relate to private employer wage, hour, or benefit obligations."
s2871-106,,,,"The bill focuses on the privacy and sale of Social Security numbers by financial institutions, which is unrelated to private employer wage, hour, or benefit obligations."
hr3545-108,,,,"The bill focuses on the recovery and research of southern sea otters and does not address private employer wage, hour, or benefit obligations."
hr945-111,,,,"The bill expands a tax credit for individuals' higher education expenses and does not regulate or incentivize private employer wage, hour, or benefit obligations."
hjres79-114,,,,"The bill proposes a constitutional amendment regarding the federal balanced budget and national debt, which does not regulate private employer wage, hour, or benefit obligations."
s2612-110,,,,"The bill focuses on reducing loan fees and refinancing debt for small businesses through the SBA, which does not regulate or incentivize private employer wage, hour, or benefit obligations."
s3020-106,,,,"The bill concerns FCC regulations for low-power FM radio station licensing and spectrum allocation, which is unrelated to private employer wage, hour, or benefit obligations."
hr154-107,,,,"The bill provides a tax deduction for self-employed individuals' own health insurance costs, which does not regulate a non-governmental employer's wage, hour, or benefit obligations to employees."
hr1931-109,,,,"The bill relates to firearm prohibitions for foreign felons and has no connection to private employer wage, hour, or benefit obligations."
hr3047-112,,,,"The bill concerns the operational authority of the U.S. Postal Service to provide nonpostal services and does not regulate private employer wage, hour, or benefit obligations."
hr35-107,,,,"The bill concerns campaign finance laws and foreign contributions to federal elections, which is unrelated to private employer wage, hour, or benefit obligations."
s3080-106,,,,"The bill focuses on establishing a public health program for preschool oral health and providing grants for dental services; it does not regulate private employer wage, hour, or benefit obligations."
hr297-111,,,,"The bill addresses subsistence allowances paid by the Secretary of Veterans Affairs to veterans in government programs, which involves government benefits rather than private employer wage or benefit obligations."
hr4259-107,,,,"The bill relates to the suspension of tariffs on a chemical (Primisulfuron) and does not involve private employer wage, hour, or benefit obligations."
s3013-109,,,,"The bill relates to the suspension of tariffs on a specific chemical phosphor and does not address private employer wage, hour, or benefit obligations."
s149-115,,,,"The bill addresses the deferment of government-funded student loans for victims of terrorism and does not relate to private employer wage, hour, or benefit obligations."
hr4550-106,,,,"The bill addresses due process and disciplinary procedures for government law enforcement officers, and therefore does not involve non-governmental employer wage, hour, or benefit obligations."
hr5955-109,,,,"The bill adjusts Medicare reimbursement rates for anesthesia services in rural hospitals, which is a government payment rate issue rather than a private employer wage or benefit obligation."
s3105-106,,,,"The bill addresses individual tax credits and exemptions for parents of missing children and does not regulate private employer wage, hour, or benefit obligations."
hr4097-107,,,,"The bill relates to the suspension of tariffs on a specific chemical compound and does not involve private employer wage, hour, or benefit obligations."
hr5080-107,,,,"The bill establishes a National Heritage Area for historical preservation and commemoration and does not regulate private employer wage, hour, or benefit obligations."
s1271-113,,,,"The bill focuses on transparency and performance metrics for U.S. foreign assistance programs and does not regulate private employer wage, hour, or benefit obligations."
s2024-110,,,,"The bill concerns the administration of presidential primary elections and the selection of delegates, which has no relation to private employer wage, hour, or benefit obligations."
hr531-109,,,,"The bill addresses burial allowances for veterans provided by the government, which is a government benefit program and does not involve private employer wage or benefit obligations."
hr2482-114,,,,"The bill focuses on low-income housing finance, property owner distributions, and rental assistance contracts, and does not address private employer wage, hour, or benefit obligations."
hr2300-112,,,,"The bill authorizes government appropriations for the VA to provide allowances to disabled veterans, which is a government benefit program and does not regulate private employer wage or benefit obligations."
hr2542-115,,,,"The bill concerns bird-safe design standards for public buildings managed by the GSA and does not relate to private employer wage, hour, or benefit obligations."
hr5282-109,,,,"The bill concerns water resource development and infrastructure planning in California and does not relate to private employer wage, hour, or benefit obligations."
hr6310-111,,,,"The bill focuses on government procurement, contractor indemnification, and Congressional oversight of defense contracts, rather than private employer wage, hour, or benefit obligations."
hr5666-107,,,,"The bill relates to Medicare coverage for diabetes screening services, which is a government healthcare program and does not involve private employer wage, hour, or benefit obligations."
hr6122-110,,,,"The bill directs the Department of Veterans Affairs to implement pain management policies for veterans; it does not regulate private employer wage, hour, or benefit obligations."
hr6169-110,,,,"The bill is a commemorative measure to rename a post office building and does not relate to private employer wage, hour, or benefit obligations."
hr3459-113,,,,"The bill addresses criminal procedure and preliminary hearings under the Uniform Code of Military Justice for military personnel, which does not involve private employer wage, hour, or benefit obligations."
s3098-107,,,,"The bill addresses Medicare reimbursement and the competitive acquisition of medical items and services, which is a government payment rate issue rather than a private employer wage or benefit obligation."
s1298-114,,,,"The bill focuses on collecting and reporting port performance statistics and monitoring maritime labor agreement expirations, rather than regulating or enforcing private employer wage, hour, or benefit obligations."
hr3480-108,,,,"The bill concerns the construction of a memorial at Arlington National Cemetery and does not relate to private employer wage, hour, or benefit obligations."
hr3299-108,,,,"The bill focuses on negotiating prescription drug prices for Medicare beneficiaries and does not regulate private employer wage, hour, or benefit obligations."
s3158-109,,,,"The bill relates to the suspension of tariffs on a specific chemical compound and does not address private employer wage, hour, or benefit obligations."
hr6658-115,,,,"The bill addresses tax deductions for oil pollution cleanup and legal fees, which is unrelated to private employer wage, hour, or benefit obligations."
s2145-114,,,,"The bill provides supplemental appropriations for the Department of State to assist with refugee resettlement and does not regulate private employer wage, hour, or benefit obligations."
hr4967-109,,,,"The bill focuses on ethics, financial disclosures, and travel rules for Members of Congress and government employees, rather than regulating private employer wage, hour, or benefit obligations."
hr1658-111,,,,"The bill concerns the recovery of medical costs by the Department of Veterans Affairs and does not regulate private employer wage, hour, or benefit obligations."
hr7003-110,1.0,Wage Hour & Benefits,enforcement,"The bill prohibits employment discrimination and acts of reprisal against wounded veterans, which relates to the enforcement of employee rights and protections against retaliation by non-governmental employers."
s866-111,,,,"The bill focuses on environmental education standards and teacher training grants for schools and does not regulate private employer wage, hour, or benefit obligations."
s354-116,,,,"The bill focuses on administrative reporting requirements and the reduction of duplicative filings for employee benefit plans, rather than regulating or enforcing employer wage, hour, or benefit obligations."
s373-111,,,,"The bill concerns the importation of injurious animals (constrictor snakes) and has no relation to private employer wage, hour, or benefit obligations."
hr5269-107,,,,"The bill focuses on establishing a government-funded universal health insurance system and modifying Medicare, which are public assistance and government benefit programs rather than regulations of private employer wage or benefit obligations."
hr1636-109,,,,"The bill's primary purpose is environmental regulation of cruise ship discharges; while it mentions employment discrimination/whistleblowing, it is incidental to the central purpose of pollution control and does not address wage, hour, or benefit obligations."
hr2478-112,,,,"The bill provides a tax exclusion for student income from work-colleges, which is a general tax policy for individuals rather than a regulation of private employer wage or benefit obligations."
hr1243-109,,,,"The bill concerns the reciprocity of concealed firearm permits across state lines and has no relation to private employer wage, hour, or benefit obligations."
hr1166-110,,,,"The bill concerns administrative flexibility for rural local educational agencies regarding federal education grants and does not regulate private employer wage, hour, or benefit obligations."
hr4216-114,,,,"The bill focuses on the valuation and regulation of money market funds and investor protections, not on private employer wage, hour, or benefit obligations."
hr2341-112,1.0,Wage Hour & Benefits,enforcement,"The bill amends the Fair Labor Standards Act (FLSA) to modify exemptions from minimum wage and maximum hour requirements for direct care workers, directly affecting private employer wage and hour obligations."
hr169-115,,,,"The bill prohibits offshore drilling on the West Coast and does not address private employer wage, hour, or benefit obligations."
hr4889-112,,,,"The bill relates to the suspension of tariffs on a specific chemical compound and does not address private employer wage, hour, or benefit obligations."
hr1672-115,,,,"The bill focuses on economic development and competitiveness for manufacturing communities through financial and technical assistance, rather than regulating private employer wage, hour, or benefit obligations."
s3172-107,,,,"The bill addresses the calculation of federal subsidy rates for small business loan guarantees and does not regulate private employer wage, hour, or benefit obligations."
hr4279-112,,,,"The bill addresses a tax penalty waiver for individual veterans withdrawing from their own retirement accounts, rather than regulating private employer wage, hour, or benefit obligations."
