bill_id,official_title,short_title,policy_area,subjects,category_step1,reason_step1,category_4o,bill_type_4o,bill_category_4o,reason_4o,category_sonnet,bill_type_sonnet,bill_category_sonnet,reason_sonnet,category_opus,bill_type_opus,bill_category_opus,reason_opus
s792-115,"A bill to amend the Immigration and Nationality Act to establish an H-2B temporary non-agricultural work visa program, and for other purposes.",Save Our Small and Seasonal Businesses Act of 2017,Immigration,Administrative remedies|Congressional oversight|Department of Homeland Security|Foreign labor|Government information and archives|Government studies and investigations|Immigration status and procedures|Temporary and part-time employment|Visas and passports,1.0,"The bill establishes specific wage requirements and worker protections for private employers utilizing H-2B temporary non-agricultural workers, directly regulating employer obligations regarding compensation and labor standards.",1,enforcement,wage_hour,"The bill sets specific wage requirements and worker protections for private employers using H-2B workers, directly regulating employer wage and labor standards.",,,,"This bill's primary subject is immigration policy and the H-2B visa program administration; while it includes wage provisions for H-2B workers, these are incidental conditions of the visa program rather than the bill's central purpose of regulating private employer wage, hour, or benefit obligations generally.",1,enforcement,wage_hour,"The bill establishes specific wage, housing, transportation, recruitment, and U.S. worker protection requirements for private employers using H-2B temporary nonagricultural workers, directly imposing wage and hour obligations on private employers as a central purpose of the legislation."
hr4777-111,To amend the Internal Revenue Code of 1986 to provide an exemption for employer payroll taxes during 2010 for wages with respect to the employment of new hires and to provide a credit for retaining employees.,,Taxation,"Employment taxes|Government trust funds|Income tax credits|Social security and elderly assistance|Social work, volunteer service, charitable organizations|Unemployment|Wages and earnings",1.0,"The bill provides tax incentives for private employers to hire and retain workers at specified wage levels, directly influencing employer wage obligations and employment practices.",,,,"The bill provides tax incentives for hiring and retaining employees, which influences employment practices but does not directly impose new wage, hour, or benefit obligations on private employers.",,,,"This bill provides general tax credits for hiring and retaining employees, which incentivize hiring decisions rather than regulate employer wage, hour, or benefit compliance obligations; such general hiring credits are explicitly excluded under the classification rules.",,,,"This bill provides a payroll tax exemption for hiring new employees and a tax credit for retaining them — these are general hiring incentives and tax benefits, not regulations imposing wage, hour, or benefit obligations on private employers. Under the detailed rules, tax credits for hiring workers from specific groups or for general job creation do not qualify."
hr1907-113,"To amend the Public Health Service Act to establish direct care registered nurse-to-patient staffing ratio requirements in hospitals, and for other purposes.",Nurse Staffing Standards for Patient Safety and Quality Care Act of 2013,Health,Administrative law and regulatory procedures|Administrative remedies|Civil actions and liability|Department of Health and Human Services|Employment discrimination and employee rights|Government information and archives|Government studies and investigations|Health care quality|Health facilities and institutions|Health personnel|Health programs administration and funding|Hospital care|Medicaid|Medical education|Medicare|Military medicine|Nursing|Student aid and college costs|Veterans' medical care,1.0,"The bill prohibits hospitals (private employers) from retaliating against nurses for refusing assignments that violate staffing ratios or for filing good faith complaints regarding care conditions, which constitutes a whistleblower protection mechanism related to employment rights and working conditions.",,,,"The bill primarily addresses nurse staffing ratios and patient safety in hospitals, which are healthcare quality and regulatory issues, not private employer wage, hour, or benefit obligations.",,,,"Although the bill includes employment protections for nurses, its primary subject is hospital patient safety and healthcare quality through mandated nurse-to-patient staffing ratios; the employment provisions are incidental to healthcare regulation rather than private employer wage, hour, or benefit obligations.",,,,"This bill's central purpose is establishing nurse-to-patient staffing ratios in hospitals as a patient safety and healthcare quality measure under the Public Health Service Act, not regulating private employer wage, hour, or benefit obligations. The anti-retaliation provisions are incidental to the primary healthcare quality/staffing mandate, and the bill primarily regulates hospital operations and Medicare/Medicaid payment adjustments rather than imposing wage, hour, or benefit obligations on private employers."
s273-113,A bill to modify the definition of fiduciary under the Employee Retirement Income Security Act of 1974 to exclude appraisers of employee stock ownership plans.,,Labor and Employment,Accounting and auditing|Employee benefits and pensions|Securities,1.0,"The bill amends ERISA to modify fiduciary definitions for employee stock ownership plans, directly addressing employer obligations regarding retirement benefit plans.",1,enforcement,pension,"The bill modifies fiduciary definitions under ERISA for employee stock ownership plans, directly affecting private employer obligations related to retirement benefit plans.",1,enforcement,pension,"The bill modifies ERISA fiduciary standards for employee stock ownership plans, directly weakening private employer obligations by exempting ESOP appraisers from fiduciary duties that would otherwise apply to retirement plan administration.",1,enforcement,pension,"The bill amends ERISA to exclude ESOP appraisers from fiduciary status, directly modifying the fiduciary obligations framework governing private employer-sponsored retirement plans under ERISA, effectively weakening enforcement of fiduciary standards for these plans."
hr2234-112,To amend the Fair Labor Standards Act of 1938 to strengthen the provisions relating to child labor.,CARE Act of 2011,Labor and Employment,"Administrative law and regulatory procedures|Crimes against children|Department of Labor|Hazardous wastes and toxic substances|Labor standards|Migrant, seasonal, agricultural labor|Worker safety and health|Youth employment and child labor",1.0,"The bill amends the Fair Labor Standards Act to strengthen child labor prohibitions and penalties, which directly regulates private employer obligations regarding the employment of minors under the Wage Hour & Benefits category.",1,enforcement,wage_hour,"The bill amends the Fair Labor Standards Act to strengthen child labor prohibitions and penalties, directly regulating private employer obligations regarding the employment of minors under the Wage Hour & Benefits category.",1,enforcement,wage_hour,"The bill strengthens FLSA child labor prohibitions by narrowing exemptions, expanding hazardous occupation restrictions, and increasing penalties for violations, directly tightening private employer wage and hour obligations regarding youth employment.",1,enforcement,wage_hour,"The bill amends the Fair Labor Standards Act to strengthen child labor prohibitions, revise exemptions, increase civil penalties, and establish criminal penalties for violations, directly tightening private employer obligations regarding the employment of minors."
hr2782-116,To amend the Internal Revenue Code of 1986 to repeal the 30-hour threshold for classification as a full-time employee for purposes of the employer mandate in the Patient Protection and Affordable Care Act and replace it with 40 hours.,Employee Flexibility Act of 2019,Taxation,Employee benefits and pensions|Health care costs and insurance|Health care coverage and access|Sales and excise taxes,1.0,"The bill modifies the definition of full-time employment for the ACA employer mandate, directly altering the threshold at which private employers are required to provide health benefits to their employees.",1,enforcement,healthcare,"The bill modifies the ACA employer mandate by changing the full-time employee threshold, directly affecting private employer obligations to provide health benefits.",1,enforcement,healthcare,"The bill modifies the ACA employer mandate's full-time employee threshold from 30 to 40 hours per week, directly weakening private employer obligations to provide health benefits and thus constitutes enforcement-related regulation of employer-sponsored healthcare obligations.",1,enforcement,healthcare,"The bill directly modifies the ACA employer mandate threshold, changing which employees private employers are obligated to provide minimum essential health coverage to, thereby loosening private employer healthcare benefit obligations by raising the full-time classification from 30 to 40 hours per week."
hr4143-112,To amend the Internal Revenue Code of 1986 to extend the period during which transfers of excess pension assets may be made to retiree health accounts and to provide for the transfer of such assets to retiree group term life insurance accounts.,Extension of Section 420 and Retiree Life Insurance Act of 2012,Taxation,"Employee benefits and pensions|Income tax exclusion|Life, casualty, property insurance",1.0,"The bill regulates the transfer of excess pension assets to fund retiree health and life insurance benefits, directly addressing employer obligations regarding employee benefit plans under ERISA.",,,,The bill primarily concerns tax treatment of pension asset transfers and does not impose new mandatory obligations on private employers regarding employee benefit plans under ERISA.,,,,"This bill modifies the tax treatment of optional pension asset transfers to fund retiree benefits, but does not impose new mandatory obligations on private employers as plan sponsors; it merely adjusts the tax code rules governing voluntary plan transactions.",1,enforcement,pension,"The bill amends IRC Section 420 to extend and expand the authority for transfers of excess pension assets from defined benefit plans to retiree health and life insurance accounts, directly governing how private employers as plan sponsors manage pension plan assets and retiree benefit obligations under ERISA-related tax rules."
hr4598-114,"To amend the Immigration and Nationality Act to improve the H-1B visa program, to repeal the diversity visa lottery program, and for other purposes.",American Jobs First Act of 2016,Immigration,Administrative remedies|Civil actions and liability|Department of Labor|Employment and training programs|Foreign labor|Government information and archives|Higher education|Judicial review and appeals|Labor-management relations|Unemployment|Visas and passports|Wages and earnings,1.0,"The bill imposes specific wage obligations on private employers sponsoring H-1B visas, requiring them to pay the greater of the prevailing wage or $110,000, which directly regulates employer wage practices for a specific class of workers.",1,enforcement,wage_hour,"The bill imposes specific wage obligations on private employers sponsoring H-1B visas, directly regulating employer wage practices for a specific class of workers.",,,,"Although the bill imposes wage requirements on H-1B visa sponsors, its primary subject is immigration policy and visa program reform, not general private employer wage and hour obligations; the wage provisions are incidental conditions of visa sponsorship rather than the bill's central purpose of regulating employer wage conduct.",1,enforcement,wage_hour,"The bill directly imposes wage obligations on private employers petitioning for H-1B workers (requiring the greater of the comparable U.S. worker wage or $110,000), prohibits penalties for early termination, restricts non-compete/nondisclosure agreements, and establishes enforcement mechanisms for employer compliance — all constituting direct regulation of private employer wage and employment conduct."
s893-115,"A bill to repeal the current Internal Revenue Code and replace it with a flat tax, thereby guaranteeing economic growth and fairness for all Americans.","Simplified, Manageable, And Responsible Tax Act",Taxation,Employee benefits and pensions|Income tax credits|Income tax deductions|Income tax exclusion|Income tax rates|Legislative rules and procedure|Tax reform and tax simplification|Transfer and inheritance taxes,1.0,"The bill directly regulates private employer obligations regarding employee benefits by imposing a tax on excludable compensation and repealing non-discrimination and contribution limit rules for pension plans, thereby affecting how employers manage and fund retirement benefits.",1,enforcement,pension,"The bill affects private employer obligations by repealing non-discrimination and contribution limit rules for pension plans, directly impacting how employers manage and fund retirement benefits.",,,,"This comprehensive tax reform bill modifies the tax treatment of employer-provided benefits and pension plan rules, but does not impose new mandatory wage, hour, or benefit obligations on private employers; it restructures tax policy rather than regulating employer conduct regarding employee compensation or benefits.",1,enforcement,pension,"The bill repeals ERISA-related pension non-discrimination rules, contribution limits, and restrictions on distributions for private employer-sponsored retirement plans, directly altering mandatory obligations on private employers as plan sponsors regarding pension benefits."
s974-112,A bill to amend the Internal Revenue Code of 1986 to expand the tip tax credit to employers of cosmetologists and to promote tax compliance in the cosmetology sector.,Small Business Tax Equalization and Compliance Act of 2011,Taxation,"Employment taxes|Income tax credits|Self-employed|Small business|Tax administration and collection, taxpayers|Wages and earnings",1.0,"The bill regulates private employer obligations regarding the reporting of employee tips and wages in the cosmetology sector, directly addressing wage compliance and tax administration related to employee earnings.",,,,"The bill primarily concerns tax compliance and reporting obligations for employers of cosmetologists, not private employer wage, hour, or benefit obligations.",,,,"This bill primarily concerns tax compliance and reporting obligations in the cosmetology sector rather than substantive wage, hour, or benefit obligations; the tip tax credit extension is a tax benefit unrelated to enforcing employer wage/hour conduct, and the reporting requirements address tax administration, not private employer wage violations.",,,,"This bill extends an existing tax credit (for social security taxes on tips) to a new employer category and imposes tax reporting/information requirements; it is primarily a tax administration and tax credit bill, not one that imposes wage, hour, or benefit obligations on private employers regarding their employees' compensation or working conditions."
hr1397-113,"To create jobs and reinvest in communities through the rehabilitation of abandoned and foreclosed residential and commercial properties, and for other purposes.",Project Rebuild Act of 2013,Housing and Community Development,Appropriations|Buy American requirements|Employee hiring|Fraud offenses and financial crimes|Housing and community development funding|Housing finance and home ownership|Housing supply and affordability|Labor standards|Low- and moderate-income housing|Property rights|Public contracts and procurement|Residential rehabilitation and home repair|Rural conditions and development|Urban and suburban affairs and development|Wages and earnings,1.0,"The bill mandates that contractors and subcontractors on federally-assisted projects pay laborers and mechanics wages at locally prevailing rates under the Davis-Bacon Act, directly regulating private employer wage obligations.",1,enforcement,wage_hour,"The bill enforces Davis-Bacon Act requirements for federally-assisted projects, directly regulating private employer wage obligations by mandating payment of locally prevailing wages.",,,,"Although the bill includes Davis-Bacon prevailing wage requirements, its primary subject is federal housing and community development grants for property rehabilitation; private employer wage obligations are incidental conditions of receiving federal assistance, not the bill's central purpose.",1,enforcement,wage_hour,"The bill requires all laborers and mechanics employed by contractors and subcontractors on federally-assisted projects to be paid prevailing wages under the Davis-Bacon Act, directly imposing wage obligations on private employers performing federal contract work."
hr515-113,To amend the Family and Medical Leave Act of 1993 to provide leave because of the death of a son or daughter.,Parental Bereavement Act of 2013,Labor and Employment,"Employee leave|Family relationships|Government employee pay, benefits, personnel management|Teaching, teachers, curricula",1.0,"The bill amends the Family and Medical Leave Act (FMLA) to expand leave entitlements for private sector employees, directly regulating employer obligations regarding protected family leave.",1,enforcement,wage_hour,"The bill amends the FMLA to expand leave entitlements for private sector employees, directly regulating employer obligations regarding protected family leave.",1,enforcement,wage_hour,"The bill amends the FMLA to create a new protected leave category for bereavement, directly expanding private employer obligations to provide unpaid leave to eligible employees.",1,enforcement,wage_hour,"The bill amends the FMLA to create a new mandatory leave entitlement for private employers, requiring up to 12 weeks of leave for the death of a son or daughter, directly expanding private employer leave obligations."
s1076-115,"A bill to amend the Employee Retirement Income Security Act of 1974 and the Internal Revenue Code of 1986 to modify certain provisions relating to multiemployer pensions, and for other purposes.",Keep Our Pension Promises Act,Labor and Employment,"Art, artists, authorship|Bankruptcy|Employee benefits and pensions|Income tax deferral|Income tax exclusion|Pension Benefit Guaranty Corporation",1.0,"The bill amends ERISA to restore anti-cutback provisions for multiemployer pension plans and assigns priority to pension obligations in bankruptcy, directly regulating private employer obligations regarding employee retirement benefits.",1,enforcement,pension,"The bill amends ERISA to restore anti-cutback provisions for multiemployer pension plans and assigns priority to pension obligations in bankruptcy, directly regulating private employer obligations regarding employee retirement benefits.",1,enforcement,pension,"The bill strengthens ERISA protections for multiemployer pension plans by repealing benefit reduction provisions, modifying partition procedures, and elevating pension obligations in bankruptcy priority, all of which directly impose or restore mandatory obligations on private employers as plan sponsors.",1,enforcement,pension,"The bill amends ERISA to restore anti-cutback provisions prohibiting reductions in multiemployer pension benefits, modifies partition procedures for financially-troubled plans, and assigns first claim priority to pension obligations in bankruptcy, directly strengthening private employer obligations regarding employee retirement benefits."
hr4764-111,To amend the Internal Revenue Code of 1986 to make employers of spouses of military personnel eligible for the work opportunity credit.,Military Spouses Employment Act,Taxation,Income tax credits|Marriage and family status|Military personnel and dependents|Wages and earnings,1.0,"The bill introduces a tax incentive for private employers to hire military spouses, which aligns with the category's inclusion of tax credits that encourage or discourage employer conduct related to wages and employment.",,,,"The bill offers a tax credit for hiring military spouses, which incentivizes hiring decisions but does not directly impose wage, hour, or benefit obligations on private employers.",,,,"This bill offers a general hiring tax credit for employing military spouses, which incentivizes hiring decisions from specific demographic groups rather than regulating employer wage, hour, or benefit compliance obligations; such hiring credits are explicitly excluded under the detailed classification rules.",,,,"This bill expands the work opportunity tax credit to include military spouses as a targeted group, which is a tax credit for hiring workers from a specific group — this incentivizes hiring decisions, not wage or benefit compliance, and is explicitly excluded under the detailed rules."
s4012-111,A bill to improve the employability of older Americans.,Incentives for Older Workers Act,Labor and Employment,Aging|Employee benefits and pensions|Employment and training programs|Employment discrimination and employee rights|Social security and elderly assistance|Wages and earnings,1.0,"The bill amends ERISA to prohibit private employers from reducing pension benefits for employees in phased retirement, directly regulating employer obligations regarding employee retirement benefits.",1,enforcement,pension,"The bill amends ERISA to prohibit reductions in pension benefits for employees in phased retirement, directly imposing obligations on private employers regarding retirement benefits.",1,enforcement,pension,"The bill amends ERISA to prohibit private employers from reducing defined benefit pension plan benefits for employees entering phased retirement and modifies normal retirement age definitions, directly imposing new mandatory obligations on private employers as pension plan sponsors.",1,enforcement,pension,"The bill amends ERISA to prohibit reductions in defined benefit pension plan benefits for employees in phased retirement and modifies normal retirement age definitions, directly imposing new obligations on private employers as pension plan sponsors."
hr4064-113,To amend the Internal Revenue Code of 1986 to provide that the individual health insurance mandate not apply until the employer health insurance mandate is enforced without exceptions.,FAIR Act of 2014,Taxation,"Comprehensive health care|Employee benefits and pensions|Health care costs and insurance|Health care coverage and access|Sales and excise taxes|Tax administration and collection, taxpayers",1.0,"The bill addresses the enforcement of the employer mandate to provide health care coverage, which directly relates to private employer obligations regarding employer-sponsored group health benefit plans.",1,enforcement,healthcare,"The bill conditions the individual mandate on the enforcement of the employer health insurance mandate, directly relating to private employer obligations under employer-sponsored group health benefit plans.",,,,"The bill's primary subject is delaying the individual mandate under the ACA until the employer mandate is enforced without exceptions; it does not impose, strengthen, or weaken substantive obligations on private employers regarding health benefits, but rather conditions one tax penalty on the enforcement status of another.",1,enforcement,healthcare,"The bill conditions the individual mandate on full enforcement of the employer mandate to provide health care coverage, directly addressing the stringency of enforcement of private employer obligations to offer group health benefits under the ACA."
hr682-112,To amend the Internal Revenue Code of 1986 to increase the contribution limits to dependent care flexible spending accounts and to provide for a carryover of unused dependent care benefits.,,Taxation,Adult day care|Child care and development|Employee benefits and pensions|Income tax deferral,1.0,"The bill modifies tax-advantaged employee benefit structures (dependent care FSAs) for private employers, directly affecting employer-sponsored welfare benefit plan obligations and incentives.",,,,"The bill primarily concerns tax benefits related to dependent care flexible spending accounts, which are general tax policy measures and do not impose new mandatory obligations on private employers regarding wage, hour, or benefit compliance.",,,,"This bill modifies tax treatment of dependent care flexible spending accounts (FSAs) by raising contribution limits and allowing carryovers, but does not impose new wage, hour, or benefit obligations on private employers; it is a general tax benefit for families using employer-offered FSAs, similar to excluded tax credits for dependent care or health savings accounts.",,,,"This bill modifies the tax treatment of dependent care flexible spending accounts by increasing contribution limits and allowing carryovers — these are optional tax-advantaged benefit features, not mandatory employer obligations. It falls under the disqualifying category of tax benefits unrelated to wage/hour obligations (dependent care credits/accounts)."
hr1-113,To amend the Internal Revenue Code of 1986 to provide for comprehensive tax reform.,Tax Reform Act of 2014,Taxation,"Accidents|Accounting and auditing|Administrative law and regulatory procedures|Adoption and foster care|Advisory bodies|Air quality|Alternative and renewable resources|Aviation and airports|Bank accounts, deposits, capital|Books and print media|Building construction|Business expenses|Business investment and capital|Capital gains tax|Caribbean area|Charitable contributions|Child care and development|Civil actions and liability|Coal|Competition and antitrust|Contracts and agency|Corporate finance and management|Department of the Treasury|Economic development|Electric power generation and transmission|Employee benefits and pensions|Employee hiring|Employment taxes|Endangered and threatened species|Energy efficiency and conservation|Environmental technology|Farmland|Foreign and international corporations|Foreign labor|Forests, forestry, trees|Gambling|General taxation matters|Government employee pay, benefits, personnel management|Government studies and investigations|Government trust funds|Great Plains|Hazardous wastes and toxic substances|Health care costs and insurance|Health technology, devices, supplies|Higher education|Housing finance and home ownership|Hybrid, electric, and advanced technology vehicles|Income tax credits|Income tax deductions|Income tax exclusion|Income tax rates|Indian social and development programs|Industrial facilities|Inflation and prices|Insurance industry and regulation|Intellectual property|Interest, dividends, interest rates|Internal Revenue Service (IRS)|Judges|Land transfers|Land use and conservation|Lawyers and legal services|Life, casualty, property insurance|Low- and moderate-income housing|Marine and inland water transportation|Marketing and advertising",1.0,"The bill revises tax treatment for employer-provided retirement plans and SIMPLE 401(k)s, directly affecting private employer obligations regarding employee pension and retirement benefits.",1,enforcement,pension,"The bill revises tax treatment for employer-provided retirement plans and SIMPLE 401(k)s, directly affecting private employer obligations regarding employee pension and retirement benefits.",,,,"This comprehensive tax reform bill modifies the tax treatment of retirement plans and other employer-provided benefits, but does not impose new mandatory obligations on private employers as plan sponsors; it primarily adjusts tax incentives and optional plan features rather than creating enforceable wage, hour, or benefit compliance requirements.",API error,API error,API error,API error
hr176-115,"To amend the Internal Revenue Code of 1986 to clarify that wages paid to unauthorized aliens may not be deducted from gross income, and for other purposes.",New IDEA Act,Taxation,"Border security and unlawful immigration|Employee benefits and pensions|Evidence and witnesses|Foreign labor|Government information and archives|Income tax deductions|Tax administration and collection, taxpayers|Wages and earnings",1.0,"The bill regulates private employer obligations regarding wages and benefits by denying tax deductions for compensation paid to unauthorized aliens and mandating E-Verify usage, directly impacting how employers manage wage payments and employment eligibility verification.",,,,"The bill primarily addresses tax policy and immigration enforcement, not private employer wage, hour, or benefit obligations. Denying tax deductions for wages paid to unauthorized aliens and mandating E-Verify usage are immigration and tax compliance measures, not direct regulations of employer wage or benefit obligations.",,,,"The bill's primary subject is immigration enforcement through tax policy and employment verification mandates, not the regulation of private employer wage, hour, or benefit obligations; the denial of a tax deduction for wages paid to unauthorized aliens is a tax penalty for immigration law violations, not a regulation of wage payment practices or benefit provision requirements.",,,,"This bill's primary purpose is immigration enforcement and tax administration — it denies a tax deduction for wages paid to unauthorized aliens and mandates E-Verify participation. It does not impose new wage, hour, or benefit obligations on private employers regarding their employees; rather, it uses the tax code and employment verification systems to enforce immigration law. The denial of a deduction is a tax penalty for hiring unauthorized workers, not a regulation of employer wage or benefit conduct."
s2410-115,A bill to amend the Internal Revenue Code of 1986 to permit high deductible health plans to provide chronic disease prevention services to plan enrollees prior to satisfying their plan deductible.,Chronic Disease Management Act of 2018,Taxation,,1.0,"The bill amends the Internal Revenue Code to modify the requirements for High Deductible Health Plans (HDHPs) and Health Savings Accounts (HSAs), directly regulating the structure and coverage obligations of employer-sponsored group health benefit plans.",,,,"The bill modifies tax rules for HSAs and HDHPs, which affects insurance plan design but does not impose new mandatory obligations on private employers as plan sponsors under ERISA.",,,,This bill modifies the tax treatment and permissible features of HSAs and HDHPs but does not impose new mandatory obligations on private employers as plan sponsors; it merely expands optional plan design flexibility regarding deductibles for chronic disease services.,,,,This bill modifies the tax treatment of high deductible health plans by allowing them to cover chronic disease services before the deductible is met without losing HSA eligibility; it changes optional plan features and tax qualification rules rather than imposing new mandatory obligations on private employers as plan sponsors.
s176-115,"A bill to amend the Surface Mining Control and Reclamation Act of 1977 to transfer certain funds to the Multiemployer Health Benefit Plan, and for other purposes.",HELP for Coal Miners Health Care Act of 2017,Labor and Employment,Administrative law and regulatory procedures|Coal|Congressional oversight|Employee benefits and pensions|Government studies and investigations|Health care costs and insurance|Mining,1.0,"The bill addresses employer obligations regarding multiemployer health benefit plans for coal miners by amending funding mechanisms and repealing premium payment requirements for private signatories to labor agreements, directly impacting private employer benefit liabilities.",,,,"The bill primarily addresses the funding of a government-managed health benefit plan for retired coal miners, not private employer obligations; it modifies fund transfers and repeals premium requirements, but does not impose new obligations on private employers.",,,,"This bill primarily addresses government financing of a multiemployer health benefit trust fund for retired coal miners through transfers from federal reclamation funds, not private employer wage or benefit obligations; the repeal of backstop premium requirements removes rather than imposes employer obligations, and the bill's central purpose is federal fund solvency, not regulation of private employer conduct.",1,enforcement,healthcare,"The bill directly modifies private employer obligations regarding multiemployer health benefit plans by repealing requirements for current and former signatories to UMWA labor agreements to pay unassigned beneficiaries premiums and backstop premiums, thereby altering private employer benefit liabilities under employer-sponsored retiree health plans."
hr5727-112,"To rebuild the American middle class by creating jobs, investing in our future, building opportunity for working families, and restoring balance to the tax code.",Rebuild America Act,Economics and Public Finance,"Administrative law and regulatory procedures|Advanced technology and technological innovations|Advisory bodies|Aging|Alternative and renewable resources|Army Corps of Engineers|Aviation and airports|Bankruptcy|Business investment and capital|Capital gains tax|Census and government statistics|Child care and development|Civil actions and liability|Community life and organization|Competitiveness, trade promotion, trade deficits|Congressional agencies|Congressional officers and employees|Congressional oversight|Contracts and agency|Corporate finance and management|Department of Labor|Department of the Treasury|Disability and paralysis|Domestic violence and child abuse|Economic development|Education programs funding|Educational facilities and institutions|Elementary and secondary education|Emergency planning and evacuation|Employee benefits and pensions|Employee hiring|Employee leave|Employment and training programs|Employment discrimination and employee rights|Employment taxes|Energy assistance for the poor and aged|Energy efficiency and conservation|Environmental health|Environmental regulatory procedures|Financial crises and stabilization|Financial services and investments|First responders and emergency personnel|Government Accountability Office (GAO)|Government employee pay, benefits, personnel management|Government information and archives|Government lending and loan guarantees|Government liability|Government studies and investigations|Government trust funds|Housing and community development funding|Human rights|Income tax credits|Income tax rates|Inflation and prices|Infrastructure development|International monetary system and foreign exchange|Labor-management relations|Law enforcement administration and funding|Law enforcement officers|Library of Congress|Manufacturing|Pension Benefit Guaranty Corporation|Poverty and welfare assistance|Preschool education|Public transit|Research and development",1.0,"The bill amends the Fair Labor Standards Act to increase the minimum wage and revise overtime pay thresholds, and mandates paid sick leave for private sector employees, directly regulating private employer wage and benefit obligations.",1,enforcement,wage_hour,"The bill amends the Fair Labor Standards Act to increase the minimum wage and revise overtime pay thresholds, and mandates paid sick leave for private sector employees, directly regulating private employer wage and benefit obligations.",1,enforcement,wage_hour,"The bill directly strengthens private employer wage and hour obligations by increasing the minimum wage, revising FLSA overtime salary thresholds, and mandating paid sick leave under the Healthy Families Act, all of which are core wage-hour enforcement measures.",1,enforcement,wage_hour,"The bill directly amends the Fair Labor Standards Act to increase the minimum wage and revise overtime pay thresholds, mandates paid sick leave through the Healthy Families Act, addresses independent contractor classification through the Fair Playing Field Act, and amends ERISA to expand defined benefit pension plan protections — all imposing direct obligations on private employers regarding wages, hours, and benefits."
hr1534-112,"To amend the Internal Revenue Code of 1986 to encourage retirement savings by modifying requirements with respect to employer-established IRAs, and for other purposes.",SAVE Act of 2011,Taxation,"Administrative law and regulatory procedures|Consumer affairs|Department of Labor|Department of the Treasury|Elementary and secondary education|Employee benefits and pensions|Financial literacy|Income tax credits|Income tax deductions|Income tax deferral|Sales and excise taxes|Small business|Teaching, teachers, curricula",1.0,"The bill amends ERISA and the Internal Revenue Code to modify requirements for employer-established retirement plans, including SIMPLE IRAs and automatic deferral provisions, which directly regulates private employer obligations regarding employee pension and retirement benefits.",1,enforcement,pension,"The bill amends ERISA and the Internal Revenue Code to modify requirements for employer-established retirement plans, directly regulating private employer obligations regarding employee pension and retirement benefits.",,,,"This bill primarily modifies optional plan features and tax treatment of employer-sponsored retirement arrangements (e.g., SIMPLE IRA rollover rules, contribution flexibility, tax credits for plan startup costs) without creating new mandatory employer conduct obligations; it does not impose minimum funding requirements, fiduciary standards, or other compulsory pension obligations on private employers.",1,enforcement,pension,"The bill amends both the Internal Revenue Code and ERISA to impose new obligations on private employers regarding retirement plans, including establishing automatic deferral IRAs, requiring multiple small employer retirement plans with automatic employee contributions, mandating lifetime income disclosures from pension plans, and permitting payroll deduction plans — these are direct mandatory obligations on private employers as plan sponsors under ERISA."
hr557-114,"To amend the Internal Revenue Code of 1986 to modify safe harbor requirements applicable to automatic contribution arrangements, and for other purposes.",Retirement Security Act of 2015,Taxation,"Administrative law and regulatory procedures|Department of the Treasury|Employee benefits and pensions|Financial services and investments|Income tax credits|Small business|Tax administration and collection, taxpayers",1.0,"The bill amends ERISA and the Internal Revenue Code to modify requirements for employer-sponsored pension benefit plans, including multiple employer plans and automatic contribution arrangements, which directly relates to private employer obligations regarding retirement benefits.",1,enforcement,pension,"The bill amends ERISA to modify requirements for employer-sponsored pension benefit plans, directly imposing obligations on private employers regarding retirement benefits.",1,enforcement,pension,"The bill modifies ERISA and IRC requirements governing employer-sponsored pension plans, including mandatory automatic escalation rules and secure deferral arrangement standards, thereby directly altering private employer retirement benefit obligations.",1,enforcement,pension,"The bill amends ERISA and the Internal Revenue Code to modify requirements for employer-sponsored pension benefit plans, including imposing new mandatory obligations on private employers regarding secure deferral arrangements (nondiscrimination requirements and employer matching contributions), and enabling multiple employer pension plans — these directly regulate private employer pension obligations."
s305-114,A bill to protect American job creation by striking the Federal mandate on employers to offer health insurance.,American Job Protection Act,Health,Business records|Comprehensive health care|Employee benefits and pensions|Government information and archives|Health care costs and insurance|Health care coverage and access|Sales and excise taxes|Wages and earnings,1.0,The bill directly addresses private employer obligations regarding employer-sponsored group health benefit plans by repealing the mandate and associated penalties for large employers to offer coverage.,1,enforcement,healthcare,"The bill repeals the ACA employer mandate, directly affecting private employer obligations to provide health insurance coverage to employees.",1,enforcement,healthcare,"Repeals the ACA employer mandate requiring large private employers to offer minimum essential health coverage to full-time employees, directly weakening private employer healthcare benefit obligations under federal law.",1,enforcement,healthcare,"The bill repeals the ACA employer mandate requiring large private employers to offer minimum essential health insurance coverage to full-time employees and eliminates associated penalties and reporting requirements, directly weakening private employer obligations regarding employer-sponsored group health plans."
s150-112,"A bill to promote labor force participation of older Americans, with the goals of increasing retirement security, reducing the projected shortage of experienced workers, maintaining future economic growth, and improving the Nation's fiscal outlook.",Health Care and Training for Older Workers Act,Health,Aging|Disability assistance|Employment and training programs|Health care costs and insurance|Health care coverage and access|Performance measurement,1.0,"The bill amends ERISA to extend COBRA continuation coverage obligations for older workers, directly regulating private employer responsibilities regarding employee health benefits.",1,enforcement,healthcare,"The bill amends ERISA to extend COBRA continuation coverage for older workers, directly imposing obligations on private employers regarding employee health benefits.",1,enforcement,healthcare,"The bill amends ERISA to extend COBRA continuation coverage for older workers, directly imposing new health benefit continuation obligations on private employers as plan sponsors.",1,enforcement,healthcare,"The bill amends ERISA to extend COBRA continuation coverage for certain older workers, directly imposing expanded health benefit continuation obligations on private employers as plan sponsors of group health plans."
hr2028-114,"Making appropriations for energy and water development and related agencies for the fiscal year ending September 30, 2016, and for other purposes.",Continued Health Benefits for Miners Act,Economics and Public Finance,"Alabama|Alaska|Alternative and renewable resources|Appalachian Regional Commission|Appropriations|Arms control and nonproliferation|Army Corps of Engineers|California|Congressional oversight|Dams and canals|Defense Nuclear Facilities Safety Board|Delta Regional Authority|Denali Commission|Department of Defense|Department of Energy|Department of the Interior|Economic development|Electric power generation and transmission|Emergency planning and evacuation|Energy efficiency and conservation|Energy research|Energy storage, supplies, demand|Environmental health|Executive agency funding and structure|Federal Energy Regulatory Commission (FERC)|Floods and storm protection|Foreign aid and international relief|Georgia|Government lending and loan guarantees|Government studies and investigations|Government trust funds|Hazardous wastes and toxic substances|Hybrid, electric, and advanced technology vehicles|Indian social and development programs|Intelligence activities, surveillance, classified information|Lakes and rivers|Licensing and registrations|Lighting and heating|Lighting, heating, cooling|Manufacturing|Marine and coastal resources, fisheries|Marine and inland water transportation|Minority health|Mississippi River|Missouri|Natural disasters|Navigation, waterways, harbors|Nevada|Nuclear Regulatory Commission (NRC)|Nuclear Waste Technical Review Board|Nuclear power|Nuclear weapons|Oil and gas|Pipelines|Pollution liability|Radioactive wastes and releases|Research administration and funding|Research and development|Rural conditions and development|Russia|Solid waste and recycling|Strategic materials and reserves|Utah|Water quality|Water resources funding|Water storage",1.0,"The bill extends health benefits for retired miners and their families, which constitutes a provision related to employer-sponsored welfare benefit plans covered under the scope of wage, hour, and benefits issues.",,,,"The bill primarily provides appropriations for federal agencies and extends health benefits for retired miners through government funding, not by imposing obligations on private employers. Therefore, it does not qualify under the wage, hour, and benefits category.",,,,"This is a continuing appropriations resolution whose primary purpose is to fund federal government operations; the Continued Health Benefits for Miners Act provision (Section 167) addresses a government trust fund for retired miners' health benefits, not private employer wage or benefit obligations.",,,,"This is a continuing resolution/appropriations bill whose central purpose is funding the federal government; the miner health benefits provision (Sec. 167) transfers funds from a government trust fund (Abandoned Mine Reclamation Fund) to sustain benefits under the UMWA 1993 Benefit Plan, which addresses government trust fund solvency rather than imposing new obligations on private employers regarding wage, hour, or benefit conduct."
hr432-115,To amend the Internal Revenue Code of 1986 to expand and modify the credit for employee health insurance expenses of small employers.,Small Business Tax Credit Accessibility Act,Taxation,Employee benefits and pensions|Health care costs and insurance|Income tax credits|Small business|Wages and earnings,1.0,"The bill modifies tax incentives for private employers to provide health insurance, directly relating to employer-sponsored group health benefit obligations.",,,,"The bill modifies a tax credit for small employers providing health insurance, which is a tax policy measure, not a direct regulation of private employer wage or benefit obligations.",,,,"This bill expands an existing tax credit that incentivizes small employers to voluntarily offer health insurance, but does not impose mandatory wage, hour, or benefit obligations on private employers; it is a general tax benefit unrelated to employer compliance requirements.",,,,"This bill expands and modifies an existing tax credit for small employers who provide health insurance; it offers a tax benefit to incentivize voluntary employer conduct rather than imposing mandatory wage, hour, or benefit obligations on private employers, and thus falls under the disqualifying category of tax benefits unrelated to wage/hour obligations."
hr6184-114,"To amend title XVIII of the Social Security Act to provide for a special enrollment period under Medicare for individuals enrolled in COBRA continuation coverage, and for other purposes.",Medicare Enrollment Protection Act,Health,Employee benefits and pensions|Employment discrimination and employee rights|Health care costs and insurance|Health care coverage and access|Medicare,1.0,"The bill addresses employee benefit obligations by modifying Medicare enrollment rules for individuals transitioning out of COBRA continuation coverage, which is a private employer-sponsored group health benefit plan governed by ERISA.",,,,"The bill primarily modifies Medicare enrollment rules, which are government benefit program provisions, not private employer obligations under ERISA.",,,,"This bill modifies Medicare enrollment rules and premium penalties for individuals transitioning from COBRA coverage; it regulates a government benefit program (Medicare), not private employer obligations regarding COBRA provision or continuation coverage terms.",,,,"This bill modifies Medicare enrollment rules (a government program) to accommodate individuals who had COBRA coverage; it does not impose any new obligations on private employers regarding their wage, hour, or benefit practices."
hr4254-114,"To prohibit employers from requiring grocery store employees to enter into covenants not to compete, and for other purposes.",Freedom for Workers to Seek Opportunity Act,Labor and Employment,Civil actions and liability|Contracts and agency|Employee hiring|Employment discrimination and employee rights|Food industry and services|Labor-management relations|Retail and wholesale trades,1.0,"The bill mandates that employers recognize employee seniority and continue providing benefits during grocery store acquisitions, directly regulating employer obligations regarding employee benefits and employment terms.",1,enforcement,wage_hour,"The bill prohibits non-compete agreements for grocery store employees and mandates recognition of employee seniority and benefits during acquisitions, directly regulating private employer wage and employment terms.",1,enforcement,wage_hour,"The bill prohibits private employers from imposing non-compete agreements on grocery store employees and mandates seniority recognition and benefit continuation during acquisitions, directly regulating private employer wage and employment conduct under FLSA enforcement mechanisms.",1,enforcement,wage_hour,"The bill prohibits private employers from requiring grocery store employees to enter into non-compete covenants, restricts anti-hiring provisions in grocery store acquisition agreements, mandates seniority recognition and benefit continuation for retained employees, and enforces these obligations through FLSA-style enforcement mechanisms — all directly regulating private employer wage, hour, and benefit conduct."
s1651-115,A bill to provide for temporary financing of short-time compensation programs.,Layoff Prevention Act of 2017,Labor and Employment,Intergovernmental relations|State and local government operations|Unemployment,1.0,"The bill establishes a short-time compensation program that directly regulates private employer obligations regarding wage payments and work hour reductions to prevent layoffs, aligning with wage and hour issues.",1,enforcement,wage_hour,"The bill regulates private employer obligations by allowing reduced work hours and partial wage compensation to prevent layoffs, directly addressing wage and hour issues.",,,,"This bill establishes a voluntary government unemployment insurance program (short-time compensation) that allows employers to opt into work-sharing arrangements; it does not impose mandatory wage, hour, or benefit obligations on private employers, but rather creates a state-administered benefit program with voluntary employer participation.",,,,"This bill establishes a government-funded short-time compensation (work-sharing) unemployment insurance program administered through states; while employers participate voluntarily and contribute partial costs, the bill's central purpose is structuring a government benefit program for unemployment compensation rather than imposing wage, hour, or benefit obligations on private employers."
s2301-115,A bill to strengthen parity in mental health and substance use disorder benefits.,Behavioral Health Coverage Transparency Act of 2018,Health,"Accounting and auditing|Administrative law and regulatory procedures|Congressional oversight|Consumer affairs|Department of Health and Human Services|Department of Labor|Department of the Treasury|Drug, alcohol, tobacco use|Employee benefits and pensions|Executive agency funding and structure|Government information and archives|Health care costs and insurance|Health care coverage and access|Health care quality|Health information and medical records|Health programs administration and funding|Mental health",1.0,"The bill amends ERISA to enforce mental health parity requirements for group health plans, directly addressing private employer obligations regarding employee-sponsored welfare benefits.",1,enforcement,healthcare,"The bill amends ERISA to enforce mental health parity requirements for group health plans, directly addressing private employer obligations regarding employee-sponsored welfare benefits.",1,enforcement,healthcare,"The bill amends ERISA to impose new disclosure and audit requirements on employer-sponsored group health plans regarding mental health parity compliance, directly strengthening private employer obligations as plan sponsors under ERISA.",1,enforcement,healthcare,"The bill amends ERISA to require group health plans to annually disclose compliance analyses for mental health parity and subjects them to random audits, directly strengthening enforcement of private employer obligations as sponsors of group health plans."
hr2942-115,"To permit employees to request changes to their work schedules without fear of retaliation and to ensure that employers consider these requests, and to require employers to provide more predictable and stable schedules for employees in certain occupations with evidence of unpredictable and unstable scheduling practices that negatively affect employees, and for other purposes.",Schedules That Work Act,Labor and Employment,Civil actions and liability|Employee leave|Employment and training programs|Employment discrimination and employee rights|Food industry and services|Labor standards|Labor-management relations|Retail and wholesale trades|Wages and earnings|Worker safety and health,1.0,"The bill regulates private employer scheduling practices, including requirements for advance notice, reporting time pay, and split shift pay, which directly addresses wage and hour obligations and protections against retaliation for exercising these rights.",1,enforcement,wage_hour,"The bill directly regulates private employer scheduling practices, including advance notice, reporting time pay, and split shift pay, thereby addressing wage and hour obligations and protections against retaliation.",1,enforcement,wage_hour,"The bill directly imposes new wage and hour obligations on private employers, including reporting time pay, split shift pay, advance scheduling notice requirements, and protections for employees requesting schedule changes—all core private employer wage and hour conduct regulations.",1,enforcement,wage_hour,"The bill directly imposes new obligations on private employers regarding work scheduling practices, including advance notice requirements, reporting time pay, split shift pay, and protections against retaliation, all of which are wage and hour obligations."
hr4104-114,To amend the Internal Revenue Code of 1986 to treat bicycle sharing systems as mass transit facilities for purposes of the qualified transportation fringe.,Bike to Work Act of 2015,Taxation,Commuting|Employee benefits and pensions|Income tax exclusion|Pedestrians and bicycling|Public transit,1.0,"The bill modifies the Internal Revenue Code to expand the definition of qualified transportation fringe benefits, directly affecting private employer obligations and tax incentives related to employee commuting benefits.",,,,"The bill modifies tax treatment of commuting benefits, which is a tax policy change rather than a direct regulation of private employer wage, hour, or benefit obligations.",,,,"This bill merely expands the tax exclusion for employer-provided commuting benefits to include bicycle sharing systems, which is a general tax benefit unrelated to wage/hour obligations or mandatory employer conduct regarding wages, hours, or benefits.",,,,"This bill modifies the tax exclusion for employer-paid commuting expenses by expanding the definition of qualifying transit facilities to include bike-sharing systems; it is a tax benefit adjustment that does not impose new mandatory wage, hour, or benefit obligations on private employers."
hr879-114,"To repeal the ""Cadillac Tax"" on middle class Americans' health plans.",Ax the Tax on Middle Class Americans' Health Plans Act,Taxation,"Employee benefits and pensions|Health care costs and insurance|Personnel records|Sales and excise taxes|Tax administration and collection, taxpayers",1.0,"The bill repeals the excise tax on high-cost employer-sponsored health care plans, directly regulating the financial obligations and structure of private employer benefit plans under ERISA.",1,enforcement,healthcare,"The bill repeals the excise tax on high-cost employer-sponsored health care plans, directly affecting private employer obligations under ERISA regarding the structure and financial management of benefit plans.",1,enforcement,healthcare,"The bill repeals the ACA excise tax on high-cost employer-sponsored health plans and associated reporting requirements, directly reducing regulatory obligations on private employers as group health plan sponsors under ERISA.",,,,"This bill repeals an excise tax imposed on high-cost employer-sponsored health plans (the 'Cadillac Tax'); it removes a tax burden rather than imposing new mandatory obligations on private employers regarding their health plans, and its primary subject is tax policy, not employer wage, hour, or benefit conduct regulation."
s2122-115,A bill to amend the Fair Labor Standards Act of 1938 regarding reasonable break time for nursing mothers.,Supporting Working Moms Act of 2017,Labor and Employment,Labor standards|Wages and earnings|Women's employment|Women's health|Worker safety and health,1.0,"The bill amends the Fair Labor Standards Act to extend mandatory break time requirements for nursing mothers to exempted employees, directly regulating private employer obligations regarding worker benefits and working conditions.",1,enforcement,wage_hour,"The bill amends the Fair Labor Standards Act to extend mandatory break time requirements for nursing mothers to exempt employees, directly regulating private employer obligations regarding worker benefits and working conditions.",1,enforcement,wage_hour,"The bill amends the FLSA to expand mandatory break time obligations for nursing mothers to previously exempt employees, directly strengthening private employer wage and hour compliance requirements.",1,enforcement,wage_hour,"The bill amends the FLSA to extend mandatory break time requirements for nursing mothers to previously exempt employees, directly expanding private employer obligations regarding workplace break time."
s1908-112,"A bill to amend the Internal Revenue Code of 1986 to clarify the employment tax treatment and reporting of wages paid by professional employer organization, and for other purposes.",,Taxation,"Accounting and auditing|Contracts and agency|Employment taxes|Licensing and registrations|Social security and elderly assistance|Tax administration and collection, taxpayers|User charges and fees|Wages and earnings",1.0,"The bill regulates the employment tax obligations and reporting requirements of Professional Employer Organizations (PEOs), which are private entities responsible for withholding and remitting payroll taxes on behalf of client employers, directly impacting the enforcement of wage-related tax compliance.",,,,"The bill primarily addresses the tax treatment and reporting requirements of Professional Employer Organizations (PEOs) for employment tax purposes, which is a tax administration issue rather than a direct regulation of private employer wage, hour, or benefit obligations.",,,,"This bill addresses tax administration and the employment tax treatment of professional employer organizations (PEOs), establishing certification requirements and clarifying which entity remits payroll taxes, but does not impose substantive wage, hour, or benefit obligations on private employers regarding their employees.",,,,"This bill clarifies employment tax treatment and IRS certification requirements for professional employer organizations; it addresses tax administration and collection mechanics rather than imposing new wage, hour, or benefit obligations on private employers regarding their employees."
hr1619-114,"To amend the Fair Labor Standards Act of 1938 to provide more effective remedies to victims of discrimination in the payment of wages on the basis of sex, and for other purposes.",Paycheck Fairness Act,Labor and Employment,"Administrative law and regulatory procedures|Civil actions and liability|Employment discrimination and employee rights|Equal Employment Opportunity Commission (EEOC)|Government information and archives|Government studies and investigations|Public contracts and procurement|Racial and ethnic relations|Sex, gender, sexual orientation discrimination|Small business|Wages and earnings|Women's employment",1.0,"The bill amends the Fair Labor Standards Act to strengthen prohibitions against sex-based wage discrimination and retaliation, directly regulating private employer obligations regarding the payment of wages.",1,enforcement,wage_hour,"The bill amends the Fair Labor Standards Act to strengthen prohibitions against sex-based wage discrimination and retaliation, directly regulating private employer obligations regarding the payment of wages.",1,enforcement,wage_hour,"The bill strengthens the Equal Pay Act by tightening the bona fide factor defense, expanding remedies including punitive damages, prohibiting wage secrecy policies, and enhancing enforcement mechanisms—all of which directly regulate private employer wage payment obligations under the FLSA.",1,enforcement,wage_hour,"The Paycheck Fairness Act amends the Fair Labor Standards Act to strengthen prohibitions against sex-based wage discrimination, tighten employer defenses, expand remedies including compensatory and punitive damages, prohibit retaliation for wage discussions, and enhance enforcement mechanisms — all directly regulating private employer wage obligations."
hr3497-113,To amend the Internal Revenue Code of 1986 to increase the dollar limitation on the exclusion for employer-provided dependent care assistance.,Child Care Flex Spending Act of 2013,Taxation,Adult day care|Child care and development|Employee benefits and pensions|Income tax exclusion|Inflation and prices,1.0,"The bill introduces a tax incentive that encourages private employers to provide dependent care assistance, a type of employer-sponsored welfare benefit covered under the scope of wage, hour, and benefits issues.",,,,"The bill primarily offers a tax benefit related to employer-provided dependent care assistance, which is a general tax policy change and not a direct regulation of private employer wage or benefit obligations.",,,,"This bill increases the tax exclusion limit for employer-provided dependent care assistance, which is a general tax benefit for families using dependent care services, not a regulation imposing wage, hour, or benefit obligations on private employers.",,,,"This bill increases the tax exclusion for employer-provided dependent care assistance, which is a general tax benefit adjustment rather than a bill imposing new obligations on private employers regarding wage, hour, or benefit conduct; it falls under the disqualifying category of tax benefits unrelated to wage/hour obligations (dependent care credits)."
hr2300-113,"To provide for incentives to encourage health insurance coverage, and for other purposes.",Empowering Patients First Act of 2013,Health,"Abortion|Administrative law and regulatory procedures|Administrative remedies|Alternative dispute resolution, mediation, arbitration|Budget deficits and national debt|Child health|Civil actions and liability|Competition and antitrust|Comprehensive health care|Congressional oversight|Consumer affairs|Contracts and agency|Department of Health and Human Services|Disability and health-based discrimination|Education programs funding|Employee benefits and pensions|Evidence and witnesses|Federal preemption|Fraud offenses and financial crimes|Government employee pay, benefits, personnel management|Government information and archives|Government lending and loan guarantees|Government studies and investigations|Government trust funds|Health care costs and insurance|Health care coverage and access|Health care quality|Health information and medical records|Health personnel|Health programs administration and funding|Health promotion and preventive care|Hospital care|Income tax credits|Income tax deductions|Intergovernmental relations|Licensing and registrations|Medicaid|Medical education|Medical ethics|Medical research|Medicare|Performance measurement|Poverty and welfare assistance|Religion|Right of privacy|Small business|State and local government operations|Student aid and college costs",1.0,"The bill amends ERISA to establish governance rules for association health plans and permits group health plans to vary premiums based on wellness program participation, directly regulating employer-sponsored group health benefit obligations.",1,enforcement,healthcare,"The bill amends ERISA to establish governance rules for association health plans and permits group health plans to vary premiums based on wellness program participation, directly regulating employer-sponsored group health benefit obligations.",1,enforcement,healthcare,"The bill amends ERISA to establish association health plans and permits group health plans to vary premiums based on wellness program participation, directly imposing new obligations on private employers as sponsors of group health benefit plans.",1,enforcement,healthcare,"The bill amends ERISA to establish and govern association health plans (group health plans sponsored by business associations) with certification requirements, permits group health plans to vary premiums/cost-sharing by up to 50% based on wellness program participation, and requires health insurance issuers to provide claims information to plan sponsors — these provisions directly impose obligations on private employers as sponsors of group health plans under ERISA."
s3060-114,A bill to provide an exception from certain group health plan requirements for qualified small employer health reimbursement arrangements.,Small Business Health Care Relief Act of 2016,Taxation,"Employee benefits and pensions|Health care costs and insurance|Health care coverage and access|Income tax exclusion|Small business|Tax administration and collection, taxpayers",1.0,"The bill regulates employer-sponsored health reimbursement arrangements (HRAs) for private small businesses, directly impacting employer obligations regarding group health benefits and compliance with requirements under the Affordable Care Act and ERISA.",1,enforcement,healthcare,"The bill exempts qualified small employer HRAs from certain group health plan requirements, directly impacting private employer obligations under the ACA and ERISA regarding health benefits.",1,enforcement,healthcare,"The bill modifies ERISA and ACA requirements for employer-sponsored health reimbursement arrangements, directly affecting private employer obligations regarding group health benefit plans by creating exemptions for qualified small employer HRAs from certain group health plan requirements.",1,enforcement,healthcare,"The bill directly modifies private employer obligations regarding health reimbursement arrangements by exempting qualified small employer HRAs from group health plan requirements, imposing new notice and reporting obligations on employers offering such HRAs, and altering the regulatory framework governing employer-sponsored health benefits under the Internal Revenue Code and PPACA."
s3680-111,"A bill to amend the Family and Medical Leave Act of 1993 to permit leave to care for a same-sex spouse, domestic partner, parent-in-law, adult child, sibling, or grandparent who has a serious health condition.",Family and Medical Leave Inclusion Act,Labor and Employment,"Employee leave|Government employee pay, benefits, personnel management|Home and outpatient care|Marriage and family status|Sex, gender, sexual orientation discrimination",1.0,"The bill amends the Family and Medical Leave Act (FMLA) to expand the definition of family members eligible for leave, thereby directly regulating private employer obligations regarding protected leave and preventing retaliation for taking such leave.",1,enforcement,wage_hour,"The bill expands FMLA leave eligibility, directly affecting private employer obligations regarding employee leave rights.",1,enforcement,wage_hour,"The bill expands FMLA coverage to include additional family relationships, directly strengthening private employer obligations to provide protected leave to employees caring for same-sex spouses, domestic partners, and other family members with serious health conditions.",1,enforcement,wage_hour,"The bill amends the FMLA to expand the categories of family members for whom private employees may take protected leave, directly broadening private employer leave obligations under the FMLA."
s1145-113,A bill to amend the Employee Retirement Income Security Act of 1974 to require a lifetime income disclosure.,Lifetime Income Disclosure Act,Labor and Employment,Administrative law and regulatory procedures|Department of Labor|Employee benefits and pensions|Government information and archives,1.0,"The bill amends ERISA to mandate lifetime income disclosures for private employer-sponsored retirement plans, directly addressing employer obligations regarding employee benefit plan transparency and management.",1,enforcement,pension,"The bill mandates lifetime income disclosures under ERISA, directly imposing new transparency obligations on private employers as sponsors of retirement plans.",1,enforcement,pension,"The bill amends ERISA to impose new mandatory disclosure obligations on private employers as sponsors of individual account retirement plans, requiring them to provide lifetime income stream equivalents to participants, thereby directly strengthening employer pension plan compliance requirements.",1,enforcement,pension,"The bill amends ERISA to impose a new mandatory disclosure obligation on private employer-sponsored individual account plans, requiring plan administrators to provide lifetime income stream equivalents in quarterly benefit statements, directly creating new participant disclosure obligations for plan sponsors and fiduciaries."
hr4135-115,To amend the Internal Revenue Code of 1986 to increase the exclusion for educational assistance programs.,Upward Mobility Enhancement Act,Taxation,Employee benefits and pensions|Income tax exclusion|Inflation and prices|Student aid and college costs,1.0,"The bill increases the tax exclusion limit for employer-provided educational assistance, directly regulating the financial incentives and obligations of private employers regarding employee welfare benefits.",,,,"The bill primarily concerns tax policy by increasing the income exclusion for employer-provided educational assistance, which is a tax benefit rather than a direct regulation of private employer wage or benefit obligations.",,,,"This bill modifies a tax exclusion that benefits both employers and employees who participate in educational assistance programs, but does not impose any mandatory wage, hour, or benefit obligation on private employers; it is a voluntary tax benefit, not an employer conduct requirement.",,,,"This bill adjusts the tax exclusion amount for employer-provided educational assistance, which is a tax benefit modification rather than a bill imposing new mandatory obligations on private employers regarding wages, hours, or benefits; it modifies the tax treatment of an optional employer-provided benefit, not employer conduct obligations."
hr4611-113,"To amend the Fair Labor Standards Act of 1938 to ensure that employees are not misclassified as non-employees, and for other purposes.",Payroll Fraud Prevention Act of 2014,Labor and Employment,"Administrative law and regulatory procedures|Department of Labor|Employment discrimination and employee rights|Government information and archives|Government studies and investigations|Labor standards|Performance measurement|Personnel records|Tax administration and collection, taxpayers|Unemployment|Wages and earnings",1.0,"The bill amends the Fair Labor Standards Act to prevent private employers from misclassifying employees as independent contractors, thereby ensuring compliance with minimum wage, overtime, and other wage and hour obligations.",1,enforcement,wage_hour,"The bill amends the FLSA to prevent misclassification of employees, directly enforcing private employer wage and hour obligations.",1,enforcement,wage_hour,"The bill strengthens FLSA enforcement by requiring accurate employee classification, imposing notification requirements, doubling liquidated damages for violations, and increasing civil penalties for misclassification—all of which directly tighten private employer wage and hour compliance obligations.",1,enforcement,wage_hour,"The bill amends the FLSA to require private employers to accurately classify workers as employees or non-employees, imposes anti-retaliation protections, doubles liquidated damages for wage and hour violations, and establishes civil penalties for misclassification — all directly tightening private employer wage and hour obligations."
hr2499-113,To amend the Internal Revenue Code of 1986 to extend the exclusion from gross income for employer-provided health coverage for employees' spouses and dependent children to coverage provided to other eligible designated beneficiaries of employees.,Tax Parity for Health Plan Beneficiaries Act of 2013,Taxation,Administrative law and regulatory procedures|Department of the Treasury|Employee benefits and pensions|Employment taxes|Health care costs and insurance|Income tax deductions|Income tax deferral|Income tax exclusion|Self-employed,1.0,"The bill modifies tax exclusions and deductions for employer-provided health coverage, directly regulating the financial obligations and incentives associated with private employer-sponsored welfare benefit plans.",,,,"The bill primarily addresses tax treatment of employer-provided health benefits, not direct obligations on private employers regarding wage, hour, or benefit compliance.",,,,"This bill modifies the tax treatment of employer-provided health benefits by extending tax exclusions to additional beneficiaries, but it does not impose new mandatory obligations on private employers regarding their group health plans; it is a general tax policy change that makes existing voluntary employer benefits more tax-advantaged, not a regulation of employer wage, hour, or benefit conduct.",,,,"This bill extends existing tax exclusions and exemptions to cover additional beneficiaries of employer-provided health plans; it offers tax benefits (exclusions from gross income, employment tax exemptions, deductions) rather than imposing new mandatory obligations on private employers regarding their wage, hour, or benefit conduct."
hr4920-111,"To create and encourage the creation of jobs for youth, and for other purposes.",Employing Youth for the American Dream Act of 2010,Labor and Employment,"Alternative and renewable resources|Department of the Interior|Educational facilities and institutions|Employment and training programs|Forests, forestry, trees|Government employee pay, benefits, personnel management|Income tax credits|Infrastructure development|Parks, recreation areas, trails|Public contracts and procurement|Roads and highways|Small business|Unemployment|Wages and earnings|Youth employment and child labor",1.0,"The bill introduces tax credits and grants that incentivize private employers to hire and pay wages to specific youth demographics, directly relating to employer wage obligations and employment practices.",,,,"The bill primarily focuses on incentivizing hiring through tax credits and grants, which are not direct regulations of private employer wage or benefit obligations.",1,tax_credit_introduction,wage_hour,"The bill introduces new tax credits for employers who hire disconnected youth and expands the work opportunity tax credit, directly incentivizing private employer wage and hiring practices related to youth employment.",,,,"This bill's central purpose is youth employment and job creation through government grant programs, public service employment programs, and tax credits for hiring workers from targeted groups (disconnected youth, ex-offenders); these are hiring incentives and government workforce programs, not regulation of private employer wage, hour, or benefit obligations."
hr5858-115,To amend the Internal Revenue Code of 1986 to require coverage without a deductible of certain primary care services by high deductible health plans.,Primary Care Patient Protection Act of 2018,Taxation,,1.0,"The bill mandates specific coverage requirements for primary care services within high deductible health plans, directly regulating employer-sponsored group health benefit plan obligations under ERISA.",1,enforcement,healthcare,"The bill imposes specific coverage requirements on high deductible health plans, affecting employer-sponsored group health benefit plan obligations under ERISA.",,,,This bill modifies tax code requirements for health savings account-eligible high deductible health plans but does not impose direct obligations on private employers as plan sponsors; it affects individual HSA eligibility rules and voluntary plan design choices rather than mandating employer conduct under ERISA.,,,,This bill modifies the tax code definition of high deductible health plans for purposes of health savings account eligibility; it adjusts optional plan features and tax treatment rather than imposing new mandatory obligations on private employers as plan sponsors under ERISA.
hr2533-115,"To amend the Internal Revenue Code of 1986 to provide for parent savings accounts, and for other purposes.",Working Parents Flexibility Act of 2017,Taxation,"Bank accounts, deposits, capital|Child care and development|Employee benefits and pensions|Employee leave|Income tax deductions|Income tax exclusion|Self-employed",1.0,"The bill establishes tax incentives for employer contributions to parental leave savings accounts, directly relating to employer-sponsored welfare benefits and employee leave obligations.",,,,"The bill primarily establishes tax-exempt savings accounts for parental leave, which is a tax policy measure rather than a direct regulation of private employer wage, hour, or benefit obligations.",,,,"This bill creates voluntary tax-advantaged savings accounts for parental leave and allows (but does not require) employer contributions; it does not impose wage, hour, or benefit obligations on private employers, making it a general tax and family policy measure rather than employer wage/benefit regulation.",,,,"This bill creates a new tax-exempt savings account for individual taxpayers and excludes employer contributions from gross income; it does not impose any mandatory obligations on private employers regarding wages, hours, or benefits, but rather offers optional tax benefits similar to HSAs or dependent care accounts."
hr795-115,To amend the Internal Revenue Code of 1986 to extend the exclusion for employer-provided educational assistance to employer payments of qualified education loans.,Employer Participation in Student Loan Assistance Act,Taxation,"Employee benefits and pensions|Higher education|Income tax exclusion|Interest, dividends, interest rates|Student aid and college costs",1.0,"The bill modifies tax exclusions for employer-provided educational assistance, directly regulating the tax treatment of private employer-sponsored employee benefits.",,,,"The bill primarily concerns tax treatment of employer-provided educational assistance, not direct obligations on private employer wage, hour, or benefit conduct.",,,,"This bill offers employers a tax benefit (exclusion from income) for voluntarily providing student loan repayment assistance, but does not impose any wage, hour, or benefit obligation on private employers; it is a general tax incentive unrelated to employer compliance with wage/hour laws.",,,,"This bill extends an existing tax exclusion for employer-provided educational assistance to cover student loan payments; it modifies the tax treatment of a voluntary employer benefit rather than imposing new mandatory obligations on private employers regarding wages, hours, or benefits."
hr1720-114,To amend the Internal Revenue Code of 1986 to increase the exclusion for employer-provided dependent care assistance.,Child and Dependent Care FSA Enhancement Act,Taxation,Adult day care|Child care and development|Employee benefits and pensions|Income tax exclusion|Inflation and prices,1.0,"The bill modifies tax exclusions for employer-provided dependent care assistance, directly regulating the financial structure of employer-sponsored welfare benefit plans for private sector employees.",,,,"The bill primarily offers a tax benefit by increasing the exclusion for employer-provided dependent care assistance, which is a tax policy change rather than a direct regulation of private employer wage or benefit obligations.",,,,"This bill merely increases the tax exclusion limit for employer-provided dependent care assistance programs; it does not impose new mandatory wage, hour, or benefit obligations on private employers, as offering such programs remains voluntary.",,,,"This bill increases the tax exclusion amount for employer-provided dependent care assistance, which is a tax benefit adjustment rather than a bill imposing new obligations on private employers regarding wage, hour, or benefit conduct; it modifies the tax treatment of an optional employer-provided benefit, not employer conduct requirements."
s3673-111,A bill to amend the Patient Protection and Affordable Care Act to repeal certain limitations on tax health care benefits.,Patients' Freedom to Choose Act,Health,Employee benefits and pensions|Health care costs and insurance|Prescription drugs,1.0,"The bill modifies employer-sponsored health flexible spending arrangements and health savings accounts, which are welfare benefit plans governed by ERISA and subject to private employer obligations.",,,,"The bill primarily addresses tax treatment of health savings accounts and flexible spending arrangements, which are not direct employer obligations under ERISA but rather affect individual tax benefits.",,,,"This bill modifies optional tax-advantaged account features (HSAs, FSAs) and their tax treatment rather than imposing mandatory obligations on private employers as plan sponsors; it is general tax policy, not employer wage or benefit compliance regulation.",,,,"This bill repeals tax-related restrictions on health savings accounts and flexible spending arrangements (removing the prescription-only limitation and the $2,500 salary reduction cap); it modifies optional plan features and tax treatment rather than imposing new mandatory obligations on private employers as plan sponsors."
hr170-115,"To amend the Immigration and Nationality Act to modify the definition of ""exempt H-1B nonimmigrant"".",Protect and Grow American Jobs Act,Immigration,Employee hiring|Foreign labor|Inflation and prices|Visas and passports|Wages and earnings,1.0,"The bill raises the minimum salary threshold for H-1B visa exemptions, directly regulating the wage obligations of private employers hiring foreign specialty occupation workers.",1,enforcement,wage_hour,"The bill raises the minimum salary threshold for H-1B visa exemptions, directly regulating the wage obligations of private employers hiring foreign specialty occupation workers.",,,,"This bill modifies immigration visa requirements (H-1B salary thresholds for exempt nonimmigrants), which primarily regulates immigration policy and visa eligibility rather than imposing general wage, hour, or benefit obligations on private employers; the salary threshold is a visa qualification criterion, not a wage-and-hour enforcement mechanism.",1,enforcement,wage_hour,"The bill raises the salary threshold for exempt H-1B nonimmigrants from $60,000 to $100,000 and adds inflation adjustments, directly tightening the wage obligations that private H-1B dependent employers must meet when hiring foreign specialty occupation workers."
hr1625-116,"To amend the Internal Revenue Code of 1986 to provide a safe harbor for determinations of worker classification, to require increased reporting, and for other purposes.",New Economy Works to Guarantee Independence and Growth Act of 2019,Taxation,"Contracts and agency|Employment taxes|Self-employed|Tax administration and collection, taxpayers|Wages and earnings",1.0,"The bill establishes a safe harbor test for classifying workers as independent contractors versus employees for tax purposes, directly impacting private employers' obligations regarding withholding, reporting, and potential wage and benefit liabilities.",,,,"The bill primarily addresses tax classification of workers as independent contractors, which affects tax obligations rather than directly imposing wage, hour, or benefit obligations on private employers.",1,enforcement,wage_hour,"The bill establishes a safe harbor test for independent contractor classification, directly affecting private employers' obligations regarding worker classification, tax withholding, and associated wage and benefit liabilities under employment law.",1,enforcement,wage_hour,"The bill establishes a safe harbor test for independent contractor classification, directly affecting private employer obligations regarding worker classification, which is a core wage/hour issue since classification determines whether employers must comply with minimum wage, overtime, withholding, and benefit obligations."
s1204-113,"A bill to amend the Patient Protection and Affordable Care Act to protect rights of conscience with regard to requirements for coverage of specific items and services, to amend the Public Health Service Act to prohibit certain abortion-related discrimination in governmental activities, and for other purposes.",Health Care Conscience Rights Act,Health,Abortion|Civil actions and liability|Comprehensive health care|Employee benefits and pensions|Health care costs and insurance|Health care coverage and access|Health personnel|Health programs administration and funding|Legal fees and court costs|Medical education|Religion|Sales and excise taxes,1.0,"The bill amends the Affordable Care Act and Public Health Service Act to protect group health plan sponsors and issuers from being required to provide coverage for specific services, directly addressing employer obligations regarding employer-sponsored group health benefit plans under ERISA.",1,enforcement,healthcare,"The bill amends the ACA to protect group health plan sponsors from being required to provide coverage for specific services, directly addressing employer obligations regarding employer-sponsored group health benefit plans under ERISA.",1,enforcement,healthcare,"The bill amends the ACA and ERISA framework to weaken employer obligations by creating broad exemptions allowing group health plan sponsors to exclude coverage based on moral or religious objections, directly affecting private employer responsibilities under employer-sponsored health plans.",1,enforcement,healthcare,"The bill amends the ACA to allow group health plan sponsors (private employers) to exclude abortion or other items/services from employer-sponsored coverage based on moral or religious objections, and prohibits imposition of penalties for such exclusions, directly modifying private employer obligations regarding employer-sponsored group health plans."
s1358-112,A bill to amend the Family and Medical Leave Act of 1993 to provide leave because of the death of a son or daughter.,Parental Bereavement Act of 2011,Labor and Employment,"Employee leave|Family relationships|Government employee pay, benefits, personnel management|Teaching, teachers, curricula",1.0,"The bill amends the Family and Medical Leave Act (FMLA) to expand leave entitlements for private sector employees, directly regulating employer obligations regarding protected family leave.",1,enforcement,wage_hour,"The bill expands FMLA leave entitlements to include bereavement leave, directly regulating private employer obligations regarding employee leave.",1,enforcement,wage_hour,"The bill expands FMLA leave entitlements to include bereavement leave for the death of a son or daughter, directly strengthening private employer obligations to provide protected unpaid leave to eligible employees.",1,enforcement,wage_hour,"The bill amends the FMLA to expand mandatory leave entitlements for private employer employees by adding bereavement leave for the death of a son or daughter, directly imposing new leave obligations on private employers."
hr2341-112,"To amend the Fair Labor Standards Act with regard to certain exemptions under that Act for direct care workers and to improve the systems for the collection and reporting of data relating to the direct care workforce, and for other purposes.",Direct Care Job Quality Improvement Act of 2011,Labor and Employment,"Allied health services|Census and government statistics|Employment and training programs|Government information and archives|Health personnel|Home and outpatient care|Labor standards|Long-term, rehabilitative, and terminal care|Medicaid|Wages and earnings",1.0,"The bill amends the Fair Labor Standards Act to modify minimum wage and overtime exemptions for direct care workers, directly regulating private employer wage obligations.",1,enforcement,wage_hour,"The bill amends the Fair Labor Standards Act to modify exemptions for direct care workers, directly affecting private employer wage obligations.",1,enforcement,wage_hour,"The bill amends the FLSA to modify exemptions from minimum wage and maximum hour requirements for direct care workers, directly tightening private employer wage and hour obligations under federal labor standards law.",1,enforcement,wage_hour,"The bill amends the Fair Labor Standards Act to modify the companionship services exemption from minimum wage and maximum hour requirements for direct care workers, directly altering private employer wage and hour obligations under the FLSA."
hr364-112,"To repeal the Patient Protection and Affordable Care Act and to take meaningful steps to lower health care costs and increase access to health insurance coverage without raising taxes, cutting Medicare benefits for seniors, adding to the national deficit, intervening in the doctor-patient relationship, or instituting a government takeover of health care.",Common Sense Health Reform Americans Actually Want Act,Health,Abortion|Administrative law and regulatory procedures|Administrative remedies|Child health|Civil actions and liability|Comprehensive health care|Department of Health and Human Services|Disability and health-based discrimination|Emergency medical services and trauma care|Employee benefits and pensions|Evidence and witnesses|Executive agency funding and structure|Family relationships|Federal preemption|Government information and archives|Health care costs and insurance|Health care coverage and access|Health care quality|Health facilities and institutions|Health information and medical records|Health personnel|Health promotion and preventive care|Income tax deductions|Intergovernmental relations|Judicial procedure and administration|Judicial review and appeals|Jurisdiction and venue|Medicaid|Medical ethics|Medical research|Medicare|Small business|State and local government operations,1.0,"The bill amends ERISA to establish governance rules for small business health plans and modifies dependent coverage and preexisting condition exclusions for group health plans, directly regulating private employer-sponsored welfare benefit obligations.",1,enforcement,healthcare,"The bill amends ERISA to establish governance rules for small business health plans and modifies dependent coverage and preexisting condition exclusions for group health plans, directly regulating private employer-sponsored welfare benefit obligations.",1,enforcement,healthcare,"The bill amends ERISA to impose specific coverage requirements on employer-sponsored group health plans (dependent coverage to age 26, preexisting condition exclusion prohibitions for minors, wellness program premium variation limits), directly regulating private employer obligations as plan sponsors under federal employee benefit law.",1,enforcement,healthcare,"The bill amends ERISA to establish small business health plans sponsored by business associations, continues dependent coverage requirements until age 26 for group health plans, maintains preexisting condition exclusion prohibitions for minors, and permits wellness program premium variations — all directly imposing coverage and administrative standards on private employer-sponsored group health plans."
s2833-114,"A bill to amend section 214(c)(8) of the Immigration and Nationality Act to modify the data reporting requirements relating to nonimmigrant employees, and for other purposes.",Visa Transparency Anti-Trafficking Act of 2016,Immigration,Congressional oversight|Cultural exchanges and relations|Foreign labor|Government information and archives|Immigration status and procedures|Visas and passports,1.0,"The bill mandates the reporting of compensation data for nonimmigrant workers by private employers, which serves as a transparency mechanism to monitor and enforce wage obligations and prevent labor trafficking or underpayment violations.",,,,"The bill primarily concerns immigration data reporting requirements and transparency, not direct regulation of private employer wage, hour, or benefit obligations.",,,,"This bill's primary subject is immigration data reporting requirements for nonimmigrant visa holders; while it requires employers to report compensation data, the bill does not impose substantive wage, hour, or benefit obligations on private employers—it is a government information-gathering mechanism, not regulation of employer wage conduct.",,,,"This bill's central purpose is expanding government data reporting and transparency requirements regarding nonimmigrant visa programs; it does not directly impose wage, hour, or benefit obligations on private employers, but rather requires government agencies to collect and publish aggregate data about nonimmigrant workers."
hr1311-112,To provide for the coverage of medically necessary food under Federal health programs and private health insurance.,Medical Foods Equity Act of 2011,Health,Child health|Digestive and metabolic diseases|Food assistance and relief|Health care costs and insurance|Health care coverage and access|Medicare|Nutrition and diet|Poverty and welfare assistance,1.0,"The bill amends ERISA and the Internal Revenue Code to mandate that private employer-sponsored health plans provide coverage for medically necessary food, directly regulating employer benefit obligations.",1,enforcement,healthcare,"The bill amends ERISA to require employer-sponsored health plans to cover medically necessary food, directly imposing obligations on private employers as plan sponsors.",1,enforcement,healthcare,"The bill amends ERISA to impose mandatory coverage requirements on employer-sponsored group health plans for medically necessary food and related medical equipment, directly strengthening private employer benefit obligations as plan sponsors.",1,enforcement,healthcare,"The bill amends ERISA to require employer-sponsored group health plans to provide coverage for medically necessary food, vitamins, and amino acids for inborn errors of metabolism, directly imposing new coverage obligations on private employers as plan sponsors."
hr6854-115,"To provide tax relief for the victims of Hurricane Florence, and for other purposes.",Hurricane Florence Tax Relief Act,Taxation,"Charitable contributions|Disaster relief and insurance|Employee benefits and pensions|Income tax credits|Income tax deductions|Income tax exclusion|Natural disasters|North Carolina|Poverty and welfare assistance|South Carolina|Tax administration and collection, taxpayers|Tax treatment of families|Virginia|Wages and earnings",1.0,"The bill establishes an employee retention tax credit for wages paid by private employers in disaster zones, directly incentivizing wage payments and addressing employer wage obligations.",,,,"The bill primarily provides tax relief for disaster-affected areas, including an employee retention tax credit, which incentivizes hiring but does not directly regulate private employer wage or benefit obligations.",1,tax_credit_introduction,wage_hour,"The bill introduces a new employee retention tax credit for wages paid by private employers in Hurricane Florence disaster zones, incentivizing employers to retain workers during the disaster recovery period.",,,,"This is a disaster relief tax bill; the employee retention tax credit incentivizes employers to keep paying workers after a hurricane rather than regulating wage/hour/benefit obligations, and the retirement plan provisions modify optional plan features and tax treatment rather than imposing new mandatory employer obligations."
hr3726-113,To amend the Internal Revenue Code of 1986 to allow the work opportunity credit for hiring the long-term unemployed.,Long-Term Unemployed Hiring Incentive Act,Taxation,Employee hiring|Income tax credits|Unemployment|Wages and earnings,1.0,"The bill introduces a tax credit for private employers who hire long-term unemployed individuals, which qualifies as a tax incentive related to employer wage and hiring obligations.",,,,"The bill offers a tax credit for hiring long-term unemployed individuals, which incentivizes hiring decisions but does not directly impose wage, hour, or benefit obligations on private employers.",,,,"This bill offers a general tax credit for hiring workers from a specific group (the long-term unemployed), which incentivizes hiring decisions rather than regulating employer wage, hour, or benefit compliance obligations; such hiring credits are explicitly excluded under the detailed classification rules.",,,,"This bill offers a tax credit for hiring workers from a specific group (the long-term unemployed), which incentivizes hiring decisions rather than regulating private employer wage, hour, or benefit obligations; per the detailed rules, such hiring credits do not qualify."
hr5535-114,"To amend the Family and Medical Leave Act of 1993 and title 5, United States Code, to allow employees to take, as additional leave, parental involvement leave to participate in or attend their children's and grandchildren's educational and extracurricular activities and for other purposes.",Family Leave for Parental Involvement in Education Act,Labor and Employment,"Community life and organization|Elementary and secondary education|Employee leave|Family relationships|Government employee pay, benefits, personnel management",1.0,"The bill amends the Family and Medical Leave Act (FMLA) to expand leave entitlements for private sector employees, directly regulating employer obligations regarding protected family leave.",1,enforcement,wage_hour,"The bill expands FMLA leave entitlements, directly regulating private employer obligations regarding employee leave.",1,enforcement,wage_hour,"The bill amends the FMLA to create a new category of protected leave for parental involvement in children's education, directly expanding private employer leave obligations beyond existing FMLA provisions.",1,enforcement,wage_hour,"The bill amends the FMLA to create a new parental involvement leave entitlement, directly imposing additional leave obligations on private employers covered by the Act."
s124-116,A bill to amend the Fair Labor Standards Act of 1938 to prevent employers from using non-compete agreements in employment contracts for certain non-exempt employees.,Freedom to Compete Act,Labor and Employment,Competition and antitrust|Contracts and agency|Employment discrimination and employee rights|Labor standards|Labor-management relations,1.0,"The bill amends the Fair Labor Standards Act to restrict non-compete agreements for non-exempt employees, directly regulating private employer conduct regarding wage-earning workers and their employment conditions.",1,enforcement,wage_hour,"The bill prohibits non-compete agreements for certain non-exempt employees under the FLSA, directly regulating private employer wage conduct.",1,enforcement,wage_hour,"The bill prohibits private employers from enforcing non-compete agreements on certain non-exempt employees, directly regulating employer conduct that suppresses worker wages and mobility under the FLSA.",1,enforcement,wage_hour,"The bill amends the FLSA to prohibit private employers from enforcing non-compete agreements on lower-wage, non-exempt employees, directly regulating private employer conduct that suppresses worker wages and mobility."
hr631-112,To amend the Fair Labor Standards Act of 1938 to establish a base minimum wage for tipped employees.,WAGES Act,Labor and Employment,Wages and earnings,1.0,"The bill amends the Fair Labor Standards Act to establish a base minimum wage for tipped employees, directly regulating private employer wage obligations.",1,enforcement,wage_hour,"The bill amends the Fair Labor Standards Act to establish a base minimum wage for tipped employees, directly regulating private employer wage obligations.",1,enforcement,wage_hour,"The bill amends the FLSA to raise the base minimum wage for tipped employees through a phased schedule, directly strengthening private employer wage obligations under federal wage and hour law.",1,enforcement,wage_hour,"The bill amends the FLSA to raise the base minimum wage for tipped employees, directly tightening private employer wage obligations by increasing the minimum cash wage employers must pay before tip credits."
s479-113,"A bill to amend the Internal Revenue Code of 1986 to clarify the employment tax treatment and reporting of wages paid by professional employer organizations, and for other purposes.",Small Business Efficiency Act,Taxation,"Accounting and auditing|Contracts and agency|Employment taxes|Licensing and registrations|Social security and elderly assistance|Tax administration and collection, taxpayers|User charges and fees|Wages and earnings",1.0,"The bill regulates the employment tax obligations and reporting requirements of Professional Employer Organizations (PEOs), which are private entities responsible for withholding and remitting payroll taxes on behalf of client employers, directly impacting private sector wage administration and compliance.",,,,"The bill primarily addresses tax administration and reporting requirements for Professional Employer Organizations, not private employer wage, hour, or benefit obligations.",,,,"This bill addresses tax administration and collection procedures for professional employer organizations (PEOs), clarifying which entity reports and remits employment taxes, rather than imposing substantive wage, hour, or benefit obligations on private employers.",,,,"This bill clarifies employment tax treatment and IRS certification requirements for professional employer organizations; it addresses tax administration and collection mechanics rather than imposing new wage, hour, or benefit obligations on private employers regarding their employees."
hr6370-114,To amend the Internal Revenue Code of 1986 for purposes of the tax on private foundation excess business holdings to treat as outstanding any employee-owned stock purchased by a business enterprise pursuant to certain employee stock ownership retirement plans.,,Taxation,"Business investment and capital|Employee benefits and pensions|Sales and excise taxes|Securities|Social work, volunteer service, charitable organizations|Tax-exempt organizations",1.0,"The bill addresses employee stock ownership retirement plans, which are employee benefit plans subject to ERISA, by modifying tax treatment for private foundations holding stock purchased from these plans.",,,,"The bill modifies tax treatment for private foundations regarding employee-owned stock, but does not impose new obligations on private employers regarding wage, hour, or benefit compliance.",,,,"This bill modifies the tax treatment of private foundation excess business holdings when stock is purchased from employee stock ownership plans; it does not impose obligations on private employers regarding their employees' wages, hours, benefits, or retirement plan administration.",,,,"This bill modifies the tax treatment of private foundation excess business holdings related to stock purchased from employee stock ownership plans; it does not impose new mandatory obligations on private employers as plan sponsors regarding wages, hours, or benefits, but rather adjusts tax rules for private foundations."
s3462-114,"A bill to provide for a 6-month delay in the effective date of a rule of the Department of Labor relating to income thresholds for determining overtime pay for executive, administrative, professional, outside sales, and computer employees.","Regulatory Relief for Small Businesses, Schools, and Nonprofits Act",Labor and Employment,,1.0,"The bill delays the effective date of a Department of Labor rule regarding overtime pay thresholds for exempt employees, directly impacting private employer obligations under the Fair Labor Standards Act.",1,enforcement,wage_hour,"The bill delays the implementation of a Department of Labor rule that revises income thresholds for overtime pay, directly affecting private employer wage obligations under the FLSA.",1,enforcement,wage_hour,"The bill delays implementation of a DOL rule revising FLSA overtime thresholds for white-collar exemptions, directly affecting the stringency of private employer wage and hour obligations.",1,enforcement,wage_hour,"The bill delays the effective date of a DOL rule revising overtime pay income thresholds for white-collar exempt employees, directly affecting private employer obligations under the FLSA by postponing when stricter overtime requirements take effect."
s1248-113,"A bill to permit employees to request, and to ensure employers consider requests for, flexible work terms and conditions, and for other purposes.",Flexibility for Working Families Act,Labor and Employment,"Administrative remedies|Civil actions and liability|Congressional agencies|Congressional officers and employees|Department of Labor|Employment discrimination and employee rights|Government Accountability Office (GAO)|Government employee pay, benefits, personnel management|Government information and archives|Judicial review and appeals|Labor standards|Labor-management relations|Library of Congress|State and local government operations",1.0,"The bill regulates private employer obligations regarding work schedules, hours, and notification periods, and explicitly requires the Department of Labor's Wage and Hour Division to issue guidance on compliance with the Fair Labor Standards Act, directly addressing wage and hour issues.",1,enforcement,wage_hour,"The bill imposes obligations on private employers to consider employee requests for flexible work terms, directly addressing wage and hour issues under the FLSA.",1,enforcement,wage_hour,"The bill creates new mandatory obligations for private employers to consider and respond to employee requests for flexible work arrangements (hours, scheduling, location, notification), establishes enforcement mechanisms through the Department of Labor, and provides civil penalties for violations—directly regulating private employer wage and hour conduct beyond existing FLSA requirements.",1,enforcement,wage_hour,"The bill imposes new obligations on private employers to consider employee requests for flexible work terms (hours, schedules, location, notification), prohibits employer interference with these rights, and provides enforcement mechanisms including civil penalties, directly regulating private employer conduct regarding hours and working conditions."
hr3046-115,To amend the Internal Revenue Code of 1986 to exclude employer contributions to 529 plans from gross income and employment taxes and to allow a deduction for individual contributions to such plans.,Help All Americans Save for College Act of 2017,Taxation,"Bank accounts, deposits, capital|Disability and paralysis|Employee benefits and pensions|Employment taxes|Higher education|Income tax deductions|Income tax exclusion|Income tax rates|Student aid and college costs",1.0,"The bill modifies tax incentives for employer-sponsored 529 plans and ABLE accounts, directly affecting private employer obligations and strategies regarding employee benefit contributions.",,,,"The bill primarily modifies tax treatment for employer contributions to 529 plans and ABLE accounts, which are tax policy changes rather than direct regulations on private employer wage, hour, or benefit obligations.",,,,"This bill modifies the tax treatment of voluntary employer contributions to 529 college savings plans and ABLE accounts, but does not impose any mandatory wage, hour, or benefit obligations on private employers; it is a general tax policy bill offering optional tax benefits unrelated to employer wage/hour compliance.",,,,"This bill modifies the tax treatment of employer contributions to 529 plans and ABLE accounts, offering tax exclusions for such contributions. These are optional tax benefits related to educational savings and disability accounts, not mandatory employer wage, hour, or benefit obligations. The bill does not impose new obligations on private employers regarding wages, hours, or benefits under ERISA, FLSA, or similar statutes."
hr3015-113,To amend the Internal Revenue Code of 1986 to provide tax incentives for the establishment of supermarkets in certain underserved areas.,Supermarket Tax Credit for Underserved Areas Act,Taxation,Business investment and capital|Employee hiring|Food industry and services|Fruit and vegetables|Income tax credits|Retail and wholesale trades|Wages and earnings,1.0,"The bill modifies the Work Opportunity Tax Credit by increasing the wage limit eligible for credit for employees of supermarkets, which constitutes a tax incentive directly related to private employer wage obligations.",,,,"The bill primarily offers tax incentives for supermarkets in underserved areas, including an increase in the wage limit for the Work Opportunity Tax Credit, which is a hiring incentive rather than a direct regulation of private employer wage obligations.",,,,"This bill offers general tax credits for hiring workers and investing in supermarkets in underserved areas; these are economic development incentives unrelated to employer wage, hour, or benefit compliance obligations.",,,,"The bill provides tax incentives for establishing supermarkets in underserved areas, including a rehabilitation tax credit, a modification to the work opportunity tax credit (a general hiring credit), and a credit for selling local produce; these are general tax incentives for business investment and hiring, not regulations of private employer wage, hour, or benefit obligations."
s1341-115,A bill to amend the Fair Labor Standards Act of 1938 to prohibit employment of children in tobacco-related agriculture by deeming such employment as oppressive child labor.,Children Don't Belong on Tobacco Farms Act,Labor and Employment,"Drug, alcohol, tobacco use|Labor standards|Migrant, seasonal, agricultural labor|Worker safety and health|Youth employment and child labor",1.0,"The bill amends the Fair Labor Standards Act to prohibit private employers from engaging in oppressive child labor in tobacco agriculture, directly regulating employer conduct regarding youth employment standards.",1,enforcement,wage_hour,"The bill amends the Fair Labor Standards Act to prohibit employment of children in tobacco-related agriculture, directly regulating private employer conduct regarding youth employment standards.",1,enforcement,wage_hour,"The bill amends the FLSA to expand the definition of oppressive child labor, directly strengthening private employer obligations regarding youth employment standards in agricultural settings.",1,enforcement,wage_hour,"The bill amends the Fair Labor Standards Act to expand the definition of 'oppressive child labor' to prohibit private employers from employing minors under 18 in tobacco-related agricultural work, directly tightening private employer labor standards obligations."
s1656-113,A bill to clarify that volunteers at a children's consignment event are not employees under the Fair Labor Standards Act of 1938.,Children's Consignment Event Recognition Act of 2013,Labor and Employment,"Labor standards|Retail and wholesale trades|Social work, volunteer service, charitable organizations",1.0,"The bill amends the Fair Labor Standards Act to define a specific class of volunteers as non-employees, thereby exempting private event organizers from minimum wage and overtime obligations for those individuals.",1,enforcement,wage_hour,"The bill amends the FLSA to exclude certain volunteers from employee status, affecting private employer wage obligations by exempting them from minimum wage and overtime requirements.",1,enforcement,wage_hour,"The bill amends the FLSA to exempt a specific category of workers (volunteers at children's consignment events) from minimum wage and overtime protections, thereby weakening private employer wage obligations under federal labor standards.",1,enforcement,wage_hour,"The bill amends the FLSA to exclude volunteers at children's consignment events from the definition of 'employee,' directly reducing private employer minimum wage and overtime obligations for those individuals."
s1386-115,"A bill to permit employees to request changes to their work schedules without fear of retaliation and to ensure that employers consider these requests, and to require employers to provide more predictable and stable schedules for employees in certain occupations with evidence of unpredictable and unstable scheduling practices that negatively affect employees, and for other purposes.",Schedules That Work Act,Labor and Employment,Civil actions and liability|Employee leave|Employment and training programs|Employment discrimination and employee rights|Food industry and services|Labor standards|Labor-management relations|Retail and wholesale trades|Wages and earnings|Worker safety and health,1.0,"The bill regulates private employer scheduling practices, including requirements for advance notice, reporting time pay, and split shift pay, which directly impacts wage and hour obligations under labor standards.",1,enforcement,wage_hour,"The bill imposes new obligations on private employers regarding work scheduling practices, directly impacting wage and hour obligations under labor standards.",1,enforcement,wage_hour,"The bill directly imposes new wage and hour obligations on private employers, including reporting time pay, split shift pay, advance scheduling notice requirements, and employee rights to request schedule changes, all of which regulate employer wage and hour conduct under labor standards.",1,enforcement,wage_hour,"The bill directly imposes new obligations on private employers regarding work scheduling practices, including reporting time pay, split shift pay, advance notice requirements, and protections against retaliation for schedule change requests, all of which are wage and hour obligations."
hr3910-115,To amend the Internal Revenue Code of 1986 to make lifetime income and managed account options of defined contribution retirement savings plans portable.,,Taxation,Employee benefits and pensions|Financial services and investments|Income tax deferral,1.0,"The bill regulates the portability and distribution mechanisms of employer-sponsored defined contribution retirement plans, directly addressing private employer obligations regarding employee pension benefits under ERISA.",,,,"The bill primarily addresses tax treatment and portability of retirement plan investments, not imposing new mandatory obligations on private employers as plan sponsors.",,,,"This bill merely modifies optional plan features and the tax treatment of certain retirement plan distributions (lifetime income and managed account portability), without creating new mandatory employer conduct obligations regarding plan sponsorship, funding, fiduciary duties, or participant protections.",,,,"This bill modifies optional plan features and the tax treatment of distributions from defined contribution plans when investment options are removed; it does not impose new mandatory obligations on private employers as plan sponsors (such as minimum funding requirements or fiduciary duties) but merely permits certain distribution mechanisms, making it a tax/plan-design modification rather than an employer-obligation bill."
s1188-113,A bill to amend the Internal Revenue Code of 1986 to modify the definition of full-time employee for purposes of the individual mandate in the Patient Protection and Affordable Care Act.,Forty Hours Is Full Time Act of 2013,Taxation,Employee benefits and pensions|Health care costs and insurance|Health care coverage and access|Sales and excise taxes,1.0,"The bill modifies the definition of a full-time employee for the ACA employer mandate, directly affecting private employers' obligations to provide health benefits to their workforce.",1,enforcement,healthcare,"The bill modifies the definition of a full-time employee for the ACA employer mandate, directly affecting private employers' obligations to provide health benefits to their workforce.",1,enforcement,healthcare,"The bill modifies the ACA employer mandate's full-time employee threshold from 30 to 40 hours per week, directly weakening private employers' obligations to provide health coverage and thus constitutes enforcement-weakening legislation regarding employer-sponsored health benefits.",1,enforcement,healthcare,"The bill modifies the ACA employer mandate's definition of full-time employee from 30 to 40 hours per week, directly altering which employees private employers are obligated to provide health coverage for, thereby loosening private employer healthcare benefit obligations."
hr397-112,"To repeal the Patient Protection and Affordable Care Act and the Health Care and Education Reconciliation Act of 2010 and to take meaningful steps to lower health care costs and increase access to health insurance coverage without raising taxes, cutting Medicare benefits for seniors, adding to the national deficit, intervening in the doctor-patient relationship, or instituting a government takeover of health care.",Reform Americans Can Afford Act of 2011,Health,"Abortion|Administrative law and regulatory procedures|Administrative remedies|Advisory bodies|Bankruptcy|Civil actions and liability|Comprehensive health care|Consumer affairs|Department of Health and Human Services|Disability and health-based discrimination|Drug safety, medical device, and laboratory regulation|Employee benefits and pensions|Executive agency funding and structure|Family relationships|Federal-Indian relations|Government information and archives|Government lending and loan guarantees|Health care costs and insurance|Health care coverage and access|Health care quality|Health programs administration and funding|Health promotion and preventive care|Higher education|Income tax credits|Intellectual property|Judicial procedure and administration|Licensing and registrations|Medicaid|Medical research|Medicare|Small business|State and local government operations|State and local taxation|Student aid and college costs|User charges and fees",1.0,"The bill amends ERISA to regulate association health plans and group health plan dependent coverage, directly addressing employer-sponsored welfare benefit obligations.",1,enforcement,healthcare,"The bill amends ERISA to regulate association health plans and group health plan dependent coverage, directly addressing employer-sponsored welfare benefit obligations.",1,enforcement,healthcare,"The bill amends ERISA to impose new obligations on private employers as sponsors of group health plans, including dependent coverage requirements up to age 25, association health plan governance standards, and wellness program premium variation rules, directly regulating employer-sponsored health benefit obligations.",1,enforcement,healthcare,"The bill amends ERISA to establish association health plans, require group health plans to extend dependent coverage to age 25, permit wellness program premium variations up to 50%, and prohibit annual/lifetime spending caps on employer-offered health plans — all directly imposing obligations on private employers as sponsors of group health plans."
s3067-111,A bill to amend the Internal Revenue Code of 1986 to increase the exclusion for employer-provided dependent care assistance.,Child and Dependent Care FSA Enhancement Act,Taxation,Adult day care|Child care and development|Employee benefits and pensions|Income tax exclusion|Inflation and prices,1.0,"The bill modifies tax exclusions for employer-provided dependent care assistance, directly regulating the financial structure of employer-sponsored welfare benefit plans for private sector employees.",,,,"The bill primarily offers a tax benefit by increasing the exclusion for employer-provided dependent care assistance, which is a tax policy change rather than a direct regulation of private employer wage, hour, or benefit obligations.",,,,"This bill increases the tax exclusion limit for employer-provided dependent care assistance programs, which is a general tax benefit for families using dependent care FSAs, not a regulation imposing wage, hour, or benefit obligations on private employers.",,,,"This bill increases the tax exclusion amount for employer-provided dependent care assistance, which is a tax benefit adjustment rather than a bill imposing new mandatory obligations on private employers regarding wage, hour, or benefit conduct."
hr1423-114,"To amend the Public Health Service Act, the Employee Retirement Income Security Act of 1974, and the Internal Revenue Code of 1986 to exclude from the definition of health insurance coverage certain medical stop-loss insurance obtained by certain plan sponsors of group health plans.",Self-Insurance Protection Act,Health,Employee benefits and pensions|Health care costs and insurance|Insurance industry and regulation,1.0,"The bill amends ERISA and the Internal Revenue Code to clarify the regulatory status of stop-loss insurance for self-insured group health plans, directly affecting private employer obligations and compliance regarding employee welfare benefit plans.",,,,"The bill primarily addresses the regulatory classification of stop-loss insurance for self-insured health plans, which affects insurance industry regulation rather than imposing new obligations on private employers as plan sponsors under ERISA.",,,,This bill merely clarifies the regulatory classification of stop-loss insurance under ERISA and does not impose new mandatory obligations on private employers as plan sponsors; it addresses what constitutes 'health insurance coverage' for regulatory purposes without creating employer conduct requirements.,,,,"This bill modifies ERISA classification rules by excluding stop-loss insurance from the definition of 'health insurance coverage' for self-insured employer plans; it does not impose new mandatory obligations on private employers as plan sponsors but rather reclassifies a product to reduce regulatory burdens, which is a definitional/classification change rather than a new employer conduct obligation."
s1088-112,A bill to provide increased funding for the reinsurance for early retirees program.,Retiree Health Coverage Protection Act,Health,Employee benefits and pensions|Health care costs and insurance,1.0,The bill addresses employer-sponsored group health benefit obligations by increasing federal reinsurance funds to help private employers cover the costs of providing health insurance to early retirees.,,,,"The bill increases funding for a government reinsurance program, which indirectly supports employer-sponsored health plans, but does not impose new obligations on private employers regarding their health benefit plans.",,,,This bill appropriates additional federal funds for a voluntary reinsurance program that reimburses employers who choose to provide retiree health coverage; it does not impose new obligations on private employers regarding their group health plans or modify existing ERISA requirements.,,,,"This bill increases federal appropriations for a government reinsurance program that reimburses employer-sponsored plans; it does not impose new obligations on private employers regarding their health plans but rather provides government funding to subsidize existing employer plan costs, making it a government spending/subsidy bill rather than a regulation of private employer conduct."
s959-114,"A bill to establish a tax credit for on-site apprenticeship programs, and for other purposes.",Apprenticeship and Jobs Training Act of 2015,Taxation,Congressional oversight|Employee benefits and pensions|Employment and training programs|Government studies and investigations|Income tax credits|Income tax exclusion|Military education and training|Wages and earnings,1.0,"The bill introduces tax credits for private employers participating in apprenticeship programs and modifies penalty rules for early retirement plan distributions, directly affecting employer wage-related training obligations and employee benefit plan administration.",1,tax_credit_introduction,wage_hour,"The bill introduces a tax credit for employers offering on-site apprenticeship programs, incentivizing employer-provided job training, which directly relates to private employer wage and training obligations.",1,tax_credit_introduction,wage_hour,"The bill introduces a new tax credit specifically for employer-provided job training through qualified apprenticeship programs, which qualifies as an incentive for better employer behavior in the wage_hour category.",1,tax_credit_introduction,wage_hour,"The bill introduces a new tax credit for private employers who provide on-the-job training through qualified apprenticeship programs, which is a credit specifically tied to employer-provided job training and thus qualifies under the detailed rules."
s2784-113,"A bill to direct the Secretary of Transportation to carry out activities to improve rail safety, and for other purposes.",Rail Safety Improvement Act of 2014,Transportation and Public Works,Accidents|Administrative law and regulatory procedures|Civil actions and liability|Commuting|Congressional oversight|Connecticut|Department of Transportation|Emergency planning and evacuation|Fires|Government information and archives|Government studies and investigations|Hazardous wastes and toxic substances|New Jersey|New York City|New York State|Oil and gas|Railroads|Roads and highways|Technology assessment|Telephone and wireless communication|Transportation employees|Transportation programs funding|Transportation safety and security|Worker safety and health,1.0,"The bill revises and increases civil penalties for violations of employee hours of service and sleeping quarters requirements for railroad carriers, directly addressing private employer obligations regarding worker rest and scheduling.",1,enforcement,wage_hour,"The bill revises and increases civil penalties for violations of employee hours of service and sleeping quarters requirements for railroad carriers, directly addressing private employer obligations regarding worker rest and scheduling.",1,enforcement,wage_hour,"The bill strengthens enforcement of railroad employee hours of service and sleeping quarters requirements, directly tightening private employer obligations regarding worker rest periods and scheduling under federal rail safety law.",,,,"Although the bill increases civil penalties for employee hours of service violations, its central purpose is rail safety and transportation regulation, not private employer wage, hour, or benefit obligations; the hours of service provisions are safety-focused requirements incidental to the bill's primary transportation safety purpose."
s180-115,"A bill to amend the Immigration and Nationality Act to reform and reduce fraud and abuse in certain visa programs for aliens working temporarily in the United States, and for other purposes.",H-1B and L-1 Visa Reform Act of 2017,Immigration,"Administrative law and regulatory procedures|Administrative remedies|Civil actions and liability|Congressional oversight|Department of Labor|Foreign labor|Government employee pay, benefits, personnel management|Government studies and investigations|Immigration status and procedures|Science and engineering education|User charges and fees|Visas and passports|Wages and earnings",1.0,"The bill imposes wage and benefit obligations on private employers sponsoring H-1B and L-1 visas, including liability for lost wages and benefits, penalties for displacing U.S. workers, and requirements regarding wage rates and working conditions.",1,enforcement,wage_hour,"The bill imposes wage and benefit obligations on private employers sponsoring H-1B and L-1 visas, including liability for lost wages and benefits, penalties for displacing U.S. workers, and requirements regarding wage rates and working conditions.",1,enforcement,wage_hour,"The bill directly imposes wage and benefit obligations on private employers sponsoring H-1B and L-1 visa workers, including liability for lost wages and benefits to harmed employees, penalties for displacing U.S. workers, and requirements regarding wage rates and working conditions.",1,enforcement,wage_hour,"The bill directly imposes wage and benefit obligations on private employers using H-1B and L-1 visa programs, including requiring employer liability for lost wages and benefits to harmed employees, prescribing wage rate requirements, increasing penalties for displacing U.S. workers, and strengthening Department of Labor enforcement through audits, subpoena power, and compliance investigations."
hr386-115,To amend the Internal Revenue Code of 1986 to increase the amount excludable from gross income for dependent care assistance and dependent care flexible spending arrangements and to provide for a carryover of unused dependent care benefits in dependent care flexible spending arrangements.,Working Parents Tax Relief Act,Taxation,Child care and development|Disability and paralysis|Employee benefits and pensions|Income tax exclusion|Inflation and prices,1.0,"The bill modifies tax exclusions for employer-provided dependent care assistance, directly regulating the financial structure of private employer-sponsored welfare benefit plans under ERISA.",,,,"The bill primarily offers a tax benefit related to dependent care, which is not directly related to private employer wage, hour, or benefit obligations.",,,,"This bill increases tax exclusion limits and allows carryover for employer-provided dependent care assistance programs, which are optional tax benefits for employers and employees rather than mandatory employer wage, hour, or benefit obligations; it functions as general tax/family policy, not regulation of private employer conduct.",,,,"This bill adjusts the tax exclusion amount for employer-provided dependent care assistance and allows carryover of unused benefits in flexible spending arrangements; these are tax treatment modifications for an optional employer benefit, not mandatory obligations imposed on private employers regarding wage, hour, or benefit conduct."
s852-115,"A bill to amend the Internal Revenue Code of 1986 to protect older, longer service and grandfathered participants in defined benefit plans.",Retirement Security Preservation Act of 2017,Taxation,Employee benefits and pensions|Income tax deferral,1.0,"The bill regulates nondiscrimination and participation requirements for private employer-sponsored defined benefit and defined contribution retirement plans, directly addressing ERISA obligations regarding employee pension benefits.",1,enforcement,pension,"The bill modifies nondiscrimination requirements for private employer-sponsored defined benefit and defined contribution retirement plans, directly addressing ERISA obligations regarding employee pension benefits.",,,,"This bill modifies the tax code's nondiscrimination testing rules for closed defined benefit plans but does not impose new mandatory employer conduct obligations; it merely adjusts optional plan design flexibility and tax qualification rules without creating enforceable wage, hour, or benefit compliance requirements.",1,enforcement,pension,"The bill modifies nondiscrimination and minimum participation requirements under the Internal Revenue Code for private employer-sponsored defined benefit and defined contribution retirement plans, directly altering mandatory obligations that private employers must satisfy as plan sponsors of closed or frozen pension plans."
hr1848-114,To amend the Fair Labor Standards Act of 1938 to prohibit employment of children in tobacco-related agriculture by deeming such employment as oppressive child labor.,,Labor and Employment,"Drug, alcohol, tobacco use|Labor standards|Migrant, seasonal, agricultural labor|Worker safety and health|Youth employment and child labor",1.0,"The bill amends the Fair Labor Standards Act to prohibit private employers from engaging in oppressive child labor in tobacco agriculture, directly regulating employer compliance with federal child labor standards.",1,enforcement,wage_hour,"The bill amends the Fair Labor Standards Act to prohibit employment of children in tobacco-related agriculture, directly regulating private employer compliance with federal child labor standards.",1,enforcement,wage_hour,"The bill amends the FLSA to expand the definition of oppressive child labor, directly strengthening private employer obligations regarding youth employment in tobacco agriculture.",1,enforcement,wage_hour,"The bill amends the Fair Labor Standards Act to expand the definition of oppressive child labor, directly tightening private employer obligations regarding the employment of minors in tobacco-related agriculture."
s1254-115,A bill to amend the Internal Revenue Code of 1986 to expand the small employer health insurance credit.,Health Care for Small Business Act,Taxation,Employee benefits and pensions|Health care costs and insurance|Income tax credits|Inflation and prices|Small business|Wages and earnings,1.0,"The bill expands the tax credit for small employers providing health insurance, directly incentivizing private employers to offer employer-sponsored group health benefit plans.",,,,"The bill primarily offers a tax credit to small employers for providing health insurance, which is a tax policy measure rather than a direct regulation of private employer wage or benefit obligations.",,,,"This bill expands a tax credit that incentivizes small employers to voluntarily offer health insurance benefits, but does not impose any mandatory wage, hour, or benefit obligations on private employers; it is a general tax benefit unrelated to employer compliance obligations.",,,,"This bill expands an existing tax credit for small employers who provide health insurance; it offers a tax benefit to incentivize employer behavior rather than imposing new mandatory obligations on private employers regarding wages, hours, or benefits, and falls under the disqualifying category of tax benefits unrelated to wage/hour obligations."
hr1-115,An Act to provide for reconciliation pursuant to titles II and V of the concurrent resolution on the budget for fiscal year 2018.,Tax Cuts and Jobs Act,Taxation,"Accounting and auditing|Administrative law and regulatory procedures|Adoption and foster care|Agricultural equipment and machinery|Alaska|Alaska Natives and Hawaiians|Alcoholic beverages|Alternative and renewable resources|American Samoa|Arctic and polar regions|Art, artists, authorship|Assault and harassment offenses|Aviation and airports|Bank accounts, deposits, capital|Business expenses|Business investment and capital|Capital gains tax|Caribbean area|Charitable contributions|Child care and development|Civil actions and liability|Commodities markets|Corporate finance and management|Department of the Treasury|Disability and paralysis|Economic development|Elections, voting, political campaign regulation|Electric power generation and transmission|Employee benefits and pensions|Employee hiring|Employee leave|Employee performance|Employment taxes|Energy efficiency and conservation|Energy revenues and royalties|Financial services and investments|Foreign and international corporations|Gambling|Health care costs and insurance|Higher education|Historic sites and heritage areas|Housing finance and home ownership|Income tax credits|Income tax deductions|Income tax deferral|Income tax exclusion|Income tax rates|Inflation and prices|Insurance industry and regulation|Intellectual property|Interest, dividends, interest rates|Life, casualty, property insurance|Low- and moderate-income housing|Marine and coastal resources, fisheries|Members of Congress|Military personnel and dependents|Motor vehicles|Museums, exhibitions, cultural centers|Nuclear power|Oil and gas|Poverty and welfare assistance|Prescription drugs|Public participation and lobbying|Puerto Rico|Religion|Research and development",1.0,"The bill modifies the Internal Revenue Code regarding employee benefits and pensions, including provisions on health insurance coverage and retirement plan contributions, which directly affect private employer obligations and incentives related to wage and benefit structures.",,,,"The bill primarily focuses on tax reform, including changes to tax rates, deductions, and credits for individuals and businesses, rather than directly imposing new obligations on private employers regarding wages, hours, or benefits. The provisions related to employee benefits and pensions are incidental to the broader tax policy changes.",,,,"This is a comprehensive tax reform bill whose primary subject is taxation policy; while it contains numerous provisions that incidentally affect employee benefits, pensions, and compensation (e.g., retirement plan rollover rules, executive compensation deduction limits, fringe benefit taxation), none of these provisions constitute the bill's central purpose, which is broad tax code restructuring including corporate tax rates, individual tax brackets, international taxation, and business deductions.",API error,API error,API error,API error
hr628-115,"To amend the Public Health Service Act to prohibit application of preexisting condition exclusions and to guarantee availability of health insurance coverage in the individual and group market, contingent on the enactment of legislation repealing the Patient Protection and Affordable Care Act, and for other purposes.",Guaranteed Health Coverage for Pre-Existing Conditions Act of 2017,Health,Disability and health-based discrimination|Employee benefits and pensions|Genetics|Health care costs and insurance|Health care coverage and access|Insurance industry and regulation,1.0,"The bill regulates employer-sponsored group health insurance coverage by prohibiting preexisting condition exclusions and guaranteeing availability in the group market, directly impacting private employer obligations under ERISA and the Public Health Service Act.",1,enforcement,healthcare,"The bill regulates employer-sponsored group health insurance coverage by prohibiting preexisting condition exclusions and guaranteeing availability in the group market, directly impacting private employer obligations under ERISA and the Public Health Service Act.",1,enforcement,healthcare,"The bill maintains prohibitions on preexisting condition exclusions and guaranteed issue requirements for employer-sponsored group health plans, directly imposing coverage obligations on private employers as ERISA plan sponsors.",,,,"This bill primarily regulates health insurance issuers by prohibiting preexisting condition exclusions and requiring guaranteed issue in both individual and group markets; it does not directly impose obligations on private employers as plan sponsors under ERISA, but rather sets health insurance market rules that apply to employer-sponsored plans only incidentally."
s1098-112,"A bill to amend the Internal Revenue Code of 1986 to improve access to health care through expanded health savings accounts, and for other purposes.",Family and Retirement Health Investment Act of 2011,Taxation,"Bankruptcy|Employee benefits and pensions|Health care costs and insurance|Health care coverage and access|Health promotion and preventive care|Income tax deductions|Income tax exclusion|Indian social and development programs|Long-term, rehabilitative, and terminal care|Medicaid|Medicare|Military medicine|Minority health|Nutrition and diet|Physical fitness and lifestyle|Prescription drugs|Veterans' medical care",1.0,"The bill amends the Internal Revenue Code to expand Health Savings Account (HSA) provisions, including allowing Medicare Part A beneficiaries and veterans to establish HSAs and permitting the use of HSAs for long-term care insurance, which directly affects employer-sponsored group health benefit structures and tax incentives for private employers.",,,,"The bill primarily addresses tax treatment and expansion of Health Savings Accounts, which are individual accounts and do not impose new obligations on private employers regarding wage, hour, or benefit compliance.",,,,"This bill primarily expands individual tax benefits for Health Savings Accounts (HSAs) and medical expense deductions without imposing new obligations on private employers regarding their group health plans; the HSA provisions are individual tax policy, not employer benefit mandates.",,,,"This bill modifies the tax treatment of Health Savings Accounts, flexible spending arrangements, and medical expense deductions — these are general tax policy changes affecting individuals and optional plan features, not bills that directly impose new mandatory obligations on private employers as plan sponsors under ERISA; the repeal of the small group market deductible limitation is an insurance market rule, not a direct employer obligation."
s268-113,A bill to reduce the deficit and protect important programs by ending tax loopholes.,CUT Loopholes Act,Taxation,"Accounting and auditing|Administrative law and regulatory procedures|Administrative remedies|Bank accounts, deposits, capital|Banking and financial institutions regulation|Business investment and capital|Capital gains tax|Civil actions and liability|Commodities markets|Commodity Futures Trading Commission|Congressional oversight|Corporate finance and management|Credit and credit markets|Department of the Treasury|Environmental regulatory procedures|Evidence and witnesses|Financial services and investments|Foreign and international banking|Foreign and international corporations|Fraud offenses and financial crimes|Government information and archives|Government trust funds|Income tax credits|Income tax deductions|Income tax exclusion|Income tax rates|Interest, dividends, interest rates|Internet and video services|Jurisdiction and venue|Lawyers and legal services|Legal fees and court costs|Oil and gas|Pollution liability|Sales and excise taxes|Securities|Securities and Exchange Commission (SEC)|Tax administration and collection, taxpayers|Taxation of foreign income|Transfer and inheritance taxes|Wages and earnings",1.0,"The bill limits the employer tax deduction for stock options and applies the $1 million remuneration cap to stock option compensation, which directly regulates private employer wage and benefit obligations through tax incentives.",,,,"The bill primarily addresses tax loopholes and corporate tax regulations, not private employer wage, hour, or benefit obligations. The mention of employer tax deductions for stock options is incidental to the bill's main focus on taxation.",,,,"While the bill limits employer tax deductions for stock options and employee remuneration, these provisions modify tax benefits rather than impose direct wage, hour, or benefit obligations on private employers; the bill's primary subject is closing various tax loopholes, not regulating employer wage conduct.",,,,"Although the bill limits employer tax deductions for stock option compensation and applies the $1 million remuneration cap to stock options, these provisions modify the tax treatment of executive compensation rather than imposing new wage, hour, or benefit obligations on private employers; the bill's central purpose is closing tax loopholes and reducing the deficit, and the compensation-related provisions are incidental tax policy changes, not regulation of private employer wage or benefit conduct."
hr3595-115,"To amend the Internal Revenue Code of 1986 to provide a credit to employers who provide paid family and medical leave, and for other purposes.",Strong Families Act,Taxation,Congressional oversight|Employee benefits and pensions|Employee leave|Government studies and investigations|Income tax credits|Wages and earnings,1.0,"The bill provides tax credits to private employers for providing paid family and medical leave, directly incentivizing compliance with benefit obligations related to FMLA-protected leave.",1,tax_credit_introduction,wage_hour,"The bill introduces a tax credit for employers who provide paid family and medical leave, incentivizing compliance with benefit obligations related to FMLA-protected leave.",1,tax_credit_introduction,wage_hour,"The bill introduces a new tax credit incentivizing employers to voluntarily provide paid family and medical leave to employees, which qualifies as a tax credit encouraging better employer behavior regarding wage and leave benefits.",1,tax_credit_introduction,wage_hour,"The bill introduces a new tax credit for private employers who voluntarily provide paid family and medical leave to their employees, directly incentivizing employer-provided leave benefits, which falls under wage/hour/leave obligations."
hr5215-111,"To amend the Internal Revenue Code of 1986 to repeal the $2,500 limitation on health flexible spending arrangements.",,Taxation,Employee benefits and pensions|Health care costs and insurance|Income tax exclusion,1.0,"The bill modifies tax rules governing health flexible spending arrangements, which are employer-sponsored welfare benefit plans, thereby directly affecting private employer obligations and incentives related to employee health benefits.",,,,"The bill modifies tax rules related to health flexible spending arrangements, but it does not impose new mandatory obligations on private employers as plan sponsors; it primarily addresses tax policy, not employer wage or benefit obligations.",,,,"This bill modifies the tax treatment of employee contributions to health FSAs but does not impose new mandatory obligations on private employers regarding wages, hours, or benefit plan sponsorship; it is a general tax policy change affecting optional plan features rather than employer conduct regulation.",,,,"This bill repeals a cap on employee salary reduction contributions to health FSAs, modifying the tax treatment of an optional plan feature rather than imposing new mandatory obligations on private employers as plan sponsors; it adjusts tax rules for voluntary benefit arrangements, not employer conduct obligations."
s3156-114,"An original bill to provide enhanced protections for taxpayers from fraud and other illegal activities, and for other purposes.",Taxpayer Protection Act of 2016,Taxation,"Accounting and auditing|Administrative remedies|Bank accounts, deposits, capital|Charitable contributions|Civil actions and liability|Computer security and identity theft|Congressional oversight|Crime victims|Criminal investigation, prosecution, interrogation|Department of the Treasury|Employee benefits and pensions|Employee performance|Employment discrimination and employee rights|Federal officials|First Amendment rights|Foreign and international banking|Fraud offenses and financial crimes|Government buildings, facilities, and property|Government employee pay, benefits, personnel management|Government ethics and transparency, public corruption|Government information and archives|Government studies and investigations|Income tax credits|Income tax exclusion|Internal Revenue Service (IRS)|Judicial review and appeals|Merit Systems Protection Board|Military personnel and dependents|Political movements and philosophies|Public contracts and procurement|Social work, volunteer service, charitable organizations|State and local government operations|State and local taxation|Tax administration and collection, taxpayers|Tax-exempt organizations|Telephone and wireless communication|User charges and fees|Wages and earnings",1.0,"The bill holds individuals harmless for contributions to retirement plans after an improper IRS levy, directly addressing the protection of private employee pension assets from government seizure, which aligns with the scope of ERISA-related benefit plan obligations.",,,,"The bill primarily addresses tax administration, fraud prevention, and IRS procedures, not private employer wage, hour, or benefit obligations. The mention of retirement plan contributions is incidental to tax levy procedures, not a direct regulation of employer conduct under ERISA.",,,,"This bill primarily concerns IRS tax administration, taxpayer assistance, and protection from fraud; the provision holding individuals harmless for retirement plan contributions after improper IRS levy addresses government seizure procedures, not private employer obligations regarding pension plan sponsorship, funding, or fiduciary duties.",,,,"This bill's central purpose is tax administration reform and taxpayer protection from IRS misconduct, identity theft, and fraud. While it includes a provision holding individuals harmless for retirement plan contributions after an improper IRS levy, this addresses IRS tax collection procedures rather than imposing new mandatory obligations on private employers as plan sponsors. The bill does not regulate private employer wage, hour, or benefit conduct as its primary subject."
s728-113,A bill to amend the Internal Revenue Code of 1986 to extend the exclusion from gross income for employer-provided health coverage for employees' spouses and dependent children to coverage provided to other eligible designated beneficiaries of employees.,Tax Parity for Health Plan Beneficiaries Act of 2013,Taxation,Administrative law and regulatory procedures|Department of the Treasury|Employee benefits and pensions|Employment taxes|Health care costs and insurance|Income tax deductions|Income tax deferral|Income tax exclusion|Self-employed,1.0,"The bill modifies tax exclusions and deductions for employer-provided health coverage, directly regulating the financial obligations and incentives for private employers regarding employee welfare benefits.",,,,"The bill primarily addresses tax treatment of employer-provided health benefits, not direct obligations on private employers regarding wage, hour, or benefit compliance.",,,,"This bill modifies tax treatment of employer-provided health benefits by extending existing tax exclusions to additional beneficiaries, but does not impose new mandatory obligations on private employers regarding plan sponsorship, coverage requirements, or benefit administration; it is a tax benefit expansion, not an employer wage/hour/benefit obligation.",,,,"This bill extends existing tax exclusions and exemptions for employer-provided health benefits to cover domestic partners and other non-spouse beneficiaries; it modifies the tax treatment of voluntarily offered benefits rather than imposing new mandatory obligations on private employers regarding wage, hour, or benefit conduct."
hr3460-112,To amend the Internal Revenue Code of 1986 to allow temporarily a reduced rate of tax with respect to repatriated foreign earnings.,American Jobs First Act of 2011,Taxation,"Foreign and international corporations|Income tax deductions|Interest, dividends, interest rates|Taxation of foreign income|Wages and earnings",1.0,"The bill ties tax deductions for repatriated earnings to changes in domestic payroll, directly incentivizing private employers to maintain or increase wage obligations.",,,,"The bill primarily offers a tax benefit related to repatriated foreign earnings and ties it to payroll changes, which is a tax policy measure rather than a direct regulation of private employer wage or benefit obligations.",,,,"This bill offers a tax deduction for repatriated foreign earnings that scales with payroll increases, but it is a general tax incentive for corporate repatriation and job creation, not a regulation of private employer wage, hour, or benefit obligations; it does not impose mandatory wage standards or qualify as an employer-provided job training credit.",,,,"This bill provides a tax deduction for repatriated foreign earnings tied to payroll increases, functioning as a general tax incentive for job creation rather than imposing or regulating private employer wage, hour, or benefit obligations; the payroll linkage is a condition for a tax benefit, not a direct regulation of employer wage conduct."
hr1196-114,To amend the Internal Revenue Code of 1986 to modify rules relating to health savings accounts.,Health Savings Act of 2015,Taxation,Bankruptcy|Child health|Employee benefits and pensions|Health care costs and insurance|Health care coverage and access|Income tax deductions|Income tax exclusion|Tax treatment of families,1.0,"The bill modifies tax rules and contribution limits for Health Savings Accounts (HSAs), which are employer-sponsored group health benefit plans, thereby affecting the financial obligations and incentives for private employers regarding employee health benefits.",,,,"The bill primarily modifies tax rules related to Health Savings Accounts, which are individual accounts and not employer-sponsored group health plans, thus not directly imposing obligations on private employers.",,,,"This bill modifies tax treatment of Health Savings Accounts (HSAs) — increasing contribution limits, allowing rollovers to family members, and adjusting tax deductions — but does not impose new obligations on private employers regarding employee wages, hours, or benefits; HSA modifications are general tax policy affecting individual account holders, not employer conduct regulations.",,,,"This bill modifies the tax treatment and contribution rules for individual Health Savings Accounts (HSAs), including deductions, rollovers, and bankruptcy exemptions; it does not impose new mandatory obligations on private employers as plan sponsors under ERISA, but rather adjusts optional tax-advantaged savings features for individuals."
hr100-113,"To amend title 11, United States Code, to improve protections for employees and retirees in business bankruptcies.",Protecting Employees and Retirees in Business Bankruptcies Act of 2013,Finance and Financial Sector,Bankruptcy|Corporate finance and management|Employee benefits and pensions|Health care costs and insurance|Labor-management relations|Securities|Unemployment|Wages and earnings,1.0,"The bill strengthens protections for private sector employees and retirees by increasing priority claims for unpaid wages and severance, ensuring recovery of pension shortfalls, and requiring consideration of benefit obligations in bankruptcy proceedings, directly addressing employer obligations under wage and benefit laws.",1,enforcement,wage_hour,"The bill strengthens protections for employees and retirees in business bankruptcies by increasing priority claims for unpaid wages and benefits, directly addressing private employer obligations under wage and benefit laws.",1,enforcement,wage_hour,"The bill strengthens private employer wage and benefit obligations in bankruptcy by increasing priority claims for unpaid wages and severance, requiring courts to consider job preservation and benefit continuation in asset sales, and restricting executive compensation while protecting worker claims—directly regulating employer conduct regarding employee compensation and benefits.",1,enforcement,wage_hour,"The bill directly strengthens private employer obligations regarding employee wages, severance pay, pension benefits, retiree health benefits, and collective bargaining agreements in the bankruptcy context, increasing priority claim amounts for unpaid wages, requiring continued retiree benefit payments, restricting executive compensation, and imposing new requirements on employers regarding pension shortfalls and benefit plan obligations."
hr2656-112,"To amend the Internal Revenue Code of 1986 and the Employee Retirement Income Security Act of 1974 to make technical modifications relating to the Worker, Retiree, and Employer Recovery Act of 2008 and the Preservation of Access to Care for Medicare Beneficiaries and Pension Relief Act of 2010.",Pension Technical Modifications Act,Labor and Employment,Employee benefits and pensions,1.0,"The bill amends ERISA and the Internal Revenue Code to modify minimum funding standards and contribution formulas for single-employer defined benefit pension plans, directly regulating private employer obligations regarding retirement benefits.",1,enforcement,pension,"The bill amends ERISA to modify minimum funding standards and contribution formulas for single-employer defined benefit pension plans, directly regulating private employer obligations regarding retirement benefits.",1,enforcement,pension,"The bill amends ERISA and the Internal Revenue Code to modify minimum funding requirements, contribution formulas, and benefit accrual limits for private employer-sponsored defined benefit pension plans, directly regulating private employer pension obligations.",1,enforcement,pension,"The bill amends ERISA and the Internal Revenue Code to modify minimum required employer contribution formulas, funding standards, eligibility conditions for funding relief elections, and benefit accrual limits for single-employer defined benefit pension plans, directly imposing mandatory obligations on private employers as plan sponsors."
s3695-111,A bill to fight criminal gangs.,Fighting Gangs and Empowering Youth Act of 2010,Crime and Law Enforcement,"Adult education and literacy|Advisory bodies|Child safety and welfare|Correctional facilities and imprisonment|Crime prevention|Criminal investigation, prosecution, interrogation|Criminal justice information and records|Criminal procedure and sentencing|Drug trafficking and controlled substances|Drug, alcohol, tobacco use|Education of the disadvantaged|Education programs funding|Elementary and secondary education|Employment and training programs|Firearms and explosives|Government information and archives|Government studies and investigations|Housing and community development funding|Income tax credits|Juvenile crime and gang violence|Law enforcement administration and funding|National and community service|Organized crime|Performance measurement|Physical fitness and lifestyle|Public housing|Violent crime|Youth employment and child labor",1.0,"The bill amends the Internal Revenue Code to increase the percentage of wages eligible for the Work Opportunity Tax Credit, which is a tax incentive directly related to employer wage obligations and hiring practices for private employers.",,,,"The bill primarily addresses crime prevention and gang activity, with the mention of the Work Opportunity Tax Credit being incidental. The tax credit adjustment is not directly related to employer wage, hour, or benefit obligations but rather incentivizes hiring practices, which does not qualify under the detailed rules.",,,,"Although the bill increases the work opportunity tax credit percentage, this is a general hiring incentive for employing workers from specific groups (at-risk youth, ex-offenders), not a regulation of private employer wage, hour, or benefit obligations; the bill's primary subject is gang prevention and criminal justice, with the tax credit being an incidental provision.",,,,"The bill's primary subject is crime and gang prevention; the Work Opportunity Tax Credit modification is a minor provision that offers a tax benefit for hiring workers from specific groups, which under the detailed rules does not qualify as it incentivizes hiring decisions rather than regulating private employer wage, hour, or benefit obligations."
hr4699-114,"To amend the Internal Revenue Code of 1986 to provide for parent savings accounts, and for other purposes.",Working Parents Flexibility Act of 2016,Taxation,"Bank accounts, deposits, capital|Child care and development|Employee benefits and pensions|Employee leave|Income tax deductions|Income tax exclusion|Self-employed",1.0,"The bill establishes tax incentives for employer contributions to parental leave savings accounts, directly relating to employer-sponsored welfare benefits and employee leave obligations.",,,,"The bill primarily establishes tax incentives for parental leave savings accounts, which are tax policy measures rather than direct regulations on private employer wage, hour, or benefit obligations.",,,,"This bill creates a tax-advantaged individual savings account for parental leave and allows tax deductions for individual contributions and exclusions for employer contributions, but it does not impose any mandatory wage, hour, or benefit obligations on private employers; it is a voluntary tax benefit program unrelated to employer compliance with wage/hour laws.",,,,"This bill creates a new tax-exempt savings account for individual taxpayers and excludes employer contributions from gross income; it does not impose any mandatory obligations on private employers regarding wages, hours, or benefits, but rather offers optional tax benefits related to family/child care policy."
s2869-114,"A bill to amend the Internal Revenue Code of 1986 to improve college savings under section 529 programs, and for other purposes.",Boost Saving for College Act,Taxation,"Bank accounts, deposits, capital|Disability and paralysis|Employee benefits and pensions|Higher education|Income tax credits|Income tax exclusion|Student aid and college costs",1.0,"The bill modifies tax treatment for employer contributions to 529 plans, which are classified as employee benefits, thereby directly affecting private employer benefit obligations and incentives.",,,,"The bill primarily modifies tax treatment for 529 plans and introduces tax credits and exclusions, which are general tax policy changes rather than direct regulations on private employer wage or benefit obligations.",,,,"The bill's primary subject is tax treatment of 529 college savings plans; the employer contribution exclusion is a general tax benefit unrelated to mandatory employer wage or benefit obligations, similar to dependent care credits or health savings accounts, which are explicitly disqualified.",,,,"The bill provides a tax exclusion for employer contributions to 529 college savings plans and a tax credit for individual contributions; these are tax benefits/incentives related to education savings, not obligations imposed on private employers regarding wages, hours, or benefits. The employer contribution exclusion is a voluntary tax incentive, not a mandatory employer obligation."
hr2912-116,To amend the Internal Revenue Code of 1986 to make employers of spouses of military personnel eligible for the work opportunity credit.,Military Spouse Hiring Act,Taxation,Employee hiring|Income tax credits|Military personnel and dependents|Wages and earnings,1.0,"The bill introduces a tax incentive (Work Opportunity Tax Credit) for private employers who hire military spouses, which aligns with the category's inclusion of tax credits that encourage or discourage employer conduct related to wages and hiring.",,,,"The bill offers a tax credit for hiring military spouses, which incentivizes hiring decisions but does not directly regulate private employer wage, hour, or benefit obligations.",,,,"This bill expands the Work Opportunity Tax Credit to include military spouses, which is a general hiring incentive unrelated to wage/hour compliance or benefit obligations; such hiring credits for specific demographic groups do not qualify under the detailed rules.",,,,"The bill expands the Work Opportunity Tax Credit to cover hiring of military spouses; this is a general hiring tax credit incentivizing employers to hire workers from a specific group, which does not qualify under the detailed rules as it addresses hiring decisions rather than wage, hour, or benefit compliance obligations."
s1902-114,A bill to provide for the treatment and extension of temporary financing of short-time compensation programs.,Layoff Prevention Extension Act of 2015,Labor and Employment,Unemployment|Wages and earnings,1.0,"The bill extends federal financing for state short-time compensation programs that allow private employers to reduce employee workweeks instead of conducting layoffs, directly impacting employer wage obligations and layoff practices.",,,,"The bill primarily extends federal financing for state short-time compensation programs, which are government unemployment benefits, not direct private employer wage or benefit obligations.",,,,"This bill extends federal financing for state short-time compensation programs (a form of unemployment insurance), which is a government benefit program administered through state unemployment systems, not a regulation of private employer wage, hour, or benefit obligations.",,,,"This bill extends federal financing of state short-time compensation (work-sharing) unemployment insurance programs and grant application deadlines; it funds government programs rather than imposing new obligations on private employers regarding their wage, hour, or benefit conduct."
hr4505-115,"To amend the Fair Labor Standards Act of 1938 to establish a minimum salary threshold for bona fide executive, administrative, and professional employees exempt from Federal overtime compensation requirements, and automatically update such threshold every 3 years.",Restoring Overtime Pay Act of 2017,Labor and Employment,Administrative law and regulatory procedures|Department of Labor|Labor standards|Wages and earnings,1.0,"The bill amends the Fair Labor Standards Act to establish and update salary thresholds for overtime exemptions, directly regulating private employer obligations regarding overtime pay.",1,enforcement,wage_hour,"The bill amends the Fair Labor Standards Act to establish and update salary thresholds for overtime exemptions, directly regulating private employer obligations regarding overtime pay.",1,enforcement,wage_hour,"The bill directly amends the FLSA to raise and automatically update the salary threshold for overtime exemptions, thereby expanding the number of employees entitled to overtime pay and tightening private employer wage obligations.",1,enforcement,wage_hour,"The bill amends the FLSA to establish and automatically update the salary threshold for overtime exemptions, directly tightening private employer obligations regarding overtime compensation for executive, administrative, and professional employees."
hr2095-115,"To amend the Fair Labor Standards Act of 1938 to prohibit discrimination in the payment of wages on account of sex, race, or national origin, and for other purposes.",Fair Pay Act of 2017,Labor and Employment,"Civil actions and liability|Employment discrimination and employee rights|Government information and archives|Government studies and investigations|Legal fees and court costs|Racial and ethnic relations|Sex, gender, sexual orientation discrimination|Wages and earnings",1.0,"The bill amends the Fair Labor Standards Act to prohibit wage discrimination based on sex, race, or national origin and includes whistleblower protections for employees discussing wages, directly regulating private employer wage obligations.",1,enforcement,wage_hour,"The bill amends the Fair Labor Standards Act to prohibit wage discrimination based on sex, race, or national origin, directly regulating private employer wage obligations.",1,enforcement,wage_hour,"The bill amends the FLSA to prohibit wage discrimination based on sex, race, or national origin and protects employees who discuss wages, directly strengthening private employer wage obligations under federal law.",1,enforcement,wage_hour,"The bill amends the Fair Labor Standards Act to prohibit wage discrimination based on sex, race, or national origin, directly imposing new obligations on private employers regarding wage payment practices, including anti-retaliation protections and compensatory/punitive damages for violations."
s1618-115,A bill to amend the Internal Revenue Code of 1986 for purposes of the tax on private foundation excess business holdings to treat as outstanding any employee-owned stock purchased by a business enterprise pursuant to certain employee stock ownership retirement plans.,,Taxation,"Business investment and capital|Employee benefits and pensions|Sales and excise taxes|Securities|Social work, volunteer service, charitable organizations|Tax-exempt organizations",1.0,"The bill addresses employee stock ownership plans (ESOPs), which are qualified retirement benefit plans under ERISA, by modifying tax treatment for private foundations holding stock purchased from these plans, thereby relating to employer-sponsored retirement benefit obligations.",,,,"The bill modifies tax treatment for private foundations regarding stock from employee stock ownership plans, but does not impose new obligations on private employers as plan sponsors, thus not qualifying under Wage Hour & Benefits.",,,,"This bill modifies the tax treatment of private foundations' excess business holdings when stock is purchased from an ESOP, but does not impose any new mandatory obligations on private employers as plan sponsors; it addresses foundation taxation and optional plan features rather than employer wage, hour, or benefit compliance obligations.",,,,"This bill modifies the tax rules for private foundation excess business holdings related to stock purchased from ESOPs; it does not impose new mandatory obligations on private employers as plan sponsors regarding pension, wage, or benefit conduct, but rather adjusts tax treatment for private foundations."
hr5006-114,"To amend section 214(c)(8) of the Immigration and Nationality Act to modify the data reporting requirements relating to nonimmigrant employees, and for other purposes.",Visa Transparency Anti-Trafficking Act of 2016,Immigration,Congressional oversight|Cultural exchanges and relations|Foreign labor|Government information and archives|Immigration status and procedures|Visas and passports,1.0,"The bill mandates private employers to report compensation data for nonimmigrant workers, directly addressing wage transparency and oversight mechanisms relevant to preventing wage theft and exploitation under the Fair Labor Standards Act.",,,,"The bill primarily concerns immigration data reporting requirements and transparency, not private employer wage, hour, or benefit obligations.",,,,"This bill's primary subject is immigration data reporting requirements imposed on the federal government (DHS, State, Labor) regarding nonimmigrant visa holders; while it requires collection of compensation data from employers who petition for nonimmigrant workers, the bill does not impose wage, hour, or benefit obligations on private employers—it creates a government reporting and transparency mechanism for immigration oversight, not regulation of employer wage conduct.",,,,"This bill's central purpose is expanding government data reporting and transparency requirements regarding nonimmigrant visa programs; it does not impose wage, hour, or benefit obligations on private employers but rather requires federal agencies (DHS, State, Labor) to collect and publish aggregated data about nonimmigrant workers."
s27-116,"A bill to amend the Surface Mining Control and Reclamation Act of 1977 to transfer certain funds to the 1974 United Mine Workers of America Pension Plan, and for other purposes.",American Miners Act of 2019,Labor and Employment,Bankruptcy|Cardiovascular and respiratory health|Coal|Corporate finance and management|Employee benefits and pensions|Government information and archives|Government trust funds|Health care costs and insurance|Labor-management relations|Mining|Sales and excise taxes|Worker safety and health,1.0,"The bill addresses the funding of private employer-sponsored pension and health benefit plans (UMWA) for coal miners, directly relating to ERISA-covered obligations and the consequences of corporate bankruptcy on employee benefits.",,,,"The bill primarily addresses the funding of government trust funds for miner benefits, which concerns fund solvency rather than imposing new obligations on private employers regarding wage, hour, or benefits.",,,,"This bill finances government trust funds (Abandoned Mine Reclamation Fund, Black Lung Disability Trust Fund) and directs Treasury transfers to multiemployer union pension and health plans affected by coal company bankruptcies; it addresses fund solvency and government financing mechanisms rather than imposing wage, hour, or benefit obligations on private non-governmental employers.",,,,"This bill primarily addresses government trust fund transfers (Abandoned Mine Reclamation Fund) to the UMWA Pension Plan and Multiemployer Health Benefit Plan, and extends the Black Lung Disability Trust Fund excise tax — these are government fund solvency and transfer mechanisms, not bills that directly impose new mandatory obligations on private employers regarding their wage, hour, or benefit conduct. The in-service distribution provision modifies optional plan features rather than creating new mandatory employer obligations."
s254-114,A bill to lower health premiums and increase choice for small businesses.,Small Business Health Relief Act of 2015,Health,Comprehensive health care|Employee benefits and pensions|Health care costs and insurance|Health care coverage and access|Income tax deductions|Sales and excise taxes|Small business|Wages and earnings,1.0,"The bill repeals the employer mandate and reporting requirements under the Affordable Care Act, directly affecting private employers' obligations to provide health insurance coverage to their employees.",1,enforcement,healthcare,"The bill repeals ACA provisions imposing health insurance coverage and reporting obligations on large employers, directly affecting private employer obligations under ERISA.",1,enforcement,healthcare,"The bill repeals the ACA employer mandate requiring large employers to offer minimum essential health coverage to full-time employees and eliminates associated reporting requirements, directly weakening private employer health benefit obligations under federal law.",1,enforcement,healthcare,"The bill repeals the ACA employer mandate requiring large private employers to offer minimum essential health insurance coverage to full-time employees, directly weakening private employer obligations regarding employer-sponsored group health plans, and also modifies rules governing health flexible spending arrangements and grandfathered health plan requirements that impose obligations on private employers as plan sponsors."
hr5802-113,"To amend the Employee Retirement Income Security Act of 1974 to permit multiemployer plans in critical status to modify plan rules relating to withdrawal liability, and for other purposes.",,Labor and Employment,Corporate finance and management|Employee benefits and pensions,1.0,"The bill amends ERISA to modify withdrawal liability rules for multiemployer pension plans, directly regulating private employer obligations regarding retirement benefits.",1,enforcement,pension,"The bill amends ERISA to modify withdrawal liability rules for multiemployer pension plans, directly regulating private employer obligations regarding retirement benefits.",1,enforcement,pension,"The bill amends ERISA to modify withdrawal liability rules for multiemployer pension plans in critical status, directly affecting private employer obligations regarding retirement benefit plan funding and withdrawal payments.",1,enforcement,pension,"The bill amends ERISA to permit multiemployer pension plans in critical status to modify withdrawal liability rules, directly altering private employer obligations regarding pension plan funding and withdrawal liability payments."
s2237-112,"A bill to provide a temporary income tax credit for increased payroll and extend bonus depreciation for an additional year, and for other purposes.",Small Business Jobs and Tax Relief Act,Taxation,Business investment and capital|Employee hiring|Income tax credits|Income tax deductions|U.S. territories and protectorates|Wages and earnings,1.0,"The bill provides a tax credit to private employers based on increased wages and compensation paid to employees, directly incentivizing wage-related conduct under the scope of wage and hour issues.",,,,"The bill offers a tax credit for increased payroll, which incentivizes hiring or wage increases but does not directly regulate private employer wage or benefit obligations.",,,,"This bill offers a general tax credit for increasing total payroll, which incentivizes hiring decisions and business expansion rather than regulating employer compliance with wage, hour, or benefit obligations; it falls under the disqualifying category of general hiring credits unrelated to wage/hour compliance.",,,,"This bill offers employers a tax credit for increasing their overall payroll (i.e., hiring more workers or raising total compensation), which is a general hiring/job creation incentive, not a regulation of private employer wage, hour, or benefit obligations."
s1827-114,A bill to amend the Internal Revenue Code of 1986 to improve the tax treatment of small businesses.,Small Business Tax Compliance Relief Act of 2015,Taxation,"Accounting and auditing|Administrative law and regulatory procedures|Business expenses|Business investment and capital|Business records|Capital gains tax|Charitable contributions|Computers and information technology|Congressional oversight|Department of the Treasury|Employee benefits and pensions|Foreign and international banking|Health care costs and insurance|Income tax deductions|Income tax exclusion|Inflation and prices|Internal Revenue Service (IRS)|Life, casualty, property insurance|Sales and excise taxes|Securities|Self-employed|Small business|Student aid and college costs|Tax administration and collection, taxpayers|Tax-exempt organizations|Taxation of foreign income",1.0,"The bill modifies tax rules regarding employer-sponsored pension plans and health insurance costs for small businesses, directly affecting private employer obligations and incentives related to employee benefits under ERISA and the Internal Revenue Code.",,,,"The bill primarily addresses tax treatment and compliance for small businesses, including tax deductions and accounting methods, rather than imposing new mandatory obligations on private employers regarding wage, hour, or benefit compliance.",,,,"This bill primarily offers tax benefits and accounting simplifications to small businesses (cash accounting thresholds, depreciation rules, de minimis safe harbors) rather than imposing wage, hour, or benefit obligations on private employers; the pension and health insurance provisions modify optional tax treatment, not mandatory employer conduct requirements.",,,,"This is a broad small business tax compliance bill whose primary purpose is simplifying tax treatment for small businesses (accounting methods, depreciation, due dates, de minimis thresholds); the pension provisions create optional flexible retirement accounts and repeal certain plan types rather than imposing new mandatory employer obligations, and the health insurance deduction extension is a tax benefit for self-employed individuals, not a regulation of private employer conduct."
s868-115,A bill to amend the Employee Retirement Income Security Act of 1974 to require a lifetime income disclosure.,Lifetime Income Disclosure Act,Labor and Employment,Administrative law and regulatory procedures|Department of Labor|Employee benefits and pensions|Government information and archives,1.0,"The bill amends ERISA to mandate lifetime income disclosures for pension benefit statements, directly regulating employer-sponsored retirement benefit plan obligations under the Wage Hour & Benefits category.",1,enforcement,pension,"The bill mandates lifetime income disclosures for pension benefit statements under ERISA, directly imposing new obligations on private employers as plan sponsors.",1,enforcement,pension,"The bill amends ERISA to impose new mandatory disclosure obligations on private employers as pension plan sponsors, requiring them to provide lifetime income stream equivalents on benefit statements, thereby directly strengthening employer retirement plan compliance requirements.",1,enforcement,pension,"The bill amends ERISA to impose a new mandatory disclosure obligation on private employer-sponsored pension/retirement plans, requiring plan administrators to include lifetime income stream equivalents in benefit statements, which constitutes a direct new obligation on plan sponsors/fiduciaries."
hr2109-112,"To provide for each American the opportunity to provide for his or her retirement through a S.A.F.E. account, and for other purposes.",Savings Account for Every American Act of 2011,Labor and Employment,"Employee benefits and pensions|Government employee pay, benefits, personnel management|Government information and archives|Government studies and investigations|Health care costs and insurance|Income tax deductions|Income tax exclusion|Life, casualty, property insurance|Long-term, rehabilitative, and terminal care|Self-employed|Social security and elderly assistance|Veterans' pensions and compensation",1.0,"The bill mandates private employers to establish payroll deduction programs and make matching contributions to employee retirement accounts, imposing penalties for non-compliance, which directly regulates employer obligations regarding employee pension and retirement benefits.",1,enforcement,pension,"The bill mandates private employers to establish payroll deduction programs and make matching contributions to employee retirement accounts, directly regulating employer obligations regarding employee pension and retirement benefits.",1,enforcement,pension,"The bill imposes mandatory obligations on private employers to establish payroll deduction programs for employee retirement contributions and to make matching contributions after 15 years, with penalties for non-compliance, directly regulating private employer pension and retirement benefit obligations.",1,enforcement,pension,"The bill requires private employers to establish payroll deduction programs for S.A.F.E. retirement accounts, mandates employer matching contributions after 15 years, and imposes penalties for non-compliance, directly creating new mandatory obligations on private employers regarding employee retirement benefits."
hr5325-113,"To amend the Internal Revenue Code of 1986 to provide tax incentives to meet the needs of the American manufacturing workforce, and for other purposes.",American Manufacturing Workforce Act of 2014,Taxation,Adult education and literacy|Employee benefits and pensions|Employment and training programs|Income tax credits|Industrial policy and productivity|Manufacturing|Student aid and college costs|Vocational and technical education,1.0,"The bill provides tax incentives for private employers to fund employee training and education expenses, which aligns with the category's scope of bills introducing tax incentives that encourage or discourage employer benefit-related conduct.",1,tax_credit_introduction,wage_hour,"The bill introduces tax credits for employer-provided job training programs, directly incentivizing private employer conduct related to employee skill development.",1,tax_credit_introduction,wage_hour,"The bill introduces new tax credits specifically for employer-provided job training programs in manufacturing, which qualifies as a tax incentive encouraging better employer conduct regarding employee development and skills training.",1,tax_credit_introduction,wage_hour,"The bill introduces new tax credits for private employers who pay for employee training and education expenses in manufacturing, which qualifies as a tax credit incentivizing employer-provided job training."
hr6422-114,To amend the Internal Revenue Code of 1986 to treat qualified alternative commuter programs as an excludable qualified transportation fringe benefit.,Commuter Access Reform Act,Taxation,,1.0,"The bill modifies tax exclusions for employer-provided transportation fringe benefits, directly regulating the financial obligations and benefit structures of private employers under the Internal Revenue Code.",,,,"The bill modifies tax exclusions for employer-provided transportation fringe benefits, which is a tax policy change rather than a direct regulation of private employer wage, hour, or benefit obligations.",,,,"This bill offers employers a tax benefit (exclusion from employee gross income) for providing ride-share transportation fringe benefits, which is a general tax incentive unrelated to wage/hour compliance obligations; it does not impose mandatory wage, hour, or benefit requirements on private employers.",,,,"This bill expands the tax exclusion for employer-provided transportation fringe benefits to cover ride-share programs; it modifies optional tax treatment of a voluntary employer benefit rather than imposing new mandatory wage, hour, or benefit obligations on private employers, and falls under general tax policy rather than employer wage/benefit regulation."
hr5272-114,"To amend the Religious Freedom Restoration Act of 1993 to protect civil rights and otherwise prevent meaningful harm to third parties, and for other purposes.",Do No Harm Act,"Civil Rights and Liberties, Minority Issues","Crimes against women|Disability and health-based discrimination|Employee leave|Employment discrimination and employee rights|First Amendment rights|Health care coverage and access|Housing discrimination|Labor-management relations|Religion|Sex, gender, sexual orientation discrimination|Wages and earnings|Youth employment and child labor",1.0,"The bill prevents employers from using the Religious Freedom Restoration Act to evade federal laws requiring them to provide wages, compensation, benefits, or leave, thereby directly reinforcing private employer obligations under statutes like the FLSA and FMLA.",1,enforcement,wage_hour,"The bill prevents employers from using RFRA to evade federal laws requiring them to provide wages, compensation, benefits, or leave, thereby directly reinforcing private employer obligations under statutes like the FLSA and FMLA.",,,,"While the bill mentions employer wage and benefit obligations, its primary subject is limiting the scope of religious freedom defenses under RFRA across multiple civil rights domains; private employer wage/hour obligations are merely one of many areas incidentally affected, not the bill's central purpose.",1,enforcement,wage_hour,"The bill directly reinforces private employer wage, hour, and benefit obligations by making RFRA inapplicable as a defense against federal laws requiring employers to provide wages, compensation, benefits, and leave, thereby strengthening enforcement of statutes like the FLSA and FMLA."
s1777-115,A bill to amend the Internal Revenue Code of 1986 to impose an excise tax on employers with low-wage employees.,Corporate Responsibility Fee Act of 2017,Taxation,Corporate finance and management|Employee benefits and pensions|Health care costs and insurance|Health care coverage and access|Poverty and welfare assistance|Sales and excise taxes|Wages and earnings,1.0,"The bill imposes an excise tax on private employers based on their wage levels and provides tax reductions for providing health and retirement benefits, directly regulating private employer wage and benefit obligations.",1,enforcement,wage_hour,"The bill imposes an excise tax on employers with low-wage employees, directly regulating private employer wage obligations by incentivizing higher wages and benefit provision.",1,enforcement,wage_hour,"The bill imposes an excise tax penalty on private employers who pay wages below 218% of the federal poverty line, directly regulating and discouraging low-wage employer conduct through financial consequences.",1,enforcement,wage_hour,"The bill imposes an excise tax on private employers who pay wages below 218% of the federal poverty line, directly penalizing low-wage employer conduct and incentivizing higher wages, with reductions for providing health and retirement benefits — its central purpose is regulating private employer wage and benefit behavior."
hr2688-113,"To improve healthcare-related, tax-preferred savings accounts and to provide for cooperative governing of individual and group health insurance coverage across State lines, and for other purposes.",PATIENT's Health Care Act of 2013,Health,"Administrative remedies|Child health|Congressional oversight|Consumer affairs|Disability and health-based discrimination|Employment and training programs|Fraud offenses and financial crimes|Government studies and investigations|Health care costs and insurance|Health care coverage and access|Health personnel|Income tax deductions|Income tax exclusion|Insurance industry and regulation|Intergovernmental relations|Long-term, rehabilitative, and terminal care|Medicare|State and local government operations|Tax treatment of families",1.0,"The bill amends tax codes regarding Health Savings Accounts (HSAs) and Flexible Spending Arrangements, specifically addressing the portability of these employer-sponsored benefit funds upon separation from employment, which relates to the management of employee welfare benefits.",,,,"The bill primarily addresses tax treatment and portability of health savings accounts and insurance regulation across state lines, not direct obligations on private employers regarding employee wages, hours, or benefits.",,,,"This bill primarily offers tax benefits for health savings accounts and regulates health insurance markets; the provisions regarding FSA-to-HSA transfers upon separation are incidental tax treatment features, not mandatory employer wage or benefit obligations.",,,,"This bill primarily modifies the tax treatment of health savings accounts, Archer MSAs, and flexible spending arrangements, and allows health insurance plans to operate across state lines; it does not impose new mandatory obligations on private employers regarding wages, hours, or benefits, but rather adjusts optional tax-preferred savings vehicles and insurance market rules."
hr4132-113,To amend the Internal Revenue Code of 1986 to expand the size of employers eligible for the credit for employee health insurance expenses of small employers.,Helping Entrepreneurs Lower Prices Act of 2014,Taxation,Employee benefits and pensions|Health care costs and insurance|Income tax credits|Small business,1.0,"The bill expands the eligibility for the small employer health insurance tax credit, which directly incentivizes private employers to provide employer-sponsored group health benefits, a core component of the Wage Hour & Benefits category.",,,,"The bill expands eligibility for a tax credit related to health insurance expenses, but it does not impose new mandatory obligations on private employers regarding wage, hour, or benefit compliance; it is a tax policy change, not a direct regulation of employer conduct.",,,,"This bill merely expands eligibility for an existing tax credit that incentivizes employers to offer health insurance; it does not impose, strengthen, or weaken any mandatory wage, hour, or benefit obligation on private employers, and tax benefits unrelated to employer compliance obligations are excluded under the detailed rules.",,,,"This bill expands eligibility for an existing tax credit for small employer health insurance expenses; it is a tax benefit adjustment that incentivizes but does not impose obligations on private employers regarding health benefits, and does not qualify as enforcement or a new tax credit introduction."
hr3162-112,"To prohibit the Secretary of Labor from implementing certain rules relating to employment of aliens described in section 101(a)(15)(H)(ii)(b) of the Immigration and Nationality Act, and for other purposes.",,Labor and Employment,Administrative law and regulatory procedures|Department of Labor|Foreign labor|Temporary and part-time employment|Wages and earnings,1.0,"The bill regulates the methodology for determining prevailing wages for H-2B temporary workers and other alien employees, directly impacting private employer wage obligations and compliance with labor certification requirements.",1,enforcement,wage_hour,"The bill directly impacts private employer wage obligations by prohibiting the enforcement of rules related to wage methodology for H-2B temporary workers, affecting how prevailing wages are determined for compliance with labor certification requirements.",1,enforcement,wage_hour,"The bill directly regulates private employer wage obligations by prohibiting certain prevailing wage methodologies for H-2B workers and mandating specific wage calculation methods for labor certifications, thereby affecting the stringency of wage requirements that private employers must meet when hiring foreign temporary workers.",1,enforcement,wage_hour,"The bill prohibits implementation of DOL rules governing prevailing wage methodology for H-2B temporary workers and directs specific wage computation methods for labor certifications, directly affecting private employer wage obligations when employing H-2B workers."
hr1121-115,"To amend the Public Health Service Act to prohibit application of pre-existing condition exclusions and to guarantee availability of health insurance coverage in the individual and group market, contingent on the enactment of legislation repealing the Patient Protection and Affordable Care Act, and for other purposes.",Pre-existing Conditions Protection Act of 2017,Health,Disability and health-based discrimination|Employee benefits and pensions|Genetics|Health care costs and insurance|Health care coverage and access|Health information and medical records|Health promotion and preventive care|Insurance industry and regulation|Medical tests and diagnostic methods,1.0,"The bill amends ERISA and the Public Health Service Act to mandate that private employers and insurers provide health insurance coverage without pre-existing condition exclusions, directly regulating employer-sponsored group health benefit obligations.",1,enforcement,healthcare,"The bill amends ERISA to maintain requirements for employer-sponsored group health plans to cover pre-existing conditions, directly regulating private employer health benefit obligations.",1,enforcement,healthcare,"The bill amends ERISA to impose mandatory coverage and non-discrimination obligations on private employers as sponsors of group health plans, including prohibiting pre-existing condition exclusions and requiring guaranteed issue, which directly regulates employer-sponsored health benefit conduct.",1,enforcement,healthcare,"The bill amends ERISA to maintain obligations on employer-sponsored group health plans regarding preexisting condition coverage, guaranteed availability, non-discrimination based on health status, genetic information protections, and wellness program requirements, directly imposing coverage and administrative standards on private employers as plan sponsors."
s818-116,A bill to exempt certain 16- and 17-year-old individuals employed in logging operations from child labor laws.,Future Logging Careers Act,Labor and Employment,"Child safety and welfare|Family relationships|Forests, forestry, trees|Labor standards|Worker safety and health|Youth employment and child labor",1.0,"The bill amends child labor provisions under the Fair Labor Standards Act (FLSA) by creating an exemption for minors working in family-owned logging operations, directly regulating private employer obligations regarding youth employment.",,,,"The bill primarily addresses child labor laws by creating an exemption for minors in family-owned logging operations, which does not directly impose new wage, hour, or benefit obligations on private employers.",1,enforcement,wage_hour,"The bill amends FLSA child labor protections by creating a new exemption for 16-17 year olds in family logging operations, directly weakening private employer obligations under federal wage and hour law.",1,enforcement,wage_hour,"The bill amends child labor provisions under the FLSA by creating an exemption for 16- and 17-year-olds working in family-owned logging operations, directly loosening private employer obligations regarding youth employment and hour restrictions."
hr2207-114,To amend the Internal Revenue Code of 1986 to repeal the dollar limitation on contributions to flexible spending accounts.,Flexible Spending Account Act,Taxation,Employee benefits and pensions|Health care costs and insurance|Income tax exclusion,1.0,"The bill modifies tax rules governing employer-sponsored health flexible spending arrangements, which are welfare benefit plans subject to ERISA obligations for private employers.",,,,"The bill primarily addresses tax treatment of flexible spending accounts, not imposing new obligations on private employers regarding wage, hour, or benefits compliance.",,,,"This bill removes a tax-code limitation on employee salary reduction contributions to FSAs; it does not impose new mandatory obligations on private employers regarding plan sponsorship, coverage requirements, or benefit administration—it merely modifies the tax treatment of an optional benefit feature.",,,,"The bill repeals a dollar cap on employee salary reduction contributions to health FSAs; it modifies the tax treatment of an optional plan feature rather than imposing new mandatory obligations on private employers as plan sponsors, so it does not qualify as a private employer wage, hour, or benefit obligation."
hr2443-113,To amend the Internal Revenue Code of 1986 to exempt certain educational institutions from the employer health insurance mandate.,Safeguarding Children Harmed by Obamacare's Onerous Levies Act,Taxation,"Comprehensive health care|Elementary and secondary education|Employee benefits and pensions|Health care costs and insurance|Health care coverage and access|Higher education|Sales and excise taxes|Teaching, teachers, curricula",1.0,"The bill modifies the employer health insurance mandate under the Affordable Care Act, directly affecting the obligations of private educational institutions to provide employer-sponsored group health benefits to their employees.",1,enforcement,healthcare,"The bill modifies the employer health insurance mandate under the ACA, directly affecting private educational institutions' obligations to provide employer-sponsored group health benefits.",1,enforcement,healthcare,"The bill weakens the ACA employer mandate by exempting educational institutions from the requirement to provide health insurance coverage to employees, directly reducing private employer healthcare benefit obligations under ERISA and the Internal Revenue Code.",1,enforcement,healthcare,"The bill exempts certain educational institutions from the ACA employer mandate to provide health insurance coverage, directly weakening private employer obligations to provide group health benefits to their employees under the Internal Revenue Code's applicable large employer provisions."
hr1981-114,To amend the Fair Labor Standards Act of 1938 to provide that an employee's `regular rate' for purposes of calculating overtime compensation will not be affected by certain additional payments.,Employee Bonus Protection Act,Labor and Employment,Labor standards|Wages and earnings,1.0,"The bill amends the Fair Labor Standards Act to define which payments are excluded from the regular rate used to calculate overtime compensation, directly regulating private employer wage obligations.",1,enforcement,wage_hour,"The bill amends the Fair Labor Standards Act to define which payments are excluded from the regular rate used to calculate overtime compensation, directly regulating private employer wage obligations.",1,enforcement,wage_hour,"The bill amends the FLSA to modify how overtime compensation is calculated by excluding certain bonus payments from the regular rate, directly affecting private employer wage and hour obligations under federal law.",1,enforcement,wage_hour,"The bill amends the FLSA to exclude certain bonus and incentive payments from the 'regular rate' used to calculate overtime compensation, directly modifying private employer wage and hour obligations by narrowing the overtime calculation base."
s38-114,A bill to ensure that long-term unemployed individuals are not taken into account for purposes of the employer health care coverage mandate.,Helping Individuals Regain Employment Act,Taxation,Employee benefits and pensions|Health care costs and insurance|Health care coverage and access|Sales and excise taxes|Unemployment,1.0,"The bill modifies the definition of full-time employees for the employer health care coverage mandate, directly affecting private employers' obligations to provide group health benefits under the Affordable Care Act.",1,enforcement,healthcare,"The bill modifies the definition of full-time employees for the employer health care coverage mandate, directly affecting private employers' obligations to provide group health benefits under the Affordable Care Act.",1,enforcement,healthcare,"The bill modifies the ACA employer mandate by excluding long-term unemployed individuals from the full-time employee count, directly weakening private employers' obligations to provide group health coverage and thus constituting a change in enforcement stringency of employer healthcare benefit requirements.",1,enforcement,healthcare,"The bill directly modifies private employer obligations under the ACA employer mandate by excluding long-term unemployed individuals from the full-time employee count, thereby reducing the scope of the employer health care coverage requirement."
hr1538-113,"To provide incentives to encourage financial institutions and small businesses to provide continuing financial education to customers, borrowers, and employees, and for other purposes.",National Financial Literacy Act of 2013,Finance and Financial Sector,Administrative law and regulatory procedures|Banking and financial institutions regulation|Consumer credit|Credit and credit markets|Department of the Treasury|Employee benefits and pensions|Federal Deposit Insurance Corporation (FDIC)|Federal Reserve System|Financial literacy|Financial services and investments|Income tax credits|National Credit Union Administration|Small business,1.0,"The bill provides a tax credit to small businesses for providing financial education to employees, which constitutes a tax incentive encouraging employers to expand employee benefits.",,,,"The bill primarily provides a tax credit for financial education, which is a general tax policy incentive and not directly related to employer wage, hour, or benefit obligations.",,,,"The tax credit incentivizes employers to offer voluntary financial literacy training to employees, which is a general employee development benefit unrelated to wage, hour, or mandatory benefit obligations; this falls outside the qualifying scope similar to other general tax credits for employer-provided services.",1,tax_credit_introduction,wage_hour,"The bill introduces a new tax credit for small businesses that provide qualified continuing financial education to their employees, which is a credit specifically tied to employer-provided job training/education programs and thus qualifies as a tax credit incentivizing better employer conduct regarding employee benefits."
hr4763-114,"To amend the Fair Labor Standards Act of 1938 and the Portal-to-Portal Act of 1947 to prevent wage theft and assist in the recovery of stolen wages, to authorize the Secretary of Labor to administer grants to prevent wage and hour violations, and for other purposes.",Wage Theft Prevention and Wage Recovery Act,Labor and Employment,"Alternative dispute resolution, mediation, arbitration|Civil actions and liability|Community life and organization|Congressional oversight|Criminal investigation, prosecution, interrogation|Employment discrimination and employee rights|Government studies and investigations|Labor standards|Personnel records|Wages and earnings",1.0,"The bill amends the Fair Labor Standards Act to strengthen protections against wage theft, increase penalties for unpaid wages and overtime violations, and prohibit mandatory arbitration waivers, directly regulating private employer wage and hour obligations.",1,enforcement,wage_hour,"The bill amends the Fair Labor Standards Act to strengthen protections against wage theft, increase penalties for unpaid wages and overtime violations, and prohibit mandatory arbitration waivers, directly regulating private employer wage and hour obligations.",1,enforcement,wage_hour,"The bill directly strengthens FLSA enforcement by expanding employer disclosure obligations, increasing damages for wage violations, extending statutes of limitations, and prohibiting arbitration waivers for wage claims—all core private employer wage and hour obligations.",1,enforcement,wage_hour,"The bill directly amends the FLSA and Portal-to-Portal Act to strengthen private employer wage and hour obligations, including increased damages for minimum wage/overtime violations, expanded disclosure requirements, extended statutes of limitations, prohibition of pre-dispute arbitration waivers for wage claims, and grants to enhance wage and hour enforcement."
hr4591-111,"To promote labor force participation of older Americans, with the goals of increasing retirement security, reducing the projected shortage of experienced workers, maintaining future economic growth, and improving the Nation's fiscal outlook.",Older Worker Opportunity Act of 2010,Taxation,Advisory bodies|Aging|Employee benefits and pensions|Executive agency funding and structure|Health care costs and insurance|Health care coverage and access|Income tax credits|Wages and earnings,1.0,"The bill provides a tax credit to private employers for providing health and retirement benefits to older workers, directly incentivizing employer-sponsored benefit obligations.",,,,"The bill primarily introduces a tax credit for employers hiring older workers, which is a general tax policy incentive rather than a direct regulation of private employer wage, hour, or benefit obligations.",1,tax_credit_introduction,wage_hour,"The bill introduces a new tax credit for employers who hire older workers in flexible work programs and provide them health and retirement benefits, incentivizing employer behavior toward a specific worker demographic rather than enforcing mandatory wage or benefit obligations.",,,,"The tax credit is for wages paid to older workers in flexible work programs, conditioned on the employer already providing health and retirement benefits — it is a general hiring/retention incentive for older workers, not a credit specifically tied to employer-provided job training or one that imposes new wage, hour, or benefit obligations on private employers."
hr2209-115,"To amend the Internal Revenue Code of 1986 to modify the work opportunity credit for certain youth employees, and to extend empowerment zones.",Helping to Encourage Real Opportunities (HERO) for At-Risk Youth Act,Taxation,Adoption and foster care|Economic development|Education of the disadvantaged|Income tax credits|Temporary and part-time employment|Unemployment|Wages and earnings|Youth employment and child labor,1.0,"The bill modifies the Work Opportunity Tax Credit for youth employees, which constitutes a tax incentive related to private employer wage and hiring obligations for specific worker groups.",,,,"The bill modifies the Work Opportunity Tax Credit, which incentivizes hiring decisions but does not directly impose wage, hour, or benefit obligations on private employers.",,,,"This bill modifies the Work Opportunity Tax Credit to incentivize hiring at-risk youth and foster children, which is a general hiring tax credit unrelated to employer wage, hour, or benefit compliance obligations.",,,,"This bill modifies and expands a tax credit for hiring workers from specific groups (at-risk youth, summer youth employees) and extends empowerment zone designations; these are hiring incentive tax credits, not regulation of private employer wage, hour, or benefit obligations."
hr6453-111,To repeal provisions of the recently enacted health care reform law that prohibit the establishment of lifetime limits on health benefits.,Third Health Insurance Protects America--Can't Repeal IT (HIPA-CRIT) Act,Health,Comprehensive health care|Health care costs and insurance|Health care coverage and access,1.0,"The bill addresses employer-sponsored group health benefit plans by repealing prohibitions on lifetime limits, directly impacting the scope of health welfare benefits provided by private employers under ERISA.",1,enforcement,healthcare,"The bill repeals prohibitions on lifetime limits for employer-sponsored group health plans, directly affecting private employer obligations under ERISA.",1,enforcement,healthcare,"The bill weakens PPACA/ERISA protections by allowing employer-sponsored group health plans to reimpose lifetime benefit limits, directly reducing private employer obligations regarding health benefit plan terms.",1,enforcement,healthcare,"The bill repeals the ACA prohibition on lifetime limits for group health plans, which directly weakens obligations on private employers as sponsors of group health plans under ERISA by allowing them to reimpose lifetime dollar caps on benefits for participants and beneficiaries."
hr5918-114,To establish requirements for participants in the peer-to-peer economy to be considered independent contractors and not employees for purposes of several employment-related statutes.,,Labor and Employment,Employee leave|Internet and video services|Labor standards|Labor-management relations|Service industries|Telephone and wireless communication|Wages and earnings,1.0,"The bill directly regulates private employer obligations under the Fair Labor Standards Act and Family Medical Leave Act by defining peer-to-peer workers as independent contractors, thereby exempting them from wage, overtime, and leave protections.",1,enforcement,wage_hour,"The bill exempts peer-to-peer economy workers from being classified as employees under the FLSA and FMLA, directly affecting private employer wage and hour obligations.",1,enforcement,wage_hour,"The bill weakens private employer wage and hour obligations by creating a statutory carve-out that exempts peer-to-peer platform workers from FLSA minimum wage/overtime protections and FMLA leave requirements, directly affecting how these employment statutes apply to private employers in the gig economy.",1,enforcement,wage_hour,"The bill directly alters private employer wage and hour obligations by establishing criteria under which peer-to-peer economy workers are classified as independent contractors rather than employees, thereby exempting them from FLSA minimum wage/overtime protections and FMLA leave requirements — effectively weakening enforcement of existing wage, hour, and leave standards."
hr1677-114,To amend the Employee Retirement Income Security Act of 1974 to ensure health care coverage value and transparency for dental benefits under group health plans.,Dental Insurance Fairness Act of 2015,Health,Dental care|Employee benefits and pensions|Health care costs and insurance|Health care coverage and access,1.0,"The bill amends ERISA to regulate the value and transparency of dental benefits under self-insured group health plans, directly addressing private employer obligations regarding employee welfare benefits.",1,enforcement,healthcare,"The bill amends ERISA to impose coverage and transparency standards on employer-sponsored group health plans for dental benefits, directly regulating private employer obligations.",1,enforcement,healthcare,"The bill amends ERISA to impose coverage value and transparency requirements on dental benefits under employer-sponsored group health plans, directly regulating private employer obligations as plan sponsors.",1,enforcement,healthcare,"The bill amends ERISA to impose coverage value and transparency requirements on dental benefits under self-insured group health plans, directly creating new obligations on private employers as plan sponsors of employer-sponsored welfare benefit plans."
s1604-114,A bill to establish the Transition to Independence Medicaid Buy-In Option demonstration program.,Transition to Independence Act,Health,Adult day care|Disability and paralysis|Employment and training programs|Home and outpatient care|Medicaid|Performance measurement|Wages and earnings,1.0,"The bill targets the reduction of subminimum wage work for individuals with disabilities, directly addressing private employer wage obligations and compliance with minimum wage standards.",,,,"The bill primarily establishes a Medicaid demonstration program incentivizing states to expand employment opportunities for individuals with disabilities, rather than directly imposing new wage or benefit obligations on private employers.",,,,"This bill establishes a Medicaid demonstration program offering bonus payments to states that expand employment opportunities for individuals with disabilities; it does not impose wage, hour, or benefit obligations on private employers, but rather incentivizes state-level Medicaid policy changes through federal grants.",,,,"This bill establishes a Medicaid demonstration program providing bonus payments to states that meet benchmarks for expanding integrated employment and reducing subminimum wage work for individuals with disabilities; it is a government program incentivizing state policy changes, not a bill that directly imposes wage, hour, or benefit obligations on private employers."
hr2619-114,"To amend the Internal Revenue Code of 1986 to provide a tax credit to Patriot employers, and for other purposes.",Patriot Employer Tax Credit Act,Taxation,"Disability and paralysis|Employee benefits and pensions|Employee hiring|Employment and training programs|Income tax credits|Income tax deductions|Interest, dividends, interest rates|Labor standards|Taxation of foreign income|Veterans' education, employment, rehabilitation|Wages and earnings",1.0,"The bill provides a tax credit to private employers contingent on meeting specific wage and benefit standards, including paying wages above the federal poverty level and providing retirement benefits, thereby directly regulating private employer compensation and benefit obligations.",,,,"The bill primarily introduces a tax credit for employers meeting certain wage and benefit criteria, which incentivizes behavior rather than directly regulating private employer wage or benefit obligations.",1,tax_credit_introduction,wage_hour,"The bill introduces a new tax credit incentivizing employers toward better wage and benefit practices (paying above poverty-level wages, providing retirement benefits, maintaining domestic employment), making it a tax credit introduction that relates to private employer wage and benefit conduct.",,,,"This bill offers a tax credit to employers who voluntarily meet certain wage, benefit, and hiring criteria; it does not impose new mandatory obligations on private employers regarding wages, hours, or benefits, nor is the credit specifically tied to employer-provided job training. It is a general hiring/compensation incentive tax credit that does not qualify."
hr2317-114,To amend the Employee Retirement Income Security Act of 1974 to require a lifetime income disclosure.,Lifetime Income Disclosure Act,Labor and Employment,Administrative law and regulatory procedures|Department of Labor|Employee benefits and pensions|Government information and archives,1.0,"The bill amends ERISA to mandate lifetime income disclosures for private employer-sponsored retirement plans, directly addressing employer obligations regarding employee benefit plan transparency and management.",1,enforcement,pension,"The bill mandates lifetime income disclosures under ERISA, directly imposing new transparency obligations on private employers as sponsors of retirement plans.",1,enforcement,pension,"Amends ERISA to impose new mandatory disclosure obligations on private employers as sponsors of individual account retirement plans, requiring them to provide lifetime income stream equivalents to participants, thereby strengthening employer pension plan compliance requirements.",1,enforcement,pension,"The bill amends ERISA to impose a new mandatory disclosure obligation on private employer-sponsored individual account plans, requiring plan administrators to provide lifetime income stream equivalents in quarterly benefit statements, directly creating new participant disclosure obligations for plan sponsors and fiduciaries."
hr5372-113,"To amend the Internal Revenue Code of 1986 to provide a tax credit to Patriot employers, and for other purposes.",Patriot Employer Tax Credit Act,Taxation,"Disability and paralysis|Employee benefits and pensions|Employee hiring|Employment and training programs|Income tax credits|Income tax deductions|Interest, dividends, interest rates|Labor standards|Taxation of foreign income|Veterans' education, employment, rehabilitation|Wages and earnings",1.0,"The bill provides a tax credit to private employers contingent on meeting specific wage and benefit standards, including paying wages at 150% of the federal poverty level and providing retirement benefits, thereby directly incentivizing private employer wage and benefit obligations.",1,tax_credit_introduction,wage_hour,"The bill introduces a tax credit contingent on private employers meeting specific wage and benefit standards, directly incentivizing compliance with wage and benefit obligations.",1,tax_credit_introduction,wage_hour,"The bill introduces a new tax credit that incentivizes employers toward better wage and benefit practices, including paying wages at 150% of the federal poverty level, providing retirement benefits, and maintaining healthcare coverage, making it a tax credit introduction primarily focused on wage-hour obligations.",1,tax_credit_introduction,wage_hour,"The bill introduces a new tax credit for 'Patriot employers' that is directly contingent on meeting specific wage thresholds (150% of federal poverty level for 90% of employees), providing retirement benefits, and complying with health coverage mandates — these are employer wage and benefit conduct requirements tied to the credit, making this a tax credit incentivizing better wage/benefit behavior."
s215-114,A bill to amend the Internal Revenue Code of 1986 to increase the exclusion for employer-provided dependent care assistance.,Child and Dependent Care FSA Enhancement Act,Taxation,Adult day care|Child care and development|Employee benefits and pensions|Income tax exclusion|Inflation and prices,1.0,"The bill modifies tax exclusions for employer-provided dependent care assistance, directly regulating the financial structure of employer-sponsored welfare benefits for private sector employees.",,,,"The bill offers a tax benefit related to employer-provided dependent care assistance, which is a general tax policy change and not a direct regulation of private employer wage or benefit obligations.",,,,"This bill increases the tax exclusion limit for employer-provided dependent care assistance programs (dependent care FSAs), which is a general tax benefit for families using childcare services, not a regulation of private employer wage, hour, or benefit obligations; employers are not required to offer these programs, and the bill does not impose new compliance obligations on employers who choose to sponsor them.",,,,"This bill adjusts the tax exclusion amount for employer-provided dependent care assistance, which is a tax benefit modification rather than a bill imposing new obligations on private employers regarding wage, hour, or benefit conduct; it falls under the disqualifying category of tax benefits unrelated to wage/hour obligations (dependent care credits)."
hr6325-114,"To establish an independent advisory committee to review certain regulations, and for other purposes.",Workforce Regulatory Review Act of 2016,Government Operations and Politics,,1.0,"The bill establishes a commission to review and potentially repeal regulations governing private employer obligations regarding wages, hours, and employee health benefits, directly impacting the regulatory framework for wage and hour compliance.",1,enforcement,wage_hour,"The bill establishes a commission to review and potentially repeal regulations related to wages, hours, and employee health, directly impacting private employer obligations and the regulatory framework for wage and hour compliance.",,,,"This bill establishes a commission to review existing regulations across multiple domains (workplace safety, discrimination, wages, hours, employee health) but does not itself impose, strengthen, or weaken any specific private employer wage, hour, or benefit obligation; it is a procedural/administrative bill about regulatory review processes, not substantive employer conduct regulation.",1,enforcement,wage_hour,"The bill's central purpose is to establish a commission to review and recommend modification, consolidation, or repeal of regulations related to wages, hours, workplace safety, and employee health, directly targeting the regulatory framework governing private employer wage, hour, and benefit obligations with the explicit aim of reducing regulatory requirements by one-third."
s984-112,A bill to allow Americans to earn paid sick time so that they can address their own health needs and the health needs of their families.,Healthy Families Act,Labor and Employment,"Civil actions and liability|Congressional oversight|Domestic violence and child abuse|Employee leave|Employment discrimination and employee rights|Government employee pay, benefits, personnel management|Government information and archives|Government liability|Government studies and investigations|Sex offenses|State and local government operations",1.0,"The bill mandates private employers to provide paid sick leave, directly regulating employer obligations regarding employee benefits and leave rights under labor laws.",1,enforcement,wage_hour,"The bill mandates private employers to provide paid sick leave, directly regulating employer obligations regarding employee benefits and leave rights under labor laws.",1,enforcement,wage_hour,"The bill mandates that private employers provide paid sick time to employees, directly imposing new wage and leave obligations on non-governmental employers, and includes enforcement mechanisms and civil action provisions.",1,enforcement,wage_hour,"The bill mandates that private employers with 15 or more employees provide paid sick time, directly imposing new leave obligations on private employers, which falls under wage/hour/leave regulation."
hr377-113,"To amend the Fair Labor Standards Act of 1938 to provide more effective remedies to victims of discrimination in the payment of wages on the basis of sex, and for other purposes.",Paycheck Fairness Act,Labor and Employment,"Civil actions and liability|Employment discrimination and employee rights|Government information and archives|Government studies and investigations|Public contracts and procurement|Racial and ethnic relations|Sex, gender, sexual orientation discrimination|Small business|Wages and earnings|Women's employment",1.0,"The bill amends the Fair Labor Standards Act to strengthen prohibitions against sex-based wage discrimination and enhance remedies for violations, directly regulating private employer wage obligations.",1,enforcement,wage_hour,"The bill amends the Fair Labor Standards Act to strengthen prohibitions against sex-based wage discrimination and enhance remedies for violations, directly regulating private employer wage obligations.",1,enforcement,wage_hour,"The bill strengthens FLSA equal pay protections by narrowing employer defenses for wage differentials, expanding remedies including punitive damages, and enhancing enforcement mechanisms, directly tightening private employer wage obligations.",1,enforcement,wage_hour,"The Paycheck Fairness Act amends the Fair Labor Standards Act to strengthen prohibitions against sex-based wage discrimination by private employers, tightening the bona fide factor defense, expanding remedies (compensatory and punitive damages, class actions), enhancing anti-retaliation protections, and requiring employer pay data collection — all directly regulating private employer wage obligations."
hr3397-116,To amend the Internal Revenue Code to increase the exclusion for employer-provided dependent care assistance and to allow individuals to carry forward dependent care flexible spending arrangement account balances.,Child and Dependent Care Modernization Act of 2019,Taxation,Adult day care|Child care and development|Employee benefits and pensions|Income tax exclusion,1.0,"The bill modifies tax exclusions for employer-provided dependent care assistance and flexible spending arrangements, directly regulating the structure and incentives of private employer-sponsored welfare benefit plans.",,,,"The bill primarily offers a tax benefit related to dependent care, which is not directly tied to employer wage, hour, or benefit obligations.",,,,"This bill modifies tax exclusions for employer-provided dependent care assistance and FSA carryover rules, which are general tax benefits unrelated to employer wage/hour compliance obligations; it does not impose new mandatory conduct requirements on employers regarding wages, hours, or benefit plan administration.",,,,"This bill adjusts the tax exclusion amount for employer-provided dependent care assistance and allows carryforward of FSA balances — these are modifications to tax treatment of optional employer-provided benefits, not new mandatory obligations imposed on private employers regarding wage, hour, or benefit conduct. It falls under the disqualifying category of tax benefits unrelated to wage/hour obligations (dependent care credits/exclusions)."
hr1072-115,"To repeal provisions of the Patient Protection and Affordable Care Act and provide private health insurance reform, and for other purposes.",Obamacare Replacement Act,Health,"Abortion|Accounting and auditing|Administrative law and regulatory procedures|Administrative remedies|Advisory bodies|Bank accounts, deposits, capital|Bankruptcy|Child health|Competition and antitrust|Congressional oversight|Contracts and agency|Department of Labor|Employee benefits and pensions|Employment taxes|Federal preemption|Fraud offenses and financial crimes|Government information and archives|Health care costs and insurance|Health care coverage and access|Health personnel|Income tax credits|Income tax deductions|Insurance industry and regulation|Intergovernmental relations|Licensing and registrations|Medicaid|Medicare|Nutrition and diet|Physical fitness and lifestyle|Prescription drugs|Sales and excise taxes|Small business|Social work, volunteer service, charitable organizations|Sports and recreation facilities|State and local government operations|State and local taxation|Tax administration and collection, taxpayers|User charges and fees",1.0,"The bill amends ERISA to establish association health plans and modify stop-loss insurance requirements, directly regulating employer-sponsored group health benefit plan obligations for private employers.",1,enforcement,healthcare,"The bill amends ERISA to establish association health plans and modify stop-loss insurance requirements, directly regulating employer-sponsored group health benefit plan obligations for private employers.",1,enforcement,healthcare,"The bill amends ERISA to establish association health plans and modify stop-loss insurance requirements, directly imposing new regulatory frameworks on private employers as sponsors of group health benefit plans.",1,enforcement,healthcare,"The bill amends ERISA to establish and govern association health plans (group health plans sponsored by business associations) and modifies stop-loss insurance exemptions for employer-sponsored health plans, directly imposing new structural and regulatory obligations on private employers as plan sponsors of group health plans."
s2347-116,"A bill to amend the Internal Revenue Code of 1986 to exclude employer contributions to student loan repayment from income, and for other purposes.",Student Loan Repayment Acceleration Act,Taxation,,1.0,"The bill regulates employer-sponsored benefits by creating a tax exclusion for student loan repayments, which directly impacts the financial obligations and benefit structures of private employers.",,,,"The bill offers a tax exclusion for employer contributions to student loan repayments, which is a tax policy change rather than a direct regulation of private employer wage, hour, or benefit obligations.",,,,"This bill offers employers a tax benefit (exclusion from income and payroll taxes) for voluntarily providing student loan repayment assistance, but does not impose any wage, hour, or benefit obligation on private employers; it is a general tax incentive unrelated to employer wage/hour compliance.",,,,"This bill provides a tax exclusion for employer contributions to student loan repayment, which is a tax benefit/incentive unrelated to wage/hour obligations; it does not impose any mandatory obligation on private employers regarding wages, hours, or benefits, but rather offers optional favorable tax treatment for a voluntary employer benefit."
s503-116,A bill to amend the Internal Revenue Code of 1986 to provide the opportunity for responsible health savings to all American families.,Responsible Additions and Increases to Sustain Employee Health Benefits Act of 2019,Taxation,Employee benefits and pensions|Health care costs and insurance|Income tax exclusion|Inflation and prices,1.0,"The bill modifies tax exclusions for employer-sponsored health flexible spending arrangements, directly affecting the structure and incentives of private employer-provided welfare benefits.",,,,"The bill modifies tax exclusions for health flexible spending arrangements, which is a tax policy change rather than a direct regulation of private employer wage, hour, or benefit obligations.",,,,"This bill modifies tax treatment of health flexible spending arrangements (FSAs) by increasing contribution limits and allowing carryforwards, but does not impose new mandatory obligations on private employers regarding employee benefits; it merely adjusts optional tax-advantaged plan features, which falls under the disqualifying criteria for general tax benefits unrelated to wage/hour obligations.",,,,"This bill modifies the tax treatment of health flexible spending arrangements (increasing contribution limits and allowing carryforwards) but does not impose new mandatory obligations on private employers as plan sponsors; it merely adjusts optional plan features and their tax exclusion parameters, which is tax policy rather than regulation of private employer wage, hour, or benefit conduct."
s1651-116,A bill to amend the Internal Revenue Code of 1986 to include foster care transition youth as members of targeted groups for purposes of the work opportunity credit.,Improved Employment Outcomes for Foster Youth Act of 2019,Taxation,Adoption and foster care|Employee hiring|Employment and training programs|Income tax credits|Wages and earnings|Youth employment and child labor,1.0,"The bill modifies the Work Opportunity Tax Credit, a tax incentive that directly affects private employer wage obligations by providing credits for wages paid to specific targeted groups of employees.",,,,"The bill expands the Work Opportunity Tax Credit to include foster care transition youth, which incentivizes hiring decisions but does not directly impose new wage, hour, or benefit obligations on private employers.",,,,"This bill expands the Work Opportunity Tax Credit to include foster care transition youth as a targeted hiring group, which is a general hiring incentive unrelated to wage or benefit compliance obligations and therefore does not qualify under the detailed classification rules.",,,,"This bill expands the Work Opportunity Tax Credit to include foster care transition youth as a targeted hiring group; it is a tax credit for hiring workers from a specific demographic group, which incentivizes hiring decisions rather than regulating private employer wage, hour, or benefit obligations."
hjres67-115,Disapproving the rule submitted by the Department of Labor relating to savings arrangements established by qualified State political subdivisions for non-governmental employees.,,Labor and Employment,Administrative law and regulatory procedures|Congressional oversight|Department of Labor|Employee benefits and pensions|State and local government operations,1.0,"The bill addresses ERISA regulations concerning payroll deduction savings programs for private-sector employees, directly impacting how non-governmental employers and state entities structure employee pension benefit plans.",1,enforcement,pension,"The bill nullifies a Department of Labor rule affecting ERISA regulations on payroll deduction savings programs for private-sector employees, directly impacting private employer obligations regarding employee pension benefit plans.",1,enforcement,pension,"This bill nullifies a DOL rule that would have allowed state political subdivisions to establish auto-enrollment retirement savings programs for private-sector employees without triggering ERISA plan obligations on employers, thereby affecting the scope of private employer pension obligations under ERISA.",,,,"This bill nullifies a rule that allowed state political subdivisions to operate payroll deduction savings programs without triggering ERISA obligations; the underlying rule merely clarified ERISA classification (safe harbor from being considered an ERISA plan) rather than imposing new mandatory obligations on private employers, so nullifying it does not directly regulate private employer wage, hour, or benefit conduct."
s219-116,A bill to amend the Internal Revenue Code of 1986 to impose an excise tax on employers with low-wage employees.,Corporate Freeloader Fee Act,Taxation,Corporate finance and management|Employee benefits and pensions|Health care costs and insurance|Health care coverage and access|Poverty and welfare assistance|Sales and excise taxes|Wages and earnings,1.0,"The bill imposes an excise tax on private employers based on their wage levels and provides tax reductions for providing health and retirement benefits, directly regulating private employer wage and benefit obligations.",1,enforcement,wage_hour,"The bill imposes an excise tax on employers with low-wage employees, directly regulating private employer wage obligations by incentivizing higher wages and benefit provision.",1,enforcement,wage_hour,"The bill imposes an excise tax penalty on private employers who pay wages below 218% of the federal poverty line, directly regulating and discouraging low-wage employer conduct through financial consequences.",1,enforcement,wage_hour,"The bill imposes an excise tax on private employers who pay low wages (below 218% of the federal poverty line), directly penalizing private employer wage conduct, and reduces the tax for employers providing health and retirement benefits — its central purpose is regulating private employer wage and benefit behavior through a tax penalty mechanism."
hr2161-112,"To amend the Immigration and Nationality Act to promote innovation, investment, and research in the United States, and for other purposes.",IDEA Act of 2011,Immigration,Administrative law and regulatory procedures|Administrative remedies|Business investment and capital|Department of Homeland Security|Department of Labor|Economic development|Education of the disadvantaged|Elementary and secondary education|Employee hiring|Employment and training programs|Employment discrimination and employee rights|Foreign and international corporations|Foreign labor|Government studies and investigations|Government trust funds|Immigration status and procedures|Minority education|Science and engineering education|Small business|Student aid and college costs|Temporary and part-time employment|Unemployment|User charges and fees|Visas and passports|Wages and earnings|Women's education,1.0,"The bill revises prevailing wage computation formulas and imposes specific wage requirements for H-1B and L-1B visa holders, directly regulating private employer wage obligations for foreign workers.",1,enforcement,wage_hour,"The bill revises prevailing wage computation formulas and imposes specific wage requirements for H-1B and L-1B visa holders, directly regulating private employer wage obligations for foreign workers.",,,,"Although the bill includes prevailing wage provisions for H-1B and L-1B visa holders, its primary subject is immigration policy (visa categories, eligibility, and procedures); the wage provisions are incidental conditions within a broader immigration framework, not the bill's central purpose of regulating private employer wage obligations.",1,enforcement,wage_hour,"The bill revises the prevailing wage level computation formula and imposes specific wage requirements on private employers hiring H-1B and L-1B visa workers, along with U.S. worker displacement protections and recruitment requirements, directly regulating private employer wage and hiring obligations."
s953-113,"A bill to amend the Higher Education Act of 1965 to extend the reduced interest rate for undergraduate Federal Direct Stafford Loans, to modify required distribution rules for pension plans, to limit earnings stripping by expatriated entities, to provide for modifications related to the Oil Spill Liability Trust Fund, and for other purposes.",Student Loan Affordability Act,Taxation,"Budget deficits and national debt|Employee benefits and pensions|Foreign and international corporations|Government lending and loan guarantees|Government trust funds|Higher education|Income tax deductions|Interest, dividends, interest rates|Oil and gas|Pollution liability|Sales and excise taxes|Student aid and college costs|Water quality",1.0,"The bill modifies Internal Revenue Code rules regarding required distributions from tax-exempt pension plans, which directly impacts private employer obligations related to employee retirement benefits under ERISA.",1,enforcement,pension,"The bill modifies required distribution rules for pension plans, directly impacting private employer obligations related to employee retirement benefits under ERISA.",1,enforcement,pension,"The bill modifies required minimum distribution rules for tax-exempt pension plans, directly changing private employer obligations as plan sponsors regarding the timing of benefit distributions to deceased employees' beneficiaries under ERISA.",,,,"The pension provision modifies required minimum distribution rules for beneficiaries after an employee's death, changing tax treatment of plan distributions rather than imposing new mandatory obligations on private employers as plan sponsors (e.g., funding requirements, fiduciary duties, or disclosure obligations); the bill's primary purpose is student loan interest rates and tax policy."
s2284-116,"A bill to create a Climate Action Rebate Fund in order to efficiently reduce greenhouse gas emissions, provide a monthly rebate to the American people, encourage innovation of clean energy technologies and create new economic opportunities, ensure the resiliency of our infrastructure, assist with the transition to a clean energy economy, and leave a healthier, more stable, and more prosperous nation for future generations.",Climate Action Rebate Act of 2019,Taxation,"Agricultural conservation and pollution|Air quality|Alternative and renewable resources|Aviation and airports|Border security and unlawful immigration|Buy American requirements|Climate change and greenhouse gases|Coal|Competitiveness, trade promotion, trade deficits|Department of Agriculture|Department of Commerce|Department of Energy|Department of Health and Human Services|Department of Homeland Security|Department of Labor|Department of State|Department of Transportation|Department of Veterans Affairs|Department of the Interior|Economic development|Electric power generation and transmission|Employee benefits and pensions|Employment and training programs|Energy assistance for the poor and aged|Energy efficiency and conservation|Energy prices|Energy storage, supplies, demand|Environmental Protection Agency (EPA)|Environmental technology|Executive agency funding and structure|Export-Import Bank of the United States|Farmland|Floods and storm protection|Foreign aid and international relief|Forests, forestry, trees|Government lending and loan guarantees|Government trust funds|Hazardous wastes and toxic substances|Health facilities and institutions|Health programs administration and funding|Housing and community development funding|Hybrid, electric, and advanced technology vehicles|Income tax credits|Infrastructure development|International law and treaties|International organizations and cooperation|Internet and video services|Land use and conservation|Metals|Mining|Nuclear power|Oil and gas|Public contracts and procurement|Public transit|Railroads|Roads and highways|Rural conditions and development|Sales and excise taxes|Tariffs|Tax administration and collection, taxpayers|Transportation programs funding|U.S. Agency for International Development (USAID)|Veterans' medical care|Wages and earnings|Water quality|Water resources funding",1.0,"The bill mandates compliance with the Davis-Bacon Act, which requires private contractors on federally funded infrastructure projects to pay prevailing wages, directly regulating private employer wage obligations.",1,enforcement,wage_hour,"The bill mandates compliance with the Davis-Bacon Act, requiring private contractors on federally funded projects to pay prevailing wages, directly regulating private employer wage obligations.",,,,"Although the bill requires Davis-Bacon Act compliance for spending carbon fee revenues, the bill's primary subject is climate policy through carbon pricing and rebates to individuals; private employer wage obligations are merely incidental conditions on how revenues are spent, not the bill's central purpose.",,,,"Although the bill requires Davis-Bacon Act compliance for spending of carbon fee revenues, the bill's central purpose is climate policy (imposing a carbon fee on fossil fuels and distributing rebates); the prevailing wage requirement is an incidental condition on fund expenditures, not the bill's primary subject."
s3221-112,A bill to amend the National Labor Relations Act to permit employers to pay higher wages to their employees.,RAISE Act,Labor and Employment,Employment discrimination and employee rights|Labor-management relations|Wages and earnings,1.0,"The bill amends the National Labor Relations Act to regulate private employer wage payment practices, specifically addressing whether employers can pay higher wages than those stipulated in collective bargaining agreements, which falls under the scope of wage and earnings issues.",1,enforcement,wage_hour,"The bill amends the National Labor Relations Act to allow employers to pay higher wages than collective bargaining agreements stipulate, directly affecting private employer wage obligations.",,,,"This bill addresses collective bargaining rights and labor-management relations under the NLRA, not private employer wage, hour, or benefit obligations; it permits employers to exceed collectively bargained wages but does not impose, strengthen, or weaken mandatory wage/hour compliance requirements.",1,enforcement,wage_hour,"The bill amends the National Labor Relations Act to directly regulate private employer wage conduct by permitting employers to pay employees higher wages than those specified in collective bargaining agreements, altering the legal framework governing private employer wage obligations."
s777-114,"A bill to permit employees to request, and to ensure employers consider requests for, flexible work terms and conditions, and for other purposes.",Flexibility for Working Families Act,Labor and Employment,"Administrative remedies|Civil actions and liability|Congressional agencies|Congressional officers and employees|Department of Labor|Employment discrimination and employee rights|Government Accountability Office (GAO)|Government employee pay, benefits, personnel management|Government information and archives|Judicial review and appeals|Labor standards|Labor-management relations|Library of Congress|State and local government operations",1.0,"The bill regulates private employer obligations regarding work schedules and hours, and explicitly requires the Department of Labor's Wage and Hour Division to issue guidance on compliance with the Fair Labor Standards Act, directly aligning with wage and hour enforcement issues.",1,enforcement,wage_hour,"The bill imposes obligations on private employers to consider employee requests for flexible work terms, directly affecting wage and hour conditions under the FLSA.",1,enforcement,wage_hour,"The bill imposes new mandatory obligations on private employers to consider and respond to employee requests for flexible work terms (hours, scheduling, location), creates enforcement mechanisms through the Department of Labor with civil penalties, and explicitly ties to FLSA compliance, directly regulating private employer wage and hour conduct.",1,enforcement,wage_hour,"The bill imposes new obligations on private employers to consider employee requests for flexible work terms (hours, schedules, location), creates enforcement mechanisms including civil penalties through the Department of Labor, and requires Wage and Hour Division guidance on FLSA compliance, directly regulating private employer wage and hour conduct."
hr5971-114,To amend the Internal Revenue Code of 1986 to increase the amount excludable from gross income for dependent care assistance and dependent care flexible spending arrangements and to provide for a carryover of unused dependent care benefits in dependent care flexible spending arrangements.,,Taxation,Child care and development|Disability and paralysis|Employee benefits and pensions|Income tax exclusion|Inflation and prices,1.0,"The bill modifies tax exclusions for employer-provided dependent care assistance, directly regulating the structure and incentives of private employer-sponsored welfare benefit plans.",,,,"The bill primarily addresses tax exclusions for dependent care assistance, which is a tax policy matter rather than a direct regulation of private employer wage, hour, or benefit obligations.",,,,"This bill modifies tax exclusions for employer-provided dependent care assistance and flexible spending arrangements, which are general tax benefits for families rather than obligations imposed on private employers regarding wage, hour, or benefit compliance; it falls under the disqualifying category of tax benefits unrelated to employer wage/hour obligations.",,,,"This bill adjusts the tax exclusion amount for employer-provided dependent care assistance and allows carryover of unused benefits in flexible spending arrangements; it modifies optional tax treatment of employer-provided benefits rather than imposing new mandatory obligations on private employers regarding wage, hour, or benefit conduct."
hr3656-112,To amend the Internal Revenue Code of 1986 to provide for death and disability protection for loans from qualified employer plans.,Retirement Savings Security Act of 2011,Taxation,"Employee benefits and pensions|Income tax deferral|Income tax exclusion|Life, casualty, property insurance",1.0,"The bill amends the Internal Revenue Code to regulate protections for loans from qualified employer retirement plans, directly addressing the administration and security of private employer-sponsored benefit plans under ERISA.",,,,"The bill primarily addresses tax treatment and insurance options for loans from retirement plans, not imposing new mandatory obligations on private employers as plan sponsors under ERISA.",,,,"This bill merely creates an optional feature allowing retirement plan participants to purchase loan insurance; it does not impose new mandatory obligations on private employers as plan sponsors regarding funding, fiduciary duties, or participant protections.",,,,"This bill modifies optional plan features by allowing participants to obtain death and disability protection on plan loans; it does not impose new mandatory obligations on private employers as plan sponsors but rather creates an optional arrangement, and its primary mechanism is tax treatment of these arrangements."
s1302-113,A bill to amend the Employee Retirement Income Security Act of 1974 and the Internal Revenue Code of 1986 to provide for cooperative and small employer charity pension plans.,Cooperative and Small Employer Charity Pension Flexibility Act,Labor and Employment,"Congressional oversight|Employee benefits and pensions|Government studies and investigations|Social work, volunteer service, charitable organizations",1.0,"The bill amends ERISA to establish minimum funding standards and liquidity rules for cooperative and small employer charity pension plans, directly regulating private employer obligations regarding employee retirement benefits.",1,enforcement,pension,"The bill amends ERISA to establish minimum funding standards and liquidity rules for cooperative and small employer charity pension plans, directly regulating private employer obligations regarding employee retirement benefits.",1,enforcement,pension,"The bill amends ERISA to establish minimum funding standards, liquidity requirements, and funding restoration obligations for cooperative and small employer charity pension plans, directly imposing mandatory compliance obligations on private employers as plan sponsors.",1,enforcement,pension,"The bill amends ERISA and the Internal Revenue Code to establish minimum funding standards, funding restoration requirements, contribution rules, and lien provisions for cooperative and small employer charity pension plans (CSEC plans), directly imposing new mandatory obligations on private employers as pension plan sponsors."
s3429-114,"A bill to delay the implementation of the overtime rule submitted by the Department of Labor entitled ""Defining and Delimiting the Exemptions for Executive, Administrative, Professional, Outside Sales and Computer Employees"" for a period of 2 years in States in which the President has declared that a major disaster exists.",Small Business Survival from Disaster Act,Labor and Employment,,1.0,The bill directly regulates private employer obligations regarding overtime pay exemptions under the Fair Labor Standards Act (FLSA) by delaying the implementation of revised income thresholds for exempt employees.,1,enforcement,wage_hour,"The bill delays the implementation of revised overtime pay exemption thresholds under the FLSA, directly affecting private employer wage obligations.",1,enforcement,wage_hour,"The bill directly addresses private employer overtime pay obligations under the FLSA by delaying implementation of revised exemption thresholds, thereby weakening enforcement of wage-hour protections in disaster-affected states.",1,enforcement,wage_hour,"The bill delays the effective date of the DOL overtime rule revising FLSA white-collar exemption salary thresholds, directly affecting private employer overtime pay obligations by temporarily weakening enforcement of expanded overtime protections in disaster-declared states."
s1531-114,"A bill to reform the provision of health insurance coverage by promoting health savings accounts, State-based alternatives to coverage under the Affordable Care Act, and price transparency, in order to promote a more market-based health care system, and for other purposes.",Patient Freedom Act of 2015,Health,Emergency medical services and trauma care|Employee benefits and pensions|Health care costs and insurance|Health care coverage and access|Health programs administration and funding|Income tax credits|Intergovernmental relations|Medicaid|Medicare|State and local government operations,1.0,"The bill amends the Internal Revenue Code regarding Health Savings Accounts (HSAs) and modifies requirements for employer-sponsored health insurance coverage, which directly relates to employer obligations under ERISA and tax incentives for providing employee welfare benefits.",,,,"The bill primarily addresses state options for implementing health insurance reforms and modifies tax treatment of HSAs, which does not directly impose new obligations on private employers regarding employee health benefits under ERISA.",,,,"This bill primarily restructures individual health insurance markets and HSA eligibility rules; while it mentions 'employee benefits and pensions' as a subject, it does not impose new mandatory obligations on private employers as plan sponsors under ERISA, nor does it regulate employer wage, hour, or benefit conduct—it instead focuses on state-level alternatives to ACA individual market provisions and individual HSA tax treatment.",,,,"This bill primarily reforms the individual health insurance market and HSA tax rules as alternatives to the ACA; it does not impose new obligations on private employers as plan sponsors under ERISA. The HSA changes and state-based coverage options are individual-focused tax and insurance market reforms, not private employer wage, hour, or benefit obligations."
hr1494-114,To amend the Internal Revenue Code of 1986 to permit rollovers from retirement plans to health savings accounts.,Retirement Health Savings Act of 2015,Taxation,Employee benefits and pensions|Health care costs and insurance|Income tax exclusion,1.0,"The bill amends tax code provisions regarding retirement plan distributions, which directly relates to the management and taxation of employee pension and retirement benefits covered under ERISA.",,,,"The bill primarily addresses tax treatment of retirement plan distributions to health savings accounts, which does not impose new mandatory obligations on private employers regarding wage, hour, or benefit compliance.",,,,"This bill modifies the tax treatment of optional rollovers from retirement accounts to HSAs without imposing new mandatory obligations on private employers as plan sponsors; it is a tax benefit provision for individuals, not a regulation of employer pension or benefit conduct.",,,,This bill modifies the tax treatment of retirement plan distributions rolled over to health savings accounts; it does not impose new mandatory obligations on private employers as plan sponsors but rather changes optional plan transaction tax rules for individuals.
hr1248-113,To amend the Patient Protection and Affordable Care Act to repeal certain limitations on health care benefits.,Family Health Care Flexibility Act,Health,Digestive and metabolic diseases|Employee benefits and pensions|Health care costs and insurance|Prescription drugs,1.0,"The bill modifies employer-sponsored group health benefit plans (specifically Health Flexible Spending Arrangements) under ERISA by repealing contribution limits and expanding eligible expenses, directly affecting private employer benefit obligations.",1,enforcement,healthcare,"The bill modifies employer-sponsored group health benefit plans by repealing contribution limits and expanding eligible expenses, directly affecting private employer benefit obligations under ERISA.",,,,"This bill modifies optional tax-advantaged account features (HSAs, FSAs) available to employees and employers without imposing new mandatory obligations on private employers as plan sponsors; it is general tax policy rather than employer wage or benefit compliance regulation.",,,,"This bill modifies the tax treatment of health savings accounts and flexible spending arrangements by repealing contribution limits and expanding eligible expenses for over-the-counter medications; it does not impose new mandatory obligations on private employers as plan sponsors but rather adjusts optional plan features and tax rules, which does not qualify under the detailed criteria."
s2955-111,A bill to amend the Internal Revenue Code of 1986 to provide a temporary payroll increase tax credit for certain employers.,,Taxation,"Administrative law and regulatory procedures|Bank accounts, deposits, capital|Banking and financial institutions regulation|Civil actions and liability|Congressional oversight|Corporate finance and management|Currency|Department of the Treasury|Evidence and witnesses|Financial services and investments|Foreign and international corporations|Fraud offenses and financial crimes|Government studies and investigations|Income tax credits|Income tax deductions|Intellectual property|Interest, dividends, interest rates|Securities|Tax administration and collection, taxpayers|U.S. and foreign investments|Wages and earnings",1.0,"The bill provides a temporary payroll increase tax credit for employers, which is a tax incentive directly related to employer wage obligations and compensation practices.",,,,"The bill primarily introduces a tax credit for payroll increases, which is a general tax policy measure and not a direct regulation of private employer wage, hour, or benefit obligations.",,,,"This bill offers a general tax credit for employers who increase their total payroll, which incentivizes hiring or wage increases but does not impose any mandatory wage, hour, or benefit obligations on private employers; it is a general tax policy measure, not regulation of employer wage conduct.",,,,"The bill offers employers a general business tax credit for increasing their payroll, which is a hiring/job creation incentive rather than a regulation of private employer wage, hour, or benefit obligations; under the detailed rules, tax credits for general hiring or payroll growth do not qualify."
s641-114,A bill to amend the Internal Revenue Code of 1986 to extend the employer wage credit for activated military reservists.,Military Reserve Small Business Jobs Act of 2015,Taxation,Income tax credits|Military personnel and dependents|Small business|Wages and earnings,1.0,"The bill extends a tax credit for private employers who pay differential wages to employees called to active military duty, directly incentivizing compliance with wage obligations related to military reservists.",,,,"The bill extends a tax credit for differential wage payments to military reservists, which is a tax incentive rather than a direct regulation of private employer wage obligations.",,,,"This bill extends a general tax credit for employers who voluntarily pay differential wages to military reservists, which is a hiring/retention incentive unrelated to enforcing private employer wage obligations; it does not impose or strengthen mandatory employer conduct requirements.",,,,"This bill extends an existing tax credit for employers making differential wage payments to activated military reservists; it is a tax benefit incentivizing hiring/retention decisions rather than imposing or tightening private employer wage, hour, or benefit obligations, and it does not introduce a new credit but merely extends an existing one."
hr2125-112,To amend the Fair Labor Standards Act of 1938 to require certain disclosures by employers who use electronic payroll cards to pay their employees.,Electronic Paycard Protection Act of 2011,Labor and Employment,Computers and information technology|Employment discrimination and employee rights|User charges and fees|Wages and earnings,1.0,"The bill amends the Fair Labor Standards Act to regulate how private employers pay wages via electronic payroll cards, specifically prohibiting fees that could reduce take-home pay and ensuring employees have access to their earned wages, which directly addresses wage payment obligations.",1,enforcement,wage_hour,"The bill amends the Fair Labor Standards Act to regulate employer obligations regarding electronic payroll cards, directly addressing wage payment practices and employee rights.",1,enforcement,wage_hour,"The bill amends the FLSA to impose mandatory disclosure and fee-prohibition requirements on private employers who use electronic payroll cards, directly regulating the method and conditions of wage payment to employees.",1,enforcement,wage_hour,"The bill amends the FLSA to impose new disclosure and conduct requirements on private employers who use electronic payroll cards to pay employees, directly regulating wage payment methods and prohibiting fees that reduce take-home pay."
s1330-112,A bill to amend the Internal Revenue Code of 1986 to provide a temporary payroll increase tax credit for certain employers.,Small Business Job Creation Tax Act of 2011,Taxation,"Congressional oversight|Employment taxes|Fraud offenses and financial crimes|Income tax credits|Small business|Social security and elderly assistance|Tax administration and collection, taxpayers|Wages and earnings",1.0,"The bill provides a tax credit to private employers for increasing payroll, which directly incentivizes wage-related conduct and falls within the scope of bills that introduce tax incentives encouraging or discouraging employer wage obligations.",,,,"The bill introduces a tax credit for payroll increases, which incentivizes hiring or wage increases but does not directly regulate private employer wage, hour, or benefit obligations.",,,,"This bill provides a general tax credit for employers who increase their total payroll, which incentivizes hiring decisions and job creation rather than regulating employer compliance with wage, hour, or benefit obligations; it falls under the disqualifying category of general hiring credits unrelated to wage/hour compliance.",,,,"This bill offers a general tax credit for employers who increase their payroll, which is a hiring/job creation incentive rather than a credit tied to wage/hour compliance, employer-provided benefits, or job training; it falls under the disqualifying category of tax credits for general job creation."
hr3555-114,"To provide tax relief for American workers and businesses, to put workers back on the job while rebuilding and modernizing America, and to provide pathways back to work for Americans looking for jobs.",Jobs! Jobs! Jobs! Act of 2015,Labor and Employment,"Accounting and auditing|Appropriations|Aviation and airports|Budget deficits and national debt|Budget process|Business investment and capital|Buy American requirements|Civil actions and liability|Education programs funding|Educational facilities and institutions|Electric power generation and transmission|Elementary and secondary education|Employee hiring|Employment and training programs|Employment discrimination and employee rights|Executive agency funding and structure|Financial services and investments|First responders and emergency personnel|Fraud offenses and financial crimes|Government buildings, facilities, and property|Government corporations and government-sponsored enterprises|Government lending and loan guarantees|Government studies and investigations|Higher education|Housing and community development funding|Housing supply and affordability|Income tax credits|Income tax deductions|Income tax exclusion|Income tax rates|Infrastructure development|Labor standards|Law enforcement administration and funding|Law enforcement officers|Legal fees and court costs|Low- and moderate-income housing|Metals|Motor carriers|National Railroad Passenger Corporation (Amtrak)|Navigation, waterways, harbors|Noise pollution|Oil and gas|Preschool education|Public contracts and procurement|Public transit|Railroads|Residential rehabilitation and home repair|Roads and highways|Rural conditions and development|Securities|Small business|State and local finance|Taxation of foreign income|Transportation employees|Transportation programs funding|U.S. territories and protectorates|Unemployment|User charges and fees|Wages and earnings|Water resources funding|Youth employment and child labor",1.0,"The bill requires contractors and subcontractors on federally-assisted projects to pay laborers and mechanics wages at locally-prevailing rates, directly regulating private employer wage obligations.",1,enforcement,wage_hour,"The bill mandates that contractors and subcontractors on federally-assisted projects pay laborers and mechanics wages at locally-prevailing rates, directly regulating private employer wage obligations.",1,enforcement,wage_hour,"The bill imposes prevailing wage requirements on private contractors performing federally-assisted construction projects and expands the work opportunity tax credit to include hiring long-term unemployed individuals, directly regulating private employer wage obligations and providing employment-related tax incentives.",1,enforcement,wage_hour,"The bill requires all laborers and mechanics employed by contractors and subcontractors on federally-assisted projects to be paid wages at locally-prevailing rates (prevailing wage/Davis-Bacon requirements), directly imposing wage obligations on private employers performing federal contract work."
hr2927-115,To amend the Internal Revenue Code of 1986 to include apprentices as members of targeted groups for purposes of the work opportunity credit.,Helpful Incentives to Restore the Economic Dream Act of 2017,Taxation,Employment and training programs|Income tax credits|Wages and earnings,1.0,"The bill introduces a tax credit for private employers based on wages paid to apprentices, directly incentivizing wage-related employment practices under the scope of wage and hour issues.",,,,"The bill introduces a tax credit for hiring apprentices, which incentivizes hiring decisions rather than directly regulating private employer wage or benefit obligations.",1,tax_credit_introduction,wage_hour,"The bill introduces a new work opportunity tax credit specifically tied to employer-provided apprenticeship training programs, which qualifies as an incentive for better employer behavior regarding employee training and development.",,,,"This bill expands the Work Opportunity Tax Credit to include apprentices as a targeted group for hiring — it is a tax credit for hiring workers from a specific group, which does not qualify under the detailed rules even though it references wages."
hr4677-111,"To amend title 11, United States Code, to improve protections for employees and retirees in business bankruptcies.",Protecting Employees and Retirees in Business Bankruptcies Act of 2010,Finance and Financial Sector,Bankruptcy|Corporate finance and management|Employee benefits and pensions|Health care costs and insurance|Labor-management relations|Securities|Unemployment|Wages and earnings,1.0,"The bill strengthens protections for private sector employees and retirees by increasing priority claims for unpaid wages and severance, ensuring recovery of pension shortfalls, and requiring consideration of benefit obligations in bankruptcy proceedings, directly addressing employer obligations under wage and benefit laws.",1,enforcement,wage_hour,"The bill directly addresses private employer obligations by increasing priority claims for unpaid wages and benefits in bankruptcy, ensuring recovery of pension shortfalls, and requiring consideration of employee benefit obligations, thus strengthening protections for employees and retirees.",1,enforcement,wage_hour,"The bill strengthens private employer wage and benefit obligations in bankruptcy by increasing priority claims for unpaid wages and severance, requiring courts to consider job preservation and benefit continuation in asset sales, and restricting executive compensation while protecting worker claims—directly regulating employer conduct regarding employee compensation and benefits.",1,enforcement,wage_hour,"The bill directly strengthens private employer obligations regarding employee wages, severance pay, pension benefits, retiree health benefits, and collective bargaining agreements in the bankruptcy context, increasing priority claim amounts for unpaid wages, requiring courts to consider maintenance of jobs and benefit obligations, and restricting insider compensation — all of which tighten enforcement of employer wage, hour, and benefit obligations."
hr3625-114,"To ensure that claims for benefits under the Black Lung Benefits Act are processed in a fair and timely manner, to better protect miners from pneumoconiosis (commonly known as ""black lung disease""), and for other purposes.",Black Lung Benefits Improvement Act of 2015,Labor and Employment,"Administrative law and regulatory procedures|Administrative remedies|Cardiovascular and respiratory health|Centers for Disease Control and Prevention (CDC)|Coal|Congressional oversight|Department of Labor|Disability assistance|Evidence and witnesses|Executive agency funding and structure|Fraud offenses and financial crimes|Government information and archives|Government studies and investigations|Health information and medical records|Health personnel|Legal fees and court costs|Medical ethics|Medical tests and diagnostic methods|Mining|Social security and elderly assistance|Tax administration and collection, taxpayers|User charges and fees|Wages and earnings|Worker safety and health",1.0,"The bill amends the Black Lung Benefits Act to revise standards for disability benefits and payments to miners and their dependents, which constitutes a regulation of employer-sponsored welfare benefit obligations and compensation for occupational injury.",,,,"The bill primarily addresses the processing and standards for black lung benefits, which are government-administered benefits, not private employer wage or benefit obligations.",,,,"This bill addresses the Black Lung Benefits Act, a government-administered workers' compensation program funded through excise taxes on coal, not private employer wage, hour, or benefit obligations; it regulates claims processing, medical evidence standards, and government trust fund administration rather than imposing direct obligations on non-governmental employers regarding their employees' wages or benefits.",,,,"This bill primarily addresses the Black Lung Benefits program — a government-administered disability benefits system — by revising claims procedures, medical evidence standards, and fund-related payments; it does not impose direct wage, hour, or benefit obligations on private employers as the central purpose of the legislation."
hr3358-115,"Making appropriations for the Departments of Labor, Health and Human Services, and Education, and related agencies for the fiscal year ending September 30, 2018, and for other purposes.","Departments of Labor, Health and Human Services, and Education, and Related Agencies Appropriations Act, 2018",Economics and Public Finance,"Abortion|Administrative law and regulatory procedures|Administrative remedies|Adult education and literacy|Advisory bodies|Appropriations|Birth defects|Cardiovascular and respiratory health|Cell biology and embryology|Centers for Disease Control and Prevention (CDC)|Child health|Committee for Purchase from People Who Are Blind or Severely Disabled|Congressional oversight|Corporation for National and Community Service|Corporation for Public Broadcasting|Department of Education|Department of Health and Human Services|Department of Labor|Digestive and metabolic diseases|Disaster relief and insurance|District of Columbia|Drug trafficking and controlled substances|Drug, alcohol, tobacco use|Education of the disadvantaged|Education programs funding|Educational facilities and institutions|Elementary and secondary education|Emergency medical services and trauma care|Employee benefits and pensions|Employment and training programs|Energy assistance for the poor and aged|Environmental health|Executive agency funding and structure|Family planning and birth control|Federal Mediation and Conciliation Service|Federal Mine Safety and Health Review Commission|Federal officials|Financial services and investments|Foreign aid and international relief|Foreign labor|Fraud offenses and financial crimes|Government employee pay, benefits, personnel management|Government information and archives|Government lending and loan guarantees|Government trust funds|HIV/AIDS|Health care costs and insurance|Health care coverage and access|Health information and medical records|Health personnel|Health programs administration and funding|Health promotion and preventive care|Health technology, devices, supplies|Higher education|Human rights|Humanities programs funding|Immunology and vaccination|Indian social and development programs|Infectious and parasitic diseases|Internet and video services|Labor standards|Labor-management relations|Libraries and archives|Medicaid|Medical education|Medical research",1.0,"The bill appropriates funds for the Department of Labor's Wage and Hour Division and Employee Benefits Security Administration, which enforce FLSA and ERISA regulations governing private employer wage, hour, and benefit obligations, and includes provisions regarding fiduciary standards for pension plans.",,,,"The bill is primarily an appropriations bill for government departments and agencies, including the Department of Labor, and does not directly impose new obligations on private employers regarding wage, hour, or benefit compliance.",1,enforcement,pension,"Section 114 nullifies the Department of Labor's fiduciary rule that expanded the definition of who qualifies as a fiduciary when providing retirement investment advice, directly weakening private employer obligations under ERISA regarding pension and retirement plans.",API error,API error,API error,API error
s1438-114,A bill to allow women greater access to safe and effective contraception.,Allowing Greater Access to Safe and Effective Contraception Act,Health,"Drug safety, medical device, and laboratory regulation|Employee benefits and pensions|Family planning and birth control|Health care costs and insurance|Prescription drugs|User charges and fees",1.0,"The bill modifies employer-sponsored benefit plan rules by allowing Health Savings Accounts and Flexible Spending Accounts to be used for over-the-counter contraceptives and removing contribution limits, which directly impacts private employer obligations regarding group health and welfare benefits under ERISA.",,,,"The bill primarily addresses FDA drug review processes and modifies tax treatment of health savings accounts, which are not direct employer obligations under ERISA.",,,,"The bill's HSA and HFSA provisions modify the tax treatment of these accounts (allowing OTC medicine purchases, removing contribution caps) but do not impose new mandatory obligations on private employers as plan sponsors; these are optional tax-advantaged account features, not employer wage or benefit compliance requirements.",,,,"The bill's primary purpose is FDA regulatory reform for contraceptive drugs; the provisions repealing ACA restrictions on HSAs and HFSAs modify optional tax-advantaged plan features and their tax treatment rather than imposing new mandatory obligations on private employers as plan sponsors, so it does not qualify as a private employer wage, hour, or benefit obligation bill."
hr5936-111,To repeal limitations imposed by the Patient Protection and Affordable Care Act on health-related tax benefits under the Internal Revenue Code of 1986 and to treat high deductible health plans as qualified health plans under such Act.,Restoring Assistance for Families' and Seniors' Health Expenses Act of 2010,Health,Employee benefits and pensions|Health care costs and insurance|Income tax deductions|Prescription drugs|Sales and excise taxes,1.0,"The bill regulates employer-sponsored health benefits by modifying tax deduction thresholds and contribution limits for health flexible spending arrangements and high deductible health plans, which directly impacts private employer obligations under ERISA and the Internal Revenue Code.",,,,"The bill primarily modifies tax treatment and contribution limits for health-related accounts, which are tax policy changes rather than direct employer obligations under ERISA or wage/hour laws.",,,,"This bill modifies the tax treatment of health savings accounts, flexible spending arrangements, and medical expense deductions—optional tax-advantaged features available to individuals and employers—but does not impose new mandatory obligations on private employers as plan sponsors under ERISA or other wage/hour statutes.",,,,"This bill modifies tax treatment of individual health-related accounts (HSAs, MSAs, health FSAs) and the medical expense deduction threshold — these are general tax policy changes affecting individuals' tax benefits, not direct obligations imposed on private employers as plan sponsors. The FSA contribution limit repeal removes a cap but does not impose a new mandatory employer obligation; it merely restores optional plan flexibility. The bill does not centrally regulate private employer wage, hour, or benefit conduct."
hr2881-114,To amend the Internal Revenue Code of 1986 to modify the definition of applicable large employer for purposes of the employer mandate in the Patient Protection and Affordable Care Act.,Small Business Job Protection Act of 2015,Health,Employee benefits and pensions|Health care costs and insurance|Health care coverage and access|Sales and excise taxes|Small business,1.0,"The bill modifies the employer mandate under the Affordable Care Act, directly regulating the obligation of private employers to provide health insurance benefits to their employees.",1,enforcement,healthcare,"The bill modifies the definition of 'applicable large employer' under the ACA, directly affecting private employer obligations to provide health insurance benefits.",1,enforcement,healthcare,"The bill modifies the ACA employer mandate threshold, directly changing which private employers are obligated to provide group health insurance to employees, thereby weakening enforcement of employer healthcare benefit obligations.",1,enforcement,healthcare,"The bill modifies the ACA employer mandate threshold from 50 to 100 full-time employees, directly reducing the scope of private employer obligations to provide health insurance coverage — this weakens enforcement of employer-sponsored healthcare requirements."
s636-115,A bill to allow Americans to earn paid sick time so that they can address their own health needs and the health needs of their families.,Healthy Families Act,Labor and Employment,"Assault and harassment offenses|Civil actions and liability|Congressional agencies|Congressional officers and employees|Congressional oversight|Domestic violence and child abuse|Employee leave|Employment discrimination and employee rights|Government Accountability Office (GAO)|Government employee pay, benefits, personnel management|Government information and archives|Government liability|Government studies and investigations|Library of Congress|Marriage and family status|Merit Systems Protection Board|Sex offenses|Small business|State and local government operations",1.0,"The bill mandates private employers to provide paid sick leave, directly regulating employer obligations regarding employee benefits and leave rights under labor laws.",1,enforcement,wage_hour,"The bill mandates private employers to provide paid sick leave, directly regulating employer obligations regarding employee benefits and leave rights under labor laws.",1,enforcement,wage_hour,"The bill directly imposes mandatory paid sick leave obligations on private employers with 15+ employees, creating new wage and hour requirements enforceable through civil actions and federal agency oversight.",1,enforcement,wage_hour,"The bill mandates private employers with 15+ employees to provide paid sick time and requires smaller employers to provide unpaid sick time, directly imposing new leave obligations on private employers, which falls under wage/hour/leave regulation."
s998-112,"A bill to amend title IV of the Employee Retirement Income Security Act of 1974 to require the Pension Benefit Guaranty Corporation, in the case of airline pilots who are required by regulation to retire at age 60, to compute the actuarial value of monthly benefits in the form of a life annuity commencing at age 60.",Pension Benefit Guaranty Corporation Pilots Equitable Treatment Act,Labor and Employment,Aviation and airports|Employee benefits and pensions|Transportation employees,1.0,"The bill amends ERISA to adjust how the Pension Benefit Guaranty Corporation computes actuarial values for airline pilot pensions, directly impacting private employer obligations regarding employee retirement benefits.",1,enforcement,pension,"The bill amends ERISA to adjust pension benefit calculations for airline pilots, directly impacting private employer obligations regarding retirement benefits.",1,enforcement,pension,"The bill amends ERISA Title IV to impose a specific calculation methodology on the PBGC for airline pilot pension benefits, which directly affects private employer obligations under defined benefit pension plans subject to PBGC insurance requirements.",1,enforcement,pension,"The bill amends ERISA Title IV to change how PBGC computes guaranteed benefit amounts for airline pilots forced to retire early, directly altering the pension benefit obligations and guarantees under private employer-sponsored defined benefit plans."
hr1827-115,"To amend the Family and Medical Leave Act of 1993 to provide a partial exemption to veterans from the eligibility requirements, and for other purposes.",Medical Leave for Disabled Veterans Act,Labor and Employment,"Disability and paralysis|Employee leave|Hospital care|Veterans' education, employment, rehabilitation|Veterans' medical care",1.0,"The bill amends the Family and Medical Leave Act (FMLA) to expand eligibility for medical leave for disabled veterans, directly regulating private employer obligations regarding protected leave under federal labor law.",1,enforcement,wage_hour,"The bill amends the FMLA to expand eligibility for medical leave for disabled veterans, directly regulating private employer obligations regarding protected leave under federal labor law.",1,enforcement,wage_hour,"The bill amends the FMLA to reduce eligibility thresholds for disabled veterans seeking medical leave from private employers, directly expanding private employer leave obligations under federal wage and hour law.",1,enforcement,wage_hour,"The bill amends the FMLA to lower eligibility thresholds for disabled veterans, directly expanding private employer obligations to provide protected medical leave, which falls under wage/hour/leave regulation."
hr1926-114,"To improve compliance with mine safety and health laws, empower miners to raise safety concerns, prevent future mine tragedies, and for other purposes.",Robert C. Byrd Mine Safety Protection Act of 2015,Labor and Employment,"Accidents|Administrative law and regulatory procedures|Administrative remedies|Air quality|Business records|Cardiovascular and respiratory health|Civil actions and liability|Coal|Congressional oversight|Criminal investigation, prosecution, interrogation|Criminal procedure and sentencing|Department of Labor|Employment and training programs|Employment discrimination and employee rights|Environmental assessment, monitoring, research|Evidence and witnesses|Government employee pay, benefits, personnel management|Government studies and investigations|Labor standards|Lawyers and legal services|Medical tests and diagnostic methods|Mining|Wages and earnings|Worker safety and health",1.0,"The bill mandates that mine operators provide full compensation at the regular rate of pay for miners idled due to safety withdrawal orders, directly regulating private employer wage obligations.",1,enforcement,wage_hour,"The bill mandates full compensation for miners idled due to safety withdrawal orders, directly regulating private employer wage obligations.",1,enforcement,wage_hour,"The bill directly strengthens private employer wage obligations by requiring mine operators to provide full compensation at regular pay rates for miners idled by safety withdrawal orders (up to 60 days), expanding beyond current law's one-week maximum, and by prohibiting discharge of hourly miners without job-related grounds after probationary periods.",1,enforcement,wage_hour,"The bill directly imposes wage obligations on private mine operators, including requiring full compensation at regular pay rates for miners idled by withdrawal orders (up to 60 days), prohibiting discharge without reasonable grounds for hourly miners at mines with pattern-of-violations status, and mandating additional training hours — all of which regulate private employer wage, hour, and benefit conduct under mine safety and health law."
hr3165-113,"To repeal the Patient Protection and Affordable Care Act and to take meaningful steps to lower health care costs and increase access to health insurance coverage without raising taxes, cutting Medicare benefits for seniors, adding to the national deficit, intervening in the doctor-patient relationship, or instituting a government takeover of health care.",Common Sense Health Reform Americans Actually Want Act,Health,Abortion|Administrative law and regulatory procedures|Administrative remedies|Child health|Civil actions and liability|Comprehensive health care|Department of Health and Human Services|Disability and health-based discrimination|Emergency medical services and trauma care|Employee benefits and pensions|Evidence and witnesses|Executive agency funding and structure|Family relationships|Federal preemption|Government information and archives|Health care costs and insurance|Health care coverage and access|Health care quality|Health facilities and institutions|Health information and medical records|Health personnel|Health promotion and preventive care|Income tax deductions|Intergovernmental relations|Judicial procedure and administration|Judicial review and appeals|Jurisdiction and venue|Medicaid|Medical ethics|Medical research|Medicare|Small business|State and local government operations,1.0,"The bill amends ERISA to establish governance rules for small business health plans and modifies dependent coverage and preexisting condition exclusions for group health plans, directly regulating private employer-sponsored welfare benefit obligations.",1,enforcement,healthcare,"The bill amends ERISA to establish governance rules for small business health plans and modifies dependent coverage and preexisting condition exclusions for group health plans, directly regulating private employer-sponsored welfare benefit obligations.",1,enforcement,healthcare,"The bill amends ERISA to impose coverage standards on employer-sponsored group health plans (dependent coverage to age 26, preexisting condition exclusion prohibitions for minors, wellness program premium variation limits), directly regulating private employer obligations as plan sponsors.",1,enforcement,healthcare,"The bill amends ERISA to establish small business health plans with certification requirements, continues dependent coverage to age 26 for group health plans, maintains preexisting condition exclusion prohibitions for minors, and sets wellness program premium variation rules — all directly imposing obligations on private employers as sponsors of group health plans."
hr6137-114,To provide emergency tax relief for persons affected by severe storms and flooding occurring in Louisiana.,Louisiana Flood and Storm Devastation Tax Relief Act of 2016,Taxation,"Atmospheric science and weather|Books and print media|Capital gains tax|Charitable contributions|Disaster relief and insurance|Economic development|Elementary and secondary education|Employee benefits and pensions|Floods and storm protection|Forests, forestry, trees|Hazardous wastes and toxic substances|Housing finance and home ownership|Income tax credits|Income tax deductions|Income tax deferral|Income tax exclusion|Louisiana|Low- and moderate-income housing|Motor vehicles|Poverty and welfare assistance|Residential rehabilitation and home repair|Securities|Small business|Social work, volunteer service, charitable organizations|Tax administration and collection, taxpayers|Teaching, teachers, curricula|Transportation costs|Wages and earnings",1.0,"The bill modifies tax provisions regarding early withdrawals of retirement funds and employment-related tax credits for private businesses and individuals, which relates to employer-sponsored benefit plans and wage obligations.",,,,"The bill primarily provides tax relief for individuals and businesses affected by natural disasters, with incidental mentions of retirement funds and employment-related tax credits; it does not impose new obligations on private employers regarding wages, hours, or benefits.",,,,"This is a disaster relief tax bill whose primary purpose is providing emergency tax relief to individuals and businesses affected by Louisiana flooding; while it mentions retirement funds and employment-related tax credits, these are incidental disaster relief provisions, not regulations of private employer wage, hour, or benefit obligations.",,,,"This is a disaster relief tax bill that provides emergency tax relief for individuals and businesses affected by Louisiana storms and flooding; its modifications to retirement fund early withdrawal penalties and employment-related tax credits are incidental disaster relief measures, not bills whose central purpose is regulating private employer wage, hour, or benefit obligations."
s1566-114,A bill to amend the Public Health Service Act to require group and individual health insurance coverage and group health plans to provide for coverage of oral anticancer drugs on terms no less favorable than the coverage provided for anticancer medications administered by a health care provider.,Cancer Drug Coverage Parity Act of 2015,Health,Cancer|Drug therapy|Health care costs and insurance|Health care coverage and access|Prescription drugs,1.0,"The bill mandates that group health plans provide coverage for oral anticancer drugs on terms no less favorable than those for provider-administered drugs, directly regulating employer-sponsored group health benefit plan obligations under ERISA and the Public Health Service Act.",1,enforcement,healthcare,"The bill imposes coverage requirements on employer-sponsored group health plans for oral anticancer drugs, directly regulating private employer obligations under ERISA.",1,enforcement,healthcare,"The bill amends the Public Health Service Act to impose mandatory coverage parity requirements on employer-sponsored group health plans for oral anticancer medications, directly regulating private employer obligations as ERISA plan sponsors.",1,enforcement,healthcare,"The bill amends the Public Health Service Act to impose coverage parity requirements on group health plans (including employer-sponsored plans) for oral anticancer drugs, directly regulating employer-sponsored group health plan benefit obligations."
s1977-112,A bill to amend the Fair Labor Standards Act of 1938 to provide that over-the-road bus drivers are covered under the maximum hours requirements.,Driver Fatigue Prevention Act,Labor and Employment,Labor standards|Motor carriers|Transportation employees|Transportation safety and security,1.0,"The bill amends the Fair Labor Standards Act to extend maximum hours requirements to over-the-road bus drivers, directly regulating private employer obligations regarding work hours and fatigue prevention.",1,enforcement,wage_hour,"The bill amends the Fair Labor Standards Act to extend maximum hours requirements to over-the-road bus drivers, directly regulating private employer obligations regarding work hours.",1,enforcement,wage_hour,"The bill amends the FLSA to extend maximum hours requirements to over-the-road bus drivers, directly expanding private employer wage and hour obligations by subjecting a previously exempt category of workers to federal hours-of-service protections.",1,enforcement,wage_hour,"The bill amends the FLSA to extend maximum hours (overtime) requirements to over-the-road bus drivers, directly expanding private employer wage and hour obligations."
hr2821-113,"To provide tax relief for American workers and businesses, to put workers back on the job while rebuilding and modernizing America, and to provide pathways back to work for Americans looking for jobs.",American Jobs Act of 2013,Labor and Employment,"Accounting and auditing|Appropriations|Aviation and airports|Budget deficits and national debt|Budget process|Business investment and capital|Buy American requirements|Civil actions and liability|Education programs funding|Educational facilities and institutions|Electric power generation and transmission|Elementary and secondary education|Employee hiring|Employment and training programs|Employment discrimination and employee rights|Executive agency funding and structure|Financial services and investments|First responders and emergency personnel|Fraud offenses and financial crimes|Government buildings, facilities, and property|Government corporations and government-sponsored enterprises|Government lending and loan guarantees|Government studies and investigations|Higher education|Housing and community development funding|Housing supply and affordability|Income tax credits|Income tax deductions|Income tax exclusion|Income tax rates|Infrastructure development|Labor standards|Law enforcement administration and funding|Law enforcement officers|Legal fees and court costs|Low- and moderate-income housing|Metals|Motor carriers|National Railroad Passenger Corporation (Amtrak)|Navigation, waterways, harbors|Noise pollution|Oil and gas|Preschool education|Public contracts and procurement|Public transit|Railroads|Residential rehabilitation and home repair|Roads and highways|Rural conditions and development|Securities|Small business|State and local finance|Taxation of foreign income|Transportation employees|Transportation programs funding|Unemployment|User charges and fees|Wages and earnings|Water resources funding|Youth employment and child labor",1.0,"The bill mandates that laborers and mechanics on federally-assisted projects be paid prevailing wages under the Davis-Bacon Act, directly regulating wage obligations for private contractors and subcontractors.",1,enforcement,wage_hour,"The bill mandates prevailing wage payments for laborers and mechanics on federally-assisted projects under the Davis-Bacon Act, directly regulating private employer wage obligations.",1,enforcement,wage_hour,"The bill mandates Davis-Bacon prevailing wage requirements for federally-assisted projects and makes it unlawful for private employers to discriminate against unemployed job applicants, directly regulating private employer wage and hiring conduct.",1,enforcement,wage_hour,"The bill requires all laborers and mechanics employed by contractors and subcontractors on federally-assisted projects to be paid prevailing wages under the Davis-Bacon Act, directly imposing wage obligations on private employers; it also includes provisions like the Fair Employment Opportunity Act prohibiting discrimination against unemployed individuals, work opportunity tax credits for long-term unemployed, and federal labor standards for subsidized employment programs."
hr1618-113,To amend the Internal Revenue Code of 1986 to increase the dollar limitation on employer-provided group term life insurance that can be excluded from the gross income of the employee.,,Taxation,"Employee benefits and pensions|Income tax exclusion|Life, casualty, property insurance",1.0,"The bill modifies tax exclusions for employer-provided group term life insurance, directly regulating the financial structure of private employer-sponsored welfare benefits.",,,,"The bill modifies tax exclusions for employer-provided group term life insurance, which is a tax policy change rather than a direct regulation of private employer wage, hour, or benefit obligations.",,,,"This bill merely adjusts the tax treatment of employer-provided group term life insurance by increasing the excludable amount from employee gross income; it does not impose new mandatory obligations on private employers regarding wages, hours, pensions, or health benefits, and therefore constitutes general tax policy rather than regulation of employer wage/benefit conduct.",,,,"This bill modifies the tax treatment of employer-provided group term life insurance by increasing the income exclusion amount; it does not impose new mandatory obligations on private employers regarding their benefit plans but rather adjusts the tax exclusion available to employees, making it a general tax policy change rather than a regulation of private employer wage, hour, or benefit conduct."
s1317-114,A bill to amend the Employee Retirement Income Security Act of 1974 to require a lifetime income disclosure.,Lifetime Income Disclosure Act,Labor and Employment,Administrative law and regulatory procedures|Department of Labor|Employee benefits and pensions|Government information and archives,1.0,"The bill amends ERISA to mandate lifetime income disclosures for private employer-sponsored retirement plans, directly addressing employer obligations regarding employee benefit plan transparency and management.",1,enforcement,pension,"The bill mandates lifetime income disclosures under ERISA, directly imposing new transparency obligations on private employers as sponsors of retirement plans.",1,enforcement,pension,"The bill amends ERISA to impose new mandatory disclosure obligations on private employers as sponsors of individual account retirement plans, requiring them to provide lifetime income stream equivalents on participant benefit statements.",1,enforcement,pension,"The bill amends ERISA to impose a new mandatory disclosure obligation on private employer-sponsored individual account plans, requiring plan administrators to provide lifetime income stream equivalents in quarterly benefit statements, directly creating new participant disclosure obligations for plan sponsors."
hr4092-115,"To create a nonimmigrant H-2C work visa program for agricultural workers, and for other purposes.",AG Act,Immigration,"Administrative law and regulatory procedures|Alternative dispute resolution, mediation, arbitration|Aquaculture|Department of Labor|Employee benefits and pensions|Food industry and services|Foreign labor|Forests, forestry, trees|Government trust funds|Health care costs and insurance|Health care coverage and access|Immigration status and procedures|Income tax credits|Migrant, seasonal, agricultural labor|Seafood|Temporary and part-time employment|Visas and passports|Wages and earnings|Worker safety and health",1.0,"The bill establishes specific wage and benefit obligations for private agricultural employers hiring H-2C visa holders, including penalties for failure to pay required wages or benefits and provisions for arbitration of employment-related claims.",1,enforcement,wage_hour,"The bill imposes specific wage and benefit obligations on private agricultural employers hiring H-2C visa holders, including penalties for non-compliance, directly regulating private employer wage conduct.",1,enforcement,wage_hour,"The bill directly imposes wage, benefit, and working condition obligations on private agricultural employers who hire H-2C visa workers, including penalties for noncompliance, making it a regulation of private employer wage and hour conduct.",1,enforcement,wage_hour,"The bill directly imposes wage, benefit, and working condition obligations on private agricultural employers hiring H-2C workers, including penalties for failure to pay wages or required benefits, and establishes arbitration mechanisms for employment-related claims — making private employer wage and benefit compliance a central purpose of the bill."
s158-114,"A bill to authorize health insurance issuers to continue to offer for sale current group health insurance coverage in satisfaction of the minimum essential health insurance coverage requirement, and for other purposes.",Employee Health Care Protection Act of 2015,Health,Comprehensive health care|Employee benefits and pensions|Health care costs and insurance|Health care coverage and access,1.0,"The bill regulates the availability and classification of employer-sponsored group health insurance plans, directly impacting private employer obligations under ERISA and the Affordable Care Act regarding employee benefits.",,,,"The bill primarily addresses the classification and availability of health insurance plans under the ACA, impacting insurance issuers rather than directly imposing new obligations on private employers as plan sponsors.",,,,"This bill primarily regulates health insurance issuers' ability to offer certain plans and treats those plans as grandfathered for individual mandate purposes; it does not impose new obligations on private employers as plan sponsors, but rather provides regulatory relief to insurance carriers and individuals.",,,,This bill permits health insurance issuers to continue offering existing group market plans and treats them as grandfathered; it primarily regulates insurance carriers and modifies ACA classification rules rather than imposing new mandatory obligations on private employers as plan sponsors.
s1486-114,"A bill to amend the Internal Revenue Code of 1986 to provide a tax credit to Patriot employers, and for other purposes",Patriot Employer Tax Credit Act,Taxation,"Disability and paralysis|Employee benefits and pensions|Employee hiring|Employment and training programs|Income tax credits|Income tax deductions|Interest, dividends, interest rates|Labor standards|Taxation of foreign income|Veterans' education, employment, rehabilitation|Wages and earnings",1.0,"The bill provides a tax credit to private employers contingent on meeting specific wage and benefit standards, including paying wages at 156% of the federal poverty level and providing retirement benefits, thereby directly regulating private employer compensation and benefit obligations.",1,tax_credit_introduction,wage_hour,"The bill introduces a tax credit for employers contingent on meeting specific wage and benefit standards, directly incentivizing compliance with private employer compensation and benefit obligations.",1,tax_credit_introduction,wage_hour,"The bill introduces a new tax credit that incentivizes employers toward better wage and benefit practices (paying above poverty-level wages, providing retirement benefits, maintaining domestic employment), making it a tax credit introduction rather than direct enforcement of mandatory obligations.",,,,"This bill offers a tax credit to employers who voluntarily meet certain wage, benefit, and hiring criteria ('Patriot employer' designation); it does not impose mandatory obligations on private employers regarding wages, hours, or benefits, nor is it a credit specifically tied to employer-provided job training. It is a general hiring/compensation incentive tax credit that does not qualify."
hr438-113,"To amend the Fair Labor Standards Act of 1938 to prohibit discrimination in the payment of wages on account of sex, race, or national origin, and for other purposes.",Fair Pay Act of 2013,Labor and Employment,"Civil actions and liability|Employment discrimination and employee rights|Government information and archives|Government studies and investigations|Legal fees and court costs|Racial and ethnic relations|Sex, gender, sexual orientation discrimination|Wages and earnings",1.0,"The bill amends the Fair Labor Standards Act to prohibit wage discrimination based on sex, race, or national origin, directly regulating private employer obligations regarding the payment of wages.",1,enforcement,wage_hour,"The bill amends the Fair Labor Standards Act to prohibit wage discrimination based on sex, race, or national origin, directly regulating private employer wage obligations.",1,enforcement,wage_hour,"The bill amends the FLSA to prohibit wage discrimination based on sex, race, or national origin, directly strengthening private employer wage payment obligations and enforcement mechanisms including class action provisions and expert fee awards.",1,enforcement,wage_hour,"The bill amends the Fair Labor Standards Act to prohibit wage discrimination based on sex, race, or national origin, directly imposing new obligations on private employers regarding the payment of wages and strengthening enforcement through class actions and expert fee awards."
s1045-112,"A bill to amend the Public Health Service Act, the Employee Retirement Income Security Act of 1974, and the Internal Revenue Code of 1986 to require that group and individual health insurance coverage and group health plans provide coverage for treatment of a minor child's congenital or developmental deformity or disorder due to trauma, burns, infection, tumor, or disease.",Children's Access to Reconstructive Evaluation & Surgery (CARES) Act of 2011,Health,Accidents|Child health|Emergency medical services and trauma care|Employee benefits and pensions|Health care costs and insurance|Health care coverage and access|Hereditary and development disorders|Surgery and anesthesia,1.0,"The bill amends ERISA to mandate that private employer-sponsored group health plans cover specific reconstructive surgical treatments for minor children, directly regulating employer benefit obligations.",1,enforcement,healthcare,"The bill amends ERISA to require employer-sponsored group health plans to cover specific reconstructive treatments for minor children, directly imposing obligations on private employers as plan sponsors.",1,enforcement,healthcare,"The bill amends ERISA to impose mandatory coverage requirements on employer-sponsored group health plans for reconstructive treatment of children's congenital or developmental conditions, directly strengthening private employer benefit plan obligations.",1,enforcement,healthcare,"The bill amends ERISA to require employer-sponsored group health plans to cover reconstructive treatment for congenital or developmental deformities in minor children, directly imposing new coverage obligations on private employers as plan sponsors."
hr2091-112,To amend the Internal Revenue Code of 1986 to provide incentives to encourage investment in the expansion of freight rail infrastructure capacity and to enhance modal tax equity.,Freight Rail Infrastructure Capacity Expansion Act of 2011,Taxation,Business investment and capital|Income tax credits|Income tax deductions|Infrastructure development|Railroads,1.0,"The bill conditions tax credits for freight rail infrastructure investment on compliance with federal wage rate requirements under the Davis-Bacon Act, directly regulating private employer wage obligations.",,,,"The bill's primary focus is on providing tax incentives for freight rail infrastructure investment, with wage rate compliance as an incidental condition, not the central purpose of regulating private employer wage obligations.",,,,"This is a tax credit for capital investment in freight rail infrastructure whose primary subject is encouraging business investment in transportation infrastructure, not regulating private employer wage obligations; the Davis-Bacon compliance requirement is merely an incidental condition for receiving the credit, not the bill's central purpose.",,,,"This bill's central purpose is providing tax credits and deductions for freight rail infrastructure investment; the Davis-Bacon wage rate compliance is an incidental eligibility condition attached to a tax incentive, not the bill's primary subject of regulating private employer wage, hour, or benefit obligations."
s143-112,"A bill to amend the Internal Revenue Code of 1986 to clarify the treatment of church pension plans, and for other purposes.",Church Plan Clarification Act of 2011,Taxation,Employee benefits and pensions|Financial services and investments|Religion,1.0,"The bill amends ERISA and the Internal Revenue Code to regulate the treatment, funding, and investment of church pension plans, which are employee benefit plans subject to federal oversight regarding employer obligations.",,,,"The bill primarily addresses the tax treatment and regulatory classification of church pension plans, which are specific to religious organizations and not general private employer obligations under ERISA.",,,,"This bill modifies optional plan features, tax treatment of plan transactions, and ERISA classification rules for church pension plans without creating new mandatory employer conduct obligations; it clarifies existing tax and regulatory treatment rather than imposing substantive wage, hour, or benefit requirements on private employers.",,,,"This bill modifies optional plan features, tax treatment, and classification rules for church pension plans (e.g., controlled group status, tax-free transfers, group trust investments) without creating new mandatory obligations on private employers as plan sponsors; it clarifies existing rules rather than imposing new employer conduct requirements."
hr1809-112,To amend the Employee Retirement Income Security Act of 1974 to ensure health care coverage value and transparency for dental benefits under group health plans.,Dental Coverage Value and Transparency Act of 2011,Health,Dental care|Employee benefits and pensions|Health care costs and insurance|Health care coverage and access,1.0,"The bill amends ERISA to impose transparency and value requirements on dental benefits under group health plans, directly regulating private employer obligations regarding employee welfare benefits.",1,enforcement,healthcare,"The bill amends ERISA to impose transparency and value requirements on dental benefits under group health plans, directly regulating private employer obligations regarding employee welfare benefits.",1,enforcement,healthcare,"The bill amends ERISA to impose coverage value and transparency requirements on dental benefits under employer-sponsored group health plans, directly strengthening private employer obligations as plan sponsors under ERISA Title I.",1,enforcement,healthcare,"The bill amends ERISA to impose coverage value and transparency requirements on dental benefits under employer-sponsored group health plans, directly creating new mandatory obligations on private employers as plan sponsors."
s3521-112,An original bill to amend the Internal Revenue Code of 1986 to extend certain expiring provisions.,Family and Business Tax Cut Certainty Act of 2012,Taxation,"Agricultural conservation and pollution|Alcoholic beverages|Alternative and renewable resources|American Samoa|Business investment and capital|Capital gains tax|Caribbean area|Coal|Computers and information technology|Correctional facilities and imprisonment|Economic development|Educational facilities and institutions|Electric power generation and transmission|Elementary and secondary education|Employee benefits and pensions|Employee hiring|Energy efficiency and conservation|Financial services and investments|First responders and emergency personnel|Food assistance and relief|Food industry and services|Foreign and international corporations|Housing finance and home ownership|Hybrid, electric, and advanced technology vehicles|Income tax credits|Income tax deductions|Income tax exclusion|Income tax rates|Indian lands and resources rights|Indian social and development programs|Interest, dividends, interest rates|Land use and conservation|Low- and moderate-income housing|Military personnel and dependents|Mining|Minority employment|Motor fuels|Motor vehicles|New York City|Outdoor recreation|Public transit|Public utilities and utility rates|Puerto Rico|Railroads|Real estate business|Research and development|Residential rehabilitation and home repair|Retail and wholesale trades|Sales and excise taxes|Securities|Small business|Social work, volunteer service, charitable organizations|Sports and recreation facilities|State and local taxation|Student aid and college costs|Tax administration and collection, taxpayers|Tax reform and tax simplification|Tax-exempt organizations|Taxation of foreign income|Teaching, teachers, curricula|Television and film|Transportation costs|Virgin Islands|Wages and earnings|Wildlife conservation and habitat protection|Worker safety and health",1.0,"The bill extends the tax credit for differential wage payments to employees who are active duty members of the Uniformed Services, which directly incentivizes private employers to maintain wage obligations for workers taking military leave.",,,,"The bill primarily extends various tax credits and deductions, including one for differential wage payments to military personnel, but does not impose new mandatory obligations on private employers regarding wage, hour, or benefits compliance.",,,,"This is a comprehensive tax extender package whose primary purpose is extending various expiring tax provisions across multiple policy areas; the differential wage payment credit for military service members is one of dozens of unrelated tax credits extended, making private employer wage obligations merely incidental rather than the bill's central purpose.",,,,"This is a broad tax extender bill whose central purpose is extending dozens of expiring tax provisions across individual, business, and energy sectors; the differential wage payment tax credit for military employees is one of 25+ business tax extenders and constitutes a general hiring/retention tax credit, not a bill whose central purpose addresses private employer wage, hour, or benefit obligations."
hr6519-111,"To amend title 49, United States Code, with respect to hours of service rules for railroad employees.",Railroad Hours of Service Act of 2010,Transportation and Public Works,Labor standards|Railroads|Transportation employees|Transportation safety and security|Worker safety and health,1.0,"The bill regulates hours of service and mandatory rest periods for railroad employees, which constitutes a substantive regulation of private employer obligations regarding worker hours and scheduling under federal labor standards.",1,enforcement,wage_hour,"The bill regulates hours of service and mandatory rest periods for railroad employees, directly imposing obligations on private employers regarding worker hours and scheduling under federal labor standards.",,,,"This bill regulates railroad employee hours of service and safety requirements under transportation law (Title 49 USC), not private employer wage, hour, or benefit obligations under labor and employment law; it is primarily a transportation safety regulation, not a wage-hour enforcement measure.",1,enforcement,wage_hour,"The bill directly regulates private railroad carriers' obligations regarding employee hours of service, mandatory rest periods, and duty hour limitations, which are core hour-of-work requirements imposed on private employers under federal transportation labor standards."
s616-114,A bill to amend the Internal Revenue Code of 1986 to provide recruitment and retention incentives for volunteer emergency service workers.,Volunteer Emergency Services Recruitment and Retention Act of 2015,Taxation,"Administrative law and regulatory procedures|Department of Labor|Emergency medical services and trauma care|Employee benefits and pensions|Fires|First responders and emergency personnel|Health personnel|Income tax deferral|Social work, volunteer service, charitable organizations",1.0,"The bill amends ERISA to clarify that length of service awards for volunteer emergency workers are not employee pension benefit plans, directly addressing the classification and regulation of employer-sponsored benefit plans.",,,,"The bill primarily addresses tax incentives for volunteer emergency service workers and clarifies ERISA classification, but does not impose new obligations on private employers regarding wage, hour, or benefit compliance.",,,,"The bill addresses length of service awards for volunteer emergency workers, not obligations of private employers toward their employees; volunteers are not employees, and the bill merely clarifies tax treatment and ERISA non-applicability for volunteer service programs rather than imposing wage, hour, or benefit obligations on non-governmental employers.",,,,"The bill clarifies that length of service award programs for volunteer emergency workers are NOT employee pension benefit plans under ERISA, thereby removing them from ERISA's regulatory scope rather than imposing new mandatory obligations on private employers; it modifies optional plan features and ERISA classification rules without creating new mandatory employer conduct obligations."
hr2575-114,To amend the Fair Minimum Wage Act of 2007 to postpone a scheduled increase in the minimum wage applicable to American Samoa.,,Labor and Employment,American Samoa|Labor standards|Wages and earnings,1.0,"The bill amends the Fair Minimum Wage Act of 2007 to postpone minimum wage increases for industries in American Samoa, directly regulating private employer wage obligations under the FLSA.",1,enforcement,wage_hour,"The bill postpones a scheduled increase in the minimum wage for American Samoa, directly affecting private employer wage obligations under the FLSA.",1,enforcement,wage_hour,"The bill postpones scheduled minimum wage increases in American Samoa, directly affecting private employer wage obligations under the Fair Minimum Wage Act of 2007 and FLSA.",1,enforcement,wage_hour,"The bill amends the Fair Minimum Wage Act of 2007 to postpone scheduled minimum wage increases applicable to private employers in American Samoa, directly affecting private employer wage obligations under the FLSA."
hr4076-112,To amend the Truth in Lending Act to add a rule of construction relating to certain payments to an employee of a mortgage originator.,,Housing and Community Development,"Consumer affairs|Housing finance and home ownership|Interest, dividends, interest rates|Wages and earnings",1.0,"The bill amends the Truth in Lending Act to clarify rules regarding the compensation and pay reduction of employee mortgage originators, directly addressing private employer wage obligations.",,,,"The bill primarily addresses consumer lending practices and mortgage originator compensation rules under the Truth in Lending Act, not private employer wage obligations as defined by the classification rules.",,,,"This bill addresses mortgage lending practices and anti-steering rules in consumer credit transactions, not private employer wage, hour, or benefit obligations; the compensation adjustment mentioned is incidental to regulating mortgage origination conduct, not the bill's central purpose.",,,,"This bill amends the Truth in Lending Act to clarify consumer lending rules about mortgage originator steering incentives and APR offers; it is primarily a consumer protection/housing finance bill, not a bill whose central purpose is regulating private employer wage, hour, or benefit obligations. The mention of employee compensation is incidental to the consumer lending regulatory framework."
hr5944-111,To amend the Family and Medical Leave Act of 1993 to clarify the eligibility requirements with respect to railroad Hours of Service employees.,Railroad Hours of Service Employees Technical Corrections Act,Transportation and Public Works,Employee leave|Railroads|Transportation employees,1.0,"The bill amends the Family and Medical Leave Act (FMLA) to clarify eligibility requirements for railroad employees, directly addressing employer obligations regarding protected leave for private-sector workers.",1,enforcement,wage_hour,"The bill amends the FMLA to clarify eligibility requirements for railroad employees, directly affecting private employer obligations regarding employee leave.",1,enforcement,wage_hour,"The bill amends FMLA eligibility requirements for railroad employees, directly modifying private employer obligations regarding protected employee leave under federal wage and hour law.",1,enforcement,wage_hour,"The bill amends the FMLA to clarify hours-of-service eligibility requirements for railroad employees, directly modifying private employer obligations regarding employee leave entitlements under federal law."
hr2614-116,To amend the Internal Revenue Code of 1986 to increase the dollar limitation on employer-provided group term life insurance that can be excluded from the gross income of the employee.,Group Term Life Insurance Increase Act,Taxation,"Employee benefits and pensions|Income tax exclusion|Life, casualty, property insurance",1.0,"The bill modifies tax exclusions for employer-provided group term life insurance, directly affecting the financial structure and incentives of private employer-sponsored welfare benefit plans.",,,,"The bill modifies tax exclusions for employer-provided group term life insurance, which is a tax policy change rather than a direct regulation of private employer wage, hour, or benefit obligations.",,,,"This bill merely increases the tax exclusion limit for employer-provided group term life insurance, which is a general tax benefit unrelated to employer wage/hour obligations or mandatory benefit compliance; it does not impose new obligations on private employers regarding their conduct toward employees.",,,,"This bill modifies the tax treatment of employer-provided group term life insurance by increasing the income tax exclusion limit for employees; it does not impose new mandatory obligations on private employers regarding wages, hours, or benefits, but rather adjusts the tax exclusion threshold, which is a general tax policy measure."
s3753-111,A bill to provide for the treatment and temporary financing of short-time compensation programs.,Preventing Unemployment Act of 2010,Labor and Employment,Employee benefits and pensions|Employment and training programs|Intergovernmental relations|State and local government operations|Unemployment|Wages and earnings,1.0,"The bill regulates private employer obligations regarding work hours and unemployment benefits by establishing requirements for voluntary short-time compensation programs, which directly impact wage earnings and benefit eligibility for non-governmental employees.",1,enforcement,wage_hour,"The bill regulates private employer obligations regarding work hours and unemployment benefits by establishing requirements for voluntary short-time compensation programs, directly impacting wage earnings and benefit eligibility for non-governmental employees.",,,,"This bill establishes a voluntary state-administered unemployment insurance program (short-time compensation) that allows employers to reduce hours instead of layoffs, with the government providing pro-rata unemployment benefits; it does not impose mandatory wage, hour, or benefit obligations on private employers, but rather creates an optional government benefit program that employers may choose to participate in.",,,,"This bill establishes a government unemployment compensation program (short-time compensation) funded through federal-state agreements; while it involves employer participation in voluntary STC plans, its central purpose is structuring a public unemployment benefit program rather than imposing private employer wage, hour, or benefit obligations."
s3419-112,"A bill to provide for the establishment of the United States Employee Ownership Bank, and for other purposes.",United States Employee Ownership Bank Act,Labor and Employment,"Bank accounts, deposits, capital|Banking and financial institutions regulation|Corporate finance and management|Department of the Treasury|Employee benefits and pensions|Employment discrimination and employee rights|Executive agency funding and structure|Government lending and loan guarantees|Labor-management relations|Unemployment",1.0,"The bill amends the WARN Act to impose new obligations on private employers regarding plant closings and employee ownership opportunities, and addresses employee benefits through the establishment of an Employee Ownership Bank to support ESOPs.",1,enforcement,wage_hour,"The bill amends the WARN Act to impose new obligations on private employers regarding plant closings and employee ownership opportunities, directly affecting private employer wage and hour obligations.",1,enforcement,pension,"The bill amends the WARN Act to impose a new mandatory obligation on private employers to offer employees the opportunity to purchase closing plants through employee stock ownership plans, directly regulating employer conduct regarding employee retirement benefit arrangements.",1,enforcement,wage_hour,"The bill amends the Worker Adjustment and Retraining Notification (WARN) Act to impose a new obligation on private employers ordering plant closings to offer employees an opportunity to purchase the plant through an ESOP or worker-owned cooperative, directly expanding private employer obligations related to layoff and plant closing conduct."
s1321-115,"A bill to amend the Employee Retirement Income Security Act of 1974 to ensure that retirement investors receive advice in their best interests, and for other purposes.",Affordable Retirement Advice Protection Act,Labor and Employment,Administrative law and regulatory procedures|Department of Labor|Employee benefits and pensions|Financial services and investments,1.0,"The bill amends ERISA to regulate fiduciary duties and investment advice for employer-sponsored retirement plans, directly addressing private employer obligations regarding employee benefit plans.",1,enforcement,pension,"The bill amends ERISA to regulate fiduciary duties and investment advice for employer-sponsored retirement plans, directly addressing private employer obligations regarding employee benefit plans.",1,enforcement,pension,"The bill amends ERISA to modify fiduciary standards and prohibited transaction rules for investment advisors to employer-sponsored retirement plans, directly imposing new mandatory obligations on private employers as plan sponsors regarding the provision of investment advice to plan participants.",1,enforcement,pension,"The bill amends ERISA to modify fiduciary standards and prohibited transaction exemptions for investment advice provided to employer-sponsored retirement plans, directly imposing obligations on fiduciaries of private employer pension/retirement benefit plans."
s221-112,"A bill to amend the Internal Revenue Code of 1986 to extend the health insurance costs tax credit, and for other purposes.",,Taxation,"Employee benefits and pensions|Health care costs and insurance|Income tax credits|Tax administration and collection, taxpayers|Trade adjustment assistance",1.0,"The bill extends tax credits and COBRA premium assistance for health insurance costs for workers displaced from private employers, directly addressing employer-sponsored group health benefit obligations and coverage continuity under ERISA and the Internal Revenue Code.",,,,"The bill primarily extends tax credits for health insurance costs and COBRA premium assistance, which are tax policy measures rather than direct regulations on private employer wage, hour, or benefit obligations.",,,,"This bill extends tax credits for individuals (TAA recipients and PBGC pension recipients) to purchase health insurance and modifies COBRA continuation rules, but does not impose new obligations on private employers regarding wages, hours, or benefits; it is a tax benefit and public assistance program, not employer conduct regulation.",,,,"This bill extends a tax credit for health insurance costs for TAA and PBGC pension recipients — individuals who have already lost their jobs — and extends related coverage continuation rules. It does not impose new obligations on private employers regarding their employees' wages, hours, or benefits; rather, it provides government-funded tax credits and coverage bridges for displaced workers, making it a government benefit/tax policy measure rather than a regulation of private employer conduct."
hr801-116,To amend the Internal Revenue Code of 1986 to allow for a credit against tax for employers of reservists.,"Reserve Component Employer Incentive, Compensation, and Relief Act of 2019",Taxation,Income tax credits|Military personnel and dependents|National Guard and reserves,1.0,"The bill provides a tax credit to private employers for retaining reservists, which directly incentivizes compliance with employer obligations related to job protection and compensation continuity for employees taking military leave.",,,,"The bill offers a tax credit for employing reservists, which incentivizes hiring decisions but does not directly impose new wage, hour, or benefit obligations on private employers.",1,tax_credit_introduction,wage_hour,"The bill introduces a new tax credit incentivizing employers to retain employees who are military reservists, directly relating to private employer obligations regarding compensation and job protection for workers on military leave.",,,,"This bill offers employers a tax credit for employing reservists, which is a general hiring/retention incentive similar to credits for hiring veterans or other specific groups; it does not impose wage, hour, or benefit obligations on private employers, nor is it specifically tied to employer-provided job training."
hr4616-115,To amend the Patient Protection and Affordable Care Act to provide for a temporary moratorium on the employer mandate and to provide for a delay in the implementation of the excise tax on high cost employer-sponsored health coverage.,Employer Relief Act of 2018,Health,,1.0,The bill directly regulates private employer obligations regarding employer-sponsored group health benefit plans by suspending the ACA employer mandate and delaying the excise tax on high-cost coverage.,1,enforcement,healthcare,The bill directly affects private employer obligations by suspending the ACA employer mandate and delaying the excise tax on high-cost employer-sponsored health coverage.,1,enforcement,healthcare,"The bill directly modifies private employer obligations under the ACA employer mandate and the excise tax on employer-sponsored health coverage, both of which are core regulatory requirements governing employer-provided health benefits.",1,enforcement,healthcare,"The bill directly modifies private employer obligations under the ACA by suspending the employer mandate for health insurance coverage and delaying the excise tax on high-cost employer-sponsored health plans, both of which are obligations imposed on private employers as plan sponsors."
