bill_id,congress_term,introduced_at,official_title,short_title,policy_area,subjects,category_ids,category_labels,bill_type,reason,summary,gpt_categories,gpt_bill_type,gpt_reason
s675-109,109,2005-03-17,"A bill to reward the hard work and risk of individuals who choose to live in and help preserve America's small, rural towns, and for other purposes.",New Homestead Act of 2005,Housing and Community Development,Agricultural cooperatives|Agricultural credit|Bank accounts|Capital gains tax|Capital investments|Catastrophic health insurance|College costs|Construction costs|Consumer cooperatives|Cost of living adjustments|County politics and government|Depreciation and amortization|Earned income tax credit|Electrification|Entrepreneurs|Excise tax|Federal aid to education|Federally-guaranteed loans|Government paperwork|Higher education|Home ownership|Housing finance|Income tax|Indexing (Economic policy)|Infrastructure|Infrastructure (Economics)|Internal migration|Investment tax credit|Job creation|Medical economics|Minimum tax|Nonprofit organizations|Residence requirements|Rural economic development|Rural education|Rural housing|Saving and investment|Savings and loan associations|Scholarships|Securities|Small business|Small towns|Student loan funds|Tax credits|Tax deductions|Tax exclusion|Tax exemption|Tax penalties|Tax returns|Tax-exempt organizations|Trusts and trustees|Urban affairs|Venture capital|Vocational and technical education,1;15;22,Wage Hour & Benefits;Competition-related Offenses;Government Contracting,tax_credit_introduction,"The bill introduces multiple tax credits and incentives (loan repayment, capital gains, homestead accounts, investment credits) aimed at encouraging individuals and businesses to invest in and remain in rural areas, which indirectly relates to employer conduct by incentivizing economic activity and job creation in those areas, and includes provisions for small business investment and venture capital funding.","New Homestead Act of 2005 - Directs the Secretary of Education to repay a specified percentage (up to $2,000 per year) of certain education loans to an individual who completes a degree and both resides and is employed for at least five years in an area outside a metropolitan statistical area which for 20 years has a net out-migration of inhabitants of at least ten percent of the county population (qualifying county). Amends the Internal Revenue Code to allow a: (1) tax credit for the lesser of $5,000 or ten percent of the purchase price of a principal residence in a qualifying county; and (2) capital loss deduction with respect to a sale or exchange of a principal residence in a qualifying county. Provides for the creation of tax-exempt individual homestead accounts, funded by individual cash contributions and matching Federal contributions according to a specified formula, whose tax-free distributions after five years are used by residents of qualifying counties for qualified higher education or medical expenses, first-time homebuyer or business capitalization costs, or rollovers. Establishes a rural investment tax credit of 70 percent of the present value of new buildings (including rehabilitation projects) or 30 percent of the present value of existing buildings. Establishes a qualified rural small business investment credit of 30 percent of expenditures for starting or expanding a business, including costs for capital, plant and equipment, inventory expenses, and wages, but not including interest costs. Provides for accelerated depreciation of business property in rural investment projects. New Homestead Venture Capital Fund Act - Amends the Consolidated Farm and Rural Development Act to establish the New Homestead Venture Capital Fund (Fund), owned by private investors, to generate and provide equity capital to rural businesses in qualifying counties. Directs the Secretary of Agriculture to provide funding and guarantees for private investors in the Fund.",,,"The bill primarily focuses on tax incentives and financial support for individuals and businesses in rural areas, without directly addressing corporate misconduct or enforcement actions related to the Violation Tracker categories."
hr433-108,108,2003-01-28,To amend the Internal Revenue Code of 1986 to allow a minimum credit against the alternative minimum tax where stock acquired pursuant to an incentive stock option is sold or exchanged at a loss.,,Taxation,Employee stock options|Income tax|Losses|Minimum tax|Tax credits,1,Wage Hour & Benefits,tax_credit_introduction,"The bill introduces a tax credit related to losses from incentive stock options, which are a form of employee compensation, and thus relates to private employer wage/benefit conduct.",Amends the Internal Revenue Code to establish a special rule allowing a minimum credit against the alternative minimum tax where stock acquired pursuant to an incentive stock option is sold or exchanged at a loss.,,,"The bill addresses tax treatment of stock options and alternative minimum tax, which does not relate to corporate misconduct or enforcement against private employers."
hr4713-106,106,2000-06-21,"To amend the Internal Revenue Code of 1986 and the Surface Mining Control and Reclamation Act of 1977 to restore stability and equity to the financing of the United Mine Workers of America Combined Benefit Fund by eliminating the liability of reachback operators, to provide additional sources of revenue to the Fund, and for other purposes.",Combined Fund Stability and Fairness Act,Health,Auditing|Authorization|Coal|Collective bargaining agreements|Congressional investigations|Congressional reporting requirements|Employee health benefits|Fees|Government trust funds|Insurance premiums|Insurance rates|Interest|Labor unions|Pension funds|Reclamation of land|Retiree health benefits|Small business|Strip mining|Trusts and trustees,1;3,Wage Hour & Benefits;Labor Relations,enforcement,"The bill directly relates to the financing of the United Mine Workers of America Combined Benefit Fund, which involves employer contributions to pension and retiree health benefits, and modifies obligations related to coal wage agreements, impacting collective bargaining and employer conduct.","TABLE OF CONTENTS: Title I: Reachback Provisions Title II: Financing Provisions Subtitle A: Premiums Subtitle B: Transfers From Abandoned Mine Reclamation Fund Subtitle C: Authorization Combined Fund Stability and Fairness Act - Amends chapter 99 (Coal Industry Health Benefits) of the Internal Revenue Code and the Surface Mining Control and Reclamation Act of 1977 to redefine the term ""coal wage agreement"" to include only the 1988 agreement which became effective on February 1, 1988, and any predecessor to the 1988 agreement. Redefines the term ""signatory operator"" in a similar manner (as a 1988 operator).Provides for a reduction in health benefit premiums to coal miners if there is a surplus in the Combined Benefit Fund.Provides for a refund of premiums paid to the Fund for certain small entities which are not 1988 agreement operators.Provides for the transfer of certain amounts of interest from the Abandoned Mine Reclamation Fund to the Combined Fund.Reduces Abandoned Mine Reclamation Fund fees. Extends the Abandoned Mine Reclamation Fee program for an additional six years.Authorizes appropriations for the transfer of $38 million from the 1950 United Mine Workers of America Pension Plan annually to the Combined Fund to cover any shortfall in the premium account of the Combined Fund.",,,"The bill addresses funding and financial stability for a government-administered health benefits fund for coal miners, not private employer wage or benefit obligations."
s2285-109,109,2006-02-14,"A bill to improve the protection of witnesses, victims, and informants.","Whistleblower Empowerment, Security, and Taxpayer Protection Act of 2006",Government Operations and Politics,Administrative remedies|Appropriations|Civil actions and liability|Confidential communications|Congressional investigations|Congressional reporting requirements|Congressional witnesses|Damages|Disciplining of employees|Dismissal of employees|Evidence (Law)|Federal employees|Federal officials|Fines (Penalties)|Fraud|Government contractors|Governmental investigations|Grievance procedures|Informers|Inspectors general|Intelligence officers|Leave of absence|Legal fees|Members of Congress|Misconduct in office|Murder|Removal of officials|Reprogramming of appropriated funds|Security clearances|Special prosecutors|Victims of crimes|Waste in government spending|Whistle blowing|Witnesses,1;12;24,"Wage Hour & Benefits;Fraud, Corruption & Criminal Conduct;Government Reporting & Compliance",enforcement,"The bill addresses retaliation against whistleblowers, which is directly related to violations of wage and hour laws (FLSA, WARN Act, ERISA, FMLA) and also addresses fraud and misconduct within government, and illegal corporate campaign contributions and failure to disclose political advertising.","Whistleblower Empowerment, Security, and Taxpayer Protection Act of 2006 - Modifies federal criminal law provisions relating to tampering with or retaliating against a witness, victim, or an informant. Allows a victim of a prohibited personnel practice to bring a civil action against a covered entity and to recover damages. Makes any prospective waiver of the right of any individual to file a civil action under this Act void and unenforceable. Amends the Inspector General Act of 1978 to allow an Inspector General (IG) to be removed from office prior to the expiration of that IG's term only on one of the following grounds: (1) permanent incapacity; (2) inefficiency; (3) neglect of duty; (4) malfeasance; or (5) conviction of a felony or conduct involving moral turpitude. Establishes the term of office of an IG as seven years and permits reappointment. Authorizes an IG to annually transmit an appropriation estimate and request to the Director of the Office of Management and Budget (OMB) and to the appropriate congressional committees, in addition to the head of the establishment concerned. Requires the President to include in each annual budget specified IG appropriation information. Prohibits any funds appropriated for activities under the supervision of an IG from being reprogrammed, transferred, or otherwise spent for any other purpose without such IG's written consent. Directs each IG to: (1) create and maintain a hotline for employees confidentially reporting alleged violations; and (2) compile a statistical summary of all allegations for annual reporting to Congress. Sets forth a special rule regarding revocation of security clearances. Permits the creation of whistleblower affairs directorates within offices of IGs. Includes coverage of certain planned disclosures of information under prohibited personnel practices provisions. Permits petitions for the appointment of special prosecutor to handle cases alleging prohibited personnel practices. Directs the Comptroller General to study the costs of retaliation against or suppression of whistleblowers.",3;12,enforcement,"The bill strengthens protections against retaliation for whistleblowers, which relates to labor relations and fraud, corruption, and criminal conduct by enhancing enforcement mechanisms for reporting misconduct."
s1639-113,113,2013-11-04,"A bill to amend the FAA Modernization and Reform Act of 2012 to provide guidance and limitations regarding the integration of unmanned aircraft systems into United States airspace, and for other purposes.",Drone Aircraft Privacy and Transparency Act of 2013,Transportation and Public Works,"Administrative law and regulatory procedures|Aviation and airports|Civil actions and liability|Congressional oversight|Criminal investigation, prosecution, interrogation|Criminal justice information and records|Criminal procedure and sentencing|Department of Transportation|Evidence and witnesses|Federal Trade Commission (FTC)|Government information and archives|Government liability|Government studies and investigations|Intelligence activities, surveillance, classified information|Law enforcement administration and funding|Legal fees and court costs|Licensing and registrations|Right of privacy",1;2;14;24,Wage Hour & Benefits;Employment Discrimination;Consumer Protection;Government Reporting & Compliance,enforcement,"The bill regulates the operation of drones by private entities and law enforcement, including data collection and privacy principles, and grants enforcement authority to the FTC and a private right of action, relating to potential violations of privacy and deceptive practices.","Drone Aircraft Privacy and Transparency Act of 2013 - Amends the FAA Modernization and Reform Act of 2012 to direct the Secretary of Transportation (DOT) to study and identify any potential threats to privacy protections posed by the integration of unmanned aircraft (drone) systems into the national airspace system, including any potential violations of privacy principles.

Directs the Secretary to establish certain procedures to allow for civil operation in the national airspace system of small drone systems that do not meet expedited operational authorization requirements. Requires such procedures to ensure that the integration of drone systems into the national airspace system is done in compliance with privacy principles.

Prohibits the Secretary from approving, issuing, or awarding any certificate, license, or other grant of authority to operate a drone system in the national airspace system unless the application for it includes a data collection statement, meeting certain requirements, that provides reasonable assurance that the applicant will operate the drone system in accordance with privacy principles. Applies the same privacy principles requirement to any drone system to be operated by a law enforcement agency or a law enforcement agency contractor or subcontractor, except that the application for it shall include a data minimization statement, meeting certain requirements, instead of a data collection statement.

Directs the Administrator of the Federal Aviation Administration (FAA) to make any approved certificate, license, or other grant of authority, plus other specified information, available in a searchable format on the public FAA website.

Prohibits a governmental entity from using a drone system, or requesting information or data collected by another entity through use of a drone system, for protective activities, or for law enforcement or intelligence purposes, except pursuant to a warrant issued using the procedures described in the Federal Rules of Criminal Procedure (or, in the case of a state court, issued using state warrant procedures) by a court of competent jurisdiction, or as permitted under the Foreign Intelligence Surveillance Act of 1978. Makes an exception to this prohibition in exigent circumstances when a law enforcement entity reasonably believes there is: (1) an imminent danger of death or serious physical injury; or (2) a high risk of a terrorist attack by a specific individual or organization, according to the Secretary of Homeland Security (DHS).

Makes it unlawful to operate a drone system in a manner that is not in accordance with the terms of a data collection statement or in a manner violating any portion of the final rule for the procedures for civil operation of small drone systems required by this Act. Grants enforcement authority to the Federal Trade Commission (FTC).

Authorizes a state to bring a civil action on behalf of state residents in state or U.S. district court for injunctive relief against violations of this Act or related regulations if the state attorney general has reason to believe that an interest of state residents has been or is threatened or adversely affected by a prohibited act or practice.

Creates a private right of action in state or U.S. district court for persons injured by a prohibited act.

Allows a suit against a governmental entity.

Requires the FAA to revoke the certificate, license, or other grant of authority to operate a drone system operated in a prohibited manner.

Declares that nothing in this Act may be construed to apply to model aircraft flown strictly for hobby or recreational purposes and meeting certain other criteria.",,,"The bill primarily addresses privacy and regulatory procedures related to the integration of drones into U.S. airspace, focusing on privacy protections and data collection, which do not align with any specific category of corporate misconduct targeted by government enforcement actions."
s831-107,107,2001-05-03,A bill to amend the Internal Revenue Code of 1986 to provide for a 100 percent deduction for business meals.,,Taxation,Business income tax|Costs|Expense accounts|Income tax|Recreation|Tax deductions,1,Wage Hour & Benefits,tax_credit_introduction,"The bill provides a 100% deduction for business meals, which could be seen as incentivizing business activity and potentially related to employer expenses, though it does not directly regulate wage or benefit conduct.","Amends the Internal Revenue Code to provide for a 100 percent deduction for qualifying business meal expenses, including individuals subject to Federal hours of service percentages.",,,"The bill provides a tax deduction for business meal expenses, which does not relate to any specific category of corporate misconduct or enforcement action."
hr2649-109,109,2005-05-26,To strengthen aviation security.,Strengthen Aviation Security Act,Transportation and Public Works,Access to airports|Administrative procedure|Administrative remedies|Air cargo|Air routes|Aircraft|Aircraft pilots|Airline employees|Airline passenger traffic|Airlines|Airports|Aviation safety|Biological warfare|Business records|Chemical industries|Chemical warfare|Civil actions and liability|Collective bargaining|Congressional reporting requirements|Criminal justice information|Damages|Data banks|Department of Homeland Security|Department of Labor|Directories|Disciplining of employees|Discrimination in employment|Dismissal of employees|Emergency communication systems|Employee training|Federal aid to transportation|Federal employees|Federal law enforcement officers|Firearms|Flight crews|Freight forwarders|Government contractors|Governmental investigations|Grievance procedures|Identification devices|Identification of criminals|Industrial buildings|Infrastructure|Labor unions|Legal fees|Nuclear facilities|Nuclear reactors|Nuclear terrorism|Nuclear weapons|Parking facilities|Police communication systems|Police training|Risk|Security measures|Social security numbers|Standards|Subcontractors|Terrorism|Transportation workers|Wage restitution|Whistle blowing|Wireless communication,1;3;4,Wage Hour & Benefits;Labor Relations;Workplace Safety,enforcement,"The bill directly addresses private employer conduct through mandatory security training for flight attendants, requirements for background checks for airport workers, and whistleblower protections, relating to wage restitution and collective bargaining rights, and also focuses on aviation safety which is enforced by OSHA.","Strengthen Aviation Security Act - Amends federal transportation law to direct the Secretary of Homeland Security (Secretary) to establish a system to inspect 100% of the cargo transported on passenger aircraft operated by an air carrier or foreign air carrier in air transportation or intrastate air transportation Prescribes requirements for deployment of federal law enforcement officers not part of the Federal Air Marshall Service as alternative security personnel on commercial aircraft. Requires the Secretary to ensure the deployment of federal marshals on flights of all-cargo air transportation where sufficient risk of terrorist activity has been determined. Amends the Intelligence Reform and Terrorism Prevention Act of 2004 to require the Assistant Secretary for Homeland Security (Transportation Security Administration (TSA)) to study and report to Congress on the viability of devices to enable discreet, wireless communications between flight attendants, pilots, federal air marshals, and ground-based personnel during a flight to improve coordination of planning and activities in the event of an act of terrorism. Prescribes requirements for mandatory basic security training program for flight attendants. Directs the Secretary to: (1) require aircraft engaged in cargo air transportation or intrastate air transportation to have secured cockpit doors between the cargo and pilot compartments; and (2) establish during high threat levels no-fly zones around sensitive nuclear and chemical facilities. Directs the Secretary to: (1) require airport operators to complete vulnerability assessments of airport facilities; and (2) develop a plan for addressing such vulnerabilities. Directs the Secretary to require airports serving operators of general aviation aircraft to: (1) require that all aircraft while parked at airports be secured by a visible immobilizing device; and (2) ensure that all individuals with access to such aircraft be subject to a background check. Amends the Homeland Security Act of 2002 to direct the Secretary to issue regulations to: (1) improve control over access to secured areas of each U.S. airport, including background checks for, and metal detector screening of, airport workers; and (2) prohibit any entity other than an airport operator from issuing a security badge to provide access to the airport's secure area. Sets forth certain whistleblower protection requirements for airport workers (including TSA employees). Expresses the sense of Congress that: (1) airport screening functions should continue to be performed by federal employees; and (2) the Secretary should pursue resolution of all issues that have delayed implementation of the mandate to check passenger information against the government watchlist (no-fly list) before departures of international flights to or from the United States.",3;4,enforcement,The bill addresses labor relations by setting whistleblower protection requirements for airport workers and workplace safety by mandating security training for flight attendants and improving airport security measures.
s3000-111,111,2010-02-04,A bill to extend the increase in the FMAP provided in the American Recovery and Reinvestment Act of 2009 for an additional 6 months.,,Health,Economic performance and conditions|Hospital care|Intergovernmental relations|Medicaid|State and local finance|Unemployment,1,Wage Hour & Benefits,enforcement,"The bill extends the increased FMAP under Medicaid, which affects state budgets and indirectly impacts healthcare providers, but primarily relates to state funding of healthcare programs and does not directly regulate private employer wage or benefit conduct.","Amends the American Recovery and Reinvestment Act of 2009 to extend until January 1, 2011, the temporary increase in the federal medical assistance percentage (FMAP), under title XIX (Medicaid) of the Social Security Act, for any state with a certain unemployment increase percentage during the recession adjustment period. Extends the entire recession adjustment period from December 31, 2010, through December 31, 2011. Declares that voluntary contributions by a political subdivision to the non-federal share of expenditures under a state Medicaid plan, or to the non-federal share of payments for inpatient hospital services furnished by disproportionate share (DSH) hospitals shall not be considered to be required contributions. (Thus allows a state that otherwise requires such contributions during the recession adjustment period, but instead receives voluntary contributions from political subdivisions, to be eligible for an increase in its FMAP.)",,,"The bill extends increased federal funding for state Medicaid programs, which does not involve private employer wage or benefit obligations."
s61-111,111,2009-01-06,"A bill to amend title 11 of the United States Code with respect to modification of certain mortgages on principal residences, and for other purposes.",Helping Families Save Their Homes in Bankruptcy Act of 2009,Finance and Financial Sector,Bankruptcy|Consumer credit|Housing finance and home ownership,1,Wage Hour & Benefits,enforcement,"The bill modifies bankruptcy law to allow for easier modification of mortgages on principal residences, potentially reducing the amount owed by debtors and impacting creditors, and it includes provisions related to consumer protection law violations, directly affecting private employer/creditor conduct.","Helping Families Save their Homes in Bankruptcy Act of 2009 - Amends federal bankruptcy law governing a Chapter 13 debtor (adjustment of debts of an individual with regular income). Excludes from computation of debts the secured or unsecured portions of: (1) debts secured by the debtor's principal residence if the current value of that residence is less than the secured debt limit; or (2) debts secured or formerly secured by debtor's principal residence that was either sold in foreclosure or surrendered to the creditor if the current value of such real property is less than the secured debt limit. Declares the credit counseling requirement inapplicable to a Chapter 13 debtor who certifies that he or she has received notice that the holder of a claim secured by the debtor's principal residence may commence a foreclosure on the debtor's principal residence. Requires the court to disallow a claim that is subject to any remedy for damages or rescission due to violations of state or federal consumer protection law, including the Truth in Lending Act, notwithstanding the prior entry of a foreclosure judgment. Allows modification of the rights of claim holders, in the event of a foreclosure notice for a chapter 13 debtor, among other means by: (1) reducing a claim to equal the value of the debtor's interest in the residence securing such claim, and any adjustments to a related adjustable rate of interest; (2) waiving early repayment or prepayment penalties; and (3) extending the repayment period. Denies debtor liability for certain fees and charges incurred while the bankruptcy case is pending and arising from a debt secured by the debtor's principal residence, unless the claim holder observes specified requirements. Adds to conditions for court confirmation of a plan in bankruptcy that: (1) the holder of a claim secured by the debtor's principal residence retain the lien securing the claim until the later of the payment of such claim as reduced and modified or the discharge of a debtor from all debts; and (2) the plan modifies the claim in good faith. Excludes from final discharge of a debtor from all debts: (1) any payments to claim holders whose rights are modified under this Act; and (2) any unpaid portion of a claim as reduced.",14,enforcement,The bill addresses consumer protection by modifying bankruptcy laws to protect homeowners from foreclosure and ensuring claims comply with consumer protection laws like the Truth in Lending Act.
s2155-108,108,2004-03-02,"A bill to amend the Internal Revenue Code of 1986 to provide for a manufacturer's jobs credit, and for other purposes.",Growing Our Manufacturing Employment (GoME) Act,Taxation,Accounting|Administrative procedure|Affiliated corporations|Capital gains tax|Corporate finance|Corporate mergers|Corporation taxes|Department of the Treasury|Depreciation and amortization|Dislocated workers|Foreign corporations|Income tax|Leases|Limitation of actions|Location of industries|Lumber trade|Manufacturing industries|Minimum tax|Mutual funds|Partnerships|Profit|Reforestation|Stockholders|Stocks|Tax credits|Tax deductions|Tax evasion|Tax penalties|Tax shelters|Taxation of foreign income|Timber sales|Wages,1,Wage Hour & Benefits,tax_credit_introduction,"The bill introduces a 'manufacturer's jobs credit' equal to a percentage of wages paid to employees, incentivizing employers to maintain domestic employment and thus relates to wage obligations.","Growing Our Manufacturing Employment (GoME) Act - Amends the Internal Revenue Code to establish as a general business tax credit a manufacturer's jobs credit equal to a certain percentage of wages paid to the employees (including employees eligible for a trade readjustment allowance) of a taxpayer that has a certain level of domestic production gross receipts in the current and preceding taxable years and that is not disqualified as an inverted domestic corporation (a foreign corporation that manipulates its structure to evade U.S. taxes). Allows an income tax deduction for: (1) nine percent of income allocable to domestic production activities; (2) up to $10,000 of reforestation expenditures in the current taxable year. Permits a taxpayer to revoke a prior election to treat the cutting of timber as a sale or exchange. Qualifies the outright sale of timber for capital gains tax treatment. Repeals the investment tax credit for reforestation expenditures. Sets forth requirements for transactions to qualify for tax benefits under the economic substance doctrine, including special rules for transactions with tax-indifferent parties. Sets forth rules for the tax treatment of inverted domestic corporations (a foreign incorporated entity that acquires substantially all of the properties of a domestic corporation or partnership, that retains 80 percent of stock ownership identity, and that does not have substantial business activities in the foreign country under whose law the entity is created, for the purpose of avoiding U.S. taxation). Treats a foreign corporation deemed to be an inverted domestic corporation as a domestic corporation for U.S. tax purposes.",,,"The bill primarily introduces a tax credit for manufacturers based on wages paid, but it does not directly regulate or enforce private employer wage obligations or misconduct."
s3975-111,111,2010-11-18,"A bill to permanently extend the 2001 and 2003 tax relief provisions, and to permanently repeal the estate tax, and to provide permanent alternative minimum tax relief, and for other purposes.",Tax Relief Certainty Act,Taxation,Adoption and foster care|Capital gains tax|Employee benefits and pensions|Income tax credits|Income tax exclusion|Income tax rates|Transfer and inheritance taxes,1;11,Wage Hour & Benefits;Accounting Financial Reporting & Tax,tax_credit_removal,"The bill permanently extends certain tax relief provisions, including those related to adoption and foster care, and permanently repeals the estate tax, and it terminates provisions of the Patient Protection and Affordable Care Act increasing tax benefits for adoption, relating to employee benefits and pensions and income tax credits.","Tax Relief Certainty Act - Eliminates the terminating date of the Economic Growth and Tax Relief Reconciliation Act of 2001, thus making the provisions of such Act permanent. Terminates after December 31, 2011, provisions of the Patient Protection and Affordable Care Act increasing tax benefits for adoption. Eliminates the terminating date of the Jobs and Growth Tax Relief Reconciliation Act of 2003 applicable to provisions reducing tax rates on dividends and capital gains. Amends the Internal Revenue Code to: (1) phase-in between 2010 through 2020 increases in the exemption amount for the alternative minimum tax (AMT); and (2) make permanent offsets against the AMT for certain nonrefundable tax credits.",,,"The bill primarily addresses tax relief provisions, including estate tax repeal and AMT adjustments, without directly regulating or incentivizing corporate misconduct related to the Violation Tracker categories."
hr3823-106,106,2000-03-02,"To amend the Federal Deposit Insurance Act and the Truth in Lending Act to prohibit federally insured institutions from engaging in high-cost payday loans, to expand protections for consumers in connection with the making of such loans by uninsured entities, and for other purposes.",Federal Payday Loan Consumer Protection Amendments of 2000,Finance and Financial Sector,Bank accounts|Bank loans|Checking accounts|Checks|Class actions (Civil procedure)|Collection of accounts|Consumer credit|Consumer education|Consumer protection|Credit unions|Damages|Debtor and creditor|Fees|Interest rates|Liability (Law)|Personal loans,1;14,Wage Hour & Benefits;Consumer Protection,enforcement,"The bill prohibits insured institutions from making high-cost payday loans and expands consumer protections related to such loans, directly regulating private lender conduct and addressing predatory lending practices.","Federal Payday Loan Consumer Protection Amendments of 2000 - Amends the Federal Deposit Insurance Act to prohibit an insured depository institution from making: (1) payday loans; and (2) any loan to any lender in order to either finance, refinance or extend a payday loan.Amends the Consumer Credit Protection Act to redefine credit to include any payday loan.Amends the Truth in Lending Act to prohibit a creditor from making a payday loan if the creditor has reasonable cause to believe that: (1) the personal check or share draft received in exchange for such loan is drawn upon either an insured depository institution or insured credit union; or (2) the account debited in exchange for such loan is a transaction or share draft account at an insured depository institution or an insured credit union.Sets forth civil liabilities for violations of this Act.",14,enforcement,"The bill prohibits federally insured institutions from engaging in high-cost payday loans, expanding consumer protections against predatory lending practices."
s1086-113,113,2013-06-03,"A bill to reauthorize and improve the Child Care and Development Block Grant Act of 1990, and for other purposes.",Child Care and Development Block Grant Act of 2014,Families,"Adoption and foster care|Allergies|Cardiovascular and respiratory health|Child care and development|Child health|Child safety and welfare|Consumer affairs|Crimes against children|Criminal justice information and records|Disability and paralysis|Domestic violence and child abuse|Emergency medical services and trauma care|Emergency planning and evacuation|Foreign language and bilingual programs|Government information and archives|Health promotion and preventive care|Licensing and registrations|Medicaid|Nutrition and diet|Personnel records|Physical fitness and lifestyle|Poverty and welfare assistance|Preschool education|Sex offenses|State and local government operations|Teaching, teachers, curricula",1,Wage Hour & Benefits,enforcement,"The bill reauthorizes and improves the Child Care and Development Block Grant Act, which impacts requirements for childcare providers (non-governmental employers) regarding workforce training, background checks, health and safety standards, and consumer education, directly affecting employer conduct related to employee welfare and safety.","(This measure has not been amended since it was passed by the House on September 15, 2014. The summary of that version is repeated here.) Child Care and Development Block Grant Act of 2014 - (Sec. 3) Reauthorizes the child care and development block grant (CCDBG) program under the Child Care and Development Block Grant Act of 1990 (CCDBG Act) through FY2020 at specified levels. (Sec. 4) Allows governors to designate a collaborative agency or establish a joint interagency office to serve as the lead agency responsible for administering the CCDBG program.

Requires the lead agency, at the option of an Indian tribe or organization in the state, to collaborate and coordinate with that tribe or tribal organization in the development of the state child care and development plan in a timely manner.

(Sec. 5) Increases from two to three years the period that must be covered by a state child care and development plan.

Revises and expands plan requirements, including, among others, those regarding state licensing, consumer and provider education information, training and professional development, child-to-provider ratios, health and safety, child abuse reporting, protection for working parents, priority for low-income populations, coordination with other programs, and the needs of children in child care services during the period before, during, and after a state of emergency, including a statewide child care disaster plan meeting specified criteria. Prescribes early learning and developmental guidelines.

Requires the Secretary of Health and Human Services (HHS), acting through the Assistant Secretary for Children and Families, to report annually about whether each state uses funds allocated to it for the fiscal year involved in accordance with the specified priority for services.

Authorizes a state to use funds to establish or support a system of local or regional child care resource and referral organizations.

Requires the state plan to demonstrate that the state has developed and conducted (within the two years preceding submission of the application containing the state plan) a statistically valid and reliable survey of the market rates for child care services in the state or an alternative methodology, such as a cost estimation model.

(Sec. 6) Revises requirements for activities to improve the quality of child care.

Requires that states spend the following percentages of their program funding to improve the quality of child care: (1) at least 7% in the first two fiscal years after the enactment of this Act, (2) at least 8% in the third and fourth fiscal years, and (3) at least 9% in the fifth and each succeeding full fiscal year after enactment. Requires states to spend, in addition, at least 3% of such funds received by the second full fiscal year after enactment, and received for each succeeding full fiscal year, to improve the quality of care for infants and toddlers.

Requires states receiving funds under the CCDBG Act to: (1) support training and professional development of the child care workforce, (2) improve development or use of early learning and developmental guidelines, (3) develop or enhance a tiered quality rating system for child care providers and services, and (4) improve the supply and quality of child care programs and services for infants and toddlers through specified activities.

(Sec. 7) Requires any state receiving CCDBG funds to have in effect: (1) policies and procedures to require and conduct criminal background checks, with a 10-year look-back period, for current and prospective staff members of child care providers; and (2) licensing, regulation, and registration requirements that prohibit the employment of certain ineligible individuals as child care staff members. Requires a state to ensure that such policies and procedures are published on the websites of state and local lead agencies. Makes ineligible for employment by a child care provider receiving assistance under this Act any individual who: (1) refuses to consent to a criminal background check, (2) knowingly makes a materially false statement in connection with such a background check, (3) is registered or is required to be registered on a state sex offender registry or the National Sex Offender Registry, or (4) has been convicted of one or more specified felonies. Prescribes requirements for the process of background checks, including fees a state may charge. (Sec. 8) Directs the Secretary of Health and Human Services (HHS) to: (1) provide technical assistance to states (which may be on a reimbursable basis) by qualified experts on practices grounded in scientifically valid research to carry out the CCDBG Act; (2) disseminate, for voluntary informational purposes, information on practices that scientifically valid research indicates are most successful in improving the quality of programs that receive CCDBG assistance; and (3) after consultation with the heads of any other federal agencies involved, issue guidance and disseminate information on best practices regarding use of funding combined by the states.

Authorizes the Secretary to waive, upon state request, for up to three years any provision under the CCDBG program, or sanctions imposed upon a state for noncompliance with requirements, if the Secretary makes certain findings, including that the waiver will, by itself, contribute to or enhance the states's ability to carry out CCDBG purposes.

Declares that nothing shall be construed as granting the Secretary authority to permit states to alter the eligibility requirements for eligible children, including work requirements, job training, or educational program participation, that apply to the parents of eligible children.

Requires states receiving CCDBG funds to collect monthly information on whether children receiving CCDBG assistance are homeless.

Requires a state to report annually to the Secretary aggregate data on the number of child fatalities occurring among children while in the care and facility of child care providers receiving CCDBG assistance, listed by the type of child care provider and indicating whether the providers are licensed or license-exempt.

Directs the Secretary to operate, directly or through the use of grants or contracts, a national toll-free hotline and website.

Prohibits any quarterly state CCDBG reports to the Secretary from containing personally identifiable information.

(Sec. 9) Revises the amount the Secretary is required to reserve from annual appropriations for CCDBG payments to Indian tribes and tribal organizations. Requires a reservation of 2% of such appropriations (currently, between 1% and 2%), but allows for a greater reservation in certain circumstances.

Directs the Secretary to reserve up to $1.5 million of the amount appropriated for the CCDBG program each fiscal year for the operation of the national toll-free hotline and website.

Requires the Secretary also to reserve up to 1/2 of 1% of CCDBG program appropriations each to: (1) support technical assistance and dissemination of information on practices most successful in improving the quality of programs receiving CCDBG assistance; and (2) conduct research and demonstration activities, as well as periodic external, independent evaluations of the impact of the CCDBG program on increasing access to, and improving the safety and quality of, child care services.

Directs the Secretary, in consultation with Indian tribes and tribal organizations, to develop minimum child care standards applicable to any of them receiving CCDBG assistance.

Requires the Secretary to waive the prohibition against tribal use of CCDBG funds for construction or renovation of child care facilities if it would decrease the level of child care services, in any case where: (1) the decrease is temporary, and (2) the level of child care services will increase or improve after the construction or renovation is completed.

(Sec. 10) Defines ""child with a disability"" as one under age 13 who has a disability and is eligible for early intervention services under the Individuals with Disabilities Education Act.

Caps the family assets of an ""eligible child"" at $1 million.

(Sec. 11) Declares that nothing in the CCDBG Act shall be construed in a manner to: (1) favor or promote the use of grants and contracts for the receipt of child care services under the CCDBG Act over the use of child care certificates; or (2) disfavor or discourage the use of such certificates for the purchase of child care services, including those services provided by private or nonprofit entities, such as faith-based providers.

(Sec. 12) Directs the Comptroller General (GAO) to study the number of families eligible to receive assistance under the CCDBG Act, identified by the type of assistance requested, who have applied for it and been placed on a waiting list.

(Sec. 13) Directs the Secretary, in conjunction with the Secretary of Education, to conduct an interdepartmental review of all early learning and care programs for children under age six.",,,"The bill focuses on reauthorizing and improving the Child Care and Development Block Grant program, which primarily involves government funding and administration of child care services, not private employer conduct or corporate misconduct."
hr3685-107,107,2002-02-05,To amend the Internal Revenue Code of 1986 to allow a refundable credit against income tax for educational expenses incurred for each qualifying child of the taxpayer in attending public or private elementary or secondary school.,"Education, Achievement, and Opportunity Act",Taxation,Compensatory education|Computer software|Computers|Costs|Disabled|Educational technology|Educational tests|Elementary and secondary education|Elementary education|Home schooling|Income tax|Personal income tax|Private schools|Public schools|School buses|Secondary education|Special education|Tax credits|Tax refunds|Textbooks|Tuition tax credits|User charges,1,Wage Hour & Benefits,tax_credit_introduction,"The bill introduces a tax credit for educational expenses, which could indirectly relate to private employer wage or benefit conduct by potentially offsetting costs for employees with children in private schools, but does not directly regulate employer conduct or address wage/hour issues.","Education, Achievement, and Opportunity Act - Amends the Internal Revenue Code to establish a limited, income adjusted, elementary and secondary school expenses credit (up to $2,500 for elementary school expenses and $3,500 for secondary school expenses) for each qualifying child attending either a public or private school.",,,"The bill provides a tax credit for educational expenses, which does not relate to any category of corporate misconduct or private employer obligations."
hr2587-113,113,2013-06-28,"To provide for Federal agencies and employees to support science, technology, engineering, and mathematics (STEM) activities in classrooms.",Planting STEM in the Classroom Act,Education,"Elementary and secondary education|Employee leave|Government employee pay, benefits, personnel management|Science and engineering education|Social work, volunteer service, charitable organizations|Teaching, teachers, curricula",1,Wage Hour & Benefits,enforcement,"The bill encourages federal employees to volunteer in STEM education and provides them with administrative leave to do so, which could indirectly relate to employer obligations regarding employee leave and benefits, though it does not directly regulate or enforce wage/hour or benefit conduct.","Planting STEM in the Classroom Act - Directs the Office of Personnel Management (OPM) to develop a policy to: (1) encourage federal employees engaged in STEM (science, technology, engineering, and mathematics) activities to volunteer in STEM education activities by providing them with the administrative leave and support they need to do so; and (2) support increased communication and partnerships between federal scientists and engineers and elementary and secondary schools and teachers through volunteerism in STEM education activities.

Requires each federal science agency to report to Congress on efforts it will make to promote widespread public understanding of career opportunities in the STEM fields specific to the workforce needs of that agency.",,,"The bill focuses on federal employee volunteerism in STEM education, which does not involve private employer conduct or corporate misconduct."
hr1057-108,108,2003-03-04,To repeal the sunset of the Economic Growth and Tax Relief Reconciliation Act of 2001 with respect to the expansion of the adoption credit and adoption assistance programs.,Adoption Tax Relief Guarantee Act,Taxation,Adoption|Costs|Employee benefit plans|Income tax|Sunset legislation|Tax credits|Tax exclusion,1,Wage Hour & Benefits,tax_credit_introduction,"The bill makes permanent the expansion of the adoption credit, which is a tax incentive related to employee benefit plans and costs associated with adoption.",The Adoption Tax Relief Guarantee Act - Amends the Economic Growth and Tax Relief Reconciliation Act of 2001 to make the sunset provisions inapplicable to provisions that expanded and increased the adoption credit and adoption assistance programs under the Internal Revenue Code.,,,"The bill focuses on making permanent the expansion of adoption-related tax credits and assistance, which does not relate to private employer wage or benefit obligations."
s393-108,108,2003-02-13,"A bill to amend the Internal Revenue Code of 1986 to allow employers a credit against income tax with respect to employees who participate in the military reserve components and to allow a comparable credit for participating reserve component self-employed individuals, and for other purposes.",,Taxation,Armed forces reserves|Income tax|Military pay|Self-employed|Tax credits|Wages,1,Wage Hour & Benefits,tax_credit_introduction,"The bill introduces a tax credit for employers with employees participating in the military reserve components, which relates to employee benefits and potential wage replacement during reserve duty, and thus touches on employer conduct related to FMLA and WARN Act considerations.","Amends the Internal Revenue Code to allow employers an income tax credit with respect to employees who participate in the military reserve components, and to allow a comparable credit for participating reserve component self-employed individuals.",,,"The bill provides a tax credit related to military reserve participation, which does not relate to private employer wage or benefit obligations under the specified categories."
s915-108,108,2003-04-11,"A bill to authorize appropriations for fiscal years 2004, 2005, 2006, 2007, and 2008 for the Department of Energy Office of Science, to ensure that the United States is the world leader in key scientific fields by restoring a healthy balance of science funding, to ensure maximum use of the national user facilities, and to secure the Nation's supply of scientists for the 21st century, and for other purposes.",Energy and Science Research Investment Act of 2003,"Science, Technology, Communications",Authorization|Computers|Congressional reporting requirements|Department of Energy|Employee training|Energy research|Federal aid to research|Higher education|Laboratories|Mathematics|Nanotechnology|Nuclear energy|Nuclear energy research|Research and development|Research grants|Scientists|Technology transfer,1,Wage Hour & Benefits,enforcement,"The bill authorizes appropriations for the Department of Energy Office of Science, which includes funding for employee training and research grants, indirectly supporting the workforce and potentially influencing employer conduct related to scientific labor standards.","Energy and Science Research Investment Act of 2003 - Instructs the Secretary of Energy to: (1) conduct a comprehensive program of fundamental research, including research on chemical sciences, physics, materials sciences, biological and environmental sciences, geosciences, engineering sciences, plasma sciences, mathematics, and advanced scientific computing; (2) maintain, upgrade, and expand the scientific user facilities maintained by the Office of Science and ensure that they are an integral part of the departmental mission for exploring the frontiers of fundamental science; (3) maintain a leading-edge research capability in the energy-related aspects of nanoscience and nanotechnology, advanced scientific computing, and genome research; (4) ensure that the fundamental science programs of the Department of Energy (DOE) help inform the applied research and development programs of DOE; and (5) ensure that DOE research programs support sufficient numbers of graduate students to maintain the pipeline of scientists and engineers that is critical for the future vitality of Federal laboratories and overall U.S. science leadership. Authorizes appropriations for FY 2004 through 2008.",,,"The bill focuses on appropriations for scientific research and development within the Department of Energy, with no direct relation to corporate misconduct or private employer obligations."
s2400-113,113,2014-05-22,"A bill to provide for improvement of field emergency medical services, and for other purposes.",Field EMS Innovation Act,Health,"Administrative law and regulatory procedures|Advisory bodies|Civil actions and liability|Congressional oversight|Department of Health and Human Services|Education programs funding|Emergency medical services and trauma care|Executive agency funding and structure|Government information and archives|Government studies and investigations|Government trust funds|Health care quality|Health information and medical records|Health personnel|Health programs administration and funding|Licensing and registrations|Medical education|Medical research|Medicare|Motor vehicles|Performance measurement|Tax administration and collection, taxpayers|Transportation safety and security",1,Wage Hour & Benefits,tax_credit_introduction,"The bill establishes the Emergency Medical Services Trust Fund and allows taxpayers to contribute to it, which could incentivize funding for field EMS, relating to employer-provided benefits and potentially worker pay.","Field EMS Innovation Act - Amends the Public Health Service Act to designate the Department of Health and Human Services (HHS) as the primary federal agency for emergency medical services (EMS) and trauma care. Establishes the Office of Emergency Medical Services and Trauma (or Office of EMS and Trauma) within HHS. Gives the Office responsibilities related to emergency medical services and authorizes the Secretary of HHS to delegate additional responsibilities related to EMS.

Requires the Director of the Office to: (1) implement a national EMS strategy; (2) establish the EQUIP grant program to promote excellence, quality, universal access, innovation, and preparedness in field EMS; and (3) establish the SPIA grant program to improve EMS system performance, integration, and accountability, to ensure preparedness, to enhance oversight and data collection, and to promote standardization of certifications.

Defines ""field EMS"" to mean emergency medical services provided to patients (including transport by ground, air, or otherwise) prior to or outside a medical facility or other clinical setting.

Requires the Director to improve medical oversight of field EMS, including by: (1) promoting the development and adoption of national guidelines for medical oversight, and (2) convening a Field EMS Medical Oversight Advisory Committee.

Directs the Comptroller General (GAO) to study issues related to emergency medical care in field EMS.

Authorizes the Administrator of the National Highway Traffic Safety Administration (NHTSA) to maintain, improve, and expand the National EMS Information System.

Sets forth reporting requirements relating to data collection and electronic health records.

Declares that the Health Insurance Portability and Accountability Act of 1996 (HIPAA) shall not be construed to prohibit certain exchanges of information between field EMS practitioners, hospital personnel, state EMS offices, and the National EMS Database. Requires the Secretary to establish guidelines for the exchange of information between field EMS practitioners and hospital personnel.

Authorizes the Director of the Office to make grants for the development, availability, and dissemination of field EMS education programs and courses that improve the quality and capability of field EMS personnel.

Requires the Director to conduct or support demonstrations projects relating to alternative dispositions of field EMS patients.

Amends title XI (General Provisions, Peer Review, and Administrative Simplification) of the Social Security Act to include field EMS as a model for testing by the Center for Medicare and Medicaid Innovation.

Amends the Public Health Service Act to require the Secretary to conduct research and evaluation relating to field EMS through the Agency for Healthcare Research and Quality (AHRQ) and the Center for Medicare and Medicaid Innovation.

Requires the Director of AHRQ to establish a Field EMS Evidence-Based Practice Center.

Amends the Internal Revenue Code to: (1) establish the Emergency Medical Services Trust Fund, and (2) allow taxpayers to designate a portion of any income tax overpayment and make additional contributions to finance such Fund.",,,"The bill focuses on improving emergency medical services and trauma care, primarily involving government agency roles and funding, without addressing private employer misconduct or obligations."
s708-109,109,2005-04-05,"A bill to amend title XVIII of the Social Security Act to provide medicare beneficiaries with access to information concerning the quality of care provided by skilled nursing facilities and to provide incentives to skilled nursing facilities to improve the quality of care provided by those facilities by linking the amount of payment under the medicare program to quality reporting and performance requirements, and for other purposes.",Long Term Care Quality and Consumer Information Improvement Act of 2005,Health,Congressional reporting requirements|Consumer education|Government paperwork|Long-term care|Medical personnel|Medical statistics|Medicare|Nurses|Nursing|Nursing homes|Performance measurement|Quality of care,1,Wage Hour & Benefits,enforcement,"The bill links Medicare payments to skilled nursing facility quality reporting and performance requirements, which directly affects the standards of care and conduct expected of these facilities, and thus relates to employer conduct.","Long Term Care Quality and Consumer Information Improvement Act of 2005 - Amends title XVIII (Medicare) of the Social Security Act to direct the Secretary of Health and Human Services to establish between ten and 15 additional quality measures applicable to skilled nursing facilities, including a risk adjustment methodology reflecting differences in care, not differences in resident population characteristics.",,,"The bill addresses Medicare payment adjustments and quality reporting for skilled nursing facilities, which are government reimbursement issues, not private employer wage or benefit obligations."
hr1106-112,112,2011-03-15,"To establish the Social Work Reinvestment Commission to provide independent counsel to Congress and the Secretary of Health and Human Services on policy issues associated with recruitment, retention, research, and reinvestment in the profession of social work, and for other purposes.","Dorothy I. Height and Whitney M. Young, Jr. Social Work Reinvestment Act",Social Welfare,"Advisory bodies|Congressional oversight|Department of Health and Human Services|Education programs funding|Executive agency funding and structure|Government information and archives|Government studies and investigations|Higher education|Licensing and registrations|Policy sciences|Public contracts and procurement|Research administration and funding|Social work, volunteer service, charitable organizations|Student aid and college costs|Wages and earnings|Worker safety and health",1,Wage Hour & Benefits,enforcement,"The bill addresses fair market compensation, caseloads, and social work safety, which directly relate to wage and hour issues and working conditions for non-governmental employers of social workers.","Dorothy I. Height and Whitney M. Young, Jr. Social Work Reinvestment Act - Directs the Secretary of Health and Human Services (HHS) to establish the Social Work Reinvestment Commission to provide independent counsel to Congress on policy issues associated with the recruitment for, and retention, research, and reinvestment in, the profession of social work. Directs the Commission to study and report to Congress on issues facing the social work profession, including: (1) fair market compensation, high social work educational debt, social work workforce trends, translating social work research to practice, and social work safety; and (2) state-level social work licensure policies and reciprocity agreements for providing services across state lines. Requires such study to assess the professional capacity of the social work workforce to serve and respond successfully to the increasing biopsychosocial needs of individuals, groups, and communities in certain areas, including aging and child welfare. Terminates the Commission 30 days after it submits such report within 18 months of its first meeting. Authorizes the Secretary to award: (1) workplace improvement grants to eligible entities and individuals to address workplace concerns for the social work profession, including caseloads, compensation, social work safety, supervision, and working conditions; and (2) research grants, education and training grants, and community-based programs of excellence grants. Directs the Secretary to: (1) contract with a national social work entity to serve as a coordinating center and clearinghouse for information on activities funded under the grants, and (2) develop a multi-media outreach campaign and issue public service announcements that advertise and promote the social work profession.",,,"The bill focuses on establishing a commission to study and improve the social work profession, including compensation and working conditions, but does not directly regulate or enforce corporate misconduct related to private employers."
s1193-115,115,2017-05-22,"A bill to amend the Internal Revenue Code of 1986 to provide a credit for employer-provided job training, and for other purposes.",Better Education and Skills Training for America's Workforce Act,Taxation,Business investment and capital|Employment and training programs|Higher education|Income tax credits|Student aid and college costs,1,Wage Hour & Benefits,tax_credit_introduction,"The bill introduces tax credits for employer-provided job training, which relates to private employer investment in employee skills and potentially impacts wage and benefit considerations.","Better Education and Skills Training for America's Workforce Act

This bill amends the Internal Revenue Code to allow tax credits for: (1) qualified training expenses paid with respect to U.S.-based positions for job trainees who have been unemployed for at least 90 days before enrolling in a training program and have not been employed by the taxpayer during the two-year period before the trainee was hired, and (2) investment in a qualified job training partnership between a private business and an institution of higher education or a labor organization.

The bill defines ""qualified training expenses"" as an eligible trainee's qualified tuition costs, which may include costs for books and enrollment in a training program at an institution of higher education that may include a single course, multiple courses, or a combination of work training and study and that is reasonably necessary for employment with the taxpayer. It terminates the credit for qualified training expenses of job trainees after December 31, 2028.

The bill also: (1) requires the Department of the Treasury to establish a Qualified Job Training Partnership program to consider and award certifications for qualified investments eligible for credits to qualified job training partnerships, and (2) authorizes Treasury to make grants to individuals who make an investment in a qualified job training partnership, in lieu of a tax credit.",,,"The bill provides tax credits for employer-provided job training, which does not directly relate to any specific category of corporate misconduct enforcement."
hr2064-112,112,2011-05-31,To amend the Illegal Immigration Reform and Immigrant Responsibility Act of 1996 to allow employers to verify the identity and employment eligibility of an employee from the time of application for employment.,,Immigration,Border security and unlawful immigration|Foreign labor|Government information and archives,1,Wage Hour & Benefits,enforcement,"The bill relates to the verification of employment eligibility, which is directly tied to employer obligations under wage and hour laws and potential penalties for employing unauthorized workers.",Amends the Illegal Immigration Reform and Immigrant Responsibility Act of 1996 to allow employers to use the employment eligibility confirmation system to verify the identity and employment eligibility of an employee from the time of application for employment.,3,enforcement,"The bill relates to employer use of employment eligibility verification systems, impacting labor relations by addressing potential misuse of visa programs and employment eligibility verification."
hr2432-108,108,2003-06-11,"To amend the Paperwork Reduction Act and titles 5 and 31, United States Code, to reform Federal paperwork and regulatory processes.",Paperwork and Regulatory Improvements Act of 2004,Government Operations and Politics,Accounting|Administrative procedure|Agricultural conservation|Agricultural credit|Agricultural subsidies|Apples|Broadband|Commodity Credit Corporation|Congressional investigations|Congressional reporting requirements|Cost effectiveness|Department of Agriculture|Department of Health and Human Services|Department of Labor|Department of Transportation|Disaster relief|Economic impact statements|Environmental Protection Agency|Federal budget process|Federal budgets|Government and business|Government paperwork|Government regulation|Governmental investigations|Income tax|Legislation|Marketing of farm produce|Regulatory impact statements|Small business|Tax returns,1;24,Wage Hour & Benefits;Government Reporting & Compliance,enforcement,"The bill aims to reduce the paperwork burden on small businesses related to federal regulations, which could include regulations related to wage and hour laws and reporting requirements, and also addresses illegal corporate campaign contributions and failure to disclose political advertising.","Paperwork and Regulatory Improvements Act of 2004 - (Sec. 3) Amends the Paperwork Reduction Act to: (1) require the Director of the Office of Management and Budget (OMB), in consultation with the Internal Revenue Service (IRS) and the Office of Tax Policy of the Department of the Treasury and the Office of Advocacy of the Small Business Administration, in minimizing the Federal information collection burden, to conduct a review of the collections of information by the IRS to identify actions that it can take to reduce the information collection burden imposed on small business concerns, consistent with current Federal law requiring the task force on information collection and dissemination to examine the feasibility of requiring Federal agencies to consolidate requirements regarding collections of information with respect to small business concerns within and across such agencies; and (2) include the results of such review in the annual report submitted to Congress for FY 2006 on the major activities respecting Federal information policy. (Sec. 4) Amends the Farm Security and Rural Investment Act of 2002 to repeal specified exemptions from Paperwork Reduction Act requirements and certain other rulemaking requirements. Makes the repeal of such exemptions effective 180 days after the enactment of this Act. (Sec. 5) Amends the Truth in Regulating Act of 2000 to make permanent the authority of a chairman or ranking member of a congressional committee to request the Comptroller General to perform a regulatory analysis of an economically significant rule upon agency publication. (Sec. 6) Amends the Treasury and General Government Appropriations Act, 2001 to instruct the Director of OMB, in carrying out requirements for the accounting statement and associated report submitted to Congress with the Federal budget submitted to the President, to require each agency annually to submit to OMB an estimate of the total annual costs and benefits of Federal rules and paperwork to the extent feasible for the agency and each agency program. Requires the Director, after consultation with the head of each agency, to designate at least three agencies (or offices within an agency) to participate in a study on regulatory budgeting for FY 2006 and 2007, including three regulatory agencies or offices from among the Department of Labor, the Department of Transportation, the Department of Health and Human Services, and the Environmental Protection Agency. Requires such study to address the preparation of regulatory budgets and such budgets to include the presentation of the varying estimated levels of benefits that would be associated with the different estimated levels of costs with respect to the regulatory alternatives under consideration by the agency (or office within the agency). Includes in the accounting statement and associated report submitted to Congress for calendar year 2006 a presentation of the different levels of estimated regulatory benefits and costs with respect to the regulatory alternatives under consideration for at least one of the major regulatory programs of each of the designated agencies. Requires the Director, after consultation with the Committees on the Budget and on Government Reform of the House of Representatives and the Committees on the Budget and on Governmental Affairs of the Senate, to include in such statement and report submitted to Congress for calendar year 2009 a report on the study which: (1) assesses the feasibility and advisability of including a regulatory budget as part of the Federal budget submitted to the President; (2) describes any difficulties encountered by OMB and the participating agencies in conducting such study; and (3) recommends, to the extent the President considers necessary or expedient, proposed legislation regarding regulatory budgets. Requires such report to also be submitted directly to such congressional committees.",,,"The bill focuses on reforming federal paperwork and regulatory processes, which does not directly relate to any specific category of corporate misconduct enforcement."
hr3382-112,112,2011-11-04,To prohibit smoking in and around Federal buildings.,Smoke-Free Federal Buildings Act,Government Operations and Politics,"Drug, alcohol, tobacco use|Government buildings, facilities, and property|Government employee pay, benefits, personnel management|Worker safety and health",1;4,Wage Hour & Benefits;Workplace Safety,enforcement,"The bill prohibits smoking in federal buildings, which impacts worker safety and health within the workplace and could be considered a regulation of working conditions for private contractors working in those buildings.","Smoke-Free Federal Buildings Act - Prohibits smoking in federal buildings. Allows the head of an executive agency to grant an exception to such prohibition if such exception relates to research that may benefit public health. Defines ""federal building"" to mean any building, workplace, or other structure, and 25 feet from the perimeter of such building, courtyard, areas used for children's playgrounds, or structure owned, leased, or leased for use by an executive agency. Excludes any building or other structure on a military installation located outside the United States.",,,"The bill prohibits smoking in federal buildings, which is a government operations issue and does not involve private employer conduct or corporate misconduct."
hr803-112,112,2011-02-18,"To amend title 38, United States Code, to increase vocational rehabilitation and employment assistance, and for other purposes.",Equity for Injured Veterans Act of 2011,Armed Forces and National Security,"Child care and development|Disability assistance|Veterans' education, employment, rehabilitation|Veterans' pensions and compensation",1,Wage Hour & Benefits,enforcement,"The bill extends eligibility for and increases benefits related to VA vocational rehabilitation programs for veterans with service-connected disabilities, which directly affects the assistance provided to veterans and relates to employment and potential re-entry into the workforce, and increases subsistence allowances for training.","Equity for Injured Veterans Act of 2011 - Extends the period of eligibility for training and rehabilitation through the Department of Veterans Affairs (VA) for veterans with service-connected disabilities until the end of the 15 (under current law, 12) year period after the veteran's discharge from active-duty service. Allows a service-disabled veteran a subsistence allowance for six (under current law, two) months of full-time employment training following completion of a vocational rehabilitation program. Allows such a veteran who has unused VA educational assistance entitlement to use such assistance to pursue a program of education as part of a vocational rehabilitation program, as long as the Secretary of Veterans Affairs approves the educational, professional, or vocational objective chosen by the veteran. Directs the Secretary to provide reimbursement for the actual cost of child care provided by a licensed provider to a veteran who is participating in a vocational rehabilitation program, is the sole caretaker of a child, and would not otherwise be able to afford such care. Requires the Secretary to include in annual budget materials submitted to Congress information on veterans receiving vocational rehabilitation assistance who: (1) became employed, and (2) achieved independence in daily living.",,,"The bill addresses vocational rehabilitation and employment assistance for veterans, which involves government programs and benefits, not private employer obligations or misconduct."
hr4883-113,113,2014-06-17,"To provide for the establishment of a National Rare-Earth Refinery Cooperative, and for other purposes.",National Rare-Earth Cooperative Act of 2014,Energy,"Alliances|Energy storage, supplies, demand|Federally chartered organizations|Manufacturing|Marketing and advertising|Metals|Military procurement, research, weapons development|Mining|Strategic materials and reserves|Technology transfer and commercialization",1;3;15,Wage Hour & Benefits;Labor Relations;Competition-related Offenses,enforcement,"The bill mandates the use of U.S. or NATO-sourced rare earth materials in weapon systems, effectively restricting the supply chain and impacting employer sourcing practices, and relates to labor practices in mining and manufacturing.","National Rare Earth Cooperative Act of 2014 - Establishes the Thorium-Bearing Rare Earth Refinery Cooperative as a federal charter to provide for the domestic processing of thorium-bearing rare earth concentrates as residual unprocessed and unrefined ores.

Requires the Cooperative's Board to establish a refinery and a Thorium Storage, Energy, and Industrial Products Corporation to develop uses and markets for thorium, including energy.

Directs the Secretary of Defense (DOD) to coordinate with other federal agencies to advance and protect domestic rare earth mining, the refining of rare earth elements, basic rare earth metals production, and the development and commercialization of thorium.

Mandates, beginning in January 2020, all purchased or procured weapon systems to contain only U.S. or North Atlantic Treaty Organization (NATO) member nation produced and sourced rare earth materials, metals, magnets, parts, and components. Prohibits the inclusion of any rare earth materials that originate or pass through a non-NATO member nation. Bars any waivers from being granted unless the lead contractor can demonstrate that it has pursued all possible corrective actions, including direct investment into the supply chain.",,,"The bill focuses on establishing a cooperative for rare earth refining and mandates sourcing requirements for military procurement, which does not relate to corporate misconduct enforcement categories."
hr821-113,113,2013-02-26,"To amend the Servicemembers Civil Relief Act to provide surviving spouses with certain protections relating to mortgages and mortgage foreclosures, and for other purposes.",,Armed Forces and National Security,"Consumer affairs|Housing finance and home ownership|Interest, dividends, interest rates|Military personnel and dependents",1,Wage Hour & Benefits,enforcement,"The bill extends protections against mortgage foreclosure to surviving spouses of servicemembers, which directly relates to private financial institutions and their obligations regarding servicemembers' debts, and thus falls under the scope of regulating private employer conduct related to wage/benefit issues.","Amends the Servicemembers Civil Relief Act to extend the protections against sale, foreclosure, and seizure of certain real or personal property that are applicable to servicemembers to their surviving spouses who are successors in interest to the property. Applies such protections with respect to service-connected deaths for a period of five years after enactment of this Act.

Requires each lending institution subject to specified requirements for a maximum 6% rate of interest on a servicemember's debts incurred before military service to designate one of its employees as a compliance officer responsible for: (1) ensuring the institution's compliance with such requirements, and (2) distributing information to servicemembers whose obligations and liabilities are covered by such requirements.

Requires such a lending institution that had annual assets for the preceding fiscal year of $10 billion or more to maintain a toll-free telephone number and make it available on its primary Internet website.

 Amends the Honoring America's Veterans and Caring for Camp Lejeune Families Act of 2012 to extend through 2017 the period of specified protections for servicemembers against mortgage foreclosures.",,,"The bill primarily addresses protections for servicemembers and their surviving spouses regarding mortgage foreclosures, which does not involve corporate misconduct or enforcement against non-governmental employers."
hr793-114,114,2015-02-05,"To amend title XVIII of the Social Security Act to ensure equal access of Medicare beneficiaries to community pharmacies in underserved areas as network pharmacies under Medicare prescription drug coverage, and for other purposes.",Ensuring Seniors Access to Local Pharmacies Act of 2015,Health,Health care costs and insurance|Medicare|Prescription drugs|Retail and wholesale trades,1,Wage Hour & Benefits,enforcement,"The bill aims to ensure equal access of Medicare beneficiaries to community pharmacies, which indirectly relates to the obligations of pharmacies (non-governmental employers) regarding prescription drug coverage and network participation.","Ensuring Seniors Access to Local Pharmacies Act of 2015 

 Amends part D (Voluntary Prescription Drug Benefit Program) of title XVIII (Medicare) of the Social Security Act to direct any prescription drug plan that has in its network one or more pharmacies located in a health professional shortage area, in a medically underserved area, or among a medically underserved population, and that provides a reduction in coinsurance or copayments for covered part D drugs, to extend to any pharmacy located in that area, or among that population, the option to be an in-network pharmacy under terms and conditions comparable to those the plan has agreed upon with other in-network pharmacies located in the area or among that population.",,,"The bill addresses Medicare prescription drug coverage and access to pharmacies, which does not involve private employer misconduct or obligations."
hr2380-111,111,2009-05-13,To amend the Internal Revenue Code of 1986 to reduce social security payroll taxes and to reduce the reliance of the United States economy on carbon-based energy sources.,"Raise Wages, Cut Carbon Act of 2009",Taxation,Coal|Employment taxes|Government trust funds|Inflation and prices|Legislative rules and procedure|Medicare|Oil and gas|Pollution liability|Sales and excise taxes|Social security and elderly assistance,1,Wage Hour & Benefits,tax_credit_introduction,"The bill reduces social security payroll taxes, which directly relates to private employer wage obligations, and does so by offsetting the cost with revenues from a carbon tax, effectively incentivizing a shift away from carbon-based energy sources and indirectly impacting employer costs.","Raise Wages, Cut Carbon Act of 2009 - Amends the Internal Revenue Code to impose an environmental tax on: (1) any taxable carbon substance (i.e., coal, including lignite and peat, petroleum and any petroleum product, and natural gas that is extracted, manufactured, or produced in, or imported into, the United States); and (2) imported taxable products that account for a specified level of carbon substances used in the United States. Sets the amount of the tax at $15.00 per ton in 2010, and increases and adjusts for inflation such amount each year until the tax is $100 in 2040 and in subsequent years. Provides for a reduction in social security taxes by an amount determined by the Secretary of the Treasury to reflect the amount of revenues generated by the taxes imposed by this Act. Appropriates net revenues from such taxes to the social security trust funds. Requires a two-thirds vote of the House of Representatives or the Senate to increase the amount of the tax on taxable carbon substance or imported products beyond the amount required to compensate for the aggregate reduction in revenues resulting from the lower rates of social security taxes provided by this Act (i.e., revenue neutrality).",,,"The bill primarily addresses taxation related to carbon emissions and social security payroll taxes, without directly regulating or enforcing corporate misconduct related to the Violation Tracker categories."
hr4822-106,106,2000-07-11,"To amend the Housing and Community Development Act of 1974 and the Federal Home Loan Bank Act to increase capital available to communities for community and economic development projects, and for other purposes.",American Communities Investment Act of 1999,Finance and Financial Sector,Administrative procedure|Bank capital|Bank loans|Community development banking|Community development corporations|Congressional investigations|Congressional reporting requirements|Enterprise zones|Federal Home Loan Bank Board|Federal advisory bodies|Federal aid to community development|Federal home loan banks|Federally-assisted loans|Federally-guaranteed loans|Government corporations|Government lending|Government securities|Housing authorities|Housing finance|Infrastructure|Interest|Low-income housing|Moderate income housing|Mortgage banks|Mortgages|Poor|Resolution Funding Corporation|Urban affairs,1;15,Wage Hour & Benefits;Competition-related Offenses,enforcement,"The bill aims to increase capital available for community and economic development projects, which could indirectly affect employer conduct related to housing finance and lending practices, and it includes provisions related to community lending by banks, potentially impacting responsible lending standards.",American Communities Investment Act of 1999 - Amends the Housing and Community Development Act of 1974 to revise requirements for the maximum amount of outstanding loan guarantees for a single issuer in connection with community development. Mandates participation of the major stakeholders in the community in which activities funded with guaranteed obligations will be implemented.Amends the Federal Home Loan Bank Act to set forth parameters within which: (1) Federal home loan banks may make advances to a nonmember mortgagee for community lending purposes; and (2) each Federal home loan bank shall establish a Community Lending Fund to facilitate community lending by its members and nonmember mortgagees.,,,"The bill focuses on increasing capital for community and economic development projects through amendments to housing and banking laws, without addressing corporate misconduct or enforcement actions."
s3539-112,112,2012-09-13,A bill to encourage the adoption and use of certified electronic health record technology by safety net providers and clinics.,Medicaid Information Technology to Enhance Community Health Act of 2012,Health,"Administrative law and regulatory procedures|Department of Health and Human Services|Health facilities and institutions|Health information and medical records|Health personnel|Health technology, devices, supplies|Medicaid",1,Wage Hour & Benefits,tax_credit_introduction,"The bill incentivizes the adoption and use of certified electronic health record technology by safety net providers and clinics, which relates to employer conduct regarding employee benefits and potentially impacts the efficiency of wage and benefit administration.","Medicaid Information Technology to Enhance Community Health Act of 2012 or MITECH Act - Amends title XIX (Medicaid) of the Social Security Act to extend payments to encourage the adoption and use of certified electronic health record (EHR) technology to qualified safety net clinics (QSNCs). Defines a QSNC as a clinic or network of clinics operated by a private non-profit or public entity at least 30% percent of whose patient volume is attributable to needy individuals. Defines a ""QSNC-based"" individual as one who furnishes substantially all of his or her professional services in a QSNC and through use of the clinic's facilities and equipment, including qualified EHRs. Directs the Secretary of Health and Human Services (HHS) to establish a procedure through which a QSNC may demonstrate meaningful use of certified EHR technology in order to receive incentive payments.",,,"The bill focuses on incentivizing the adoption of electronic health records by safety net providers and clinics, which does not involve private employer wage or benefit obligations or corporate misconduct."
s524-110,110,2007-02-07,"A bill to provide emergency agricultural disaster assistance for agricultural producers, manufacturers, and workers in the State of California.",Emergency Farm Assistance Act of 2007,Agriculture and Food,Administrative procedure|Agricultural labor|Agricultural subsidies|California|Citrus fruits|Crop insurance|Dairy industry|Department of Agriculture|Disaster relief|Emergency housing|Federal budgets|Floods|Food relief|Forestry|Fruit|Grants-in-aid|Horticulture|Housing subsidies|Livestock|Losses|Migrant labor|Mortgages|Nuts|Off-budget expenditures|Rental housing|Seasonal labor|Small business|Trees|Unemployment|Unemployment insurance|Vegetables|Weather,1;22,Wage Hour & Benefits;Government Contracting,enforcement,"The bill provides disaster assistance to agricultural producers and workers, including unemployment assistance and temporary mortgage rental assistance to agricultural workers, which relates to wage and hour issues and potential False Claims Act violations related to disaster relief funding.","Emergency Farm Assistance Act of 2007 - Directs the Secretary of Agriculture (Secretary) to provide assistance: (1) to producers of specialty crops in disaster counties that suffered losses in 2005 or 2006; (2) to citrus producers in disaster counties that suffered losses in 2007; (3) to producers of other specialty crops in disaster counties that suffered losses in 2007; (4) to dairy producers in disaster counties that suffered losses in 2006; and (5) for livestock indemnity payments to producers in disaster counties that incurred losses in 2006 or 2007, or both. Directs the Secretary to make grants to California for an expedited disaster assistance program to qualified small businesses that suffered losses during the 2005, 2006, or 2007 crop year as a result of weather-related agricultural losses to the California specialty crop or livestock production sectors. Directs the Secretary to provide assistance to tree or fruit and tree nut producers in disaster counties that suffered losses in 2005, 2006, or 2007, or any combination of such years. Defines ""tree"" to include: (1) a tree (including a Christmas tree, ornamental tree, nursery tree, and potted tree); (2) a bush (including a shrub, nursery shrub, nursery bush, ornamental bush, ornamental shrub, potted bush, and potted shrub); and (3) a vine (including a nursery vine and ornamental vine). Directs the Secretary of Homeland Security to provide unemployment assistance and temporary mortgage rental assistance to California agricultural workers (including low-income migrant and seasonal farmworkers) who are unemployed due to disasters in 2007. Directs the Secretary to provide: (1) food coupons and surplus commodities to such workers; and (2) emergency grants for California low-income migrant and seasonal farmworkers who are unemployed due to disasters in 2007.",,,"The bill provides disaster assistance and relief to agricultural producers and workers in California, focusing on government aid rather than regulating private employer conduct or addressing corporate misconduct."
hr1354-110,110,2007-03-06,"To amend titles 10 and 38, United States Code, to improve benefits and services for members of the Armed Forces, veterans of the Global War on Terrorism, and other veterans, to require reports on the effects of the Global War on Terrorism, and for other purposes.",Lane Evans Veterans Health and Benefits Improvement Act of 2007,Armed Forces and National Security,"Afghanistan|Anthrax|Armed forces reserves|Brain|Cemeteries and funerals|Commemorations|Congress and military policy|Congressional reporting requirements|Counseling|Disabled|Drugs|Electronic government information|Family services|Federal employees|Flags|Government life insurance|Government publicity|Head injuries|Health counseling|Higher education|Hospital care|Housing for the disabled|Iraq|Iraq compilation|Marriage counseling|Medical screening|Mental health services|Middle East and North Africa|Military discharges|Military medals, decorations, etc.|Military operations|Mortgages|National Guard|Nursing homes|Physical examinations|Post-traumatic stress disorder|Recruiting and enlistment|Right of privacy|Small business|South Asia|Survivors' benefits|Terrorism|Vaccines|Veterans' disability compensation|Veterans' education|Veterans' employment|Veterans' loans|Veterans' pensions|Veterans' rehabilitation|Vocational rehabilitation|War casualties",1,Wage Hour & Benefits,enforcement,"The bill expands eligibility for mental health evaluations and care for veterans, which indirectly relates to employer obligations to accommodate veterans' disabilities and provide benefits, and requires post-deployment screenings which could uncover issues related to workplace safety and health.","Lane Evans Veterans Health and Benefits Improvement Act of 2007 - Makes a veteran who served on active duty during a period of war eligible for a mental health evaluation and hospital care, medical services, nursing home care, and family and marital counseling for any identified mental health condition, notwithstanding insufficient medical evidence to conclude that the condition is attributable to such service. Requires: (1) post-deployment medical and mental health screenings to be conducted within 30 days after a deployment; (2) each member, upon discharge, to be provided an electronic copy of all military records of such member; and (3) the Secretary of Defense to ensure appropriate outreach to members of the National Guard and reserves concerning benefits and services available upon discharge or deactivation. Directs the Secretary of Veterans Affairs to establish and maintain a Global War on Terrorism Veterans Information System. Requires quarterly reports from the Secretaries of Veterans Affairs, Labor, and Defense on the effects on veterans and on each such department of participation in the Global War on Terrorism.",,,"The bill focuses on improving benefits and services for veterans and military personnel, which does not involve private employer misconduct or obligations."
s1204-107,107,2001-07-19,A bill to amend title XVIII of the Social Security Act to provide adequate coverage for immunosuppressive drugs furnished to beneficiaries under the medicare program that have received an organ transplant.,Comprehensive Immunosuppressive Drug Coverage for Transplant Patients Act of 2001,Health,"Coinsurance|Employee health benefits|Health insurance|Hospital care|Immunosuppressive drugs|Insurance premiums|Kidney diseases|Medicare|Transplantation of organs, tissues, etc.",1,Wage Hour & Benefits,enforcement,"The bill expands Medicare coverage for immunosuppressive drugs for transplant recipients, directly regulating the health insurance obligations of private employers offering group health plans and impacting their benefit provisions.","Comprehensive Immunosuppressive Drug Coverage for Transplant Patients Act of 2001 - Amends title XVIII (Medicare) of the Social Security Act (SSA), as amended by the Medicare, Medicaid, and SCHIP Benefits Improvement and Protection Act of 2000, to remove time limitations on the coverage of immunosuppressive drugs for individuals who have received organ transplants. (Current law provides coverage for such drugs only for certain time periods after the transplant procedure.)Amends SSA title II (Old Age, Survivors and Disability Insurance) (OASDI) to: (1) continue entitlement to prescription drugs used in immunosuppressive therapy furnished to an individual who receives a kidney or other organ transplant for which payment is made under Medicare; and (2) extend Medicare secondary payer requirements for end stage renal disease beneficiaries.Amends the Public Health Service Act, the Employee Retirement Income Security Act of 1974 (ERISA), and the Internal Revenue Code to set forth requirements for group health plans to provide coverage of immunosuppressive drugs.",,,"The bill addresses Medicare coverage for immunosuppressive drugs for transplant patients, which involves government benefit programs rather than private employer obligations or misconduct."
s2625-114,114,2016-03-03,A bill to protect our servicemembers' children from convicted pedophiles and other felons infiltrating the classroom.,Protecting Our Servicemembers' Children from Sexual and Violent Predators Act,Education,Assault and harassment offenses|Child safety and welfare|Crimes against children|Criminal justice information and records|Domestic violence and child abuse|Elementary and secondary education|Employee hiring|Military personnel and dependents|Personnel records|Pornography|Sex offenses|User charges and fees|Violent crime,1;2,Wage Hour & Benefits;Employment Discrimination,enforcement,"The bill mandates criminal background checks for school employees and prohibits the employment of individuals convicted of certain crimes, directly regulating the hiring practices of non-governmental employers and relating to potential discrimination and wage/hour issues if background checks are used improperly or result in unfair dismissal.","Protecting Our Servicemembers' Children from Sexual and Violent Predators Act

This bill requires each Department of Defense domestic dependent elementary and secondary school and each local educational agency (LEA) that receives, under the Elementary and Secondary Education Act of 1965, specified funds for children with a parent on active duty in the uniformed services to:

 require, for each employee of the LEA or school, a criminal background check that includes a search of specified registries and repositories; prohibit the employment of an individual who refuses to consent to, or who makes a false statement in connection with, a background check or who has been convicted of one of specified crimes; require background checks to be periodically repeated or updated in accordance with established policies; provide an employee with a timely process to appeal the results of a background check; and allow the LEA or school to share the results of a school employee's recent background check with another LEA that is considering that individual for employment.",,,"The bill focuses on criminal background checks for school employees to protect children, which does not involve corporate misconduct or private employer obligations."
hr4966-112,112,2012-04-27,To amend the Balanced Budget and Emergency Deficit Control Act of 1985 to replace the sequester established by the Budget Control Act of 2011.,Sequester Replacement Act of 2012,Economics and Public Finance,"Appropriations|Budget deficits and national debt|Budget process|Defense spending|Veterans' education, employment, rehabilitation|Veterans' loans, housing, homeless programs|Veterans' medical care|Veterans' pensions and compensation",1,Wage Hour & Benefits,,"The bill relates to veterans' medical care, pensions, and compensation, which are government benefits and do not involve regulating private employer conduct.","Sequester Replacement Act of 2012 - Amends the Balanced Budget and Emergency Deficit Control Act of 1985 (Gramm-Rudman-Hollings Act) to remove veterans medical care from the accounts subject to a sequester. Abolishes the distinction between security and nonsecurity categories of discretionary spending for new budget authority in FY2013. Combines the dollar amounts of the current categories ($686 billion for the security category and $361 billion for the nonsecurity category) into a single amount of $1.047 trillion in new budget authority. Revises sequestration requirements for FY2013 to require a $19.104 billion across-the-board decrease in the discretionary spending category as of January 2, 2013. Directs the Office of Management and Budget (OMB) to issue a supplemental sequestration report for FY2013 to eliminate any discretionary spending breach of the $1.047 trillion spending limit, as adjusted by the $19.104 billion across-the-board reduction requirement of this Act. Directs the President to order a sequestration, if any, as required by such report. Amends the Congressional Budget Act of 1974 to authorize the chair of the Committee on the Budget of the House of Representatives or the Senate to make adjustments to any legislative measure to conform to the discretionary spending limits of this Act. Nullifies any sequestration order the President may issue under the Gramm-Rudman-Hollings Act to carry out reductions to direct spending for the FY2013 defense function (050).",,,"The bill addresses budgetary and sequestration adjustments related to government spending, not private employer conduct or corporate misconduct."
hr372-116,116,2019-01-09,"To amend the Omnibus Crime Control and Safe Streets Act of 1968 to provide for the eligibility of Transportation Security Administration employees to receive public safety officers' death benefits, and for other purposes.",Honoring Our Fallen TSA Officers Act,Transportation and Public Works,"Department of Homeland Security|Government employee pay, benefits, personnel management|Law enforcement officers|Transportation safety and security",1,Wage Hour & Benefits,,"The bill relates to benefits paid to government employees (TSA), not to regulating the conduct of non-governmental employers regarding wages, benefits, or other misconduct.","Honoring Our Fallen TSA Officers Act

This bill extends public safety officers' death benefits to Transportation Security Administration employees performing official duties related to protecting the nation's transportation systems.",,,"The bill extends death benefits to TSA employees, which involves government employee benefits and does not relate to private employer misconduct or obligations."
hr4201-109,109,2005-11-02,"To amend title 5, United States Code, to increase the amount of additional compensation payable to an employee who is disabled and requires the services of an attendant, and for other purposes.",Joseph E. Keane Federal Employees Freedom Act,Government Operations and Politics,Caregivers|Cost of living adjustments|Disabled|Federal employees|Workers' compensation,1,Wage Hour & Benefits,enforcement,"The bill increases compensation for disabled federal employees requiring attendant services, which relates to benefits provided to employees and could be considered an adjustment to wage/benefit obligations, although it pertains to federal employees and not non-governmental employers.",Joseph E. Keane Federal Employees Freedom Act - Increases the amount of additional compensation payable to an employee who is disabled and requires the services of an attendant.,,,"The bill addresses compensation for federal employees, which does not involve private employer wage or benefit obligations."
s3602-112,112,2012-09-20,A bill to repeal the nutrition entitlement programs and establish a food stamp block grant program.,Food Stamp Restoration Act of 2012,Agriculture and Food,"Budget deficits and national debt|Citizenship and naturalization|Congressional oversight|Drug, alcohol, tobacco use|Employment and training programs|Food assistance and relief|Government information and archives|State and local government operations",1,Wage Hour & Benefits,enforcement,"The bill establishes a food stamp block grant program with work requirements and mandatory drug testing for recipients, which indirectly affects employer conduct related to employment and potential benefits eligibility.","Food Stamp Restoration Act of 2012 - Directs the Secretary of Agriculture (USDA), for each of FY2014-FY2021, to establish a food stamp block grant program under which the Secretary shall make annual grants to each participating state that establishes a food stamp program and submits a specified annual report to the Secretary. Requires a participating state to certify that its program includes: (1) work requirements; (2) mandatory drug testing; (3) verification of citizenship or lawful U.S. permanent residency; and (4) limitations on the eligible uses of benefits that are at least as restrictive as those in place for the supplemental nutrition assistance program (SNAP, formerly the food stamp program). Provides a grant to a participating state in an amount equal to the product of: (1) the specified amount made available for the applicable fiscal year, and (2) the proportion that the number of legal residents in the state whose income does not exceed 100% of the poverty line (applicable to a family of the size involved) bears to the number of such individuals in all participating states for the applicable fiscal year. Requires an annual Government Accountability Office (GAO) audit and report to Congress regarding the effectiveness of the nutritional assistance block grant program and the manner in which each participating state is implementing the program. Permits a participating state to use the grant in any appropriate manner to provide food stamps to its legal residents. Authorizes funds to remain available to a state for five years and requires any funds remaining unused after five years to be deposited in the Treasury.) Repeals: (1) the Food and Nutrition Act of 2008, effective September 30, 2013; and (2) specified mandatory and direct funding provisions.",,,"The bill addresses the restructuring of food assistance programs, which does not involve private employer misconduct or obligations."
hr5620-114,114,2016-07-05,"To amend title 38, United States Code, to provide for the removal or demotion of employees of the Department of Veterans Affairs based on performance or misconduct, and for other purposes.",VA Accountability First and Appeals Modernization Act of 2016,Armed Forces and National Security,"Administrative remedies|Congressional oversight|Congressional tributes|Department of Veterans Affairs|Disability and paralysis|Drug trafficking and controlled substances|Drug, alcohol, tobacco use|Emergency medical services and trauma care|Employee hiring|Employee performance|Employment discrimination and employee rights|Evidence and witnesses|Executive agency funding and structure|Federal officials|Government employee pay, benefits, personnel management|Government ethics and transparency, public corruption|Government information and archives|Government studies and investigations|Health care coverage and access|Health care quality|Health facilities and institutions|Health information and medical records|Health personnel|Health technology, devices, supplies|Hearing, speech, and vision care|Hospital care|Medical education|Medical research|Medical tests and diagnostic methods|Merit Systems Protection Board|Military medicine|Military personnel and dependents|National Guard and reserves|Pedestrians and bicycling|Performance measurement|Prescription drugs|Public contracts and procurement|Transportation costs|Veterans' education, employment, rehabilitation|Veterans' medical care|Veterans' organizations and recognition|Veterans' pensions and compensation|Women's health",1;22,Wage Hour & Benefits;Government Contracting,enforcement,"The bill focuses on removing or demoting VA employees based on performance or misconduct, and establishes expedited appeals processes, directly relating to government employee performance and potential fraud/misconduct within the VA, which, while not a private employer, involves accountability measures for individuals handling federal programs and funds.","VA Accountability First and Appeals Modernization Act of 2016

This bill authorizes the Department of Veterans Affairs (VA) to remove or demote a VA employee based on performance or misconduct and provides that specified federal employee performance appraisal provisions shall not apply to such removals or demotions. The VA may remove such individual from the civil service or demote the individual through a reduction in grade or annual pay rate.

 A demoted individual shall not be placed on administrative leave or any other category of paid leave during the appeals period and can receive pay only if he or she reports for duty.

 An expedited appeals process is established under which: (1) an employee shall have the right to an appeal before the Merit Systems Protection Board (MSPB) within seven days of removal or demotion, (2) the MSPB shall issue a decision within 60 days of the appeal or the removal or demotion becomes final, (3) an MSPB decision and any final removal or demotion may be appealed to the U.S. Court of Appeals, and (4) the MSPB may not stay any removal or demotion.

The VA may not remove or demote an employee: (1) without the approval of the Special Counsel if the individual seeks corrective action from the Office of Special Counsel based on an alleged prohibited personnel practice, and (2) until a final decision in the case of a whistle blower complaint.

 The VA shall reduce the federal annuity of an individual removed from the VA Senior Executive Service (SES) who is convicted of a felony that influenced his or her performance while employed in such position.

The VA may reduce the federal annuity of an individual who was convicted of such a felony and was subject to removal or transfer from the SES but who left the VA before final action was taken.

 The VA may recoup an award, a bonus, or relocation expenses paid to a VA employee under specified circumstances.

 The VA may suspend, reprimand or admonish an SES employee for misconduct or performance that does not merit removal. The VA must notify an individual 10 days before taking such proposed action. Appeals may be made to the Senior Executive Disciplinary Appeals Board (as provided for by this bill) and may not be appealed to the MSPB.

 The bill establishes an additional whistle blower complaint process, which shall include suspension and removal actions against supervisory employees who commit prohibited personnel actions against a whistle blower.

The bill amends the disability benefits appeals process.

 The bill amends the Veterans Access, Choice, and Accountability Act of 2014 to prohibit payment of an award or bonus to any SES employee during each of FY2017-FY2021.

 The bill requires that a veteran enrolled in the VA health care program who requests a medical examination or treatment at an emergency department of a VA medical facility be provided with a medical screening examination to determine whether an emergency medical condition exists and, if so, be provided stabilizing medical treatment or a transfer to another VA or non-VA medical facility.

 If a non-stabilized emergency medical condition exists, the VA hospital may not transfer the veteran unless: (1) the veteran, after being made aware of the risks, makes a written transfer request; or (2) a physician (or a qualified medical person if a physician is not present) certifies that the medical benefits of a transfer outweigh the risks.

 The VA may not take adverse action against a VA employee because the employee refuses to authorize the transfer of an enrolled veteran with a non-stabilized emergency medical condition or because the employee reports a violation of a requirement of this bill.

 The bill establishes the positions of Directors of Veterans Integrated Service Networks.

 The VA shall require a VA employee (including a temporary full-time, part-time, or without-compensation employee) who is authorized to prescribe any controlled substance to complete at least one accredited continuing education course on pain management every two years. Such requirement: (1) shall apply to an employee who is employed by the VA for at least 180 days during any 24-month period; and (2) shall not apply to an employee licensed or certified by a state licensure or specialty board that requires the completion of pain management or substance use disorder management continuing education.

 During each calendar quarter, the VA shall review each covered whistle blower complaint filed with the Office of the Special Counsel during the previous quarter.

 The VA shall identify: (1) the number of members of the Armed Forces who are physicians working part-time in VA facilities, and (2) the process by which such physicians are hired.

 The VA may disclose to non-VA entities that provide hospital care or medical treatment to veterans records of the identity, diagnosis, prognosis, or treatment of any patient in connection with a program relating to drug abuse, alcoholism or alcohol abuse, infection with the human immunodeficiency virus, or sickle cell anemia.

 The Veterans Benefits Act of 2003 is amended to extend through 2017 VA authority to provide for the performance of medical disability evaluations by contract physicians.

 Any person who is entitled to retired pay for non-regular (reserve) service or who, but for age, would be so entitled shall be honored as a veteran. A person shall not be entitled to any benefit by reason of such recognition.

 The VA may: (1) furnish rehabilitative equipment to any veteran who is entitled to a prosthetic appliance, and (2) appoint licensed hearing aid specialists to the Veterans Health Administration.",,,"The bill addresses internal management and accountability within the Department of Veterans Affairs, focusing on employee performance and misconduct, which does not involve private employer conduct or corporate misconduct."
s1055-112,112,2011-05-24,"A bill to amend the Internal Revenue Code of 1986 to encourage teachers to pursue teaching science, technology, engineering, and mathematics subjects at elementary and secondary schools.",National STEM Education Tax Incentive for Teachers Act of 2011,Taxation,"Education of the disadvantaged|Elementary and secondary education|Income tax credits|Science and engineering education|Student aid and college costs|Teaching, teachers, curricula",1,Wage Hour & Benefits,tax_credit_introduction,"The bill introduces a tax credit for teachers, which, while not directly regulating employer conduct, incentivizes them to pursue STEM education, potentially impacting the quality of the workforce and indirectly relating to employer benefits and skills.","National STEM Education Tax Incentive for Teachers Act of 2011 - Amends the Internal Revenue Code to allow certain full-time elementary and secondary school teachers of mathematics, science, engineering, or technology courses a refundable tax credit for 10% of their undergraduate tuition up to $1,000 in any taxable year, limited to a 10-year period. Increases such credit amount to $1,500 for teachers in schools serving disadvantaged children.",,,"The bill provides a tax credit for teachers, which does not relate to corporate misconduct or private employer obligations."
s381-109,109,2005-02-15,A bill to amend the Internal Revenue Code of 1986 to encourage guaranteed lifetime income payments from annuities and similar payments of life insurance proceeds at dates later than death by excluding from income a portion of such payments.,Retirement Security for Life Act of 2005,Taxation,Annuities|Cost of living adjustments|Income tax|Indexing (Economic policy)|Life insurance|Tax exclusion|Tax-deferred compensation plans,1,Wage Hour & Benefits,tax_credit_introduction,"The bill introduces a tax exclusion for guaranteed payments from annuities and life insurance contracts, which relates to retirement benefit plans and could incentivize employers to offer these plans.","Retirement Security for Life Act of 2005 - Amends the Internal Revenue Code to allow an exclusion from gross income for 50 percent of the amount otherwise includible in gross income as guaranteed payments from certain annuity or life insurance contracts. Limits the amount of such exclusion to $20,000 in any taxable year. Provides for an inflation adjustment of the $20,000 limitation beginning in 2007.",,,"The bill provides a tax exclusion for annuity and life insurance payments, which does not relate to private employer wage or benefit obligations or any other category of corporate misconduct."
hr5810-110,110,2008-04-15,"To amend title V of the Social Security Act to provide grants for school-based mentoring programs for at risk teenage girls to prevent and reduce teen pregnancy, and to provide student loan forgiveness for mentors participating in such programs.",Mentor-Mentee Teen Pregnancy Reduction Act of 2008,Education,Child development|Child welfare|Compensatory education|Counseling|Elementary and secondary education|Elementary education|Federal aid to education|Federally-guaranteed loans|Government lending|Higher education|Mentoring|Secondary education|Sex education|Sexual abstinence|Student loan funds|Teacher education|Teenage pregnancy|Women,1,Wage Hour & Benefits,tax_credit_introduction,"The bill introduces student loan forgiveness for mentors participating in school-based teen pregnancy prevention programs, which incentivizes individuals to serve in a role that supports at-risk teenage girls, indirectly relating to potential future wage and benefit considerations.","Mentor-Mentee Teen Pregnancy Reduction Act of 2008 - Amends title V (Maternal and Child Health Services) of the Social Security Act to direct the Secretary of Health and Human Services to award competitive grants to local educational agencies or community-based organizations for the creation of school-based programs that provide mentoring to at-risk teenage girls to prevent and reduce teen pregnancy. Requires program mentors to be women who: (1) have received at least a baccalaureate degree from an institution of higher education; (2) are mentoring no more than two program mentees; and (3) are trained and screened to encourage mentees to engage in responsible, goal-orientated behavior, delay their sexual activity, and increase their participation in school. Authorizes the Secretary to provide student loan forgiveness, under the Federal Family Education Loan, Direct Loan, or Perkins Loan programs of the Higher Education Act of 1965, to program mentors who serve for at least 200 hours in an academic year.",,,"The bill focuses on education and mentoring programs to reduce teen pregnancy, with no connection to corporate misconduct or private employer obligations."
hr6056-111,111,2010-07-30,"To amend the Internal Revenue Code of 1986 to treat certain employee-funded pensions created before June 25, 1959, in the same manner as qualified trusts for purposes of unrelated debt-financed income derived from real property, and to increase the limitation on elective deferrals to such employee-funded pensions.",,Taxation,Employee benefits and pensions|Income tax deferral|Real estate business|Tax-exempt organizations,1,Wage Hour & Benefits,tax_credit_introduction,"The bill relates to employee-funded pensions and increases contribution limits, which directly affects private employer benefit plans and incentivizes contributions, though it does not directly regulate or enforce conduct.","Amends the Internal Revenue Code to: (1) exempt certain tax-exempt employee-funded pension plans created before June 25, 1959, from rules imposing a tax on unrelated debt-financed income derived from real property; and (2) make the limits on contributions to such employee-funded pension plans equal to the limits allowed for other tax-exempt retirement accounts.",,,The bill addresses tax treatment of certain employee-funded pensions and does not involve private employer wage or benefit obligations or enforcement against corporate misconduct.
s3730-110,110,2008-12-10,"A bill to expand, train, and support all sectors of the health care workforce to care for the growing population of older individuals in the United States.",Retooling the Health Care Workforce for an Aging America Act of 2008,Health,Caregivers|Chronically ill|Department of Health and Human Services|Dislocated workers|Elementary and secondary education|Federal advisory bodies|Geriatrics|Gerontology|Governmental investigations|Higher education|Home care services|Long-term care|Medicaid|Medical education|Medical personnel|Medical research|Medicare|National Institutes of Health (NIH)|Nursing|Paramedical personnel|Research centers|Secondary education|Veterans' employment,1,Wage Hour & Benefits,enforcement,"The bill expands training requirements and coverage for assessments related to family caregiver support needs under Medicaid, directly affecting private employer obligations related to employee family leave and caregiving responsibilities.","Retooling the Health Care Workforce for an Aging America Act of 2008 - Amends the Public Health Service Act to require the Secretary of Health and Human Services to expand training for health professionals in the fields of geriatrics, long-term care, and chronic care management. Requires an analysis of the health and long-term care workforce.Amends the Workforce Investment Act of 1998 to provide for information to adults and dislocated workers about health care and long-term care occupations. Provides for information to veterans about training, internship, and employment opportunities in geriatrics, gerontology, and long-term care.Amends the Older Americans Act of 1965 to require the Assistant Secretary for Aging to: (1) develop family caregiver training materials; and (2) provide for the establishment and operation of a National Resource Center on Volunteers, Students, and Seniors to promote partnerships between entities in the aging network and institutions of higher education and secondary schools.Requires the Secretary to: (1) provide for the development of core training competencies for personal or home care aides and additional training content for nurse aides and home health aides; and (2) establish a panel of long-term care workforce experts.Provides for the development of information and referral protocols for family caregivers of Medicare beneficiaries.Amends title XIX (Medicaid) of the Social Security Act to provide for coverage of assessments of family caregiver support needs.Provides for studies on: (1) the mental health workforce; (2) the aging network's capacity to meet current and future needs; (3) retention and tenure of nurse aides and home health aides; and (4) spending by the National Institutes of Health (NIH) on conditions and illnesses that disproportionately impact the health of older individuals.",,,"The bill focuses on expanding and training the healthcare workforce for geriatrics and long-term care, which does not directly relate to corporate misconduct or enforcement against private employers."
s1292-110,110,2007-05-03,"A bill to amend the Federal Meat Inspection Act and the Poultry Products Inspection Act to improve the safety of meat and poultry products by enhancing the ability of the Secretary of Agriculture to retrieve the history, use, and location of a meat or poultry product through a recordkeeping and audit system or registered identification, and for other purposes.",Meat and Poultry Products Traceability and Safety Act of 2007,Agriculture and Food,Agricultural estimating and reporting|Business records|Cattle|Food industry|Food safety|Fraud|Goats|Government paperwork|Horses|Identification devices|Livestock|Meat inspection|Meat packing industry|Poultry|Produce trade|Sheep|Swine,1;12,"Wage Hour & Benefits;Fraud, Corruption & Criminal Conduct",enforcement,"The bill aims to improve the safety of meat and poultry products through enhanced recordkeeping and audit systems, which could uncover fraud related to the origin and handling of these products, and directly regulates private employer conduct related to food safety and traceability.","Meat and Poultry Products Traceability and Safety Act of 2007 - Amends the Federal Meat Inspection Act and the Poultry Products Inspection Act to direct that amenable species presented for slaughter for human consumption, and the carcasses or parts of carcasses and the meat and food products of those animals, shipped in interstate commerce be identified in a manner that enables the Secretary of Agriculture to trace: (1) each animal or group of animals to any location at which the animal was held at any time before slaughter; and (2) each carcass or part of a carcass and food and food product forward from slaughter through processing and distribution to the ultimate consumer. Authorizes the Secretary to: (1) prohibit or restrict entry to a slaughtering establishment of an animal not so identified; and (2) require that each person, firm, or corporation required to identify livestock maintain accurate records. Directs the Secretary to establish a traceability system for all stages of production, processing, and distribution of meat and meat food products and poultry and poultry food products.",5,enforcement,"The bill enhances regulatory requirements for traceability and recordkeeping in the meat and poultry industry, directly relating to consumer safety by improving the ability to track and manage food safety issues."
s1229-108,108,2003-06-10,"A bill to amend chapter 23 of title 5, United States Code, to clarify the disclosures of information protected form prohibited personnel practices, require a statement in nondisclosure policies, forms, and agreements that such policies, forms, and agreements conform with certain disclosure protections, provide certain authority for the Special Counsel, and for other purposes.",Federal Employee Protection of Disclosure Act,Government Operations and Politics,Administrative remedies|Appellate courts|Civil actions and liability|Classified defense information|Congressional investigations|Congressional oversight|Congressional witnesses|Damages|Disciplining of employees|Dismissal of employees|Employee rights|Evidence (Law)|Executive orders|Federal employees|Government attorneys|Government paperwork|Governmental investigations|Information leaking|Infrastructure|Infrastructure (Economics)|Judicial review|Jurisdiction|Legal fees|Merit Systems Protection Board|Office of Special Counsel|Parties to actions|Personnel management|Promotions|Security clearances|Security measures|Waste in government spending|Whistle blowing,1;24,Wage Hour & Benefits;Government Reporting & Compliance,enforcement,"The bill strengthens protections for federal employee whistleblowers reporting waste, fraud, and abuse, and clarifies disclosure requirements in nondisclosure policies, which indirectly relates to employer conduct and potential retaliation, and addresses reporting requirements related to FEC and political contributions.","Federal Employee Protection of Disclosures Act - Includes as a protected disclosure by a Federal employee any lawful disclosure an employee or applicant reasonably believes is credible evidence of waste, fraud, abuse, or gross mismanagement, without restriction as to time, place, form, motive, context, or prior disclosure. Allows a presumption relating to the performance of a duty by an employee to be rebutted by substantial evidence.Requires each non-disclosure policy, form, or agreement to contain a statement that the restrictions are consistent with and do not supersede specified employee obligations, rights, or liabilities. Authorizes the Merit Systems Protection Board or any reviewing court, in any appeal relating to a suspension or other action relating to a security clearance, to determine whether there was a violation of prohibited personnel practices. Prohibits the Board from ordering the President to restore the clearance, but authorizes the Board to issue declaratory and other appropriate relief. Authorizes the Board to impose disciplinary action, a civil penalty, or a combination against employees found to have committed a prohibited personnel practice. Requires each agency to establish a process for providing confidential advice to employees on making lawful disclosures to Congress of information required to be kept secret in the interests of national defense or the conduct of foreign affairs. Permits representation by attorneys for the Office of the Special Counsel in civil actions brought in connection with such disclosures of information or provisions relating to political activities. Authorizes the Office of Personnel Management to obtain judicial review of Board decisions. Amends the Homeland Security Act of 2002 to provide that, for purposes of provisions regarding the protection of voluntarily shared critical infrastructure information, a permissible use of independently obtained critical infrastructure information includes any lawful disclosure an employee or applicant reasonably believes is credible evidence of waste, fraud, abuse, or gross mismanagement, without restriction as to time, place, form, motive, context, or prior disclosure.",,,"The bill focuses on protections for federal employees making disclosures about government operations, not on private employer conduct or corporate misconduct."
hr3786-110,110,2007-10-09,To amend the Servicemembers Civil Relief Act to allow individuals called to military service to terminate telecommunications contracts entered into before the individual receives notice of a permanent change of station or deployment orders.,Servicemembers Telecom Contract Relief Act,Armed Forces and National Security,Armed forces abroad|Cable television|Contracts|Internet|Iraq compilation|Military personnel|Telephone|Television relay systems|Wireless communication,1,Wage Hour & Benefits,enforcement,"The bill allows servicemembers to terminate telecommunications contracts without penalty upon receiving deployment orders, which relates to protections for employees called to military service and indirectly affects employer contract obligations.","Servicemembers Telecom Contract Relief Act - Allows a person in military service to terminate a telecommunications contract for cellular phone service, cable or satellite television service, or internet service at any time after: (1) entry into military service; or (2) the date of the station or deployment orders. Requires for termination that: (1) the contract is executed by or on behalf of a person who thereafter and during the term of the contract enters military service (or receives order to enter military service) under an order specifying a period of not less than 90 days (or who enters military service under an order specifying a period of 90 days or less and who, without a break in service, receives orders extending the period of military service to a period of not less than 90 days); or (2) the person enters into the contract while in military service and thereafter receives military orders for a permanent change of station outside of the continental United States, or to deploy with a military unit for a period of not less than 90 days, to a location that does not support continuation of the service under the contract.",,,"The bill addresses contract termination rights for servicemembers, which does not involve corporate misconduct or enforcement against private employers."
s109-116,116,2019-01-10,A bill to prohibit taxpayer funded abortions.,No Taxpayer Funding for Abortion and Abortion Insurance Full Disclosure Act of 2019,"Civil Rights and Liberties, Minority Issues","Abortion|Appropriations|Assault and harassment offenses|Comprehensive health care|Consumer affairs|Crimes against women|Employee benefits and pensions|Government buildings, facilities, and property|Health care costs and insurance|Health care coverage and access|Health facilities and institutions|Health programs administration and funding|Income tax credits|Sex offenses|Small business",1,Wage Hour & Benefits,enforcement,"The bill prohibits the use of federal funds for abortions and health coverage that includes abortions, which impacts employer-provided health insurance benefits and potentially ERISA obligations.","No Taxpayer Funding for Abortion and Abortion Insurance Full Disclosure Act of 2019

This bill modifies provisions relating to federal funding for, and health insurance coverage of, abortions.

Specifically, the bill prohibits the use of federal funds for abortions or for health coverage that includes abortions. Such restrictions extend to the use of funds in the budget of the District of Columbia. Additionally, abortions may not be provided in a federal health care facility or by a federal employee.

Historically, language has been included in annual appropriations bills for the Department of Health and Human Services (HHS) that prohibits the use of federal funds for abortions—such language is commonly referred to as the Hyde Amendment. Similar language is also frequently included in appropriations bills for other federal agencies and the District of Columbia. The bill makes these restrictions permanent and extends the restrictions to all federal funds (rather than specific agencies).

The bill's restrictions regarding the use of federal funds do not apply in cases of rape, incest, or where a physical disorder, injury, or illness endangers a woman's life unless an abortion is performed. The Hyde Amendment provides the same exceptions.

The bill also prohibits qualified health plans from including coverage for abortions. Currently, qualified health plans may cover abortion, but the portion of the premium attributable to abortion coverage is not eligible for subsidies.",,,"The bill addresses federal funding and insurance coverage for abortions, which does not involve private employer misconduct or corporate regulation."
hr5556-110,110,2008-03-06,To amend the Internal Revenue Code of 1986 to allow certain individuals who have attained age 50 and who are unemployed to receive distributions from qualified retirement plans without incurring a 10 percent additional tax.,,Taxation,Age and employment|Income tax|Pension funds|Tax exclusion|Tax penalties|Tax-deferred compensation plans|Unemployment|Unemployment insurance,1,Wage Hour & Benefits,tax_credit_introduction,"The bill introduces a tax incentive (removal of the 10% penalty) for individuals accessing retirement funds while unemployed, which indirectly relates to private employer wage and benefit conduct by potentially reducing financial hardship for those who have lost employment.",Amends the Internal Revenue Code to make the 10% additional tax on early distributions from qualified retirement plans inapplicable to individuals who have attained the age of 50 and who have been receiving unemployment compensation for 12 consecutive weeks.,,,"The bill modifies tax penalties for early retirement plan distributions for unemployed individuals, which does not relate to private employer wage or benefit obligations or enforcement against corporate misconduct."
hr2197-111,111,2009-04-30,"To assist the Administrator of the Small Business Administration to determine whether a franchisee is affiliated with a franchisor in the temporary employee services industry, and for other purposes.",Temporary Employees Franchise Improvement Act of 2009,Commerce,Administrative law and regulatory procedures|Employment and training programs|Small Business Administration|Small business|Temporary and part-time employment,1,Wage Hour & Benefits,enforcement,"The bill relates to the determination of employer affiliation for SBA purposes in the temporary employee services industry, which impacts wage and hour obligations under the FLSA and other labor laws.","Temporary Employees Franchise Improvement Act of 2009 - Directs the Administrator of the Small Business Administration (SBA), in determining whether a franchisee is affiliated with a franchisor in the temporary employee services industry (industry), to: (1) continue to apply historically considered affiliation factors; (2) promulgate necessary rules and regulations to determine affiliation in a manner consistent with the Small Business Act; and (3) consider the processing of payroll and billing by a franchisor as customary and common practice in the industry that does not provide probative weight on affiliation, to the extent that temporary staffing personnel are interviewed, hired, trained, assigned, and subject to discharge by the franchisee.",,,"The bill addresses the determination of affiliation between franchisees and franchisors in the temporary employee services industry, which does not directly relate to any specific category of corporate misconduct enforcement."
s273-113,113,2013-02-11,A bill to modify the definition of fiduciary under the Employee Retirement Income Security Act of 1974 to exclude appraisers of employee stock ownership plans.,,Labor and Employment,Accounting and auditing|Employee benefits and pensions|Securities,1,Wage Hour & Benefits,enforcement,"The bill modifies ERISA fiduciary duties related to ESOPs, directly affecting the obligations of private employers managing employee retirement plans.",Amends the Employee Retirement Income and Security Act of 1974 (ERISA) to exclude appraisers of employee stock ownership plans (ESOPs) from the meaning of a fiduciary subject to ERISA.,1,enforcement,"Modifies ERISA fiduciary definitions, affecting private employer obligations related to employee pension and retirement benefit plans."
s1145-107,107,2001-06-29,"A bill to amend the Internal Revenue Code of 1986 to extend the work opportunity credit to encourage the hiring of certain veterans, and for other purposes.",Veterans Opportunity to Work Act,Taxation,Business income tax|Employment of the disadvantaged|Employment tax credits|Income tax|Veterans' employment,1,Wage Hour & Benefits,tax_credit_introduction,"The bill introduces a tax credit to encourage the hiring of certain veterans, which relates to private employer wage and benefit conduct by incentivizing employment.","Veterans Opportunity to Work Act - Amends the Internal Revenue Code to include a ""qualified low-income veteran"" (a veteran whose gross income for the preceding taxable year was below the poverty line) as a member of a targeted group for purposes of computing the work opportunity credit. Provides special rules for determining the credit amount, and makes the credit permanent with respect to such veterans.",2,tax_credit_introduction,"Extends the Work Opportunity Tax Credit to incentivize hiring of low-income veterans, relating to employment discrimination by encouraging the hiring of disadvantaged groups."
s545-108,108,2003-03-06,A bill to amend title I of the Employee Retirement Income Security Act of 1974 to improve access and choice for entrepreneurs with small businesses with respect to medical care for their employees.,Small Business Health Fairness Act of 2003,Health,Administrative fees|Administrative procedure|Bankruptcy|Collective bargaining|Congressional reporting requirements|Delegation of powers|Department of Labor|Discrimination in insurance|Discrimination in medical care|Employee health benefits|Federal advisory bodies|Federal preemption|Federal-state relations|Fines (Penalties)|Flexible benefit plans|Franchises (Retail trade)|Government paperwork|Government trust funds|Health care fraud|Health insurance|Injunctions|Insurance|Insurance agents|Insurance premiums|Labor contracts|Labor unions|Licenses|Medical economics|Medically uninsured|Professional associations|Small business|Standards|State laws|State taxation|Surety and fidelity|Tax rates|Trade associations|Trusts and trustees|Valuation,1,Wage Hour & Benefits,enforcement,"The bill amends ERISA to revise provisions relating to access and choice for small business employers with respect to medical care, and establishes rules governing association health plans, which directly regulates private employer-sponsored health benefits and solvency requirements.","Small Business Health Fairness Act of 2003 - Amends the Employee Retirement Income Security Act of 1974 (ERISA) to revise provisions relating to access and choice for small business employers with respect to medical care for their employees.Establishes rules governing association health plans (group health plans whose sponsors are trade, industry, professional, chamber of commerce, or similar business associations), including requirements relating to certification, sponsors and boards of trustees, participation, coverage, plan documents, contribution rates, benefit options, applications for certification, notice for voluntary termination, corrective actions, and mandatory termination.Requires association health plans which provide health benefits in addition to health insurance coverage to maintain certain reserves and comply with other solvency provisions. Directs the Secretary of Labor to apply for appointment, and carry out specified duties, as trustee of any such insolvent association health plans which provide health benefits in addition to health insurance coverage.Allows a State to impose a contribution tax on any association health plan commencing operations in such State after the enactment of this Act.Requires association health plans to include in their summary plan descriptions, in connection with each benefit option, a description of the form of any solvency or guarantee fund protection secured under ERISA or applicable State law.Revises provisions relating to treatment of: (1) single employer arrangements; and (2) certain collectively bargained arrangements.Provides for association health plans with respect to: (1) enforcement; (2) cooperation between Federal and State authorities; and (3) treatment of certain existing health benefit programs.",1,enforcement,"The bill amends ERISA to regulate association health plans, impacting private employer obligations related to employee health benefits."
hr6726-112,112,2013-01-01,To prevent the 2013 pay adjustment for Members of Congress and persons holding other offices or positions in the Federal Government from being made.,Congressional Pay Freeze and Fiscal Responsibility Act,Government Operations and Politics,"Federal officials|Government employee pay, benefits, personnel management|Inflation and prices|Members of Congress",1,Wage Hour & Benefits,enforcement,"The bill directly regulates government employee pay, which, while related to compensation, does not involve misconduct by a non-governmental employer as defined by Violation Tracker.","Congressional Pay Freeze and Fiscal Responsibility Act - Amends the Continuing Appropriations Act, 2011, as amended by the Continuing Appropriations Resolution, 2013 (P.L. 112-175), to extend the freeze on adjustments to pay of federal employees and officials, including Members of Congress, through December 31, 2013. Eliminates the delayed statutory pay adjustment contained in the Resolution that was permitted to take effect with the first applicable pay period beginning after March 27, 2013.",,,"The bill addresses pay adjustments for federal employees and officials, including Members of Congress, which does not involve private employer wage or benefit obligations."
hr6279-111,111,2010-09-29,"To amend title 10, United States Code, to provide for the retention of members of the reserve components on active duty for a period of 45 days following an extended deployment in contingency operations or homeland defense missions to support their reintegration into civilian life, and for other purposes.",National Guard and Reserve Soft Landing Reintegration Act,Armed Forces and National Security,Employee leave|Military personnel and dependents|National Guard and reserves,1,Wage Hour & Benefits,enforcement,"The bill requires retention of reserve component members on active duty for reintegration following deployment, which includes allowing the use of accrued leave and paying specified pay and allowances, relating to employer obligations regarding employee leave and pay.","National Guard and Reserve Soft Landing Reintegration Act - Requires that a member of a reserve component of the Armed Forces who was deployed for more than 179 days for a contingency operation or a homeland defense mission be: (1) retained on active duty in the Armed Forces for 45 days after the end of the member's demobilization from a deployment; (2) allowed to use accrued leave; and (3) paid specified pay and allowances. Requires a member requesting an early release from such active duty to be released within 14 days after such request. Allows such request to be denied only for medical or personal safety reasons. Directs the Secretary of the military department concerned to provide each member so retained (and, as practicable, appropriate family members) reintegration counseling and services.",,,The bill addresses military personnel reintegration and does not involve private employer wage or benefit obligations.
hr3773-108,108,2004-02-04,To amend the Internal Revenue Code of 1986 to repeal the sunset of the Economic Growth and Tax Relief Reconciliation Act of 2001 and to repeal scheduled reductions in tax benefits provided by the Jobs and Growth Tax Relief Reconciliation Act of 2003.,Tax Relief Guarantee Act of 2004,Taxation,Adoption|Adult day care|Building construction|Capital gains tax|College costs|Compensation (Law)|Conservation easements|Cost of living adjustments|Day care|Defined benefit pension plans|Defined contribution plans|Depreciation and amortization|Disabled|Disaster relief|Dividends|Earned income tax credit|Education savings accounts|Elementary and secondary education|Elementary education|Employee benefit plans|Estate tax|Excise tax|Gift tax|Graduate education|Higher education|History|Income tax|Indexing (Economic policy)|Individual retirement accounts|Inheritance tax|Interest|Jewish holocaust (1939-1945)|Married people|Medical education|Minimum tax|Nazism|Scholarships|School buildings|Secondary education|Small business|State taxation|Student loan funds|Sunset legislation|Tax administration|Tax credits|Tax deductions|Tax exclusion|Tax exemption|Tax penalties|Tax rates|Tax-deferred compensation plans|Tax-exempt securities|Widowers|Widows|Women,1,Wage Hour & Benefits,tax_credit_removal,"The bill repeals the sunset dates of provisions that reduced tax rates and increased deductions, effectively maintaining existing tax benefits that impact employer compensation and benefit plans.","Tax Relief Guarantee Act of 2004 - Repeals the current termination date (December 31, 2010) of the Economic Growth and Tax Relief Reconciliation Act of 2001. Amends the Internal Revenue Code to repeal: (1) the reductions in the amount of the child income tax credit scheduled for taxable years 2005 through 2009 and to set the amount of such credit at $1,000 for all taxable years after 2004; (2) the reductions in the basic standard deduction percentage for married couples filing joint tax returns scheduled for taxable years 2005 through 2008; (3) the reductions in the percentage applicable to the maximum taxable income in the 15 percent tax bracket for married couples filing joint tax returns scheduled for taxable years 2005 through 2007; and (4) the reduction in the income threshold amount for ten percent income tax rate eligibility scheduled for taxable years 2005 through 2007. Repeals the current termination date (December 31, 2008) of provisions in the Jobs and Growth Tax Relief Reconciliation Act of 2003 reducing capital gains tax rates and allowing the taxation of dividends at capital gain tax rates. Amends the Internal Revenue Code to: (1) set the dollar limitation for the expense deduction for depreciable business assets at $100,000 for all taxable years after 2004 and to permanently increase to $400,000 the threshold amount for determining reductions in the dollar limitation of such deduction; (2) increase the percentage of the additional depreciation allowance for property acquired after May 5, 2003, from 30 to 50 percent.",,,"The bill primarily addresses tax rate adjustments and deductions, which do not relate to enforcement or regulation of corporate misconduct."
s1256-111,111,2009-06-11,"A bill to amend title XIX of the Social Security Act to establish financial incentives for States to expand the provision of long-term services and supports to Medicaid beneficiaries who do not reside in an institution, and for other purposes.",Home and Community Balanced Incentives Act of 2009,Health,"Government information and archives|Health information and medical records|Home and outpatient care|Long-term, rehabilitative, and terminal care|Medicaid|Nursing",1,Wage Hour & Benefits,enforcement,"The bill aims to increase federal funding for states that expand home and community-based long-term services and supports for Medicaid beneficiaries, which indirectly encourages states to shift resources away from institutional care and towards more community-based care options, potentially impacting the quality and availability of services provided by non-governmental LTSS providers and their compliance with Medicaid regulations.","Home and Community Balanced Incentives Act of 2009 - Amends title XIX (Medicaid) of the Social Security to increase the federal medical assistance percentage (FMAP) for a balancing incentive payment state and any other state in which less than 50% of the total FY2009 expenditures for medical assistance for long-term services and supports (LTSS) are for non-institutionally-based (home and community-based) LTSS. Directs the Secretary of Health and Human Services to award grants to states to: (1) support the development of a common national set of coding methodologies and databases related to the provision of home and community-based LTSS; and (2) make certain structural changes to the state Medicaid program. Directs the Secretary to develop specifications for standardization of: (1) reporting of assessment data for LTSS for each population served; and (2) outcomes measures that track assessment processes for LTSS for each such population that maintain and enhance individual function, independence, and stability. Directs the Secretary to promulgate regulations to ensure that all states develop service systems that are designed to: (1) allocate resources for services in a manner that is responsive to the changing needs and choices of beneficiaries receiving home and community-based LTSS, and that provides strategies for beneficiaries receiving such services to maximize their independence; (2) provide the support and coordination needed for a beneficiary in need of such services to design an individualized, self-directed, community-supported life; and (3) improve coordination among all providers of such services under federally and state-funded programs. Directs the Secretary to assess, on an ongoing basis and based on measures specified by the Agency for Healthcare Research and Quality, the safety, quality, and outcomes of home and community-based LTSS. Changes from 150% of the poverty line to 300% of the supplemental security income (SSI) benefit rate the income eligibility level for providing home and community-based services under the state plan amendment option for elderly and disabled individuals. Authorizes additional state options to provide home and community-based services. Removes the limitation on the scope of services. Creates an eligibility category to provide full Medicaid benefits to individuals receiving home and community-based services under a state plan amendment. Applies spousal impoverishment protections to recipients of home and community-based services. Authorizes states to elect to exclude up to six months of the average cost of nursing facility services from assets or resources for home and community-based services eligibility determinations. Directs the Secretary to create a template to streamline the process of approving, monitoring, evaluating, and renewing state proposals to conduct a program that combines Medicaid waiver authorities into a single program under which the state provides home and community-based services to individuals based on individualized assessments and care plans.",,,"The bill focuses on Medicaid program adjustments and incentives for states to expand home and community-based services, which are government benefit programs, not private employer obligations."
hr2354-115,115,2017-05-04,To amend the Longshore and Harbor Workers' Compensation Act to provide a definition of recreational vessel for purposes of such Act.,Longshore and Harbor Workers' Compensation Clarification Act of 2017,Labor and Employment,"Administrative law and regulatory procedures|Department of Labor|Disability assistance|Marine and inland water transportation|Navigation, waterways, harbors|Transportation employees|Worker safety and health",1,Wage Hour & Benefits,enforcement,"The bill clarifies the definition of 'recreational vessel' under the Longshore and Harbor Workers' Compensation Act, which directly impacts employer obligations regarding worker's compensation coverage for maritime employees.","Longshore and Harbor Workers' Compensation Clarification Act of 2017

This bill amends the Longshore and Harbor Workers' Compensation Act to define ""recreational vessel"" as a vessel:

 being manufactured or operated primarily for pleasure; or leased, rented, or chartered to another for the latter's pleasure. In applying such definition under such Act, the following rules apply:

 a vessel being manufactured or built, or being repaired under warranty by its manufacturer or builder, is a recreational vessel if the vessel appears intended, based on its design and construction, to be for ultimate recreational uses (the manufacturer or builder must bear the burden of establishing that a vessel is recreational under this standard); a vessel being repaired, dismantled for repair, or dismantled at the end of its life will be treated as recreational at the time of repair or dismantling, provided that such vessel shares elements of design and construction of traditional recreational vessels and is not normally engaged in a military, commercial, or traditionally commercial undertaking; and a vessel will be treated as a recreational vessel if it is a public vessel (such as a vessel owned or chartered and operated by the United States or a state or local government) at the time of repair, or dismantling, provided that such vessel shares elements of design and construction with traditional recreational vessels and is not normally engaged in a military, commercial, or traditionally commercial undertaking. The Department of Labor must revise a specified federal regulation defining a ""recreational vessel"" to conform with the definition set forth in this bill.",,,"The bill defines 'recreational vessel' for compensation purposes under the Longshore and Harbor Workers' Compensation Act, which does not directly relate to corporate misconduct or enforcement against private employers."
hr406-113,113,2013-01-23,"To provide discretionary authority to an immigration judge to determine that an alien parent of a United States citizen child should not be ordered removed, deported, or excluded from the United States.",,Immigration,Border security and unlawful immigration|Child safety and welfare|Crimes against women|Family relationships|Human trafficking|Immigration status and procedures|Judicial procedure and administration,1,Wage Hour & Benefits,enforcement,"The bill relates to the best interests of a U.S. citizen child when considering the removal of an alien parent, which could indirectly affect the parent's employment and therefore wage/hour and benefits considerations, and could be considered a factor in determining whether an employer is acting in good faith.","Amends the Immigration and Nationality Act, in the case of an alien subject to removal, deportation, or exclusion and who is the parent of a U.S. citizen child, to authorize an immigration judge to decline to order such removal if the judge determines such action to be against the child's best interests.

States that such discretion shall not apply to an alien when the judge determines that the alien: (1) is excludable or deportable on security grounds, or (2) has engaged in sex trafficking or severe forms of trafficking in persons.",,,"The bill addresses immigration procedures and judicial discretion, not corporate misconduct or enforcement against private employers."
hr2591-110,110,2007-06-06,"To amend part B of title XVIII of the Social Security Act to limit the penalty for late enrollment under part B of the Medicare Program to 10 percent and twice the period of no enrollment, and to exclude periods of COBRA and retiree coverage from such late enrollment penalty.",,Health,Employee health benefits|Health insurance continuation|Insurance premiums|Medicare|Retiree health benefits,1,Wage Hour & Benefits,enforcement,"The bill addresses the penalty for late enrollment in Medicare, which relates to employer-sponsored health insurance and therefore private employer benefit conduct.",Amends part B (Supplementary Medical Insurance) of title XVIII (Medicare) of the Social Security Act to: (1) limit the penalty for late enrollment under part B to 10% and twice the period of no enrollment; and (2) exclude periods of COBRA and retiree coverage from such late enrollment penalty. Provides for a special enrollment period for individuals whose COBRA or retiree coverage terminates.,,,The bill addresses Medicare enrollment penalties and does not involve private employer wage or benefit obligations.
s1637-108,108,2003-09-18,"A bill to amend the Internal Revenue Code of 1986 to comply with the World Trade Organization rulings on the FSC/ETI benefit in a manner that preserves jobs and production activities in the United States, to reform and simplify the international taxation rules of the United States, and for other purposes.",Jumpstart Our Business Strength (JOBS) Act,Taxation,Accounting|Administrative procedure|Affiliated corporations|Agricultural cooperatives|Aircraft|Alcoholic beverages|Aliens|Attorney-client privilege|Bank holding companies|Bank records|Bonds|Building construction|Capital gains tax|Charitable contributions|Commemorations|Commodity tax straddles|Computer software|Confidential communications|Congressional committees (Senate)|Congressional reporting requirements|Construction costs|Contracts|Copyright|Corporate reorganizations|Corporation taxes|Countervailing duties|Customs administration|Department of the Treasury|Depreciation and amortization|Dispute settlement|Dividends|Drug industry|Dumping|Electric power production|Electric power transmission|Electric utilities|Equipment and supplies|Excavation|Excise tax|Expatriation|Exports|Feeds|Financial services|Fines (Penalties)|Foreign corporations|Foreign exchange|Foreign investments|Foreign tax credit|Fraud|Free trade|Futures trading|Gambling|Gas companies|Hepatitis|Historic sites|Holding companies|Housing finance|Income tax|Injunctions|Insurance companies|Insurance premiums|Intellectual property|Interest|Internet|Inventories|Investors,1;11,Wage Hour & Benefits;Accounting Financial Reporting & Tax,tax_credit_introduction,"The bill phases in a tax deduction for qualified domestic production activities income and provides transitional relief based on prior tax exclusion benefits, which directly relates to private employer tax obligations and incentivizes job preservation.","Jumpstart Our Business Strength (JOBS) Act - Title I: Provisions Relating to Repeal of Exclusion for Extraterritorial Income - (Sec. 101) Amends the Internal Revenue Code (Code) to repeal the tax exclusion for extraterritorial income. Exempts from the repeal transactions in the ordinary course of a trade or business pursuant to certain preexisting binding contracts. Permits foreign corporations to revoke elections to be treated as U.S. corporations for purposes of the extraterritorial income tax exclusion. Sets forth rules for the treatment of gain or loss resulting from the revocation of an election. Provides for a three-year period of transitional relief for taxpayers who were eligible for the exclusion for extraterritorial income by allowing a tax deduction based upon such taxpayers' average benefit amount between 2000 and 2002. Phases out such transitional relief in 2005 and 2006. (Sec. 102) Phases in, between 2004 and 2009, a tax deduction for qualified domestic production activities income. Provides that the percentage amount of the deduction shall be nine percent of domestic production activities income for taxable years beginning in 2009. Limits the amount of the deduction to 50 percent of the W-2 wages of an employer for a taxable year. Allows the deduction for purposes of computing alternative minimum tax liability. Provides special rules for the calculation of the deduction for agricultural and horticultural cooperatives, affiliated groups, and gross receipts derived from the use of films and videotapes. (Sec. 103) Treats income from certain architectural and engineering services as qualified domestic production activity income for purposes of the tax deduction. Limits the tax deduction allowed employers for the entertainment expenses of certain covered employees (i.e. corporate Chief Executive Officers (CEO's)). Title II: International Tax Provisions - Subtitle A: International Tax Reform - (Sec. 201) Extends the excess foreign tax credit carry forward period to 20 years and limits the carry back period to one year. (Sec. 202) Revises rules for the tax treatment of dividends paid by a section 902 corporation (a foreign corporation in which the taxpayer owns at least 10 percent of the stock by vote and which is not a controlled foreign corporation). (Sec. 203) Repeals the 90-percent limitation on the utilization of the alternative minimum tax foreign tax credit. (Sec. 204) Treats as income from sources without the United States, in the case of any taxpayer who sustains an overall domestic loss for any taxable year beginning after December 31, 2006, that portion of the taxpayer's taxable income from sources within the United States for each succeeding taxable year which is equal to the lesser of: (1) the amount of such loss (to the extent not used in prior taxable years); or (2) 50 percent of the taxpayer's taxable income from sources within the United States for such succeeding taxable year. (Sec. 205) Permits, in general, a worldwide affiliated group to have the taxable income of each domestic corporation which is a member of such group determined by allocating and apportioning interest expense of each member as if all members of such group were a single corporation. Provides that if a group makes this election, the taxable income of the domestic members of a worldwide affiliated group from sources outside the United States will be determined by allocating and apportioning the interest expense of domestic members to foreign-source income in accordance with a specified formula. Provides that non-interest expenses which are not directly allocable or apportioned to any specific income producing activity shall be allocated and apportioned as if all members of the affiliated group were a single corporation. (Sec. 206) Modifies the definition of subpart F (Controlled Foreign Corporations) foreign personal holding company income with respect to gains or losses from a commodities hedging transaction. Subtitle B: International Tax Simplification - (Sec. 211) Repeals the following provisions of the Code: (1) Part III (Foreign Personal Holding Companies) of Subchapter G (Corporations Used to Avoid Income Tax on Shareholders) of Chapter 1 (Normal Taxes and Surtaxes); (2) Section 1246 (Gain on Foreign Investment Company Stock); and (3) Section 1247 (Election by Foreign Investment Companies to Distribute Income Currently). (Sec. 212) Revises the subpart F de minimis rule to provide that, if the gross amount of a controlled foreign corporation's foreign base company income and insurance income for a taxable year is less than the lesser of five percent of the controlled foreign corporation's gross income or $5 million (currently, $1 million), then no part of the controlled foreign corporation's gross income is treated as foreign base company income or insurance income. (Sec. 213) Modifies attribution rules for stock ownership through partnerships to provide that stock owned, directly or indirectly, by or for a partnership shall be considered as being owned proportionately by its partners, for purposes of determining deemed-paid foreign tax credits of domestic corporations that own ten percent or more of the voting stock of a foreign corporation. (Sec. 214) Provides that, subject to stated exceptions, rules concerning capitalization and inclusion in inventory costs of certain expenses shall not apply to any non-U.S. taxpayer if such taxpayer capitalizes costs of produced property or property acquired for resale by applying the method used to ascertain the income, profit, or loss for purposes of reports or statements to shareholders, partners, other proprietors, or beneficiaries, or for credit purposes. (Sec. 215) . Exempts from the 30 percent tax on U.S. source income of nonresident aliens, dividends paid by certain foreign corporations. (Sec. 216) Repeals the 30 percent special tax on the capital gains of aliens present in the United States 183 days or more. Subtitle C: Additional International Tax Provisions - (Sec. 221) Excludes ""qualified leasing income"" derived from or in connection with the leasing or rental of any aircraft or vessel from treatment as foreign personal holding company income or foreign base company shipping income of a controlled foreign corporation. (Sec. 222) Excludes dividends, interest, rents, and royalties received or accrued from a controlled foreign corporation which is a related person from treatment as foreign personal holding company income to the extent attributable or properly allocable to income of the related person which is not subpart F income. (Sec. 223) Treats the sale by a controlled foreign corporation of a partnership interest as a sale of the proportionate share of partnership assets attributable to such interest for purposes of determining subpart F foreign personal holding company income, but only with respect to partners with at least a 25 percent interest in the partnership. (Sec. 224) Permits taxpayers required to translate foreign income tax payments at the average exchange rate to elect to translate such taxes into U.S.-dollar amounts using the exchange rates as of the time such taxes are paid, provided the foreign income taxes are denominated in a currency other than the taxpayer's functional currency. (Sec. 225) Permits a taxpayer to elect to treat a tax imposed under the law of a foreign country or a U.S. possession on an amount which does not constitute income under U.S. tax principles as a tax imposed on general limitation income or on financial services income. (Sec. 226) Modifies exceptions from subpart F foreign personal holding company income and foreign base company services income for income derived in the active conduct of a banking, financing, or similar business. (Sec. 227) Adds exceptions from the definition of U.S. property for determining current income inclusion by a U.S. ten-percent shareholder with respect to certain investments in U.S. property by a controlled foreign corporation. (Sec. 228) Treats interest paid by foreign partnerships in a manner similar to the treatment of interest paid by foreign corporations, but only with respect to foreign partnerships that are principally owned by foreign persons (a partnership in which U.S. citizens and residents do not own, directly or indirectly, 20 percent or more of the capital or profits interests in the partnership). (Sec. 229) Specifies that deemed payments, under provisions concerning the transfer of intangibles being treated as transferred pursuant to the sale of contingent payments, are treated as royalties for purposes of applying the separate limitation categories of the foreign tax credit. (Sec. 230) Removes from treatment as effectively connected income for a foreign investor a capital gain distribution from a real estate investment trust (REIT), if: (1) the distribution is received with respect to a class of stock that is regularly traded on an established securities market located in the United States; and (2) the foreign investor does not own more than five percent of the class of stock at any time during the taxable year within which the distribution is received. (Sec. 231) Permits certain dividends received by a U.S. corporation from a controlled foreign corporation to be taxed at 5.25 percent. (Sec. 232) Excludes from gross income winnings paid to a nonresident alien resulting from a legal wager initiated outside the United States in a pari-mutuel pool on a live horse or dog race in the United States. (Sec. 233) Lowers the withholding income tax rate on U.S. source dividends paid to a corporation created or organized in Puerto Rico from 30 percent to 10 percent. (Sec. 234) Directs the Secretary of Commerce to transmit a report to the Committee on Finance of the Senate and the Committee on Ways and Means of the House of Representatives, regarding whether dispute settlement panels and the Appellate Body of the World Trade Organization have: (1) added to or diminished the rights of the United States by imposing obligations and restrictions on the use of antidumping, countervailing, or safeguard measures not agreed to under the World Trade Organization Antidumping Agreement, the Agreement on Subsidies and Countervailing Measures, or the Agreement on Safeguards; (2) appropriately applied the standard of review contained in Article 17.6 of the Antidumping Agreement; or (3) exceeded its authority or terms of reference. (Sec. 235) Directs the Secretary of the Treasury to conduct a study of the impact of Federal international tax rules on taxpayers other than large corporations, including the burdens placed on such taxpayers in complying with such rules. (Sec. 236) Postpones the effective date of final regulations issued by the Secretary of the Treasury relating to income derived by foreign corporations from the international operation of ships or aircraft (Treasury Regulations 1.883-1 through 1.883-5). (Sec. 237) Allows a tax deduction for interest on a loan guaranteed by a foreign entity that is deemed a ""disqualified guarantee"" if the taxpayer can establish that a loan was available from an unrelated person without the guarantee. Title III: Domestic Manufacturing and Business Provisions - Subtitle A: General Provisions - (Sec. 301) Increases the maximum allowable amount of total capital expenditures for tax-exempt qualified State and local government small-issue bonds. (Sec. 302) Permits a taxpayer to expense (deduct in a current taxable year), rather than capitalize, certain broadband expenditures. Allows a tax-exempt mutual or cooperative telephone company to deduct its broadband expenditures against unrelated business taxable income. (Sec. 303) Excludes from the determination of the production period for distilled spirits any period allocated to the natural aging process for purposes of determining whether a taxpayer can expense, rather than capitalize, interest costs paid or incurred during the production period. (Sec. 304) Modifies the active business test used to determine nonrecognition of gain from corporate distributions to an affiliated group. (Sec. 305) Modifies excise tax provisions for the importation of archery products (including, increasing draw weight from 10 or more to 30 or more pounds). (Sec. 306) Revises the rule for marketing activities by tax-exempt farmer cooperatives to provide that the marketing of products of cooperative members and other producers shall include the feeding of such products to cattle, hogs, fish, chickens, or other animals and selling the resulting animals or animal product. (Sec. 307) Permits farmers' cooperative organizations to seek declaratory judgments with respect to their initial or continuing qualification as tax-exempt organizations. (Sec. 308) Suspends until 2009 the tax on personal holding company income. (Sec. 309) Increases the amount of depreciable business assets that may be expensed by decreasing (by 50 percent) the reduction in the limitation on the deduction for such assets. (Sec. 310) Provides for a five-year carry back of net operating losses that occurred between 2001 and 2003. (Sec. 311) Extends the tax credit for increasing research activities through December 31, 2005. Increases the rates of the alternative incremental research credit. Allows certain taxpayers to elect an alternative credit for research expenses in lieu of the credit for increasing research expenses. (Sec. 312) Allows a tax credit for 20 percent of amounts paid to a tax-exempt research consortium organized and operated to conduct research in the public interest. Allows a tax credit for the full amount paid to certain small businesses, universities, and Federal laboratories for contract research. (Sec. 313) Establishes as a general business tax credit a manufacturer's jobs credit equal to a certain percentage of wages paid to the employees (including employees eligible for a trade readjustment allowance) of a taxpayer that has a certain level of domestic production gross receipts in the current and preceding taxable year and is not disqualified as an inverted domestic corporation (a foreign corporation that manipulates its structure to evade U.S. taxes). Terminates the credit after 2005. (Sec. 314) Authorizes the issuance of tax-exempt facility bonds for certain green building and sustainable design projects (projects) designated by the Secretary. Limits the amount of bonds that may be issued to $2 billion. Requires designated projects to: (1) register at least 75 percent of the square footage of the structures included in a project for certification by the U.S. Green Building Council's Leadership in Energy and Environmental Design; (2) include a brownfield site; (3) identify other State or local financial contributions that will be provided to support a project; (4) include at least one million square feet of building or 20 acres of land; and (5) provide at least 1,500 full time jobs (150 jobs in rural States) when completed and at least 1,000 full time jobs (100 jobs in rural States) during construction. Prohibits more than one project in a single State and requires at least one project in an empowerment zone and one project in a rural State. Terminates the authority for issuing bonds after September 30, 2009. Subtitle B: Manufacturing Relating to Films - (Sec. 321) Allows: (1) a tax deduction in the current taxable year for the entire cost of certain film and television production costs, up to $15 million ($20 million for costs incurred in a low-income community or a distressed county); and (2) the amortization of remaining costs over a three-year period. (Sec. 322) Allows the inclusion of participations and residuals in the adjusted basis of property for the taxable year in which the property is placed in service for the purposes of computing the allowable deduction for property under the income forecast method of depreciation, but only if such participations and residuals relate to income estimated to be earned in connection with the property before the close of the tenth taxable year following the year the property is placed in service. Subtitle C: Manufacturing Relating to Timber - (Sec. 331) Allows a tax deduction in the current taxable year for the entire cost of certain reforestation expenditures, up to $10,000. Repeals the investment tax credit for reforestation expenditures. (Sec. 332) Permits a taxpayer to revoke a prior election to treat the cutting of timber as a sale or exchange. (Sec. 333) Qualifies the outright sale of timber for capital gains tax treatment. (Sec. 334) Modifies safe harbor rules for timber REITs to provide that the sale of a real estate asset will not be a prohibited transaction if specified requirements are met. Title IV: Additional Provisions - Subtitle A: Provisions Designed to Curtail Tax Shelters - (Sec. 401) Sets forth general rules for the application of the economic substance doctrine, including special rules for transactions with tax-indifferent parties. (Sec. 402) Imposes a new penalty for failure to report a transaction that has a potential for tax avoidance or evasion (reportable transaction) or has been specifically identified as a tax avoidance transaction (listed transaction). Doubles the penalty for noncompliance by a large entity (gross receipts in excess of $10 million) or a high net worth individual. Grants the Commissioner of Internal Revenue discretion to rescind all or a portion of the penalty under certain conditions. (Sec. 403) Imposes a 20 percent penalty for understatements of tax resulting from certain tax shelter transactions and an increased penalty (30 percent) for failure to adequately disclose such transactions. (Sec. 404) Imposes a penalty of 40 percent (20 percent, if there has been adequate disclosure) of the understatement of tax attributable to transactions lacking economic substance. (Sec. 405) Modifies the definition of substantial understatement of tax for corporations other than S corporations or personal holding companies to mean the lesser of ten percent of the tax required to be shown or $10 million. (Sec. 406) Expands the denial of privilege for communications between a tax practitioner and a corporate client to include any individual involved in tax shelter activity. (Sec. 407) Revises the requirements for registration of tax shelters to require material advisors of tax shelter activities to disclose information identifying and describing the tax shelter transaction and the potential tax benefits from such transaction. Requires material advisors to keep lists of taxpayers to whom they have provided tax shelter advice. Denies a claim of privilege as to the identity of any person on such lists. (Sec. 408) Revises provisions for registration of tax shelters to impose a penalty for failure to file an informational return or for filing false or incomplete information with respect to tax shelter activities. (Sec. 409) Imposes a daily penalty of $10,000 on material advisors who fail to disclose lists of tax shelter investors. Allows an exemption from such penalty for reasonable cause. (Sec. 410) Expands the authority of the Secretary to seek an injunction against material advisors who fail to comply with requirements for the registration of tax shelters and the maintenance of lists of tax shelter investors. (Sec. 411) Revises the standards for determining the liability of a taxpayer for an understatement of tax by an income tax return preparer. Increases the penalties for such understatements. (Sec. 412) Increases the penalty for failure to report interests in foreign financial accounts. Allows an exemption from the penalty if the violation was due to reasonable cause and was not willful. (Sec. 413) Increases the penalty for frivolous tax returns and makes the penalty applicable to certain frivolous submissions to the IRS (e.g., requests for hearings, installment agreements, or offers in compromise). Allows a taxpayer to withdraw a frivolous submission within 30 days without penalty. (Sec. 414)Authorizes the Secretary to censure and fine an incompetent or disreputable tax advisor who practices before the Department of the Treasury. (Sec. 415) Increases the penalty for promoting abusive tax shelters to not to exceed 100 percent of the gross income derived from the tax shelter activity. Denies a tax deduction for such penalty. (Sec. 416) Extends the limitation on the period for assessment of tax in cases where a taxpayer fails to disclose required information about a tax shelter transaction to one year after required disclosures are made. (Sec. 417) Prohibits a tax deduction for interest paid on any underpayment of tax attributable to nondisclosed reportable transactions and noneconomic substance transactions. (Sec. 418) Authorizes appropriations for the purpose of carrying out tax law enforcement to combat tax avoidance transactions and other tax shelters, including the use of offshore financial accounts to conceal taxable income. (Sec. 419) Increases the penalty for aiding and abetting the understatement of tax liability. (Sec. 420) Directs the Secretary, jointly with the Attorney General and other Federal agencies, to study the effectiveness of, and ways to improve, the sharing of information related to the promotion of prohibited tax shelters or tax avoidance schemes and other potential violations of Federal law and to report the findings to Congress. Subtitle B: Other Corporate Governance Provisions - (Sec. 421) Authorizes the Secretary to issue regulations that treat corporations filing consolidated returns differently than corporations filing separate returns. (Sec. 422) Requires corporate tax returns to include a declaration by the chief executive officer (CEO), under penalty of perjury, that the return complies with the Internal Revenue Code and that the CEO was provided reasonable assurance of the accuracy of all material aspects of the return. (Sec. 423) Confirms the nondeductibility of fines for violations of law or costs incurred in an investigation of a potential violation of law. Allows a tax deduction for restitution payments, for court-ordered payments to certain nongovernmental regulatory agencies, and for amounts paid or incurred as taxes due. (Sec. 424) Prohibits a deduction for amounts paid as punitive damages, with exceptions for a wrongful death action and certain other cases. Includes in gross income amounts paid by insurance as punitive damages. (Sec. 425) Increases the criminal penalties for attempts to evade or defeat tax, for willful failure to file tax returns or pay tax, and for fraud and making false statements on tax returns. Subtitle B: Enron-Related Tax Shelter Provisions - (Sec. 431) Limits the basis of certain corporate property acquired by the issuance of stock or as paid-in surplus and for which there is the importation of net built-in loss to the property's fair market value immediately after the transfer of such property. (Sec. 432) Prohibits an allocation of any decrease in the adjusted basis of partnership property to stock in a corporation which is a partner in the partnership. (Sec. 433) Repeals part V (Financial Asset Securitization Investment Trusts - FASITS) of subchapter M (Regulated Investment Companies and Real Estate Investment Trusts). (Sec. 434) Expands the disallowance of tax deductions for interest paid on disqualified debt instruments of corporations to provide that if such instruments are payable in equity held by the issuer (or any related party) in any other person (other than a related party), the basis of such equity shall be increased by the amount disallowed as a deduction to include interest paid on corporate debt that is payable in, or by reference to, the value of any equity held by the issuer of the debt instrument or any related party. (Sec. 435) Expands the authority of the Secretary to disallow tax benefits obtained through certain acquisitions of corporate assets made for the principal purpose of evading or avoiding Federal income tax. (Sec. 436) Amends provisions affecting passive foreign investment companies to state that the term ""qualified portion"" (of a shareholder's holding period) does not include any period if the earning of subpart F (Controlled Foreign Income) income by such corporation during such period would only result in a remote likelihood of an inclusion in gross income. Subtitle D: Provisions to Discourage Expatriation - (Sec. 441) Sets forth rules for the tax treatment of foreign corporations that acquire substantially all of the stock or assets of a domestic corporation or partnership (inverted domestic corporation) for the purpose avoiding U.S. taxation. Treats a foreign corporation deemed to be an inverted corporation as a domestic corporation for U.S. tax purposes. Requires U.S. corporations to disclose to shareholders five days prior to a shareholder vote relating to a corporate inversion: (1) the number of employees to be relocated due to the inversion transaction; (2) how the rights of shareholders would be impacted by the inversion; and (3) any tax consequences resulting from the inversion. (Sec. 442) Sets forth tax rules for U.S. citizens and permanent resident aliens (expatriates) who terminate their citizenship or residency for the purpose of avoiding U.S. taxation. Subjects expatriates to a tax on the net unrealized gain of property sold or transferred based upon the fair market value of such property as of the day before expatriation. Exempts from this tax the first $600,000 of the value of such property ($1.2 million for joint returns). Provides for an inflation adjustment of the exemption amount. Permits expatriates to elect to continue to be taxed as a U.S. citizen. Allows deferral of tax owed, but requires the posting of adequate security for payment of any tax deferred. Sets forth rules for determining the date a U.S. citizen terminated citizenship. Sets forth rules for the tax treatment of retirement plans, interests in trusts, gifts, and inheritances of expatriates. Amends the Immigration and Nationality Act to deny expatriates who fail to comply with tax obligations reentry into the United States. (Current law denies reentry of U.S. citizens who terminate citizenship to avoid U.S. taxation.) (Sec. 443) Imposes on an individual who is a disqualified individual with respect to any inverted corporation a tax equal to 20 percent of the value of the specified stock compensation held (directly or indirectly) by or for the benefit of such individual or a member of such individual's family at any time during the 12-month period beginning on the date which is 6 months before the inversion date. (Sec. 444) Revises provisions relating to the authority of the Secretary to allocate tax incidents between the parties to a reinsurance agreement involving tax avoidance or evasion. (Sec. 445) Imposes certain reporting requirements upon the acquiring corporation in a taxable acquisition of another corporation. Provides for a penalty for failure to report required information. Subtitle E: International Tax - (Sec. 451) Expands the definition of ""banking business"" for purposes of the exemption of investment of earnings in U.S. property to include financial services providers. (Sec. 452) Provides for treatment as a dividend any distribution by a U.S. holding company to a foreign corporation of earnings in a complete liquidation, if the U.S. holding company was in existence for less than five years. (Sec. 453) Provides that in the case of any: (1) debt instrument having original issue discount which is held by a related foreign person which is a foreign personal holding company, a controlled foreign corporation, or a passive foreign investment company, a deduction shall be allowable to the issuer with respect to such original issue discount for any taxable year only to the extent such original issue discount is included during such taxable year in the gross income of a U.S. person who owns stock in such corporation; and (2) amount payable to a foreign personal holding company, a controlled foreign corporation, or a passive foreign investment company, a deduction shall be allowable to the payer with respect to such amount for any taxable year only to the extent such amount is included during such taxable year in the gross income of a U.S. person who owns stock in such corporation. (Sec. 454) Includes certain economic equivalents of foreign source income as income effectively connected with a U.S. trade or business. (Sec. 455) Sets forth a rule concerning the recapture of overall foreign losses on the sale of controlled foreign corporation stock. (Sec. 456) Establishes a minimum holding period for withholding taxes on gain and income other than dividends in order to claim the foreign tax credit. Subtitle F: Other Revenue Provisions - Part I: Financial Instruments - (Sec. 461) Permits the application of stripped preferred stock rules and stripped bond rules in the case of an account or entity substantially all of the assets of which consist of bonds, preferred stock, or combination thereof. (Sec. 462) Subjects to disallowance under the earnings stripping rules the deduction for interest paid or accrued by partnerships if the partnership meets certain tests that would apply to a C corporation. (Sec. 463) Provides that: (1) for purposes of determining income of a debtor from discharge of indebtedness, if a debtor corporation transfers stock, or a debtor partnership transfers a capital or profits interest in such partnership, to a creditor in satisfaction of its recourse or nonrecourse indebtedness, such corporation or partnership shall be treated as having satisfied the indebtedness with an amount of money equal to the fair market value of the stock or interest; and (2) in the case of any partnership, any discharge of indebtedness income so recognized shall be included in the distributive shares of taxpayers who were the partners in the partnership immediately before such discharge. (Sec. 464) Modifies straddle rules to: (1) permit taxpayers to identify offsetting positions of a straddle; (2) revise the tax treatment of certain physically settled positions of a straddle; and (3) repeal the stock and qualified covered call exceptions from the straddle rules. (Sec. 465) Denies installment sales treatment with respect to all debt instruments that are readily tradeable. Part II: Corporations and Partnerships - (Sec. 466) Limits the amount of assets that a distributing corporation can distribute to its creditors without recognition of gain to the amount of the basis of the assets contributed to a controlled corporation in a divisive reorganization. (Sec. 467) Modifies the definition of nonqualified preferred stock to add provisions stating that stock shall not be treated as participating in corporate growth to any significant extent unless there is a real and meaningful likelihood of the shareholder actually participating in the earnings and growth of the corporation. (Sec. 468) Modifies the definition of a brother-sister controlled group of corporations. (Sec. 469) Repeals section 754 of the Code (Manner of Electing Optional Adjustment to Basis of Partnership Property) and requires basis adjustments in connection with partnership distributions and transfers of partnership interests, but permits elective basis adjustments where there is a transfer of partnership interest upon a partner's death. Part III: Depreciation and Amortization - (Sec. 471) Permits (currently, prohibits) the amortization of intangibles by sports franchises. (Sec. 472) Classifies as 15-year property, for purposes of the tax deduction for depreciation, the initial clearing and grading land improvements with respect to gas utility property. Classifies as 20-year property the initial clearing and grading land improvements with respect to any electric utility transmission and distribution plant. (Sec. 473) Limits to $25,000 the cost of a sport utility vehicle of 14,000 pounds or less that is not subject to the limitation on depreciation for luxury automobiles that may be expensed. (Sec. 474) Revises rules for the first year deduction and amortization of startup and organizational expenditures. (Sec. 475) Establishes a depreciation recovery period for tax-exempt use property subject to a lease of 125 percent of the lease term. (Sec. 476) Disallows losses from the leasing of property to tax-exempt organizations (tax-exempt use losses). Allows a carryover of a disallowed loss to the next taxable year. Allows tax-exempt use losses with respect to property: (1) that is not financed with tax-exempt bonds or Federal funds; (2) in which the lessor makes an equity investment of at least 20 percent of the lessor's adjusted basis; (3) in which the lessee does not bear more than a minimal risk of loss; and (4) that grants the lessee a fair market purchase option (applies only to property with more than a seven-year class life). Applies the changes made by this section to leases entered into after November 18, 2003. Establishes a separate effective date for leases to foreign entities (taxable years beginning after January 31, 2004, for leases entered into on or before November 18, 2003). Part IV: Administrative Provisions - (Sec. 481) Requires payment of estimated tax on elective recognition of gain or loss from stock sales between target corporations and a consolidated group. (Sec. 482) Extends, until September 30, 2013, the authority of the IRS to charge certain user fees. (Sec. 483) Doubles civil penalties and interest for taxpayers who were eligible for either the Department of the Treasury Offshore Voluntary Compliance Initiative or the voluntary disclosure program for reporting underpayment of tax from certain offshore financial arrangements, but who did not participate in either program. (Sec. 484) Authorizes the IRS to enter into partial payment installment agreements with taxpayers. Requires review of such agreements at least every two years. (Sec. 485) Extends the authority for customs user fees through September 30, 2013. (Sec. 486) Permits taxpayers to make a cash deposit to suspend the running of interest on potential underpayments of tax. (Sec. 487) Authorizes the Secretary to enter into qualified tax collection contracts with private collection agencies to perform certain services related to the collection of unpaid tax. Provides that the United States shall not be liable for any act or omission of any such collection agency. Permits a civil action against a collection agency, but not against the United States, for unauthorized collection actions. Limits the term of any qualified tax collection contract to five years from the date of enactment of this Act. Requires the Secretary to submit a report to Congress biennially on qualified tax collection contracts, including a complete cost benefit analysis, the amounts collected, and the collection costs incurred (directly and indirectly). (Sec. 488) Authorizes awards to individuals who provide information to the Secretary that results in administrative or judicial actions against taxpayers whose gross income exceeds $200,000 or whose tax exceeds $20,000 for the payment of tax in dispute. Provides for awards of ten to 30 percent depending upon the value of the information provided. Establishes a Whistleblower Office in the IRS to process information received from whistleblowers and to determine appropriate awards. (Sec. 489) Prohibits the Secretary of Labor from promulgating any rule under the Fair Labor Standards Act that: (1) exempts from the overtime pay provisions of that Act any employee who earns less than $23,660 per year; and (2) is not at least as protective of overtime pay rights of employees in certain specified occupations as regulations in effect on March 31, 2003. (Sec. 490) Invalidates final regulations promulgated under the Fair Labor Standards Act on April 23, 2004 that exempt certain employees from overtime pay protections. Part V: Miscellaneous Provisions - (Sec. 491) Includes any vaccine against hepatitis A under the 75-cents-per-dose manufacturer's excise tax. (Sec. 492) Makes the exclusion for gain on the sale of a principal residence inapplicable if the principal residence was acquired in a like-kind exchange in which the gain was not recognized within the required five year period. (Sec. 493) Increases: (1) from an amount equal to 50 to 60 percent of gross receipts the amount of premiums a tax-exempt small property and casualty insurance company may receive ; and (2) from $1.2 million to $1.89 million (adjusted for inflation after 2005) the amount of premiums such an insurance company may receive without forfeiting its election to be taxed only on investment income. (Sec. 494) Sets forth rules for the tax deduction for charitable contributions of patents and similar intellectual properties. Revises requirements for informational returns relating to certain donated property to include rules for the contribution of patents and similar intellectual property. Authorizes the Secretary to prescribe regulations to prevent abuse of the tax deduction. (Sec. 495) Increases from under 14 to under 18 the age of minor children whose unearned income is taxed at the parent's tax rate. (Sec. 496) Revises the holding periods for determining the deductibility of certain preferred stock dividends. (Sec. 497) Adopts a substantial presence test for purposes of determining bona fide residence in U.S. possessions for tax purposes. Requires Virgin Island residents to file an income tax return with the United States (current law requires filing only with the Virgin Islands). Imposes a penalty for failure to file a required return and increases such penalty for willful violations. Title V: Protection of United States Workers From Competition of Foreign Workforces - (Sec. 501) Amends the Office of Federal Procurement Policy Act to prohibit: (1) outsourced Federal Government work from being performed by a contractor outside the United States unless Federal employees previously performed such work outside the United States; (2) Federal contracts from being performed outside the United States except to meet a requirement of an executive agency for the contract to be performed specifically at a location outside the United States; and (3) Federal funds from being disbursed to a State unless the Governor of the State has transmitted written certification that none of the funds will be spent on work performed outside the United States (this provision does not apply to States for the fiscal year of the enactment of this Act and the next fiscal year). Exempts executive agency contracts from limitations on outsourcing if the President determines that it is in the national security interests for such contract to be performed outside the United States, or the head of such executive agency determines that property or services needed by the agency are available only outside the United States and that no property or services available inside the United States would satisfy the agency's needs. Excludes from limitations on outsourcing of Federal and State resources, procurement covered by the World Trade Organization Government Procurement Agreement. Excludes from limitations on outsourcing of Federal work: (1) the Departments of Defense Army, Navy, or Air Force or any of their agencies or entities; (2) the Department of Homeland Security; (3) the Department of Energy with respect to national security programs; or (4) any element of the intelligence community. Requires the Director of the Office of Management and Budget to track waivers and notifications of exemptions from outsourcing limitations and to report to Congress. Requires the Comptroller General to review annually waivers of outsourcing limitations and disbursements to States subject to outsourcing limitations and to report to Congress. (Sec. 502) Repeals provisions of the Transportation, Treasury, and Independent Agencies Appropriations Act, 2004 relating to outsourcing limitations that are superseded by this Act. (Sec. 503) Provides that this Title shall be effective 30 days after the Secretary of Commerce certifies that it will not result in the loss of more jobs than it will protect and will not harm the U.S. economy. Renders the provisions of this Title inapplicable to the extent that they may be inconsistent with obligations under international agreements. TITLE VI: Other Provisions - Subtitle A: Provisions Relating to Housing - (Sec. 601) Amends the Internal Revenue Code to: (1) repeal, for mortgage revenue bonds issued after enactment of this Act, the requirement that payments received on such bonds within ten years after the date of issuance must be applied for payment of outstanding bonds; (2) treat mortgage insurance premiums that are paid for a principal residence as deductible mortgage interest (phases out the deductible amount of mortgage insurance premiums for a taxpayer with an adjusted gross income exceeding $100,000); and (3) increase the tax credit for historic rehabilitation expenditures from 20 to 25 percent of expenditures for historic structures that provide low-income housing for tenants age 65 or older. Subtitle B: Provisions Relating to Bonds - (Sec. 611) Extends tax-exempt bond financing for New York Liberty Bonds through 2009 and for advance refundings of such bonds through 2005. (Sec. 612) Expands the allowable uses of qualified zone academy bond proceeds to include construction and land acquisition. (Sec. 613) Treats Indian Tribal Governments as States for purposes of the rules relating to tax-exempt bonds issued before January 1, 2006. (Sec. 614) Revises the definition of ""manufacturing facility"" for purposes of qualified small issue bonds to include the manufacture of tangible personal property, software products, biobased products, and bioenergy production. (Sec. 615) Treats certain qualified forest conservation bonds issued prior to December 31, 2006, as tax-exempt facility bonds. (Sec. 616) Authorizes the Secretary to establish a pilot program to allow Indian tribes to issue tribal school modernization bonds for the construction, rehabilitation, or repair of tribal schools. Allows a tax credit for holders of qualified tribal school modernization bonds. Subtitle C: Provisions Relating to Depreciation - (Sec. 621) Sets forth a special rule for determining the date certain bonus depreciation property, including certain noncommercial aircraft, is placed in service. (Sec. 623) Establishes a seven-year depreciation recovery period for any motorsports entertainment complex. (Sec. 624) Allows corporations a refundable credit against the alternative minimum tax in lieu of claiming certain bonus depreciation. Subtitle D: Expansion of Business Credit - (Sec. 631) Allows an increased new markets tax credit for investment in Native American reservations with a poverty rate of at least 40 percent. (Sec. 632) Allows a business tax credit for wages paid to a Ready Reserve-National Guard employee called to active duty. Limits the credit to 50 percent of the lesser of actual compensation paid or $30,000. Allows an increased refundable credit for wages paid to first responders, defined as law enforcement officials, firefighters, paramedics, and Ready Reserve-National Guard employees. Allows a tax credit for employers who hire replacement employees for Ready Reserve-National Guard employees for the period that such Reservists or Guardsmen are called to active duty. Limits the amount of the tax exclusion for employer-provided housing for individuals employed in foreign countries. (Sec. 633) Establishes a business tax credit for investment in certain rural buildings and in certain rural small businesses. (Sec. 635) Establishes a business tax credit for expenditures for railroad track maintenance and a credit for expenditures for railroad revitalization, including the costs of: (1) environmental review, track and track structure rehabilitation; (3) safety and security improvements; and (4) intercity passenger rail equipment acquisition. Allows a business tax credit for rail infrastructure projects in the New York Liberty Zone (an area in New York City designated for the issuance of tax-exempt facility bonds). (Sec. 637) Directs the Secretary to issue new regulations for the designation of targeted areas for the new markets tax credit. (Sec. 638) Modifies income requirements pertaining to families in low-income communities within high migration rural counties for purposes of the new markets tax credit. (Sec. 639) Establishes a business tax credit for expenditures to provide access to motion pictures for the deaf and hard of hearing; Subtitle E: Miscellaneous Provisions - (Sec. 641) Excludes from the unrelated business taxable income of tax-exempt organizations income from investments for the cleanup and remediation of certain brownfield sites. (Sec. 642) Excludes certain debt incurred by a small business investment company and guaranteed by the Small Business Administration from the tax on unrelated debt-financed income of tax-exempt organizations. (Sec. 643) Allows a tax deduction from gross income for attorney fees and court costs paid for legal actions involving a claim of unlawful discrimination. (Sec. 644) Excludes from gross income payments under the National Health Service Corps loan repayment program and certain State repayment programs. (Sec. 645) Increases the tax deduction for the expenses of rural letter carriers. (Sec. 646) Specifies a method of accounting for certain naval ship contracts. (Sec. 647) Suspends the application of rules imposing income tax on distributions to shareholders from the policyholder's surplus account of a life insurance company for taxable years beginning in 2004 and 2005. (Sec. 648) Provides that dividends on the capital stock or other proprietary capital interests of certain tax-exempt cooperatives shall not reduce the net earnings of such cooperatives. (Sec. 649) Modifies involuntary conversion rules to extend from two to four years the replacement period for livestock sold due to drought, flood, or other weather-related conditions. Allows the Secretary to extend the replacement period on a regional basis if weather related conditions continue for more than three years. (Sec. 650) Exempts from tax certain termination payments received by a motor vehicle dealer from a manufacturer of a discontinued vehicle if the dealer reinvests the payment in property used in the dealership within two years after the dealer returns the discontinued vehicles. (Sec. 651) Authorizes the Secretary of Housing and Urban Development to expand an area designated as a renewal community to include certain census tracts of general distress or with increased poverty rates based on 2000 census data. (Sec. 652) Reduces from 24 to 12 months the holding period for horses used in a trade or business for purposes of the capital gains tax. (Sec. 653) Establishes a Blue Ribbon Commission on Comprehensive Tax Reform to study comprehensive reform of the Federal tax system and to report its findings to the President and to Congress. (Sec. 654) Allows distributions from an employee stock benefit plan (ESOP) held by an S corporation for the purposes of repaying a loan used to purchase employer securities without loosing ESOP qualification or violating rules against prohibited transactions. (Sec. 655) Revises the definition of ""reasonably anticipated needs of a business"" for purposes of the accumulated earnings tax to include working capital for a business that includes operating expenses, taxes, and interest expenses. (Sec. 656) Permits a State-owned railroad corporation that is held by a REIT to be converted into a State-owned tax-exempt corporation, without the recognition of gain upon conversion. Allows such corporations to issue tax-exempt bonds. (Sec. 657) Revises the definition of ""contributions in aid of construction"" for purposes of the tax exclusion for such contributions to include customer connection fees for water and sewerage disposal utilities. (Sec. 658) Establishes a business tax credit for the purchase and installation of agricultural water conservation systems. (Sec. 659) Modifies involuntary conversion rules for certain corporations filing consolidated returns that were affected by the September 11, 2001, terrorist attacks in New York City. (Sec. 660) Repeals the application of below-market loan rules for loans to certain continuing care facilities under a continuing care contract. (Sec. 661) Revises the capital gains tax treatment of certain collectibles. (Sec. 662) Amends title XIX (Medicaid) of the Social Security Act to include as an optional Medicaid benefit primary and secondary medical strategies and treatment for individuals with sickle cell anemia. Subtitle F: Revenue Provisions - Part I: General Revenue Provisions - (Sec. 661A) Authorizes the Secretary to issue regulations for denying a foreign tax credit for certain applications of the credit. (Sec. 662B) Makes permanent the 18-month period for IRS notification of tax liabilities before interest and penalties can be assessed, except for liabilities resulting from gross misstatements or from certain tax shelter transactions. Part II: Pension and Deferred Compensation - (Sec. 671) Sets forth rules for determining the includibility in gross income of deferred compensation under nonqualified deferred compensation plans when such compensation is no longer subject to a substantial risk of forefeiture. Sets forth criteria for determining whether plan compensation is subject to a substantial risk of forfeiture. (Sec. 672) Prohibits deferral of gain from the exercise of stock options and restricted stock gains through deferred compensation arrangements. (Sec. 673) Requires a withholding of tax rate of 28 percent for supplemental wage payments exceeding $1 million. (Sec. 674) Provides that the exercise of a stock option shall comply with specified conflict-of-interest requirements if sold pursuant to a certificate of divestiture. (Sec. 675) Provides that investments in annuity contracts shall not include any nontaxable contributions for purposes of determining the portion of any distribution which is includible in the gross income of a citizen or resident of the United States. TITLE VII: Extensions of Certain Expiring Provisions - Subtitle A: Extensions - (Sec. 701) Extends through December 31, 2005, provisions of the Code, the Employee Retirement Income Security Act of 1974 (ERISA) and the Public Health Service Act requiring parity in the application of group health plan limits to mental health benefits. (Sec. 702) Consolidates and modifies provisions of the work opportunity credit and the welfare-to-work credit and makes the combined credit permanent. Expands eligibility for the credit by: (1) determining eligibility of ex-felons without regard to family income; and (2) raising the age ceiling of food stamp recipients from 25 to 40. Includes ""designated community resident"" (in lieu of ""high risk youth"") as a member of a targeted group for purposes of the credit. Repeals the separate welfare-to-work tax credit. Extends through 2005 the following expiring tax provisions: (1) the authorization for States to issue up to $400 million of qualified zone academy bonds; (2) the tax deduction for certain corporate donations of scientific research property and computer technology and equipment used for educational purposes; (3) the tax deduction from gross income for certain expenses of elementary and secondary school teachers; (4) expensing provisions for environmental remediation costs; (5) the authority for issuance of tax-exempt New York Liberty Bonds; (6) the designation of a District of Columbia enterprise zone, the authority to issue tax-exempt economic development bonds within a District of Columbia Enterprise Zone, the exclusion of gain from the sale or exchange of a District of Columbia Enterprise Zone asset held for more than five years, and the tax credit for first-time District of Columbia home buyers; (7) the Indian employment tax credit; (8) accelerated depreciation for business property on Indian Reservations; and (9) the authority for disclosing certain tax return information to the Department of Education for taxpayers seeking student loan repayment plans based on income. (Sec. 705) Extends until January 1, 2006, the increased amount ($13.25 instead of $10.50) of excise tax on distilled spirits required to be paid back (covered) to the Treasuries of Puerto Rico and the Virgin Islands. Extends through 2004 the following expiring tax provisions: (1) the tax credit for electricity produced from wind, closed-loop biomass, and poultry waste facilities; (2) the taxable income limit on percentage depletion for oil and natural gas produced from marginal facilities; and (3) the allowance of nonrefundable tax credits against income and alternative minimum tax liabilities. (Sec. 710) Repeals provisions that provided for a reduction in certain deductions of mutual life insurance companies (previously repealed by the Pension Funding Equity Act of 2004). (Sec. 712) Makes permanent the combined Federal and state employment tax reporting program. (Sec. 719) Amends the Employee Retirement Income Security Act (ERISA) of 1974 with respect to transfers of excess pension assets to retiree health accounts. (Sec. 720) Eliminates the phase-out of the tax credit for qualified electric vehicles. (Sec. 721) Eliminates the phase-out in 2004 to 2006 of the tax deduction for clean-fuel vehicle property. Subtitle B: Revenue Provisions - (Sec. 731) Revises rules for claiming tax deductions for charitable donations of motor vehicles, boats, and airplanes valued over $500. Limits the allowable amount of such deductions to the gross proceeds received by the donee charitable organization from the sale of the donated vehicle. Requires the donee organization to provide donors with a written acknowledgment of the contribution within 30 days of the donation. Imposes a penalty upon donee organizations for providing false or fraudulent acknowledgments. (Sec. 732) Adds the trivalent vaccine against influenza as a taxable vaccine for purposes of the excise tax on certain vaccines. (Sec. 733) Specifies standards for regulations governing contingent payment convertible debt instruments. (Sec. 734) Increases from 15 to 100 percent the allowable amount of the continuing levy on Federal vendor payments for unpaid taxes. Title VIII: Energy Tax Incentives - (Sec. 800) Energy Tax Incentives Act - Subtitle A: Renewable Electricity Production Tax Credit - Modifies the tax credit for electricity produced from certain renewable resources to extend placed-in-service dates for certain energy resources eligible for the credit and to include the following energy resources: (1) open-loop biomass; (2) geothermal energy; (3) solar energy; (4) small irrigation power; (5) biosolids and sludge; and (6) municipal solid waste. Permits certain tax-exempt organizations, public utilities, and governmental entitles (including the Tennessee Valley Authority (TVA)) eligible for the credit to assign unused credit amounts to other entities or individuals. Subtitle B: Alternative Motor Vehicles and Fuels Incentives - (Sec. 811) Allows a tax credit for alternative motor vehicles, including a fuel cell motor vehicle credit, a hybrid motor vehicle credit, and an alternative fuel motor vehicle credit. Sets forth formulae for determining the allowable amount of such credits based upon size of the vehicle and fuel efficiency ratings. Terminates the credit after 2011 for fuel cell motor vehicles and after 2006 for the other vehicles. (Sec. 812) Increases the tax credit for qualified electric vehicles and makes certain battery-operated vehicles eligible for the credit. (Sec. 813) Allows a tax credit for up to 50 percent of the cost of installing a clean-fuel vehicle refueling property, up to $30,000 for a retail property and $1,000 for a residential property. Terminates the credit for: (1) a property relating to hydrogen after 2011; and (2) any other property after 2007. (Sec. 814) Allows a tax credit for the retail sale of alternative fuels as motor vehicle fuel. Defines "" alternative fuel"" as compressed natural gas, liquefied natural gas, liquefied petroleum gas, hydrogen, or any liquid at least 85 percent of the volume of which consists of methanol or ethanol. Terminates the credit after 2006. (Sec. 815) Modifies the small ethanol producer tax credit to allow the allocation of credit amounts to patrons of a tax-exempt cooperative organization. Changes the definition of a small ethanol producer to increase from 30 to 60 million gallons the required capacity of a producer to qualify for the credit. Allows a small ethanol producer to apply credit amounts against alternative minimum tax liability. Subtitle C: Conservation and Energy Efficiency Provisions - (Sec. 821) Allows a tax credit for the cost of certain energy efficient property installed in a principal residence built or manufactured after 2004. Limits the amount of the credit based upon the projected savings in heating and cooling energy consumption. (Sec. 822) Allows a tax credit for certain energy efficient home appliances. (Sec. 823) Allows a tax credit for the cost of certain residential energy efficient properties, including photovoltaic and solar water heating properties. Terminates the credit after 2007. Allows the application of the credit against income and alternative minimum tax liability. (Sec. 824) Allows an energy tax credit for the cost of qualified fuel cell property or microturbine property. (Sec. 825) Allows a tax deduction for the cost of energy conserving properties installed in a new or renovated commercial building. Terminates the credit for buildings uncompleted as of December 31, 2009. (Sec. 826) Provides for an accelerated three-year recovery period for the depreciation of a qualified energy management device (a device that measures electricity consumption). (Sec. 827) Provides for an accelerated three-year recovery period for the depreciation of a qualified water submetering device (a device used to measure water consumption). (Sec. 828) Allows a tax credit for combined heat and power system property. (Sec. 829) Allows a tax credit for ten percent of the costs of energy efficient improvements made to an existing home up to $300, reduced by energy credits received for all preceding taxable years. Subtitle D: Clean Coal Incentives - Part I: Credit for Emission Reductions and Efficiency Improvements in Existing Coal-Based Electricity Generation Facilities - (Sec. 831) Allows a business tax credit for a certain amount of clean coal technology production within a ten-year period after the clean coal technology unit was returned to service. Part II: Incentives for Early Commercial Applications of Advanced Clean Coal Technologies - (Sec. 832) Allows a tax credit for ten percent of the cost of investing in an advanced clean coal technology unit. (Sec. 833) Allows a tax credit for certain levels of production from an advanced clean coal technology unit. Part III: Treatment of Persons Not Able to Use Entire Credit - (Sec. 834) Permits certain tax-exempt organizations, utilities, and governmental entities (including the TVA) to assign amounts of unused tax credits for clean coal technology production to other entities or individuals. Subtitle E: Oil and Gas Provisions - (Sec. 841) Allows a tax credit for producing oil and gas from marginal wells. (Sec. 842) Provides for a seven-year recovery period for the depreciation of any natural gas gathering line. (Sec. 843) Allows a current year tax deduction for up to 75 percent of the capital costs incurred in complying with Environmental Protection Agency (EPA) sulfur regulations. (Sec. 844) Allows a business tax credit for the production of low sulfur diesel fuel. (Sec. 845) Modifies the definition of small refiners for purposes of the percentage depletion allowance to require an average daily run of less than 60,000 barrels (current law requires less than 50,000 barrels). (Sec. 846) Extends through 2006 the suspension of the 100 percent of net income limit on percentage depletion for oil and natural gas produced from marginal properties. (Sec. 847) Permits the amortization of delay rental payments (payments by oil and gas producers under production contracts with mineral owners when the producer delays mineral production to delay payments of royalties under the contract) over a two-year period. (Sec. 848) Permits the amortization of geological and geophysical expenditures in connection with oil and gas exploration in the United States over a two-year period. (Sec. 849) Revises the tax credit for producing fuel from a nonconventional source to extend placed-in-service dates for certain fuel producing facilities and to add facilities producing fuels from agricultural and animal waste, viscous oil, refined coal, and coal mine gas as fuel sources eligible for the credit. Directs the Secretary to study the effect of this tax credit on the production of coal bed methane. (Sec. 850) Allows a 15-year recovery period for the depreciation of natural gas distribution lines. (Sec. 851) Allows a tax credit for production of Alaska natural gas equal to $0.52 per 1 million British thermal units of Alaska natural gas, adjusted for inflation. Allows application of the credit amount against income and alternative minimum tax liabilities. Allows a seven-year recovery period for the depreciation of any Alaska natural gas pipeline. (Sec. 854) Creates an exception to arbitrage bond rules by excluding from the term ""investment-type property"" a prepayment under a qualified natural gas contract. Subtitle F: Electric Utility Restructuring Provisions - (Sec. 855) Revises rules for nuclear decommissioning costs (Sec. (856) Allows tax-exempt cooperatives to receive income from nonmembers and to participate in open access transactions without losing their tax-exempt status. (Sec. 857) Permits the recognition of gain from an electric transmission transaction ratably over an eight-year period. Subtitle G: Volumetric Ethanol Excise Tax Credit - (Sec. 860) Volumetric Ethanol Excise Tax Credit (VEETC) Act of 2004 - Allows a credit against the gasoline excise tax for alcohol fuel and biodiesel mixtures. (Sec. 862) Allows an income tax credit for biodiesel used as fuel. Subtitle H: Fuel Fraud Prevention - (Sec. 870) Fuel Fraud Prevention Act of 2004 - Part I: Aviation Jet Fuel - Revises rules for the taxation of aviation-grade kerosene. Retains current tax rates on such fuel, but allows a reduced rate of 4.4 percent (as under current law) for fuel which is removed from any refinery or terminal directly into the fuel tank of a commercial aircraft. (Sec. 872) Requires annual payments from the Airport and Airway Trust Fund into the Highway Trust Fund of amounts attributable to fuel used primarily for highway transportation purposes. Part II: Dyed Fuel - (Sec. 873) Changes the dyeing process for the diesel fuel and kerosene tax exemption from manual to mechanical injection. Requires the Secretary to issue regulations on mechanical dye injection systems, including making such systems tamper resistant. Imposes a penalty for tampering with a mechanical dye injection system of the greater of $25,000 or $10 for each gallon of fuel involved. Imposes a penalty upon the operator of a mechanical dye injection system of $1,000 for each failure to maintain security standards and $1,000 for each day such operator fails to correct a violation. (Sec. 874) Denies an administrative appeal for taxpayers who have two prior violations for selling dyed fuel for a taxable use. (Sec. 875) Imposes a penalty for the sale, for a taxable use, of dyed fuel that has been altered. (Sec. 876) Exempts school and intracity passenger buses from certain dyeing requirements relating to the excise tax on diesel fuel and special motor fuels. Part III: Modification of Inspection of Records Provisions - (Sec. 877) Authorizes the Secretary to inspect any books, records, and shipping papers pertaining to taxable fuels (i.e. gasoline, diesel fuel, and kerosene) at locations where such fuels are produced or stored. Imposes a penalty for refusing IRS agents entry for inspection. Part IV: Registration and Reporting Requirements - (Sec. 879) Extends the bulk transfer exemption from taxable fuels to registered pipeline or vessel operators. Imposes a penalty for the intentional transfer of any taxable fuel in bulk to an unregistered individual. (Sec. 880) Requires every operator of a vessel who is required to register for the bulk transfer exemption to display proof of registration through a prescribed electronic identification device on each vessel used by such operator to transport any taxable fuel. Imposes a penalty on an operator for $500 for each failure to display proof of registration with increased penalties for multiple violations. Allows penalties to be waived upon a showing that failure to register was due to reasonable cause. (Sec. 881) Requires registration of certain operators of terminals or refineries within a foreign trade zone or within a customs bonded storage facility. (Sec. 882) Increases to $10,000 certain civil and criminal penalties for failure to register or for falsely representing registration status with respect to a taxable fuel. Imposes penalties for failure to register and to report required information with respect to the excise taxes on special fuels, petroleum products, and aviation fuels. (Sec. 883) Directs the Secretary to require taxpayers claiming certain tax benefits with respect to taxable fuels to file informational returns. Part V: Imports - (Sec. 884) Imposes fuel excise taxes at the point of entry for unregistered importers of taxable fuels. (Sec. 885) Amends the Trade Act of 2002 to direct the Secretaries of Homeland Security and the Treasury to promulgate regulations for sending to the IRS, through an electronic data interchange system, information pertaining to cargo of taxable fuels destined for importation into the United States prior to such importation. Part VI: Miscellaneous Provisions - (Sec. 886) Redefines ""diesel fuel"" to include any liquid which is sold as or offered for sale as a fuel in a diesel-powered highway vehicle or a diesel-powered train. (Sec. 887) Limits ultimate vendor claims for tax refunds for sales of diesel fuel or kerosene used on a farm for farming purposes to amounts of not more than 500 gallons. (Sec. 888) Provides that a registered vendor of taxable fuels on which excise tax has been paid shall be treated as the ultimate vendor for purposes of claiming credits and refunds of tax. Grants ultimate vendor status to credit card lenders for credit card purchases of diesel fuel or kerosene, including credit and purchases by State and local governments. (Sec. 889) Exempts the delivering person from liability for fuel excise tax in two-party exchanges (as defined in this section). (Sec. 890) Allows for the proration of the use tax on heavy vehicles (weighing more than 55,000 pounds) that are sold before the end of the taxable period. Repeals provisions allowing installment payments of such use tax. Requires a taxpayer with 25 or more heavy vehicles to file returns electronically. Repeals the reduced tax rate for Canadian and Mexican heavy vehicles. (Sec. 891) Appropriates amounts equivalent to specified penalties created or increased by this Act to the Highway Trust Fund. (Sec. 892) Excludes from the export exemption for certain excise taxes the delivery of a taxable fuel into a fuel tank of a motor vehicle shipped or driven out of the United States. Part VII: Total Accountability - (Sec. 893) Imposes a gasoline excise tax on reportable liquids. Defines ""reportable liquids"" as any petroleum-based liquid other than a taxable fuel. (Sec. 894) Directs the Secretary to require monthly tax returns for taxpayers liable for certain fuel taxes. Requires electronic filing of such returns after 2005. (Sec. 895) Directs the Secretary to require reporting with respect to taxable fuels removed, entered, or transferred from any registered refinery, pipeline, or vessel. Requires electronic reporting for taxpayers with 25 or more reportable transactions a month. Subtitle I: Mobile Machinery - (Sec. 896) Exempts certain mobile machinery from the excise tax on heavy trucks sold at retail, the use tax on heavy vehicles, and the tax on tires. Establishes a design-based test and a use-based test (less than 5,000 miles use on public highways per year) to determine whether certain equipment qualifies as mobile machinery for purposes of the tax exemption. Allows refunds of fuel taxes paid on mobile machinery on an annual basis only. Subtitle J: Additional Provisions - (Sec. 897) Directs the Comptroller General to undertake an ongoing analysis of the effectiveness of the tax provisions relating to alternative motor vehicles and fuels and conservation and energy efficiency enacted by this Act and to make annual reports to Congress. (Sec. 898) Repeals the 4.3-cents-per-gallon General Fund excise tax on diesel fuel used in trains and fuels used in barges operating on the designated inland waterways system. (Sec. 899) Modifies the 90 percent of gross income test for income of a regulated investment company to include distributions or other income derived from an interest in a publicly traded partnership. (Sec. 899A) Allows the tax credits for alcohol fuels and for the production of electricity to be applied against income tax and alternative minimum tax liabilities. (Sec. 899B) Allows an investment tax credit for 15 percent of the cost of qualifying pollution control equipment. (Sec. 899C) Provides for a 15-year depreciation recovery period for certain electric transmission property (transmitting 69 or more kilovolts of electricity). Title IX: Homestead Preservation Act - (Sec. 901) Homestead Preservation Act - Directs the Secretary of Housing and Urban Development to establish a mortgage payment assistance program to award low-interest loans to enable an eligible individual to continue to make mortgage payments on a principal residence. Establishes eligibility requirements for obtaining a loan, including that the program beneficiary be a worker adversely affected by international economic activity and that such beneficiary be enrolled in a training or assistance program. Sets forth requirements for such loans, including repayment requirements. Authorizes appropriations for the mortgage assistance payment program for FY 2005 through 2009. Title X: Office of Federal Procurement Policy Act Improvements - Amends the Office of Federal Procurement Policy Act to require the head of each executive agency to report to Congress on agency acquisitions of articles, materials, or supplies manufactured outside the United States and to make such report publicly available on the Internet. Exempts from such reporting requirement any procurement for national security purposes entered into by the: (1) Department of Defense; (2) Departments of the Army, Navy, or Air Force or any agency or entity of the military departments; (3) Department of Homeland Security; (4) Department of Energy or any of its agencies or entities with respect to the national security programs of that Department; or (5) any element of the intelligence community. Directs the Secretary of Commerce to report to Congress (and make such report publicly available on the Internet) on acquisitions by foreign governments of articles, materials, or supplies that were manufactured or extracted in the United States and to indicate the dollar value of such items.",11;12,enforcement,"The bill addresses corporate tax compliance and enforcement by modifying international tax rules and imposing penalties for tax avoidance and evasion, aligning with categories for Accounting Financial Reporting & Tax and Fraud, Corruption & Criminal Conduct."
s944-116,116,2019-03-28,"A bill to enhance the security operations of the Transportation Security Administration and the stability of the transportation security workforce by applying a unified personnel system under title 5, United States Code, to employees of the Transportation Security Administration who are responsible for screening passengers and property, and for other purposes.",Strengthening American Transportation Security Act of 2019,Transportation and Public Works,"Aviation and airports|Department of Homeland Security|Department of Transportation|Government employee pay, benefits, personnel management|Labor-management relations|Transportation safety and security|Worker safety and health",1;3,Wage Hour & Benefits;Labor Relations,enforcement,"The bill relates to the pay, benefits, and personnel management of TSA employees, which, while government employees, involves establishing workplace protections and labor-management relations that are analogous to those governed by the FLSA and Federal Labor Relations Authority, thus impacting employer-side conduct.","Strengthening American Transportation Security Act of 2019

This bill expresses the sense of Congress that the personnel system used by the Transportation Security Administration (TSA) provides insufficient workplace protections for its workforce and such personnel should be entitled to protections under the civil service system applicable to all federal employees.

Among other things, the bill

 eliminates personnel authorities of the Department of Homeland Security (DHS) and the Department of Transportation governing the conditions of employment for TSA employees, thus making TSA employees subject to the personnel management system applicable to other federal employees; sets forth transition rules that protect the pay rates and other rights of TSA employees; requires DHS to consult with the labor organization certified by the Federal Labor Relations Authority to carry out the conversion of such positions; and does not affect the prohibitions against disloyalty and asserting the right to strike against the federal government.",,,"The bill addresses the personnel system for TSA employees, which involves government employee pay and benefits, not private employer obligations or corporate misconduct."
hr209-108,108,2003-01-07,To extend the Temporary Extended Unemployment Compensation Act of 2002.,American Worker Temporary Relief Act,Labor and Employment,Unemployment insurance,1,Wage Hour & Benefits,enforcement,"The bill extends unemployment compensation, which directly relates to employer obligations regarding worker pay and benefits, and is a form of enforcement of existing unemployment insurance laws.","American Worker Temporary Relief Act - Amends the Temporary Extended Unemployment Compensation Act of 2002 (TEUCA) to extend the TEUC program to weeks of unemployment ending before April 1, 2003.",,,"The bill extends unemployment insurance benefits, which are government-administered and do not involve private employer wage or benefit obligations."
hr1982-109,109,2005-04-28,"To amend titles 10 and 38, United States Code, to increase benefits for members of the Armed Forces who, after September 11, 2001, serve on active duty outside the United States or its territories or possessions as part of a contingency operation (including a humanitarian operation, peacekeeping operation, or similar operation) or a combat operation.",Welcome Home G.I. Bill Act of 2005,Armed Forces and National Security,Armed forces reserves|Disabled|Higher education|Home ownership|Housing finance|Housing subsidies|Income tax|Iraq compilation|Medical screening|Medical tests|Medically uninsured|Military medicine|Military operations|Peacekeeping forces|Physical examinations|Post-traumatic stress disorder|Scholarships|Student loan funds|Tax exclusion|Veterans' benefits|Veterans' education|Veterans' medical care,1,Wage Hour & Benefits,tax_credit_introduction,"The bill introduces a housing benefit downpayment tax exclusion for veterans who served outside the United States, which relates to employer-provided benefits and financial security.","Welcome Home G.I. Bill Act of 2005 - Increases and extends the duration of basic educational assistance for individuals who serve at least six consecutive months (with exceptions from the six consecutive months requirement due to medical, hardship, or involuntary separation ) on active duty outside the United States as part of a combat or contingency operation (including a humanitarian or peacekeeping operation) beginning on September 11, 2001, and ending five years after enactment of this Act. Permits assistance use for student loan repayment. Provides for refund of educational contributions made under the Montgomery G.I. Bill program. Increases and extends the duration of educational assistance for reserve component members called or ordered to active service in response to a war or national emergency who perform active duty service for 180 consecutive days before the five-year period beginning on the date of enactment of this Act. Permits assistance use for student loan repayment. Provides $5,000 for a residential purchase downpayment for a veteran who: (1) performs active duty service outside the United States as part of a combat or contingency operation (including a humanitarian or peacekeeping operation) for at least six consecutive months (or a lesser time period for an individual with a service-connected disability) after September 11, 2001; and (2) has not previously obtained a veterans' guaranteed or insured housing loan. Makes such benefit available for five years from the date eligible service is completed. Amends the the Internal Revenue Code to exclude such housing benefit from gross income. Provides transitional health care benefits during the five-year period after separation from active duty for an individual who is not covered under an employer-provided or a spouse's employer-provided group health plan who: (1) serves in the active military, naval, or air service; (2) after September 11, 2001, is deployed outside the United States as part of a combat or contingency operation (including a humanitarian or peacekeeping operation) for at least six consecutive months (or a lesser time period for an individual with a service-connected disability); and (3) is discharged or released under conditions other than dishonorable. Revises predeployment and postdeployment medical exam provisions.",,,"The bill focuses on increasing benefits for military personnel and veterans, which does not involve private employer wage or benefit obligations."
s4-110,110,2007-01-04,"A bill to make the United States more secure by implementing unfinished recommendations of the 9/11 Commission to fight the war on terror more effectively, to improve homeland security, and for other purposes.",Improving America's Security Act of 2007,Emergency Management,Administrative procedure|Airline passenger traffic|Airports|Alaska|Aliens|American Samoa|Appropriations|Auditing|Aviation safety|Biological warfare|Border patrols|Canada|Charities|Chemical warfare|Confidential funding (Federal budgets)|Congressional investigations|Congressional oversight|Congressional reporting requirements|Construction costs|Cost effectiveness|Criminal justice information|Curricula|Customs administration|Data banks|Democracy|Department of Defense|Department of Energy|Department of Homeland Security|Department of Justice|Disaster relief|Dismissal of employees|District of Columbia|Driver licenses|Drug abuse|Drug addiction|Drug law enforcement|Electronic data interchange|Elementary and secondary education|Emergency communication systems|Employee training|English language|Extremist movements in politics|Federal Bureau of Investigation (FBI)|Federal advisory bodies|Federal aid to Indians|Federal aid to law enforcement|Federal employees|Federal officials|Federal-local relations|Federal-state relations|Foreign service|Government publicity|Governmental investigations|Grants-in-aid|Guam|Higher education|Hours of labor|Human rights|Identification devices|Identification of criminals|Indian law enforcement|Infrastructure|Infrastructure (Economics)|Intelligence officers|Intermodal transportation|International broadcasting,1;24,Wage Hour & Benefits;Government Reporting & Compliance,enforcement,"The bill addresses hours of labor and dismissal of employees, which relates to wage and hour issues and potential retaliation against employees, and also addresses government reporting requirements, specifically regarding illegal corporate campaign contributions and failure to disclose political advertising.","Improving America's Security Act of 2007 - Provides for implementation of recommendations of the National Commission on Terrorist Attacks Upon the United States (9/11 Commission). Title I: Improving Intelligence and Information Sharing within the Federal Government and with State, Local, and Tribal Governments - Subtitle A: Homeland Security Information Sharing Enhancement - (Sec. 111) Amends the Homeland Security Act of 2002 (HSA) to require the Secretary of Homeland Security (the Secretary) to administer the Homeland Security Advisory System to provide warnings regarding the risk of terrorist attacks on the homeland to federal, state, local, and tribal government authorities and to the people of the United States. Directs the Secretary to: (1) exercise primary responsibility for providing such warnings (2) establish criteria and develop a methodology for the issuance and revocation of such warnings; (3) provide, in each warning, specific information and advice regarding appropriate protective measures and countermeasures that may be taken to enable individuals, government entities, emergency response providers, and the private sector to act appropriately; and (4) limit the scope of each warning, whenever possible, to a specific region, locality, or economic sector believed to be at risk.Directs the Secretary to: (1) integrate and standardize the information of the intelligence components of the Department of Homeland Security (DHS), except for any internal protocols, to be administered by the Chief Intelligence Officer (CIO); and (2) designate, for each component, an information sharing and knowledge management officer who shall report to the CIO. Requires the CIO to: (1) establish DHS-wide procedures for the review and analysis of information gathered from government and private sector sources; and (2) integrate such information into information gathered by, and make such information available within, DHS and other federal agencies.Directs the Secretary to develop mechanisms to provide feedback regarding the analysis and utility of information provided.Requires the CIO to: (1) provide opportunities for training and education to DHS employees; and (2) evaluate how employees of the Office of Intelligence and Analysis and DHS intelligence components are utilizing homeland security information, sharing information within DHS, and participating in the information sharing environment established under the Intelligence Reform and Terrorism Prevention Act of 2004 (IRTPA).Amends HSA to modify the responsibilities of the Under Secretary for Information Analysis and Infrastructure Protection to require: (1) access, receipt, analysis, and integration of information to be in support of DHS mission responsibilities and consistent with the functions of the National Counterterrorism Center; and (2) review, analysis, and recommendations for improvements in information-sharing to be made among the federal, state, local, and tribal government authorities.Amends IRTPA to require the information sharing environment to perform specified functions, including integrating information and technologies and incorporating continuous, real-time, and immutable audit capabilities. Expands the program manager's responsibilities, to include: (1) assisting in the development of policies to foster the development and proper operation of the information sharing environment; and (2) identifying and resolving information sharing disputes between federal departments. Requires: (1) the Information Sharing Council to assist the program manager in identifying and resolving such disputes and to identify appropriate personnel for assignment to the program manager to support staffing needs; (2) the departments represented on the Council, at the request of the Director of National Intelligence (DNI), to detail appropriate personnel to the program manager on a reimbursable basis; and (3) the President to report to Congress each year on the state of the information sharing environment and of information sharing across the government. Directs the President to report to specified committees on the feasibility of: (1) eliminating the use of any marking or process to restrict the sharing of information within the scope of the information sharing environment among participants in such environment unless the President has specifically exempted categories of information from elimination; (2) continuing to use federal agency standards in effect for the collection, sharing, and access to such information relating to citizens and lawful permanent residents; (3) replacing those standards with one that would allow mission-based or threat-based permission to access or share information for a particular purpose that the government has determined to be lawfully permissible for a particular agency, component, or employee (an ""authorized use"" standard); and (4) the use of anonymized data by federal departments when such use is reasonably expected to produce results materially equivalent to the use of non-anonymized information and is consistent with any mission of that department involving personally identifiable information.Authorizes the program manager to hire up to 40 full-time employees to assist in: (1) identifying and resolving information sharing disputes between federal agencies; and (2) other activities associated with the implementation of the information sharing environment. (Sec. 113) Directs: (1) the Secretary, acting through the CIO, to develop a curriculum for the training of state, local, and tribal government officials relating to the handling, review, and development of intelligence material; and (2) the Federal Law Enforcement Training Center and other federal entities to carry out training programs. (Sec. 114) Authorizes the President or the head of an agency, in making cash awards, to consider an employee's success in sharing information in the information sharing environment and directs agency heads to adopt best practices regarding effective ways to educate and motivate federal officers and employees to engage in such environment.Subtitle B: Homeland Security Information Sharing Partnerships - (Sec. 121) Amends HSA to direct the Secretary to establish a State, Local, and Regional Fusion Center Initiative. Authorizes: (1) the CIO to assign officers and intelligence analysts from DHS components to state, local, and regional fusion centers; and (2) the Secretary to develop qualifying criteria for a fusion center to participate in assigning DHS officers or intelligence analysts. Lists as prerequisites for such assignment intelligence analysis, privacy, and civil liberties training. Grants each assigned individual direct access to all relevant federal databases and information systems. Directs the Secretary to: (1) create a mechanism for any state, local, or tribal emergency response provider who is a consumer of intelligence to voluntarily provide feedback to DHS; and (2) establish guidelines for fusion centers operated by state and local governments, including incorporating emergency response providers and the private sector into all relevant phases of the intelligence and fusion process through full time representatives or liaison officers. Requires: (1) the Secretary to submit to the House and Senate homeland security committees a concept of operations report; and (2) the Privacy and Civil Liberties Oversight Board to report on the privacy and civil liberties impact of the program.(Sec. 122) Directs the Secretary, acting through the CIO, to establish a Homeland Security Information Sharing Fellows Program. (Sec. 123) Establishes a Rural Policing Institute, which shall be administered by the Office of State and Local Training of the Federal Law Enforcement Training Center, to: (1) evaluate the needs of law enforcement agencies of units of local government and tribal governments located in rural areas; (2) develop and provide expert training programs to address those needs, including combating methamphetamine addiction and distribution, domestic violence, and response related to school shootings; and (3) conduct outreach. Subtitle C: Interagency Threat Assessment and Coordination Group - (Sec. 131) Directs the program manager for the information sharing environment to oversee and coordinate the creation and ongoing operation of an Interagency Threat Assessment and Coordination Group (ITACG), which shall facilitate the production of federally coordinated products derived from information within the scope of such environment intended for distribution to state, local, and tribal government officials and the private sector. Requires ITACG to be located at the facilities of the National Counterterrorism Center of the Office of the DNI.Directs the Secretary: (1) to assign a senior level officer to manage and direct ITACG administration; (2) to determine how specific products shall be distributed to state, local, and tribal officials and private sector partners; and (3) acting through the CIO, to establish standards for the admission of law enforcement and intelligence officials from a state, local, or tribal government into ITACG.Includes within ITACG representatives of DHS, the Federal Bureau of Investigation (FBI), the Department of Defense (DOD), the Department of Energy (DOE), and state, local, and tribal law enforcement and intelligence officials. Directs the program manager to develop qualifying criteria and establish procedures for selecting personnel assigned to ITACG and for the proper handling and safeguarding of information related to terrorism. Title II: Homeland Security Grants - Homeland Security Grant Enhancement Act of 2007 - (Sec. 202) Amends HSA to establish a Homeland Security Grant Program (consisting of an Urban Area Security Initiative, State Homeland Security Grant Program, and Emergency Communications and Interoperability Grants Program). Authorizes the Secretary to award Program grants through the Administrator of the Federal Emergency Management Agency (FEMA). Declares that the Program shall supersede specified programs under the USA PATRIOT Act, HSA, and the Post-Katrina Emergency Management Reform Act of 2006. Requires grant programs to include policies and procedures for: (1) identifying funded activities that are susceptible to significant improper payments; and (2) reporting the incidence of improper payments to DHS. Directs the Administrator to: (1) establish minimum performance requirements for entities that receive homeland security grants; (2) conduct simulations and exercises to test such requirements for emergencies and major disasters not less than twice each year and catastrophic incidents not less than once each year; and (3) ensure that entities that are failing to demonstrate minimum performance requirements establish a plan for the achievement of those requirements within a specified time frame. Provides that, at the Administrator's discretion, the occurrence of an actual emergency, major disaster, or catastrophic incident in an area may be deemed a simulation. Directs the Administrator to report annually to the homeland security committees on grantee performance, lessons learned, and efforts being made to remedy failed performance.Establishes the Urban Area Security Initiative to provide grants to assist high-risk metropolitan areas in preventing, preparing for, protecting against, responding to, and recovering from terrorist acts. Directs the Administrator, in allocating funds among metropolitan areas applying for such grants to consider specified factors, such as the relative threat, vulnerability, and consequences faced by the eligible metropolitan area from a terrorist attack and the anticipated effectiveness of the proposed spending plan for the eligible metropolitan area in increasing that area's ability to prevent, prepare for, protect against, respond to, and recover from terrorism, to meet its target capabilities and to otherwise reduce the overall risk. Requires the Administrator to distribute grant funds to the states in which an approved eligible metropolitan area is located. Requires each state to provide the eligible metropolitan area at least 80% of grant funds and an accounting of the items or services on which any funds retained by the state were expended. Establishes the State Homeland Security Grant Program to assist state, local, and tribal governments in preventing, preparing for, protecting against, responding to, and recovering from terrorist acts. Directs the Administrator, in allocating funds among states applying for such grants, to: (1) consider specified factors, such as the relative threat, vulnerability, and consequences faced by the state from a terrorist attack, the anticipated effectiveness of the proposed state spending plan in reaching certain goals, and the need to balance the goals of ensuring that target capabilities of the highest risk areas are achieved quickly and that basic levels of preparedness are achieved nationwide; and (2) ensure that, for each fiscal year, no state receives less than .45% of the funds appropriated for the Program and that American Samoa, the Northern Mariana Islands, Guam, and the Virgin Islands each receive not less than .08%. Allows the states to submit an application for multistate efforts. Lists minimum allocation amounts for states and directly eligible tribes. Lists permissible uses of grants, including the payment of appropriate personnel costs for protecting critical infrastructure and key resources identified in the Critical Infrastructure List. Directs the Administrator to designate not less than 25% of the combined amount appropriated for the Urban Area Security Initiative and the State Homeland Security Grant Program for law enforcement terrorism prevention activities, including for information sharing to preempt attacks, target hardening, threat recognition, and certain overtime expenses.Establishes in DHS an Office for the Prevention of Terrorism, whose Director shall report directly to the Secretary. Requires the Director to establish a pilot project to determine the efficacy and feasibility of establishing law enforcement deployment teams that shall form the basis of a national network of standardized law enforcement resources to assist state, local, and tribal governments in responding to natural disasters, terrorist acts, or other man-made disasters. . Places upon the Administrator responsibility for administering all DHS-administered homeland security grant programs and for ensuring coordination and consistency. Requires any state or metropolitan area receiving grants to establish a planning committee to assist in preparing and revising state, regional, or local homeland security plans and in determining effective funding priorities (with an exception where the state or metropolitan area has established and uses a multijurisdictional planning committee or commission that meets specified requirements).Directs the Secretary, through the Administrator, to: (1) compile a comprehensive list of federal programs that provide assistance to state, local, and tribal governments for preventing, preparing for, and responding to, disasters and terrorist acts; (2) develop a proposal to coordinate the planning, reporting, application, and other requirements and guidance for homeland security assistance programs; and (3) submit the information and proposals to the House and Senate homeland security committees.Directs the Administrator to: (1) submit to Congress, as a component of the annual Federal Preparedness Report, an evaluation of the extent to which DHS-administered grants have contributed to the progress of state, local, and tribal governments in achieving target capabilities and have led to the reduction of risk nationally and in state, local, and tribal jurisdictions; (2) report to the homeland security committees, for each fiscal year, a detailed and comprehensive explanation of the methodology used to calculate risk and compute the allocation of funds; and (3) conduct periodic reviews of grants. Requires: (1) each grant recipient and DHS to provide the Government Accountability Office (GAO) with full access to information regarding activities carried out under this title; (2) the Comptroller General to conduct annual audits of the Homeland Security Grant Program and to report to the homeland security committees; (3) grant recipients that expend $500,000 or more in funds received under this title during any fiscal year to submit to the Administrator an organization-wide financial and compliance audit report; and (4) the Secretary to conduct a recovery audit for any DHS-administered grant valued at $1 million or greater. Sets forth remedies for noncompliance.Requires the DHS Inspector General to: (1) audit each entity that receives a grant under the Urban Area Security Initiative, State Homeland Security Grant Program, or Emergency Management Performance Grants Program (under the Post-Katrina Emergency Management Reform Act of 2006) every two years and make each audit available on the Inspector General's website; (2) audit each entity that receives a grant under such programs to evaluate the use of any preparedness grant administered by DHS that was awarded before the date of this Act's enactment and make each audit available on the Inspector General's website; and (3) submit to Congress a consolidated report regarding audits conducted. Requires the Administrator to withhold 1% of the amount of each grant under such programs for audits. Expresses the sense of the Senate that: (1) DHS should administer a coherent and coordinated system of both terrorism-focused and all-hazards grants; and (2) the amounts appropriated for grants under the Urban Area Security Initiative, the State Homeland Security Grant Program, and the Emergency Communications Operability and Interoperable Communications Grants Program in any fiscal year should be in direct proportion to the amounts authorized for those programs for FY2008 under this Act.(Sec. 203) Expresses the sense of the Senate that DHS shall conduct at least 7,500 trainings annually through the Domestic Preparedness Equipment Technical Assistance Program. Directs the Secretary to report annually to specified committees on: (1) the number of trainings conducted; and (2) why fewer trainings were needed if that number is less than 7,500.Title III: Communications Operability and Interoperability - (Sec. 301) Directs the Administrator to: (1) make grants to states for initiatives necessary to achieve, maintain, or enhance statewide, regional, national, and international emergency communications operability and interoperable communications; and (2) require any state applying for a grant to submit a Statewide Interoperable Communications Plan in coordination with local and tribal governments, emergency response providers, and other relevant state officers. Lists considerations in approving applications and awarding grants, including the nature of the threat, the location, risk, or vulnerability of critical infrastructure and key national assets, and the extent to which geographic barriers pose unusual obstacles to achieving, maintaining, or enhancing emergency communications operability or interoperable communications. Directs the Secretary to: (1) establish a panel to assist in reviewing grant applications; and (2) ensure that for each fiscal year no state receives less than .75% of the total funds appropriated and American Samoa, the Northern Mariana Islands, Guam, and the Virgin Islands each receive no less than .25%. Requires the Administrator to determine a date by which a state that receives a grant shall make available to local and tribal governments and emergency response providers not less than 80% of the grant funds, an equal value of resources purchased with grant funds, or an equal value of grant funds combined with resources purchased with grant funds.Sets forth certification requirements regarding distribution of grant funds to local and tribal governments. Requires any state that receives a grant to submit a spending report to the Administrator. Requires the Administrator to make each report publicly available on the FEMA website. Establishes penalties for reporting delay. Prohibits grants from being used for recreational or social purposes. Provides that nothing in this section precludes the use of funds by a state for interim or long-term Internet Protocol-based interoperable solutions.Amends: (1) IRTPA to require interoperable communications plans to include information on the governance structure used to develop the plan, on the method by which multijurisdictional, multidisciplinary input was provided from all regions of the jurisdiction, and on the process for continuing to incorporate such input; and (2) HSA to require the National Emergency Communications Plan to set a date and interim benchmarks by which state, local, and tribal governments, federal agencies, emergency response providers, and the private sector will achieve interoperable communications.(Sec. 302) Establishes in DHS an International Border Community Interoperable Communications Demonstration Project. Requires the Secretary to select no fewer than six border communities to participate. Requires projects to address the interoperable communications needs of emergency response providers and the National Guard. Directs the Secretary to: (1) distribute funds to participating communities through the states; and (2) report to the House and Senate homeland security committees annually.Authorizes appropriations.Title IV: Emergency Management Performance Grants Program - (Sec. 401) Amends the Post-Katrina Emergency Management Reform Act of 2006 to replace a provision transferring the Noble Training Center to the Center for Domestic Preparedness with provisions establishing an Emergency Management Performance Grants Program to make grants to states to assist state, local, and tribal governments in preventing, preparing for, protecting against, responding to, recovering from, and mitigating against all hazards. Allocates .75% of grant funds to each state and .25% to American Samoa, the Northern Mariana Islands, Guam, and the Virgin Islands, with remaining funds allocated to each state in proportion to its population. Lists permissible uses of grants. Limits the federal share of costs to 50%. Requires a state to take into account the needs of local and tribal governments. Permits the Administrator to award grants to states to plan for, equip, or construct all-hazards state, local, or regional emergency operations centers. Prohibits grant awards from being used for construction that is not consistent with requirements under the Robert T. Stafford Disaster Relief and Emergency Assistance Act. Limits the federal share of costs to 75%. Authorizes appropriations.Title V: Enhancing Security of International Travel - (Sec. 501) Secure Travel and Counterterrorism Partnership Act - Expresses the sense of Congress that the United States should modernize and expand the visa waiver program by simultaneously enhancing program security requirements and extending visa-free travel privileges to nationals of foreign countries that are allies in the war on terrorism.Amends the Immigration and Nationality Act to direct the Secretary to certify to Congress when an air exit system is in place that can verify the departure of not less than 97% of foreign nationals that exit through U.S. airports. Provides for the waiver of low nonimmigrant visa refusal rate requirements for participation in the Visa Waiver Program after such certification if specified security conditions are met. Directs: (1) the Secretary and the Secretary of State to jointly use information from the system to establish a maximum visa overstay rate for countries participating in the Program pursuant to a waiver; and (2) the Secretary to submit to Congress and publish in the Federal Register a notice of the proposed maximum visa overstay rate and to issue a final rate not less than 60 days thereafter.Requires each alien traveling under the Visa Waiver Program, beginning on the date on which the electronic travel authorization system is fully operational, to electronically provide basic biographical information to the system before applying for admission. Directs the Secretary, upon review of such information, to determine whether the alien is eligible to travel to the United States under the Program. Revises requirements for eligibility as a Program country to require the government of a country to: (1) enter into an agreement with the United States to report or make available through Interpol to the U.S. government information about the theft or loss of passports within a strict time limit and in a specified manner; (2) accept for repatriation any citizen, former citizen, or national against whom a final executable order of removal is issued not later than three weeks after the issuance of the final order of removal; and (3) share information regarding whether nationals of that country traveling to the United States represent a threat. Requires the Secretary to: (1) report to Congress on the implementation of the electronic travel authorization system and the participation of new countries in the Program through a waiver; and (2) provide technical assistance to Program countries. Prohibits the Secretary from waiving an eligibility requirement without notifying the appropriate congressional committees at least 30 days before the effective date of the waiver. Authorizes the Secretary to: (1) develop and implement a fully automated electronic travel authorization system to collect basic biographical information to determine, in advance of travel, the eligibility of an alien to travel to the United States under the Program; and (2) charge a fee for the use of the system. Directs the Secretary to prescribe regulations that provide for up to a three-year period during which a determination of eligibility to travel under the Program will be valid. Permits the Secretary to revoke such determination at any time. Denies judicial review of an eligibility determination under the system. Directs the Secretary to establish an exit system that records the departure on a flight leaving the United States of every alien participating in the Program. Requires this system to: (1) match biometric information of the alien against relevant watch lists and immigration information; and (2) compare biometric information against manifest information collected by air carriers on passengers departing the United States to confirm that such individuals have departed the United States. Authorizes appropriations.(Sec. 502) Amends IRTPA to direct the Secretary to nominate a U.S. government official to serve as the Director of the Human Smuggling and Trafficking Center, to be staffed with not fewer than 40 full-time equivalent positions, detailed from specified agencies. (Sec. 503) Directs the Secretary to designate a DHS official to: (1) be responsible for carrying out the program to oversee implementation of the Secretary's responsibilities regarding terrorist travel; (2) assist in improving DHS's ability to prevent terrorists from entering or remaining undetected in the United States; and (3) serve as the Secretary's primary point of contact with the National Counterterrorism Center regarding terrorist travel initiatives and recommendations. (Sec. 504) Adds as a criterion to be met before implementation of a plan for requiring specified documents for travel in the United States certification of the signing by the Secretary and the Secretary of State of a memorandum of agreement to initiate a pilot program with not less than one state to determine if an enhanced driver's license that is machine-readable, tamper proof, and issued by such state may permit an individual to meet documentation requirements for entry into the United States from Canada. Directs the Secretary to report to the appropriate congressional committees on expansion of the pilot program and its impact on national security.(Sec. 505) Directs the Secretary to conduct: (1) a complete cost-benefit analysis of the Western Hemisphere Travel Initiative; and (2) a study of the mechanisms by which the execution fee for a PASS Card could be reduced, considering the potential increase in the number of applications.(Sec. 506) Directs the Secretary to: (1) establish a model ports-of-entry program to provide a more efficient and welcoming international arrival process in order to promote business and tourist travel to the United States while improving security; (2) implement the program initially at the 20 U.S. international airports with the greatest average annual number of arriving foreign visitors; and (3) employ at least an additional 200 Customs and Border Protection (CBP) officers to address staff shortages at such airports. Title VI: Privacy and Civil Liberties Matters - (Sec. 601) Amends the National Security Intelligence Reform Act of 2004 to direct the Privacy and Civil Liberties Oversight Board to: (1) analyze and review executive branch actions to protect the nation from terrorism; (2) ensure that liberty concerns are appropriately considered in the development and implementation of laws, regulations, and policies related to efforts to protect the nation from terrorism; (3) review and assess reports and other information from privacy officers and civil liberties officers; (4) make recommendations to such officers regarding their activities and coordinate activities on relevant interagency matters; (5) report at least semiannually to specified committees and to the President; and (6) make its reports available to the public, hold public hearings, and otherwise inform the public of its activities consistent with the protection of classified information. Sets forth provisions regarding access to information, including review of subpoena requests, and security clearances. Authorizes appropriations. (Sec. 602) Directs the Attorney General, the Secretaries of Defense, State, Treasury, Health and Human Services, and Homeland Security, the DNI, the Director of the Central Intelligence Agency (CIA), and the head of any other department designated by the Board to designate a senior officer to: (1) assist the agency head in considering privacy and civil liberties concerns when developing or implementing laws, regulations, or guidelines related to efforts to protect the nation against terrorism; and (2) periodically investigate and review department actions, guidelines, and related laws to ensure adequate consideration of privacy and civil liberties. Sets forth provisions regarding: (1) exceptions to the designation authority of privacy officers and civil liberties officers; (2) supervision, coordination, and cooperation; (3) reprisals for making complaints; and (4) periodic reports to Congress and availability to the public.(Sec. 603) Amends HSA to grant DHS's senior privacy officer access to records and authority, including subpoena power, to conduct investigations relating to DHS programs and operations. Directs such officer to: (1) report to, and be under the general supervision of, the Secretary; and (2) coordinate activities with DHS's Inspector General. Requires notification to Congress upon such official's removal or transfer. Directs that officer to report to Congress, including regarding requests for subpoenas.(Sec. 604) Federal Agency Data Mining Reporting Act of 2007 - Requires federal agency heads to report to Congress on any activity to use or develop data mining. Defines ""data mining"" as a query, search, or other analysis of one or more electronic databases, where: (1) a federal agency or a non-federal entity acting on the government's behalf is conducting the analysis to find a predictive pattern or anomaly indicating terrorist or criminal activity; and (2) the search does not use a specific individual's personal identifiers to retrieve information. Requires annual updates.Title VII: Enhanced Defenses Against Weapons of Mass Destruction - (Sec. 701) Amends HSA to direct the Secretary to establish, operate, and maintain a National Biosurveillance Integration Center (NBIC) under an existing office or directorate of DHS to oversee development and operation of a National Biosurveillance Integration System. Declares that the primary mission of the NBIC is to enhance the federal government's capability to: (1) rapidly identify and track a biological event of national significance by integrating and analyzing data from human health, animal, plant, food, and environmental monitoring systems; and (2) disseminate alerts and information to member agencies and to state, local, and tribal government agencies to enhance their ability to respond to such an event.Requires: (1) the NBIC to design the System to detect, as early as possible, a biological event of national significance that presents a risk to the United States or to the infrastructure or key assets of the United States; (2) the Secretary to ensure that the NBIC is fully operational by September 30, 2008, and to report to the House and Senate homeland security committees; and (3) NBIC's Directing Officer to establish an entity to perform operations and assessments, evaluate data for evidence of a biological event of national significance, and establish a method of real-time communication with the National Operations Center (the Biological Common Operating Picture). Directs member agencies to use best efforts to integrate biosurveillance information into the System.Requires the Directing Officer to: (1) establish an interagency coordination council to facilitate interagency cooperation and to advise the Directing Officer regarding recommendations to enhance DHS's biosurveillance capabilities; and (2) invite member agencies to serve on the council.Authorizes appropriations.(Sec. 702) Directs the Comptroller General to report to Congress on the state of biosurveillance efforts.(Sec. 703) Amends HSA to direct the Secretary, the Attorney General, the Secretaries of State, Defense, and Energy, and the DNI to jointly take specified steps to ensure interagency coordination on the development and implementation of the global nuclear detection architecture.Title VIII: Private Sector Preparedness - (Sec. 801) Defines ""voluntary national preparedness standards"" to mean a common set of criteria for preparedness, disaster management, emergency management, and business continuity programs.(Sec. 802) Amends HSA to make the Special Assistant to the Secretary responsible for: (1) providing information to the private sector regarding such standards and the business justification for preparedness; and (2) promoting to the private sector the adoption of such standards. Includes among the functions of private sector advisory councils advising the Secretary on private sector preparedness issues.(Sec. 803) Directs the Secretary to: (1) support developing, promulgating, and updating of such standards; (2) develop, implement, and promote a program to certify the preparedness of private sector entities; (3) coordinate the program with other DHS private sector-related programs and with preparedness and business continuity programs in other federal agencies; (4) enter into agreements with the American National Standards Institute or other similarly qualified nongovernmental or other private sector entities to carry out accreditations and oversee the certification process; (5) regularly monitor and inspect the operations of any third party conducting certifications; and (6) maintain and make public a listing of any private sector entity certified as being in compliance with that entity's consent.Allows the certification program to use a multiple-tiered system to rate the preparedness of a private sector entity. Directs the selected entities to collaborate to develop procedures and requirements for accreditation and certification processes. Provides for revocation of accreditation and annual reviews. Makes certification voluntary for any private sector entity. (Sec. 804) Expresses the sense of Congress that the Secretary or a designated entity should promote efforts to develop a consistent international standard for private sector preparedness. (Sec. 805) Directs the Secretary to: (1) establish a project to conduct demonstrations of security management systems that shall use a management system standards approach and that may be integrated into quality, safety, environmental, and other internationally adopted management systems; (2) enter into agreements with a private sector entity to conduct such demonstrations; and (3) report to the homeland security committees.(Sec. 807) Provides that nothing in this title may be construed to supersede any preparedness or business continuity standards, requirements, or best practices established under other federal law or by any sector-specific agency.Title IX: Transportation Security Planning and Information Sharing - (Sec. 901) Modifies provisions regarding transportation security strategic planning to direct the Secretary of Homeland Security to develop, implement, and update as needed transportation modal and intermodal security plans addressing risks, threats, and vulnerabilities for aviation, bridge, tunnel, commuter rail and ferry, highway, maritime, pipeline, rail, mass transit, over-the-road bus, and other public transportation infrastructure assets.Requires the National Strategy for Transportation Security to include: (1) the development of risk-based priorities based on risk assessments conducted by the Secretary of Homeland Security, including of freight and passenger rail transportation, and public transportation security assessments by the Department of Transportation's (DOT) Federal Transit Administration (FTA) required by this Act; (2) a strategic plan that sets forth the roles and missions of tribal authorities and includes mechanisms for encouraging cooperation and participation by private sector entities; and (3) a comprehensive delineation of prevention responsibilities and issues regarding threatened and executed acts of terrorism inside the United States and outside the United States to the extent such acts affect U.S. transportation systems. Requires transportation security research and development projects to be based on a prioritization of research and development objectives that support transportation security needs, giving a higher priority to research and development directed toward protecting vital transportation assets. Requires the Strategy also to include: (1) short- and long-term budget recommendations for federal transportation security programs that reflect National Strategy priorities; (2) methods for linking the individual transportation modal security plans and the programs contained therein and a plan for addressing the security needs of intermodal transportation hubs; and (3) transportation security modal and intermodal plans, including operational recovery plans to expedite the return of an adversely affected transportation system to its normal performance level preceding a major terrorist attack or another catastrophe. Requires such plans to be coordinated with the resumption of trade protocols required under the SAFE Port Act.Expands the scope of reporting requirements. Directs the Secretary to provide an unclassified version of the National Strategy, including its component transportation modal security plans, to federal, state, regional, local, and tribal authorities, transportation system owners or operators, private sector stakeholders, and institutions of higher learning.(Sec. 902) Directs the Secretary to: (1) establish a Transportation Security Information Sharing Plan; (2) report to the appropriate congressional committees on updates to and implementation of the Plan; and (3) gather input on its development from private and public stakeholders and the program manager of the information sharing environment. Requires the Plan to include: (1) coordination with existing modal information sharing centers and the Information Sharing and Analysis Center for Public Transportation; (2) establishment of a point of contact for each mode of transportation within DHS for its sharing of transportation security information with public and private stakeholders; (3) an implementation deadline; and (4) a description of resource needs.Directs the Secretary to: (1) conduct a biennial survey of the satisfaction of each of the recipients of transportation intelligence reports disseminated under the Plan; (2) facilitate the security clearances needed for public and private stakeholders to receive and obtain access to classified information; (3) provide public and private stakeholders with specific and actionable information in an unclassified format; and (4) provide a semiannual report to specified committees that identifies the job titles and descriptions of those with whom such information is to be shared, describes the measures taken to ensure proper treatment and security for any classified information, and explains the reason for the denial of such information to any stakeholder who had previously received it.(Sec. 903) Defines ""TSA employee"" as an individual who holds: (1) any position that was transferred from the Transportation Security Administration (TSA) of DOT to DHS by HSA; and (2) any other position within DHS the duties and responsibilities of which include carrying out functions that were transferred from the TSA to the Secretary.Repeals provisions of the Aviation and Transportation Security Act (ATSA) authorizing the Under Secretary of Transportation for Security to employ, appoint, discipline, terminate, and fix the compensation, terms, and conditions of employment in federal service for screener personnel. Directs the Secretary to: (1) ensure that all TSA employees are subject to the same personnel management system; and (2) take any measures which may be necessary to provide for the uniform treatment of all TSA employees under such system. Requires the Comptroller General to report to the homeland security committees on the pay system that applies with respect to TSA employees as of this Act's enactment and any changes to the system which would be made under any regulations which have been prescribed.(Sec. 904) Amends ATSA to make provisions regarding appeals of adverse actions applicable to individuals employed or appointed to carry out screening. Directs the Under Secretary of Transportation to provide a collaborative, integrated, employee engagement mechanism at every airport to address workplace issues, except that collective bargaining over working conditions shall not extend to pay. Denies employees the right to strike. Authorizes the Under Secretary to take necessary actions to carry out the agency mission in response to emergencies, newly imminent threats, or intelligence indicating a newly imminent emergency risk. Prohibits divulging classified information in any unauthorized forum.Amends HSA to grant screeners whistleblower protection. Directs the Comptroller General to report to the homeland security committees on: (1) the pay system that applies to TSA employees; and (2) any changes to such system that would be made under any regulations which have been prescribed under provisions regarding DHS.(Sec. 905) Amends the Security and Accountability For Every Port Act to require submission of an initial plan to scan 100% of cargo containers before they arrive in the United States, including: (1) specific annual benchmarks for the percentage of cargo containers destined for the United States that are scanned at a foreign port; (2) annual increases in the benchmarks until 100% of such containers are scanned before arriving in the United States, unless the Secretary explains in writing that inadequate progress has been made in meeting criteria for expanded scanning to be practical or feasible; (3) an analysis of how to effectively incorporate existing programs to reach the benchmarks; and (4) an analysis of the scanning equipment, personnel, and technology necessary to reach the goal of 100% scanning of cargo containers. Requires each subsequent report to include an assessment of progress toward implementing that plan.Title X: Incident Command System - (Sec. 1001) Amends HSA to include among the Regional Administrator's responsibilities to: (1) coordinate with the private sector to help ensure private sector preparedness for natural disasters, terrorist acts, or other man-made disasters; and (2) assist state, local, or tribal governments to pre-identify and evaluate suitable sites where a multijurisdictional incident command system can be established quickly.(Sec. 1002) Revises provisions concerning standards for credentialing of personnel and the typing of resources likely needed to respond to natural disasters, acts of terrorism, and other man-made disasters. Requires such credentialing standards to: (1) include the minimum professional qualifications, certifications, training, and education requirements for specific emergency response functional positions that are applicable to federal, state, local, and tribal government; (2) be compatible with the National Incident Management System; (3) be consistent with standards for advance registration for health professions volunteers; and (4) be developed within six months of this Act's enactment. Requires the Secretary and the Administrator to ensure that all DHS personnel (including temporary personnel and individuals in the Surge Capacity Force) who are likely to respond are credentialed. Directs the Administrator to: (1) evaluate whether the FEMA workforce complies with FEMA's strategic human capital plan and is sufficient to respond to a catastrophic incident; (2) provide detailed written guidance and expertise to state, local, and tribal governments to facilitate the credentialing of state, local, and tribal emergency response providers commonly or likely to be used in responding; and (3) assist such governments with credentialing their personnel. Directs: (1) the Administrator to enter into a memorandum of understanding to collaborate on establishing nationwide standards for typing of resources (i.e., evaluating assets or resources for a specific function) commonly or likely to be used in responding to a natural disaster, terrorist act, or other man-made disaster; (2) the Secretary to ensure that all such DHS resources and assets are typed; and (3) the Administrator to provide such standards to all federal agencies with responsibilities under the National Response Plan. Requires the Administrator to provide leadership, guidance, and technical assistance to such agencies to facilitate the typing process, to establish and maintain a documentation and database system of such resources and assets, and to provide detailed written guidance and expedite and assist state, local, and tribal governments with typing their resources.Directs the Administrator to create model standards or guidelines that states may adopt in conjunction with critical infrastructure owners and operators and their employees to permit access to restricted areas in the event of a natural disaster, terrorist act, or other man-made disaster.Title XI: Critical Infrastructure Protection - (Sec. 1101) Directs the Secretary to establish a risk-based prioritized list of critical infrastructure and key resources that: (1) includes assets or systems that, if successfully destroyed or disrupted through a terrorist attack or natural catastrophe, would cause catastrophic national or regional impacts; and (2) reflects a cross-sector analysis of critical infrastructure to determine priorities for prevention, protection, recovery, and restoration. Requires the Secretary to include levees in the Department's list of critical infrastructure sectors. Authorizes the Secretary to establish additional critical infrastructure and key resources priority lists by sector. Requires: (1) each list to be reviewed and updated at least annually; (2) the Secretary to report annually to the House and Senate homeland security committees and submit with each report a classified annex for required information that cannot be made public; and (3) the classification of information required to be provided to Congress, DHS, or any other agency by a sector-specific agency to be binding.(Sec. 1102) Directs the Secretary, for each fiscal year beginning with FY2007, to prepare a risk assessment of the critical infrastructure and key resources of the nation: (1) organized by sector; and (2) containing any actions or countermeasures proposed to address security concerns. Authorizes DHS to rely on a vulnerability or risk assessment prepared by another federal agency that DHS determines is prepared in coordination with other DHS initiatives relating to critical infrastructure or key resource protection and partnerships between the government and private sector. Sets forth reporting requirements and provisions regarding the classification of information.(Sec. 1103) Directs the Secretary to use the National Infrastructure Simulation and Analysis Center, where appropriate, to carry out the actions required under this title.(Sec. 1104) Directs the Secretary to report to specified committees for each fiscal year detailing the actions taken by the government to ensure the preparedness of industry to: (1) reduce interruption of critical infrastructure operations during a terrorist attack, natural catastrophe, or other similar national emergency; and (2) minimize the impact of such catastrophes.Title XII: Congressional Oversight of Intelligence - (Sec. 1201) Requires: (1) the President to disclose to the public the aggregate amount of appropriations requested in the President's budget for each fiscal year for the National Intelligence Program; (2) Congress to disclose the aggregate amounts authorized and appropriated for the Program; and (3) the DNI to assess the advisability of disclosing the aggregate amounts requested in the President's budget and authorized and appropriated by Congress for each element of the intelligence community. (Sec. 1202) Amends the National Security Act of 1947 to require the Director of the National Counterterrorism Center, the Director of a national intelligence center, or the head of any element of the intelligence community to make available any intelligence assessment or information requested by specified relevant congressional committees not later than 15 days after receiving the request. Requires such officials to provide requested information unless the President certifies that the President is asserting a privilege pursuant to the Constitution.Denies any officer or element in the executive branch the authority to require a department head of the intelligence community to: (1) receive permission to testify before Congress; or (2) submit for approval or review prior to submission to Congress testimony, recommendations, or comments that include a statement that the views expressed are those of that head and do not necessarily represent the Administration's views.Allows an employee of a covered agency (any element of the intelligence community, a national intelligence center, and any other executive agency or unit determined by the President to have as its principal function the conduct of foreign intelligence or counterintelligence activities) or an employee of a contractor carrying out activities pursuant to a contract with a covered agency to disclose covered information (information an employee reasonably believes provides direct evidence of a false or inaccurate statement that is made to Congress or that is contained in an intelligence report or estimate) to an authorized individual without first reporting such information to the appropriate Inspector General.(Sec. 1203) Amends the Public Interest Declassification Act of 2000 to authorize the Public Interest Declassification Board, upon receiving a congressional request, to conduct a declassification review and make recommendations, regardless of whether the review is requested by the President. Requires recommendations submitted to the President by the Board to be submitted to the chairman and ranking member of the congressional committee that made the request. Terminates the Public Interest Declassification Act on December 31, 2012.(Sec. 1204) Expresses the sense of the Senate that the Committee on Homeland Security and Governmental Affairs and the Select Committee on Intelligence of the Senate (each or jointly) should: (1) undertake a review of the recommendations made in the final report of the 9/11 Commission regarding intelligence reform and congressional intelligence oversight reform; (2) review and consider any other suggestions, options, or recommendations for improving intelligence oversight; and (3) report to the Senate by December 21, 2007, with any recommendations for carrying out such reforms.(Sec. 1205) Amends the Continuing Appropriations Resolution, 2007 to authorize the National Archives and Records Administration to obligate monies necessary to carry out the activities of the Public Interest Declassification Board.(Sec. 1206) Requires the Director of the CIA to: (1) prepare and make available to the public a version of the executive summary of the Office of Inspector General Report on CIA Accountability Regarding Findings and Conclusions of the Joint Inquiry into Intelligence Community Activities Before and After the Terrorist Attacks of September 11, 2001, issued in June 2005, that is declassified to the maximum extent possible, consistent with national security; and (2) submit to Congress a classified annex to the redacted executive summary that explains the reason that any redacted material was withheld from the public.Title XIII: International Cooperation on Antiterrorism Technologies - (Sec. 1301) Amends HSA to direct the Under Secretary for Science and Technology to establish the Science and Technology Homeland Security International Cooperative Programs Office. Requires the Office's Director to: (1) be responsible for developing mechanisms, legal frameworks, and strategic priorities for international cooperative activity in support of homeland security research; (2) facilitate the matching of U.S. and foreign entities engaged in homeland security research so that they may partner in research activities; and (3) ensure that the activities are coordinated with those of other relevant research agencies.Requires the Director to ensure that funding and resources expended in international cooperative activity will be equitably matched by the foreign partner government or other entity through direct funding, the funding of complementary activities, or the provision of staff, facilities, material, or equipment. Authorizes the Director to require a grant recipient to match up to 50% of the cost of the proposed project Includes among partners Israel, the United Kingdom, Canada, Australia, Singapore, and other allies in the global war on terrorism. Provides for funding for activities under this section to be paid from discretionary funds appropriated to DHS and reimbursements from foreign partners to be credited to appropriate accounts of the Directorate of Science and Technology.(Sec. 1302) Requires the Director of the Office of Management and Budget (OMB) to ensure full and timely compliance with the requirements of the Federal Funding Accountability and Transparency Act of 2006.Title XIV: Transportation and Interoperable Communication Capabilities - Transportation Security and Interoperable Communication Capabilities Act - Subtitle A: Surface Transportation and Rail Security - Part I: Improved Rail Security - (Sec. 1421) Directs the Secretary to establish a task force to complete a risk assessment of freight and passenger rail transportation, including: (1) an assessment of public and private operational recovery plans; and (2) an account of actions by public and private entities to address identified rail security issues and to assess the effective integration of such actions.Requires the Secretary to develop prioritized recommendations for improving rail security, including recommendations for: (1) improving the security of rail infrastructure and facilities, information systems, and other areas positing significant rail-related risks to public safety and interstate commerce; (2) deploying equipment and personnel to detect security threats; (3) training appropriate railroad or railroad shipper employees in terrorism prevention, preparedness, passenger evacuation, and response activities; (4) identifying the immediate and long-term costs of measures that may be required to address those risks; and (5) identifying public and private sector sources to fund such measures.Directs the Secretary to report to specified congressional committees on: (1) the assessment; (2) such prioritized recommendations; and (3) a plan for the federal government to provide adequate security support at high or severe threat levels of alert, a plan for coordinating rail security initiatives undertaken by the public and private sectors, and a contingency plan to ensure the continued movement of freight and passengers in the event of an attack affecting the railroad system; and (4) an estimate of the cost to implement such recommendations. Requires annual updates.(Sec. 1422) Authorizes the Secretary to make grants to Amtrak for: (1) protecting underwater and underground assets and systems; (2) protecting high risk and high consequence assets identified through system-wide risk assessments; (3) providing counterterrorism training; (4) providing both visible and unpredictable deterrence; and (5) conducting emergency preparedness drills and exercises.Directs the Secretary to make grants to: (1) secure major tunnel access points and ensure tunnel integrity in New York, New Jersey, Maryland, and Washington, D.C.; (2) secure Amtrak trains and stations; (3) obtain a watch list identification system approved by the Secretary; (4) obtain train tracking and interoperable communications systems that are coordinated; (5) hire additional police officers; (6) expand emergency preparedness efforts; and (7) conduct employee security training. Directs: (1) the Secretary of Transportation to disburse funds to Amtrak for projects contained in a systemwide security plan approved by the Secretary; and (2) the Secretary to ensure that, subject to meeting the highest security needs on Amtrak's entire system and consistent with the required risk assessment, stations and facilities located outside of the Northeast Corridor receive an equitable share of authorized security funds. (Sec. 1423) Authorizes the Secretary of Transportation to make grants to Amtrak for fire and life-safety improvements to Amtrak tunnels on the Northeast Corridor in New York, New Jersey, Maryland, and Washington, D.C. Makes funds available for specified upgrades of the six New York and New Jersey tunnels, the Baltimore & Potomac tunnel and the Union tunnel, and the Washington, D.C. Union Station tunnels, and for the preliminary design of options for a new tunnel on a different alignment to augment the capacity of the existing Baltimore tunnels.Prohibits the Secretary of Transportation from making funds available to Amtrak under this section until Amtrak has submitted and that Secretary has approved an engineering and financial plan and a project management plan for such projects. Provides for plan review. Directs that Secretary to: (1) consider the extent to which rail carriers other than Amtrak use or plan to use the tunnels; and (2) obtain financial contributions or commitments from such carriers at levels reflecting the extent of such use.Authorizes the Secretary to make grants to freight railroads, the Alaska Railroad, hazardous materials officers, owners of rail cars used in the transportation of hazardous materials, universities, colleges and research centers, state and local governments (for rail passenger facilities and infrastructure not owned by Amtrak), and Amtrak for full or partial reimbursement of costs incurred in the conduct of activities to prevent or respond to acts of terrorism, sabotage, or other identified intercity passenger rail and freight rail security risks, including for (1) security and redundancy for critical communications, computer, and train control systems essential for secure rail operations; (2) the security of hazardous material transportation by rail; and (3) employee security awareness, preparedness, passenger evacuation, and emergency response training.Requires the Secretary to distribute the funds authorized by this section based on risk and to encourage nonfederal financial participation in funded projectsAuthorizes appropriations.(Sec. 1425) Directs the Secretary, through the Under Secretary for Science and Technology and the Assistant Secretary for Homeland Security, to carry out a research and development program to improve freight and intercity passenger security that may include research and development projects to: (1) reduce the risk of terrorist attacks on rail transportation; (2) test new emergency response techniques and technologies; (3) develop improved freight rail security technologies; (4) test wayside detectors that can detect tampering with railroad equipment; and (5) support enhanced security for the transportation of hazardous materials by rail. Directs the Secretary to ensure that such program is coordinated with other research and development initiatives at DHS and DOT. (Sec. 1426) Authorizes the Secretary to award contracts to audit and review the safety, security, procurement, management, and financial compliance of grant recipients under this title. Directs the Secretary to prescribe procedures and schedules for awarding such grants.(Sec. 1427) Directs Amtrak to submit to the Chairman of the National Transportation Safety Board (NTSB), the Secretary of Transportation, and the Secretary a plan for addressing the needs of the families of passengers involved in any rail passenger accident involving an Amtrak intercity train resulting in a loss of life. (Sec. 1428) Requires the Secretary to submit to specified committees a report on: (1) the current system for screening passengers and baggage on passenger rail service between the United States and Canada; (2) progress by DHS towards finalizing a bilateral protocol with Canada that would provide for preclearance of passengers of trains operating between the United States and Canada; and (3) the feasibility of reinstating in-transit inspections onboard international Amtrak trains.(Sec. 1429) Directs the Secretary to issue detailed guidance for a rail worker security training program to prepare front-line workers for potential threat conditions, including information on determining the seriousness of any occurrence, the use of protective devices, and situational training exercises.Requires: (1) each railroad carrier to develop a rail worker security training program and the Secretary to review it; (2) the carrier to complete the training of all front-line workers within one year of that review; (3) the Secretary to update the guidance to reflect new or different security threats; and (4) each carrier to revise its program accordingly and provide additional training after the guidance is updated.(Sec. 1430) Sets forth certain whistleblower protections for rail employees providing information about perceived security threats. Establishes guidelines regarding disputes and the process of reporting to the Secretary regarding security problems, deficiencies, or vulnerabilities. Limits disclosure of the identity of such an employee. Prohibits retaliatory discharges or otherwise discriminating against an employee for reporting.(Sec. 1431) Directs the Secretary to require rail carriers transporting a high hazard material to develop a risk mitigation plan, including alternative routing and temporary shipment suspension options, to address risks to high consequence targets. Requires such plan to be put into effect by a rail carrier for the shipment of such materials when the threat levels of the Homeland Security Advisory System are high or severe, or when specific intelligence of a probable or imminent threat exists.(Sec. 1432) Provides for separate enforcement authority by the Secretary and the Secretary of Defense for violations of regulations and orders issued by the Secretary under this title. Establishes a civil penalty of $10,000 per violation. Provides for maximum penalties of $400,000 if the violation was committed by a person other than an individual or small business, or $50,000 if the violation was committed by an individual or small business.(Sec. 1433) Allows a rail police officer to be temporarily assigned to assist a second rail carrier under specified circumstances. Requires the Secretary of Transportation to: (1) develop model state legislation to address the problem of entities that claim to be rail carriers in order to establish and run a police force when such entities do not in fact provide rail transportation; and (2) make it available to state governments.(Sec. 1434) Directs the Secretary to develop a national plan for public outreach and awareness of measures that the public, railroad passengers, and railroad employees can take to increase railroad system security.(Sec. 1435) Directs the Secretary to develop a program that will encourage the equipping of rail cars transporting high hazard materials with technology that provides: (1) car position location and tracking capabilities; and (2) notification of rail car depressurization, breach, unsafe temperature, or release of hazardous materials. (Sec. 1436) Reenacts provisions with respect to the unified carrier registration system plan and agreement. (Sec. 1437) Authorizes appropriations for TSA and DOT.(Sec. 1438) Provides that any lease or contract entered into between the National Railroad Passenger Corporation (Amtrak) and the State of Maryland shall be governed by the laws of the District of Columbia.Part II: Improved Motor Carrier, Bus, and Hazardous Material Security - (Sec. 1441) Directs the Secretary of Transportation to: (1) document existing and proposed routes for the transportation of hazardous materials by motor carrier and develop a framework for using a geographic information system-based approach to characterize routes in the National Hazardous Materials Route Registry; (2) assess existing and proposed routes for the transportation of such materials by motor carrier to identify measurable criteria for selecting routes based on safety and security concerns; and (3) prepare guidance materials to assist state officials in identifying and reducing safety concerns and security risks when designating highway routes for hazardous materials.Requires the Secretary of Transportation to: (1) complete an assessment of the safety and national security benefits achieved under existing requirements for route plans for explosives and radioactive materials and to report to specified committees; and (2) require motor carriers that have a hazardous material safety permit to maintain, follow, and carry a route plan that meets specified requirements if the Secretary determines it would enhance security and safety without imposing unreasonable costs or burdens upon motor carriers.(Sec. 1442) Directs the Secretary to develop a program to facilitate the tracking of motor carrier shipments of high hazard materials and to equip vehicles used in such shipments with technology that provides frequent or continuous communications, vehicle position location and tracking capabilities, and a feature that allows the driver to broadcast an emergency message. Prohibits the Secretary from mandating the installation or utilization of such technology without additional congressional action.(Sec. 1443) Directs the Secretary of Transportation and the Secretary to execute and develop an annex to the memorandum of agreement between DOT and DHS signed September 28, 2004, governing the specific roles, responsibilities, resources, and commitments of each in addressing motor carrier transportation security matters.(Sec. 1444) Directs the Secretary to establish a program within TSA for reviewing hazardous materials security plans. Provides for a civil penalty for failure to comply. Directs the Secretary, in reviewing compliance, to utilize risk assessment methodologies to prioritize review and enforcement actions of the highest risk hazardous materials transportation operations. Requires the Secretary of Transportation to study to what extent the insurance, security, and safety costs borne by railroad and other carriers associated with the transportation of hazardous materials are reflected in the rates paid by offerors of such commodities as compared to the costs and rates for the transportation of non-hazardous materials. (Sec. 1445) Directs the Secretary to report on security issues related to the trucking industry.(Sec. 1446) Requires the Secretary to consider the development of a national public sector response system to receive security alerts, emergency messages, and other information used to track the transportation of high hazard materials that can provide accurate, timely, and actionable information to appropriate first responder, law enforcement, public safety, and homeland security officials regarding accidents, threats, thefts, or other safety and security risks or incidents. Sets forth provisions regarding system capabilities and characteristics, carrier participation, data privacy, and reporting requirements. (Sec. 1447) Directs the Secretary to establish a program within TSA for making grants to private operators of over-the-road buses or over-the-road bus terminal operators for purposes of emergency preparedness drills and exercises, protecting high risk/high consequence assets identified through system-wide risk assessment, counterterrorism training, visible/unpredictable deterrence, and public awareness and preparedness campaigns. Requires prioritization of grant funding based on the magnitude and severity of security risks to bus passengers and the ability of the funded project to reduce or respond to that risk. Sets forth reporting requirements regarding bus security. (Sec. 1448) Directs the Secretary to develop a Pipeline Security and Incident Recovery Protocols Plan.(Sec. 1449) Requires the Secretary to establish a program for reviewing pipeline operator adoption of recommendations in the September 5, 2002, DOT Research and Special Programs Administration Pipeline Security Information Circular, including the review of pipeline security plans and critical facility inspections. Directs the Secretary and the Secretary of Transportation to: (1) develop and implement a plan for reviewing the pipeline security plan and an inspection of the critical facilities of the 100 most critical pipeline operators covered by that circular, where such facilities have not been inspected for security purposes since that date, by either DHS or DOT; and (2) develop and transmit to pipeline operators security recommendations for natural gas and hazardous liquid pipelines and pipeline facilities. (Sec. 1450) Requires a state, upon application, to issue to an individual a license to operate a motor vehicle transporting a hazardous material without the required security assessment if the individual meets all other applicable requirements and the Secretary has previously determined that the individual does not pose a security risk.(Sec. 1451) Makes any statutory limitation on the number of TSA employees inapplicable to the extent that any such employees are responsible for implementing this title.(Sec. 1452) Directs the Secretary to conduct a study of the need for, and feasibility of, establishing a system of maritime and surface transportation-related user fees to provide necessary funding for legitimate improvements to, and maintenance of, maritime and surface transportation security.(Sec. 1453) Directs the Inspector General of DHS to submit a report to specified committees on the Trucking Security Grant Program for FY2004-FY2005 that: (1) addresses the grant announcement, application, receipt, review, award, monitoring, and closeout processes; and (2) states the amount obligated or expended for infrastructure protection, training, equipment, educational materials, program administration, marketing, and other functions.(Sec. 1454) Permanently disqualifies an individual who has been convicted, or found not guilty by reason of insanity, of specified felonies from being issued a biometric transportation security card, with exceptions.Subtitle B: Aviation Security Improvement - (Sec. 1461) Extends the authorization for aviation security funding through FY2009.(Sec. 1462) Requires the Secretary, acting through the TSA Administrator, to establish a system to screen all cargo transported on passenger aircraft operated by an air carrier or foreign air carrier in air transportation or intrastate air transportation. Requires the system to provide for a level of security comparable to that in effect for passenger checked baggage. Sets forth reporting requirements.Directs: (1) the Secretary, acting through the Administrator, to report to Congress and to the Comptroller General assessing each exemption granted for the required screening for cargo transported on passenger aircraft and the risk of maintaining such exemption; and (2) the Comptroller General to review the report and provide to Congress an assessment of the methodology used for determinations made by the Secretary for maintaining, changing, or eliminating an exemption.(Sec. 1463) Requires the Administrator, before January 1, 2008, to: (1) evaluate the results of the blast-resistant cargo container pilot program; (2) begin the acquisition of a sufficient number of such containers to meet the requirements of TSA's cargo security program; and (3) develop a system under which the Administrator will make such containers available for use by passenger aircraft on a random or risk-assessment basis in sufficient number to enable the carriers to meet such requirements and provide for the storage, maintenance, and distribution of such containers. Directs the Administrator to implement that system and begin making such containers available to carriers as necessary.(Sec. 1464) Directs the Secretary to: (1) expedite research and development for technology that can disrupt or prevent an explosive device from being introduced onto a passenger plane or from damaging a passenger plane while in flight or on the ground; and (2) establish a grant program to fund pilot projects to deploy such technology and test technology to expedite the recovery, development, and analysis of information to determine the cause of aircraft accidents. (Sec. 1465) Extends funding for aviation security improvements. Requires the Secretary to report on in-line baggage screening.(Sec. 1466) Requires (current law authorizes) the Under Secretary for Border and Transportation Security of DHS to make grants to airport sponsors for specified airport security improvement projects. Modifies requirements regarding allocations of funds.(Sec. 1467) Amends ATSA to extend funding for research and development of aviation security technology. (Sec. 1468) Provides that any statutory limitation on the number of employees in TSA, before or after its transfer to DHS from DOT, does not apply after FY2007. Directs the Secretary to recruit and hire such personnel into TSA as necessary to provide appropriate levels of aviation security and to reduce the average aviation security-related delay experienced by airline passengers to less than 10 minutes.(Sec. 1469) Directs the Administrator to provide advanced training to transportation security officers for the development of specialized security skills, including behavior observation and analysis, explosives detection, and document examination.(Sec. 1470) Directs the Secretary to: (1) issue the strategic plan that the Secretary was required to have issued within 90 days after the enactment of IRTPA to promote the optimal utilization and deployment of explosive detection equipment at airports to screen individuals and their personal property; and (2) begin full implementation of the strategic plan within one year after the enactment of this title.(Sec. 1471) Amends HSA to direct the Secretary to establish: (1) a timely and fair process for individuals who believe they have been delayed or prohibited from boarding a commercial aircraft because they were wrongly identified as a threat; and (2) an Office of Appeals and Redress.(Sec. 1472) Directs the Secretary to report to Congress on the system to be utilized by DHS to assume the performance of comparing passenger information to the automatic selectee and no-fly lists, as well as the consolidated and integrated terrorist watchlist. Directs the Comptroller General to report on progress made by TSA in implementing the Secure Flight passenger prescreening program.(Sec. 1473) Prohibits the Administrator of the Federal Aviation Administration (FAA) from certifying any foreign repair station if specified conditions are not met. Reduces the period in which a security review and audit of such stations must be accomplished. (Sec. 1474) Directs the TSA Administrator to: (1) develop a standardized threat and vulnerability assessment program for general aviation airports; (2) implement a program to perform such assessments on a risk-assessment basis at such airports; (3) complete a study of the feasibility of a program, based on a risk-managed approach, to provide grants to general aviation airport operators for projects to upgrade security at such airports; and (4) develop a risk-based system under which foreign-registered general aviation aircraft are required to submit passenger information at the same time as advance notification requirements for CBP before entering U.S. airspace and such information is checked against appropriate databases maintained by TSA. (Sec. 1475) Directs the Administrator to: (1) report to specified committees on the status of its efforts to institute a sterile area access system that will enhance security by properly identifying authorized airline flight deck and cabin crew members at screening checkpoints and granting them expedited access through screening checkpoints; and (2) begin full implementation of the system no later than one year after transmitting the report.(Sec. 1476) Directs the Secretary to: (1) begin to increase the capacity of DHS's National Explosives Detection Canine Team Program at Lackland Air Force Base to accommodate the training of up to 200 canine teams annually by the end of 2008; (2) explore other options, including creating a standardized TSA-approved canine program that private sector entities could use to provide training for additional explosives detection canine teams; and (3) use the additional teams as part of DHS's layers of enhanced mobile security across the nation's transportation network and to support other homeland security programs.(Sec. 1477) Modifies provisions regarding the use of biometric technology for law enforcement travel to direct the Secretary to establish a national registered armed law enforcement program for law enforcement officers needing to be armed when traveling by air. (Sec. 1478) Directs the Assistant Secretary of Homeland Security (TSA) to establish a pilot program at a small, a medium, and a large hub airport for training students to perform screening of passengers and property. (Sec. 1479) Directs the TSA Administrator to conduct a pilot program to identify technological solutions for reducing the number of TSA employees at airport exit lanes. Subtitle C: Interoperable Emergency Communications - (Sec. 1481) Amends the Digital Television Transition and Public Safety Act of 2005 to revise provisions concerning the grant program to assist public agencies in establishing the interoperability of public safety emergency communications to specify five (currently, one) grant activities. Requires the awarding of at least $1 billion by September 30, 2007, pursuant to provisions of the Call Home Act of 2006.Requires the Assistant Secretary for Communications and Information of the Department of Commerce to ensure that grant awards: (1) result in distributions to public safety entities among the several states that are consistent with the USA PATRIOT Act; and (2) are prioritized based upon threat and risk factors that reflect an all-hazards approach to communications preparedness and that takes into account the risks associated with, and the likelihood of the occurrence of, terrorist attacks or natural catastrophes in a state.Sets forth eligibility requirements and criteria for grants, including criteria for strategic technology reserve grants. Provides for the allocation of funds. Directs the Assistant Secretary to identify and encourage the development and implementation of voluntary consensus standards for interoperable communications systems. Authorizes the Secretary to seek assistance from other federal agencies. Directs the Department's Inspector General to conduct and report to specified committees on an annual assessment of the management of the grant program to assist public agencies in establishing the interoperability of public safety emergency communications. Directs the Federal Communications Commission (FCC) to evaluate: (1) the technical feasibility of creating a back-up emergency communications system that complements existing communications resources and takes into account next generation and advanced telecommunications technologies; and (2) all reasonable options, including alternative transport mechanisms that can be used in tandem with existing technologies. Requires the Assistant Secretary and the FCC Chairman to establish a joint advisory committee to examine the communications capabilities and needs of emergency medical care facilities. Authorizes the Assistant Secretary to establish not more than 10 geographically dispersed project grants to emergency medical care facilities to improve the capabilities of emergency communications systems in such facilities. (Sec. 1482) Amends the Post-Katrina Emergency Management Reform Act of 2006 to prohibit construing such Act as limiting the authority of the Department of Commerce or the FCC.(Sec. 1483) Directs the FCC, in conjunction with DHS, OMB, and the Department of State, to report to specified committees on: (1) the status of the mechanism established by the President under IRTPA for coordinating cross border interoperability issues between the United States and Canada and between the United States and Mexico; (2) the status of treaty negotiations with Canada and Mexico regarding the coordination of the rebanding of 800 megahertz radios; and (3) communications between the FCC and the State Department over possible amendments to the bilateral legal agreements and protocols that govern the coordination process for license applications seeking to use channels and frequencies above Line A; (4) the annual rejection rate for the last five years by the United States of applications for new channels and frequencies by Canadian private and public entities; and (5) any additional procedures and mechanisms that the FCC can take to decrease the rejection rate for applications by U.S. entities seeking licenses to use channels and frequencies above Line A.Directs: (1) the FCC to continually provide updated reports to those committees on the status of treaty negotiations with each of Canada and Mexico until revised; and (2) the Secretary of State to report to Congress on the current process for considering applications by Canada for frequencies and channels by U.S. communities above line A, the status of current negotiations to reform and revise such process, the estimated date of conclusion for such negotiations, whether the current process permits automatic denials or dismissals of initial applications by the Canadian government, and certain communications between the State Department and the FCC.(Sec. 1484) Provides that two members of the Consumer Product Safety Commission (CPSC), if they are not affiliated with the same political party, shall constitute a quorum for the six-month period beginning on this Act's enactment date.(Sec. 1485) Requires the Senate Committee on Commerce, Science, and Transportation and the Senate Committee on Homeland Security and Governmental Affairs to each receive specified reports that are received by the other committee.Title XV: Public Transportation Terrorism Prevention - Public Transportation Terrorism Prevention Act of 2007 - (Sec. 1503) Directs: (1) FTA to submit all public transportation security assessments and all other relevant information to the Secretary; and (2) the Secretary to review and augment such assessments by July 31, 2007, and use them as the basis for allocating funds under security assistance grants, unless the Secretary notifies the Senate Committee on Banking, Housing, and Urban Affairs that an adjustment is necessary to respond to an urgent threat or significant factors.Directs the Secretary to: (1) update such security assessments; (2) conduct security assessments for all public transportation agencies considered to be at greatest risk of a terrorist attack; (3) use information collected to establish the process for developing public transportation security guidelines and designing a security improvement strategy; and (4) conduct security assessments to determine the specific needs of local bus-only public transportation systems and selected public transportation systems that receive formula grants for non-urbanized areas. (Sec. 1504) Directs the Secretary to: (1) award grants directly to public transportation agencies for allowable capital and operational security improvements based on established priorities; (2) ensure, in establishing such priorities and in awarding grants for improvements, that the Secretary's actions are consistent with relevant state homeland security plans; (3) give appropriate consideration to the risks of the entire system in cases where a public transportation system operates in more than one state; and (4) notify the Senate homeland security and banking committees of the intent to award such grant at least three days in advance. Requires each public transportation agency that receives a grant to: (1) identify a security improvements coordinator; (2) develop a comprehensive plan for the agency's capacity for operating and maintaining the equipment purchased under this Act; and (3) report annually on the use of grant funds. Requires the return to the Treasury of any amounts that a grantee used for an impermissible purpose.(Sec. 1505) Directs the Secretary to develop and issue detailed regulations for a public transportation worker security training program to prepare public transportation workers for potential threat conditions. Requires: (1) each public transportation system that receives a grant to develop such a program and submit it for approval; (2) the Secretary to review the program and approve it or require revisions; and (3) the public transportation system owner or operator to complete the training of all such workers within a specified time frame. (Sec. 1506) Directs the Secretary to: (1) ensure that DOT receives appropriate and timely notification of all credible terrorist threats against public transportation assets in the United States; (2) provide sufficient financial assistance for the reasonable costs of the Information Sharing and Analysis Center for Public Transportation (ISAC) established to protect critical infrastructure; (3) require public transportation agencies at significant risk of terrorist attack to participate in ISAC; and (4) encourage all other public transportation agencies to participate in ISAC. Prohibits the Secretary from charging a fee to any public transportation agency for such participation.(Sec. 1507) Directs the Secretary, through the Homeland Security Advanced Research Projects Agency in the Science and Technology Directorate, to award grants or contracts to public or private entities to conduct research into and demonstrate technologies and methods to reduce and deter terrorist threats or mitigate damages from terrorist attacks against public transportation systems. (Sec. 1508) Requires semiannual reports to Congress and annual reports to the governors of each state with a public transportation agency that has received a grant under this title.(Sec. 1509) Authorizes appropriations for: (1) the capital security assistance program; (2) the operational security assistance program; (3) the public transportation security training program; and (4) research on reducing and deterring terrorist threats or mitigating damages resulting from terrorist attacks against public transportation systems.(Sec. 1510) Terminates the authority to make grants under this title on October 1, 2011.Title XVI: Miscellaneous Provisions - (Sec. 1601) Amends HSA to establish a Deputy Secretary of Homeland Security for Management to serve as the Chief Management Officer and principal advisor to the Secretary on matters related to management of DHS.(Sec. 1602) Expresses the sense of the Senate that: (1) the Secretary should make a priority of countering domestic radicalization and extremism by specified means, including by pursuing broader avenues of dialogue with the Muslim community; and (2) the Senate should implement the 9/11 Commission's recommendation to create a single, principal point of oversight and review for homeland security.(Sec. 1604) Directs: (1) the Secretary to report to Congress regarding ongoing DHS initiatives to improve security along the U.S. northern border; and (2) the Comptroller General to report to Congress with a review and comments on that report and recommendations regarding any necessary additional actions to protect that border.(Sec. 1605) Requires the Secretary to establish a Law Enforcement Assistance Force to facilitate the contributions of retired law enforcement officers and agents during major disasters. Authorizes the Secretary, in the event of a major disaster, to request eligible participants to volunteer to assist the efforts of those agencies responding to such emergency and assign each willing participant to a specific law enforcement agency. Permits an eligible participant to refuse an assignment without any adverse consequences. (Sec. 1606) Directs the Secretary to establish a national homeland security strategy by the end of FY2008 and to review the strategy every four years. Requires each quadrennial review to: (1) delineate a national homeland security strategy consistent with the most recent National Response Plan; (2) describe the interagency cooperation, preparedness of federal response assets, infrastructure, budget plan, and other elements of the homeland security program and policies of the United States associated with the strategy required to execute successfully the full range of missions called for; and (3) identify the budget plan required to provide sufficient resources to successfully execute the full range of missions at a low-to-moderate level of risk and any additional resources required to achieve such a level of risk. Requires the level of risk assessment to be conducted by the DNI.Directs the Secretary to: (1) submit a report regarding each quadrennial homeland security review to Congress and make the report publicly available on the Internet by September 30 of the year in which the review is conducted; and (2) provide to Congress and make available on the Internet a detailed resource plan specifying the estimated budget and number of staff members that will be required for preparation of the initial quadrennial homeland security review.(Sec. 1607) Grants the Secretary responsibility for ensuring that chemical, biological, radiological, and nuclear detection equipment and technologies are integrated with other border security systems and detection technologies. Directs the Secretary to report to Congress with a plan to develop a departmental technology assessment process to determine and certify the readiness levels of such technologies before their full deployment within the United States.Title XVII: 911 Modernization - 911 Modernization Act - Amends the Digital Television Transition and Public Safety Act of 2005 to authorize the Assistant Secretary of Commerce for Communications and Information to borrow from the Treasury to make payments to implement the ENHANCE 911 Act of 2004. Requires repayment, without interest, as funds are deposited into the Digital Television Transition and Public Safety Fund.Amends the National Telecommunications and Information Administration Organization Act to require the Assistant Secretary and the Administrator of the National Highway Traffic Safety Administration (NHTSA) to jointly issue regulations updating the criteria to provide priority for public safety answering points not capable of receiving 911 calls.Title XVIII: Modernization of the American National Red Cross - American National Red Cross Governance Modernization Act of 2007 - Expresses the sense of Congress with respect to charitable organizations and the American National Red Cross. (Sec. 1803) Amends federal law concerning the Red Cross to revise its governance structure. Increases the number of persons on the board of governors. Establishes an advisory council to the board.(Sec. 1811) Authorizes the Comptroller General to review the Red Cross's involvement in any federal program or activity. Establishes an Office of the Ombudsman, which shall report annually to specified congressional committees concerning any trends and systemic matters that the Office has identified as confronting the Red Cross.Title XIX: Advancement of Democratic Values - Advance Democratic Values, Address Non-democratic Countries, and Enhance Democracy Act of 2007 or the ADVANCE Democracy Act of 2007 - Subtitle A: Liaison Officers and Fellowship Program to Enhance the Promotion of Democracy - (Sec. 1911) Directs the Secretary of State to establish: (1) Democracy Liaison Officer positions; and (2) a Democracy Fellowship Program.(Sec. 1913) Requires the Broadcasting Board of Governors to transcribe into English all original broadcasting content and to post all English transcripts from its broadcasting content on a publicly available website within 30 days of the original broadcast.Subtitle B: Annual Report on Advancing Freedom and Democracy - (Sec. 1921) Amends the Foreign Relations Authorization Act, Fiscal Year 2003 to name a specified report the Advancing Freedom and Democracy Report and to require any such report to be submitted not later than 90 days after the date of submission of a human rights report required under the Foreign Assistance Act of 1961.(Sec. 1922) Expresses the sense of Congress that the Secretary of State should continue to ensure and expand the timely translation of the Human Rights and International Religious Freedom reports and the Annual Report on Advancing Freedom and Democracy prepared by State Department personnel into the principal languages of as many countries as possible.Subtitle C: Advisory Committee on Democracy Promotion and the Internet Website of the Department of State - (Sec. 1931) Commends the Secretary of State for creating an Advisory Committee on Democracy Promotion. Expresses the sense of Congress that the Committee should play a significant role in the Department's transformational diplomacy by advising the Secretary of State regarding U.S. efforts to promote democracy and democratic transition in connection with the formulation and implementation of U.S. foreign policy and foreign assistance.(Sec. 1932) Expresses the sense of Congress that: (1) the Secretary of State should continue and expand efforts to inform the public in foreign countries of U.S. efforts to promote democracy and defend human rights through the State Department's Internet website and continue to enhance the democracy promotion materials and resources on that website; and (2) such enhancement should include translated reports on democracy and human rights prepared by Department personnel and narratives and histories highlighting successful nonviolent democratic movements.Subtitle D: Training in Democracy and Human Rights; Promotions - (Sec. 1941) Expresses the sense of Congress that the Secretary of State should: (1) continue to enhance and expand the training provided to foreign service officers and civil service employees on how to strengthen and promote democracy and human rights, continue the use of case studies and practical workshops addressing potential challenges, and work with non-state actors, including nongovernmental organizations that support democratic principles; and (2) further strengthen the Department's capacity to carry out result-based democracy promotion efforts through the establishment of awards and other employee incentives and establish procedures for selecting award recipients.(Sec. 1943) Declares that the precepts for selection boards responsible for recommending promotions of foreign service officers should include consideration of a candidate's experience or service in promoting human rights and democracy.(Sec. 1944) Expresses the sense of Congress that each chief of mission should provide input on actions described in the Advancing Freedom and Democracy Report and intensify democracy and human rights promotion activities.Subtitle E: Alliances With Democratic Countries - (Sec. 1951) Urges and authorizes the Secretary of State to establish an Office for the Community of Democracies. Expresses support for the International Center for Democratic Transition, an initiative of the Hungarian government.Subtitle F: Funding for Promotion of Democracy - (Sec. 1961) Expresses the sense of Congress that the United States should work with other countries to enhance the goals and work of the United Nations Democracy Fund.(Sec. 1962) States that the purpose of the Human Rights and Democracy Fund should be to support innovative programming, media, and materials designed to uphold democratic principles, to support and strengthen democratic institutions, to promote human rights and the rule of law, and to build civil societies in countries around the world.",,,"The bill primarily addresses homeland security, emergency management, and international cooperation on antiterrorism technologies, which do not align with any Violation Tracker categories related to corporate misconduct."
hr4514-113,113,2014-04-29,"To amend the Dale Long Public Safety Officers' Benefits Improvements Act of 2012 to change the retroactive application of the Act to cover injuries sustained by rescue squad or ambulance crew members on or after December 1, 2007, rather than June 1, 2009.",Kline DeWire Public Safety Officers' Retroactive Benefits Act,Crime and Law Enforcement,"Emergency medical services and trauma care|Government employee pay, benefits, personnel management|Health personnel|Worker safety and health",1,Wage Hour & Benefits,enforcement,"The bill expands benefits eligibility for rescue squad and ambulance crew members, which directly relates to worker benefits and is an enforcement-like change to the existing Dale Long Public Safety Officers' Benefits Improvements Act of 2012.","Kline DeWire Public Safety Officers' Retroactive Benefits Act - Amends the Dale Long Public Safety Officers' Benefits Improvements Act of 2012 to provide that such Act shall apply to injuries sustained by rescue squad or ambulance crew members on or after December 1, 2007 (currently, June 1, 2009).",,,"The bill addresses retroactive benefits for government-employed rescue squad or ambulance crew members, which does not involve private employer wage or benefit obligations."
s354-109,109,2005-02-10,A bill to improve patient access to health care services and provide improved medical care by reducing the excessive burden the liability system places on the health care delivery system.,HEALTH Act of 2005,Health,Accident insurance|Blood|Child health|Civil actions and liability|Collection of accounts|Conflict of interests|Damages|Disability insurance|Disabled|Drug approvals|Drug industry|Drugs|Evidence (Law)|Expert witnesses|Federal preemption|Fines (Penalties)|Fraud|Health insurance|Labeling|Legal fees|Liability (Law)|Liability insurance|Limitation of actions|Medical malpractice|Medical supplies|Minors|Packaging|Parties to actions|Physicians|Product safety|Products liability|Punitive damages|State laws|Vaccines|Workers' compensation,1;12,"Wage Hour & Benefits;Fraud, Corruption & Criminal Conduct",enforcement,"The bill regulates health care liability claims, including provisions related to fraud, attorney fees, and limitations on damages, directly affecting the conduct of health care providers and potentially impacting their financial obligations and legal compliance.","Help Efficient, Accessible, Low-Cost, Timely Healthcare Act of 2005 or the HEALTH Act of 2005 - Sets forth provisions regulating lawsuits for health care liability claims concerning the provisions of health care goods or services or any medical product affecting interstate commerce. Sets a statute of limitations of three years after the date of manifestation of injury or one year after the claimant discovers the injury, with certain exceptions. Provides that nothing in this Act limits recovery of the full amount of available economic damages. Limits noneconomic damages to $250,000. Makes each party liable only for the amount of damages directly proportional to such party's percentage of responsibility. Allows the court to restrict the payment of attorney contingency fees. Limits the fees to a decreasing percentage based on the increasing value of the amount awarded. Prescribes qualifications for expert witnesses. Requires the court to reduce damages received by the amount of collateral source benefits to which a claimant is entitled, unless the payor of such benefits has the right to reimbursement or subrogation under Federal or State law. Authorizes the award of punitive damages only where: (1) it is proven by clear and convincing evidence that a person acted with malicious intent to injure the claimant or deliberately failed to avoid unnecessary injury such person knew the claimant was substantially certain to suffer; and (2) compensatory damages are awarded. Limits punitive damages to the greater of two times the amount of economic damages or $250,000. Prohibits a health care provider from being named as a party in a product liability or class action lawsuit for prescribing or dispensing an Food and Drug Administration (FDA)-approved prescription drug or device. Provides for periodic payments of future damage awards.",,,The bill addresses medical malpractice liability reform and does not involve enforcement against corporate misconduct in any of the specified Violation Tracker categories.
hr5946-114,114,2016-09-07,To amend the Internal Revenue Code of 1986 to exclude from gross income any prizes or awards won in competition in the Olympic Games or the Paralympic Games.,United States Appreciation for Olympians and Paralympians Act of 2016,Taxation,Athletes|Disability and paralysis|Income tax exclusion|Olympic games,1,Wage Hour & Benefits,tax_credit_introduction,"The bill provides a tax exclusion for prizes won by Olympians and Paralympians, which can be considered income, and thus relates to private employer wage/benefit conduct by affecting taxable income.","(This measure has not been amended since it was reported to the House on September 20, 2016. The summary of that version is repeated here.)

United States Appreciation for Olympians and Paralympians Act of 2016

(Sec. 2) This bill amends the Internal Revenue Code to exclude from gross income, for income tax purposes, the value of any medal awarded or prize money received from the U.S. Olympic Committee on account of competition in the Olympic Games or Paralympic Games. The exclusion does not apply to a taxpayer for any year in which the taxpayer's adjusted gross income exceeds $1 million, or half of that amount in the case of a married individual filing a separate return.",,,"The bill provides a tax exclusion for Olympic and Paralympic prizes, which does not relate to corporate misconduct or private employer obligations."
hr1418-110,110,2007-03-08,To provide for the expansion and improvement of traumatic brain injury programs.,Traumatic Brain Injury Act of 2008,Health,Access to health care|Authorization|Brain|Case management|Congressional reporting requirements|Data banks|Department of Health and Human Services|Disabled|Federal aid to Indians|Federal aid to research|Government paperwork|Grants-in-aid|Head injuries|Health information systems|Health surveys|Indian medical care|Iraq compilation|Legal services|Medical research|Medical statistics|Minorities|National Institutes of Health (NIH)|Rehabilitation of the disabled|Research grants|Trauma care,1,Wage Hour & Benefits,enforcement,"The bill aims to improve access to rehabilitation and other services regarding traumatic brain injury, which could involve employer accommodations and related benefits, and requires reporting on activities to improve data collection, potentially impacting employer compliance with disability-related regulations.","Traumatic Brain Injury Act of 2008 - (Sec. 3) Amends the Public Health Service Act to revise the national program for traumatic brain injury registries to make grants for state traumatic brain injury surveillance systems or registries (currently, only for registries) to: (1) determine the incidence and prevalence of traumatic brain injury and related disability; (2) ensure the uniformity of reporting under each such system or registry; (3) link individuals with traumatic brain injury to services and supports; and (4) link such individuals with academic institutions to conduct applied research. Requires the Secretary of Health and Human Services, acting through the Director of the Centers for Disease Control and Prevention (CDC) and the Director of the National Institutes of Health (NIH), to report to the relevant congressional committees on activities and procedures that can be implemented by the CDC to improve the collection and dissemination of compatible epidemiological studies on the incidence and prevalence of traumatic brain injury in those who were formerly in the military. (Sec. 4) Authorizes the Secretary, acting through the Director of CDC, to conduct a study to: (1) determine the incidence of traumatic brain injury and prevalence of traumatic brain injury related disability; (2) report national trends in traumatic brain injury; (3) identify common therapeutic interventions which are used for the rehabilitation of individuals with such injuries; (4) identify interventions and therapies that can prevent or remediate the development of secondary neurologic conditions related to traumatic brain injury; and (5) develop practice guidelines for such rehabilitation. (Sec. 5) Authorizes appropriations for FY2009-FY2012 for NIH's trauma research program. (Sec. 6) Allows the Secretary, acting through the Administrator of the Health Resources Services Administration (HRSA), to make grants to states and American Indian consortia (currently, only to states) to improve access to rehabilitation and other services (currently, to health and other services) regarding traumatic brain injury. Authorizes appropriations for such grants for FY2009-FY2012. Requires the Administrator and the Commissioner of the Administration on Developmental Disabilities to coordinate the collection of data regarding protection and advocacy services. Directs the Administrator to make a grant for training and technical assistance to protection and advocacy systems, if funds permit. Authorizes appropriations for FY2009-FY2012.",,,"The bill focuses on expanding and improving traumatic brain injury programs, which involves healthcare services and research, not corporate misconduct or private employer obligations."
hr4890-109,109,2006-03-07,To amend the Congressional Budget and Impoundment Control Act of 1974 to provide for the expedited consideration of certain proposed rescissions of budget authority.,Legislative Line Item Veto Act of 2006,Economics and Public Finance,Appropriations|Authorization|Budget deficits|Congressional reporting requirements|Economic impact statements|Expedited congressional procedure|Government spending reductions|House rules and procedure|Income tax|Item veto|Legislation|Presidential messages|Rescission of appropriated funds|Senate rules and procedure|Tax credits|Tax deductions|Tax exclusion|Tax expenditures,1;11;24,Wage Hour & Benefits;Accounting Financial Reporting & Tax;Government Reporting & Compliance,enforcement,"The bill relates to the rescission of budget authority and targeted tax benefits, which could affect employer obligations related to wages, benefits, and reporting requirements, and also touches on campaign finance disclosures.","Legislative Line Item Veto Act of 2006 - (Sec. 2) Amends the Congressional Budget and Impoundment Control Act of 1974 to authorize the President to propose the cancellation (line item veto) of any dollar amount of discretionary budget authority, item of direct spending, or targeted tax benefit within 45 days after its enactment. Sets forth requirements for the President's transmittal to Congress of a special message regarding a proposed cancellation. Prohibits duplicate proposals of such cancellations. Limits such messages to five for most bills or joint resolutions, but up to 10 for any omnibus budget reconciliation or appropriation measure. Dedicates any cancellation only to deficit reduction or increase of a surplus. Requires: (1) the chairs of the Senate and House Budget Committees to revise committee allocations and aggregates and other appropriate levels under the appropriate concurrent resolution on the budget to reflect the cancellation; and (2) the Office of Management and Budget (OMB) to revise applicable limits, as appropriate, under the Balanced Budget and Emergency Deficit Control Act of 1985 (Gramm-Rudman-Hollings Act). Sets forth procedures for expedited congressional consideration of a proposed cancellation. Authorizes the President up to 45 days after he transmits a special message to Congress to: (1) withhold discretionary budget authority; and (2) suspend implementation of any targeted tax benefit proposed to be repealed. Provides for an additional 45-day extension of any discretionary budget authority, item of direct spending, or targeted tax benefit, as applicable. Requires the chairs of the House Committee on Ways and Means and the Senate Committee on Finance (chairs) to: (1) review any revenue or reconciliation bill or joint resolution amending the Internal Revenue Code being prepared for filing by a conference committee; (2) identify whether such legislation contains any targeted tax benefits; and (3) provide the conference committee with a statement identifying such targeted benefits or declaring that such measure does not contain targeted tax benefits. Allows legislation reported from the conference committee that includes targeted tax benefits to include the statement of the chairs in a separate section of such legislation in a specified manner. Authorizes the President, with or without such separate section, to include his statement in such legislation in the same manner if it is signed into law but only with respect to targeted tax benefits in that law. Requires the Comptroller General to report to Congress on whether any discretionary budget authority is not made available for obligation or item of direct spending or targeted tax benefit continues to be suspended after the President's deferral authority established in this Act has expired. Terminates this Act on October 1, 2012. (Sec. 3) Amends the Congressional Budget Act of 1974 to require the Director of the Congressional Budget Office (CBO) to: (1) prepare an estimate of the savings in budget authority or outlays resulting from a proposed cancellation relative to the most recent levels calculated, consistent with the methodology used to calculate a baseline under the Gramm-Rudman-Hollings Act and included in the President's budget submission; and (2) transmit such estimate to the chairs. (Sec. 4) Expresses the sense of Congress that no President or any executive branch official should condition the inclusion or exclusion, or threaten to condition the inclusion or exclusion, of any proposed cancellation in any special message under this Act upon any vote cast or to be cast by any Member of either Chamber.",,,"The bill addresses budgetary procedures and the President's authority to propose rescissions of budget authority, which does not relate to corporate misconduct or enforcement against private employers."
hr6001-111,111,2010-07-30,"To amend the Internal Revenue Code of 1986 to provide for the establishment of tax-free COBRA premium payment accounts, and for other purposes.",COBRA Affordability Act of 2010,Taxation,Employee benefits and pensions|Health care costs and insurance|Health care coverage and access|Income tax deductions|Income tax exclusion,1,Wage Hour & Benefits,tax_credit_introduction,"The bill introduces tax-exempt accounts and a tax deduction to help employees afford COBRA premiums, which relates to private employer-provided health benefits and therefore falls under the scope of employer conduct related to wage/hour and benefits.","COBRA Affordability Act of 2010 - Amends the Internal Revenue Code to allow: (1) the establishment of tax-exempt accounts for the payment of COBRA (health insurance continuation benefits under the Consolidated Omnibus Budget Reconciliation Act of 1985) premiums; (2) an income-based tax deduction, up to $2,500, for cash contributions to such a COBRA premium payment account; (3) tax-free distributions from such an account for payment of COBRA premiums; (4) the rollover of unused amounts in such an account into a tax-exempt retirement account; and (5) employees to elect to enroll in an alternative health plan offered by their employers, in lieu of COBRA coverage.",,,The bill focuses on tax provisions related to COBRA premium payments and does not directly regulate or enforce private employer wage or benefit obligations.
hr63-115,115,2017-01-03,"To amend the Internal Revenue Code of 1986 to provide a tax credit to encourage private employers to hire veterans, to amend title 38, United States Code, to clarify the reasonable efforts an employer may make under the Uniformed Services Employment and Reemployment Rights Act with respect to hiring veterans, and for other purposes.",Helping to Encourage Real Opportunity for Veterans Transitioning from Battlespace to Workplace Act of 2017,Taxation,"Employee hiring|Government information and archives|Income tax credits|Veterans' education, employment, rehabilitation",1,Wage Hour & Benefits,tax_credit_introduction,"The bill introduces a tax credit to encourage private employers to hire veterans, which relates to employer conduct regarding wages and benefits.","Helping to Encourage Real Opportunity for Veterans Transitioning from Battlespace to Workplace Act of 2017 or the HERO Transition from Battlespace to Workplace Act of 2017

 This bill amends the Internal Revenue Code to allow employers a business-related tax credit for $1,000 times the number of veterans (not more than 25 in a taxable year) who begin work resulting from the efforts of a military relations manager.

The bill: (1) deems as a reasonable effort of an employer to employ veterans, for purposes of veteran employment and reemployment programs, the designation of an employee as a military relations manager and the use of the military skills translator database (database for assisting veterans in relating military skills, experience, and training to civilian skills, experience, and training); and (2) defines a ""military relations manager"" as an expert in the process of transitioning from being a member of the Armed Forces to being a civilian and in translating the skills, experience, and training gained in the Armed Forces to skills, experience, and training needed in the private sector.

The Department of Veterans Affairs shall: (1) ensure that the military skills translator database may be used by civilian employers, and (2) conduct outreach to inform civilian employers of such database.",2,tax_credit_introduction,"Introduces a tax credit for employers hiring veterans, which relates to employment discrimination by incentivizing the hiring of a protected group."
s720-108,108,2003-03-26,A bill to amend title IX of the Public Health Service Act to provide for the improvement of patient safety and to reduce the incidence of events that adversely effect patient safety.,Patient Safety and Quality Improvement Act of 2003,Health,"Accreditation (Medical care)|Administrative procedure|Administrative remedies|Associations, institutions, etc.|Communication in medicine|Confidential communications|Congressional reporting requirements|Data banks|Department of Health and Human Services|Disciplining of employees|Discovery (Law)|Electronic data interchange|Employee rights|Evidence (Law)|Federal aid programs|Fines (Penalties)|Freedom of information|Government paperwork|Governmental investigations|Health information systems|Health surveys|Hospital care|Information technology|Licenses|Medical economics|Medical malpractice|Medical personnel|Medical records|Medical research|Medical statistics|Medical technology|Patients' rights|Physicians|Preventive medicine|Quality of care|Right of privacy|Standards|State laws|Subpoena|Technological innovations|Technology assessment|Whistle blowing",1,Wage Hour & Benefits,enforcement,"The bill aims to improve patient safety by protecting patient safety data from disclosure, which could encourage more thorough reporting of adverse events and potentially reveal misconduct by healthcare providers (non-governmental employers) related to patient care and safety.","Patient Safety and Quality Improvement Act of 2003 - Amends the Public Health Service Act to designate patient safety data as privileged and not subject to: (1) a subpoena, discovery, disclosure, or admission as evidence in any Federal, State, or local civil, criminal, or administrative proceeding; (2) disclosure pursuant to a Freedom of Information Act request; or (3) use in a disciplinary proceeding against a provider. Defines ""patient safety data"" as any data, reports, records, memoranda, analyses or statements that could result in improved patient safety or health care quality or health care outcomes. Designates patient safety data as confidential, but permits the disclosure of patient safety data by a provider or patient safety organization (PSO) if such data: (1) contains evidence, to be used in a criminal proceeding, of an intentional act to directly harm the patient; (2) relates to the quality, safety, or effectiveness of a product or activity regulated by the Food and Drug Administration (FDA), and is reported to the FDA; (3) is a voluntary disclosure of non-identifiable data; (4) relates to public health surveillance, investigation, or other public health activities reported to the Centers for Disease Control and Prevention (CDC); (5) is necessary to improve patient safety or health care quality or health care outcomes; (6) is necessary for the functioning of a PSO; (7) is used to provide treatment, improve patient safety, health care quality or administrative efficiency, or any other customary activity of a provider; (8) is used by a provider to obtain payment; (9) is communicated among PSOs; (10) is used for patient safety research, evaluation, or demonstration projects authorized by the Director of the Agency for Healthcare Research and Quality; or (11) is disclosed to an accrediting body of a provider. Defines ""patient safety organization"" as an organization certified by the Secretary of Health and Human Services that conducts efforts to improve patient safety and the quality of health care delivery through the collection and analysis of patient safety data. Instructs that privilege and confidentiality of patient safety data continues for disclosures under this Act, and prohibits any action against a PSO to compel such disclosures, unless the disclosure is for use in a criminal proceedings, to the FDA, to the CDC, or is non-identifiable information. Prohibits an accrediting body from: (1) taking any accrediting action against a provider based on the provider's good faith participation in collecting, developing, reporting or maintaining patient safety data; and (2) requiring a provider to reveal its communications with any PSO. Prevents a provider from taking an adverse employment action against an individual based upon the good faith reporting of information. Allows the Secretary to impose and collect fines for the negligent or intentional disclosure of patient safety data in violation of the confidentiality provisions of this Act. Allows civil actions for violations of this Act. States that the privilege and confidentiality protections of this Act shall not: (1) limit other privileges available that provide greater confidentiality protections under Federal, State, or local laws; (2) affect the requirements of Federal, State, or local law pertaining to patient-related data that is not privileged or confidential under this Act; (3) affect the implementation of the Health Insurance Portability and Accountability Act of 1996 or the Social Security Act; (4) limit the authority of providers or PSOs from contracting to require greater confidentiality or delegate the authority to make permitted disclosures; or (5) prohibit a provider from reporting crime to law enforcement authorities. Requires the Secretary to maintain a patient safety network of databases that has the capacity to accept, aggregate, and analyze non-identifiable patient safety data voluntarily reported, and provides an interactive resource for providers and PSOs. Allows the Secretary to determine common formats for reporting to the databases. Provides that such formats shall be consistent with the administration simplification provisions of the Social Security Act. Requires PSOs to submit an initial certification to the Secretary, and renew their certification every three years. Requires the Secretary to: (1) compile and maintain a current list of certified PSOs; and (2) remove from the listing entities whose certification expires or is revoked. Makes provisions for the patient safety data if a PSO's certification is expired or revoked. Allows the Secretary, acting through the Director, to provide technical assistance to PSOs. Directs the Secretary to: (1) develop or adopt voluntary national standards, within three years, to promote the electronic exchange of health care information; (2) provide for the ongoing review and periodic updating of these standards; and (3) disseminate these standards and updates. Authorizes appropriations. Directs the Secretary to contract with a research organization to study: (1) the extent to which labor and technological advances have contributed to increased national spending on health care; (2) the extent to which the early introduction and integration of innovative medical technologies and therapies may affect the overall productivity and quality of health care; and (3) the relationship of such technologies and therapies to patient safety and benefit, health care quality, and health care costs. Sets forth reporting requirements.",,,"The bill focuses on improving patient safety and confidentiality of patient safety data, which does not directly relate to corporate misconduct or enforcement against non-governmental employers."
s854-107,107,2001-05-09,"A bill to amend titles V, XVIII, and XIX of the Social Security Act to promote cessation of tobacco use under the medicare program, the medicaid program, and maternal and child health services block grant programs.","Medicare, Medicaid, and MCH Tobacco Cessation Promotion Act of 2001",Health,Ambulatory care|Block grants|Coinsurance|Drug abuse|Drug abuse counseling|Drug abuse in pregnancy|Drug therapy|Drugs|Federal aid to maternal health services|Health counseling|Health education|Maternal health services|Medicaid|Medicare|Pregnant women|Smoking|Women|Women's health,1,Wage Hour & Benefits,enforcement,"The bill expands coverage for tobacco cessation counseling under Medicare and Medicaid, directly relating to private employer-provided health benefits and potentially impacting employer-sponsored health plans.","Medicare, Medicaid, and MCH Tobacco Cessation Promotion Act of 2001 - Amends titles V (Maternal and Child Health Services), XVIII (Medicare), and XIX (Medicaid) of the Social Security Act to provide for coverage of counseling for cessation of tobacco use under the Maternal and Child Health Services, Medicare, and Medicaid programs.",,,"The bill addresses government healthcare programs (Medicare, Medicaid) and maternal health services, not private employer conduct or corporate misconduct."
hr4239-113,113,2014-03-13,To provide drought assistance to the State of California and other affected western States.,,Water Resources Development,"Appropriations|Aquaculture|Aquatic ecology|Atmospheric science and weather|California|Criminal investigation, prosecution, interrogation|Department of Agriculture|Department of Justice|Department of the Interior|Disaster relief and insurance|Drug trafficking and controlled substances|Emergency planning and evacuation|Endangered and threatened species|Environmental Protection Agency (EPA)|Environmental assessment, monitoring, research|Executive agency funding and structure|Fishes|Forests, forestry, trees|Hydrology and hydrography|Insects|Lakes and rivers|Livestock|Marine and coastal resources, fisheries|Migrant, seasonal, agricultural labor|Water quality|Water resources funding|Water storage|Water use and supply|Watersheds|Wildlife conservation and habitat protection",1;17,Wage Hour & Benefits;Water Violation,enforcement,"The bill directs agencies to provide maximum water supplies to contractors and prioritize water projects, which relates to potential violations of water quality standards and discharge permits under the Clean Water Act, and addresses water use and supply issues impacting employers in California.","Requires the Administrator of the Environmental Protection Agency (EPA), the Secretary of Commerce, and the Secretary of the Interior (Secretaries), in response to the declaration of a state of drought emergency in California, to provide the maximum quantity of water supplies possible to Central Valley Project (CVP) and Klamath Project agricultural, municipal and industrial, and refuge service and repayment contractors, State Water Project contractors, and any other locality or municipality in California.

Sets forth actions to be taken to increase water supply, including: (1) authorizing actions to provide for real time operations of the Delta Cross Channel Gates to provide water supply and quality standards and ecosystem benefits for the duration of the drought, (2) implementing the San Joaquin River inflow-to-export ratio established by the National Marine Fisheries Service, (3) maintaining all rescheduled water supplies held in the San Luis Reservoir and Millerton Reservoir for all water users, (4) making WaterSMART grant funding administered by the Bureau of Reclamation available for eligible projects on a priority and expedited basis, and (5) issuing proposed rules to update stormwater regulations for urban and suburban runoff sources and guidance on use of rainwater capture.

Makes emergency appropriations in FY2014 for water supply projects and assistance under the Reclamation States Emergency Drought Relief Act of 1991.

Requires the National Resources Conservation Service to provide water supply planning assistance in preparation for and in response to dry, critically dry, and below normal water year types to any state water agency requesting such assistance.

Directs the Secretary of Commerce to treat the California emergency drought declaration as a request for a determination under the Magnuson-Stevens Fishery Conservation and Management Act that there is a commercial fisheries failure and catastrophic regional fishery disaster for fisheries that originate in California.

Requires federal agency heads to consult with the Council on Environmental Quality to develop alternative arrangements to comply with the National Environmental Policy Act of 1969 (NEPA).

Directs the EPA Administrator to prioritize projects under state water pollution control revolving funds to provide water to areas at risk of having an inadequate supply of water for public health and safety purposes.

Fixing Operations of Reservoirs to Encompass Climatic and Atmospheric Science Trends for Emergency Droughts Act or the FORECASTED Act - Requires the Secretary of the Army, not later than one year after a request of a non-federal sponsor of a reservoir, to review the operation of such reservoir, including the water control manual and rule curves, using improved weather forecasts and run-off forecasting methods, including the Advanced Hydrologic Prediction System of the National Weather Service and the Hydrometeorology Testbed program of the National Oceanic and Atmospheric Administration (NOAA).

Requires the Secretary to determine if a change in operations will improve core functions of the Army Corps of Engineers, including: (1) reducing risks to human life, public safety, and property; (2) reducing the need for future disaster relief; (3) improving local water storage capability and reliability in coordination with the non-federal sponsor and other water users; (4) restoring, protecting, or mitigating the impacts of a water resources development project on the environment; or (5) improving fish species habitat or population within the boundaries and downstream of a water resources project.

Requires the Secretary, upon the declaration of a state drought emergency, to use no more than 90 days in complying with all provisions of this Act and to make use of the emergency provisions of the Council on Environmental Quality guidelines to expedite the delivery of water supplies to address emergency drought conditions.

Directs the Secretary of the Treasury to transfer to the Secretary of Agriculture emergency supplemental appropriations to provide: (1) drought assistance to agricultural producers and for mitigation activities related to drought and wildfire hazards, (2) emergency community water assistance grants to address impacts of drought, and (3) grants to assist low-income migrant and seasonal farm workers affected by drought and for forest restoration.

Requires: (1) the Director of the Office of National Drug Control Policy to determine the amount of water diverted for marijuana cultivation in each of the high intensity drug trafficking areas within the state of California, and (2) the EPA Administrator to assign additional criminal investigators to such trafficking areas.

Declares that nothing in this Act: (1) preempts any state law, including area of origin and other water rights protections; or (2) diminishes the water, fishing, or other rights of Indian tribes or the obligations of the United States to assert and protect such rights.

Amends the Robert T. Stafford Disaster Relief and Emergency Assistance Act to expand federal emergency assistance to provide for disaster unemployment, emergency nutrition, and crisis counseling assistance.

Amends the Klamath Basin Water Supply Enhancement Act of 2000 to authorize the Secretary of the Interior to take actions to reduce water consumption or demand or to restore ecosystems in the Klamath Basin watershed, including tribal fishery resources held in trust.

Directs the U.S. Fish and Wildlife Service, not later than January 1, 2016, in consultation with the National Marine Fisheries Service, the Bureau of Reclamation, the Army Corps of Engineers, and the California Department of Fish and Wildlife, to prepare a California salmon drought plan.

Amends the Omnibus Public Land Management Act of 2009 to authorize the Secretary of the Interior to enter into cost-shared financial assistance agreements with non-federal entities in Reclamation States and Hawaii for the planning, design, and construction of permanent water storage and conveyance facilities used solely to regulate and maximize water supplies..

Directs the President to update the National Response Plan and the National Disaster Recovery Framework to include a plan for catastrophic drought.",,,"The bill focuses on providing drought assistance and water resource management in California, which does not relate to corporate misconduct or enforcement against private employers."
hr1828-113,113,2013-05-06,To amend the Omnibus Crime Control and Safe Streets Act of 1968 to extend public safety officers' death benefits to fire police officers.,Fire Police Fairness Act,Crime and Law Enforcement,"Fires|Government employee pay, benefits, personnel management|Law enforcement officers",1,Wage Hour & Benefits,enforcement,"The bill expands death benefits to fire police officers, which are individuals serving in a public safety agency but are not law enforcement officers, relating to government employee pay and benefits.","Fire Police Fairness Act - Amends the Omnibus Crime Control and Safe Streets Act of 1968 to include a fire police officer as a public safety officer for purposes of death benefits provisions. Defines a ""fire police officer"" as an individual who: (1) is serving in accordance with state or local law as a member of a legally organized public safety agency but is not a law enforcement officer, a firefighter, a chaplain, or a member of a rescue squad or ambulance crew; and (2) provides scene security or directs traffic in response to any fire, rescue, or police emergency or at a planned special event.",,,"The bill extends death benefits to fire police officers, which pertains to government employee benefits and does not involve private employer conduct or corporate misconduct."
hr3342-107,107,2001-11-19,"To require activities carried out by the United States in Afghanistan and other countries of Central Asia relating to peace negotiations, post-conflict reconstruction and development, refugee relief, resettlement, and repatriation, and peacekeeping operations comply with the basic human rights of women.",Access for Afghan Women Act of 2001,International Affairs,Afghanistan|Central Asia|Child health|Child welfare|Crimes against women|Decision making|Disabled|EBB Terrorism|Economic development|Elementary and secondary education|Elementary education|Family planning and birth control|Food relief|Heads of households|Higher education|Human rights|International relief|Kazakhstan|Land mines|Maternal health services|Military training|Minesweeping|Pakistan|Peace negotiations|Peacekeeping forces|Police training|Quality of care|Refugee policy|Refugees|Repatriation|Secondary education|Shelters for the homeless|South Asia|Tajikistan|Turkmenistan|Uzbekistan|War relief|Widows|Women|Women in business|Women's education|Women's health|Women's organizations|Women's rights,1,Wage Hour & Benefits,enforcement,"The bill aims to improve the quality of life for women in Central Asia, including through funding for education and economic development programs, which indirectly relates to wage and benefit standards for employers in those regions.","Access for Afghan Women Act of 2001 - Directs the United States to undertake a variety of measures to guard and enhance the quality of life of Afghan and other Central Asian women, including the following: (1) incorporating the perspectives of women's and human rights organizations in matters related to peace and the future governance of Afghanistan; (2) including significant numbers of women in drafting a new constitution for Afghanistan; (3) providing funding for education for all Afghans; (4) increasing Central Asian women's access to and ownership of productive assets and property; (5) providing funding for women-centered economic development programs in Central Asia; (6) assuring the safety and health of female Central Asian refugees; and (7) including women in peacekeeping and peace building measures in Central Asia. Defines Central Asia as Afghanistan, Pakistan, Tajikistan, Turkmenistan, Kazakhstan and Uzbekistan.",,,"The bill focuses on international human rights and development efforts, not on corporate misconduct or private employer obligations."
hr2752-111,111,2009-06-08,To establish certain requirements relating to the provision of services to minors by family planning projects under title X of the Public Health Service Act.,Parent's Right to Know Act of 2009,Health,Child health|Family planning and birth control|Family relationships,1,Wage Hour & Benefits,enforcement,"The bill regulates the provision of contraceptive services to minors by family planning projects, which involves requirements for parental notification and consent, directly affecting the conduct of non-governmental providers of healthcare services.","Parent's Right to Know Act of 2009 - Prohibits any funds appropriated for carrying out federal family planning programs from being made available to any family planning project if any service provider in the project knowingly provides contraceptive drugs or devices to a minor, unless: (1) such provider has given actual written notice to a custodial parent or legal guardian at least five business days prior to providing the drugs or prescription devices; (2) the minor has written consent of a parent or legal guardian; (3) the minor is emancipated; or (4) a court has directed that the minor may receive such drugs or prescription devices. Requires providers to certify to the Secretary of Health and Human Services (HHS) compliance with this Act.",,,"The bill addresses parental notification requirements for minors receiving contraceptive services under federal family planning programs, which does not involve corporate misconduct or private employer obligations."
s3356-112,112,2012-06-28,A bill to strengthen the role of the United States in the international community of nations in conserving natural resources to further global prosperity and security.,Global Conservation Act of 2012,International Affairs,"Advisory bodies|Agricultural conservation and pollution|Congressional oversight|Diplomacy, foreign officials, Americans abroad|Ecology|Economic development|Executive agency funding and structure|Foreign aid and international relief|Forests, forestry, trees|Government studies and investigations|Hunting and fishing|International organizations and cooperation|Land use and conservation|Marine and coastal resources, fisheries|Performance measurement|Smuggling and trafficking|Travel and tourism|Water quality|Water use and supply|Wildlife conservation and habitat protection",1;21;22,Wage Hour & Benefits;Animal Welfare;Government Contracting,enforcement,"The bill focuses on strengthening international conservation programs, which could involve addressing poaching, illegal logging, and wildlife trafficking (potentially implicating companies involved in those activities), and enhancing economic benefits from tourism, which could relate to employer conduct, and it also references performance measurement which could relate to government contracting and reporting.","Global Conservation Act of 2012 - Directs the Secretary of State to enter into an arrangement with the National Academy of Sciences to conduct a study of, and report to Congress on, U.S. international conservation programs to determine the extent to which such programs are: (1) advancing conservation in the world's most ecologically and economically important terrestrial and marine ecosystems; (2) addressing natural resource challenges; (3) advancing U.S. foreign policy priorities in areas such as security, democratization, sustainable food production, and clean water; (4) enhancing economic and wildlife conservation benefits derived from properly managed international hunting and angling tourism; and (5) addressing poaching, illegal logging, fishing, and wildlife trafficking. Directs the President: (1) to establish the Interagency Working Group on Global Conservation; and (2) through such Working Group, to establish the International Conservation Strategy to strengthen the capacity of the United States to collaborate with other countries, international organizations, the private sector, and private voluntary organizations to conserve natural resources and enhance biodiversity. Requires the Strategy to provide a comprehensive plan of action that identifies specific and measurable benchmarks, goals, and time frames. Requires the Working Group to ensure that the Strategy is appropriate to local needs and conditions and incorporates the views of partner countries. Establishes the Global Conservation Public Advisory Board to: (1) advise the Working Group on matters related to U.S. international conservation policies and programs and the implementation of the Strategy; and (2) ensure that the best scientific, policy, economic security, and business expertise are reflected in U.S. international conservation strategies and policies. Prohibits any provision in this Act from being construed as restricting, limiting, or otherwise impairing: (1) properly managed recreational hunting and angling, or (2) the ability of any foreign jurisdiction or authority to authorize regulated programs supporting wildlife for local consumption and commercialization. Urges the President to work with foreign assistance donor countries to: (1) develop a comprehensive international conservation assistance strategy consistent with the United States International Conservation Strategy, (2) identify multilateral mechanisms to coordinate international action, and (3) agree on a timetable for achieving the goals of the United States International Conservation Strategy.",,,The bill focuses on international conservation efforts and does not address corporate misconduct or enforcement actions against non-governmental employers.
hr1812-107,107,2001-05-10,To develop programs that enhance school safety for our children.,School Anti-Violence Empowerment Act,Education,Authorization|Child safety|Community policing|Counseling|Crime prevention|Delinquency prevention|Department of Education|Department of Justice|Education of disadvantaged children|Educational counseling|Elementary and secondary education|Elementary education|Elementary school students|Federal aid to education|Federal aid to law enforcement|Government paperwork|Government publicity|School personnel|School security|School violence|Secondary education|Secondary school students,1;2;8,Wage Hour & Benefits;Employment Discrimination;Campus Safety,enforcement,"The bill authorizes grants for school counselors and safety programs, which could relate to preventing school violence and addressing potential discrimination or misconduct within schools, and could be used to address Clery Act compliance.","School Anti-Violence Empowerment Act - Authorizes the Secretary of Education to award competitive grants to local educational agencies (LEAs) for: (1) crisis intervention programs, including school counselors; and (2) school safety programs for students, staff, and school facilities.Amends the Omnibus Crime Control and Safe Streets Act of 1968 to extend through FY 2006 the authorization of appropriations for certain grant programs for Community Policing and ""Cops on the Beat"" (COPS program). Eliminates provisions for decreasing Federal matching funds and for terminating grant program authority (thus making the authority permanent).Amends the Elementary and Secondary Education Act of 1965 to extend the authorization of appropriations for after-school and life skills programs for at-risk youth.Directs the Secretary to: (1) develop a model violence prevention program for LEAs; and (2) establish and maintain a national clearinghouse to provide LEAs with information on alternative violence prevention programs, and technical assistance to establish and operate them.",,,"The bill focuses on enhancing school safety and violence prevention programs, which do not involve corporate misconduct or private employer obligations."
hr716-114,114,2015-02-04,"To require breast density reporting to physicians and patients by facilities that perform mammograms, and for other purposes.",Breast Density and Mammography Reporting Act of 2015,Health,Cancer|Health information and medical records|Medical research|Medical tests and diagnostic methods|Research administration and funding|Women's health,1,Wage Hour & Benefits,enforcement,"The bill requires mammography facilities to provide information about breast density to patients, which relates to healthcare access and informed consent, and could be seen as indirectly regulating the quality of information provided by healthcare facilities (non-governmental employers) to patients regarding their health.","Breast Density and Mammography Reporting Act of 2015

Amends the Public Health Service Act to require mammography facilities to include up-to-date information about breast density in both the written report of the results of a mammography examination provided to a patient's physician and the summary of that written report given to the patient. Requires the summary to convey: (1) the effect of breast density in masking the presence of breast cancer on a mammogram, and (2) that individuals with dense breasts should talk with their physicians about any questions or concerns regarding the summary and whether they would benefit from additional tests.

Requires the Department of Health and Human Services to expand and intensify research on breast density, the cost-effectiveness and feasibility of supplemental imaging relating to breast density, and best practices concerning mammograms and supplemental screening for those with dense breasts.",,,"The bill focuses on health information reporting and research related to breast density and mammography, which does not involve corporate misconduct or enforcement against private employers."
s452-107,107,2001-03-05,"A bill to amend title XVIII of the Social Security Act to ensure that the Secretary of Health and Human Services provides appropriate guidance to physicians, providers of services, and ambulance providers that are attempting to properly submit claims under the medicare program to ensure that the Secretary does not target inadvertent billing errors.",Medicare Education and Regulatory Fairness Act of 2001,Health,Administrative procedure|Administrative remedies|Ambulances|Auditing|Business records|Coinsurance|Collection of accounts|Congressional reporting requirements|Constitutional law|Death|Department of Health and Human Services|Estates (Law)|Government contractors|Government paperwork|Governmental investigations|Information services|Insurance companies|Judicial review of administrative acts|Medical economics|Medical fees|Medicare|Performance measurement|Physicians|Regulatory impact statements,1,Wage Hour & Benefits,enforcement,"The bill aims to prevent the Secretary of Health and Human Services from targeting inadvertent billing errors under Medicare, and outlines provisions to allow for offset arrangements and repayment plans, directly affecting how Medicare audits and overpayment recoupment are handled with physicians and providers.","Medicare Education and Regulatory Fairness Act of 2001 - Amends title XVIII (Medicare) of the Social Security Act (SSA) concerning: (1) prospective application only of certain regulations prescribed by the Secretary of Health and Human Services (HHS); and (2) certain requirements for judicial and regulatory challenges of regulations.Requires the Secretary, with respect to Medicare audits, except when clear and convincing evidence exists of fraud or similar fault, to give a physician, provider of services, or provider of ambulance services (physicians or providers) the option of entering into: (1) an arrangement to offset alleged overpayments against future payments; or (2) a repayment plan with its carrier or fiscal intermediary to recoup such an overpayment.Prohibits the Secretary from taking any action to recoup an overpayment or to impose a penalty during the period in which a physician or provider is appealing a determination that such an overpayment has been made or the amount of the overpayment.Prohibits carriers, absent cause, from demanding the production of records or documentation before paying a Medicare claim.Amends SSA title XI with respect to prohibited extensions of remuneration to a Medicare-eligible individual to influence a choice of provider, practitioner, or supplier. Excludes from the meaning of remuneration any waiver of copayment made in a written, mailed communication with existing patients.Amends SSA title XVIII with regard to: (1) construction of hearing rights related to decisions to deny or not renew a physician enrollment agreement; (2) the post-payment audit process; (3) definitions relating to physicians or providers; and (4) the right to appeal on behalf of deceased beneficiaries.Amends SSA title XVIII to require carriers, fiscal intermediaries, and contractors to conduct education programs (funded from the Medicare Integrity Program) for physicians and providers on billing, coding, cost reporting, and documentation regulations and procedures.Outlines provisions with regard to certain information requests from physicians and providers.Amends SSA title XVIII to provide for the inclusion of regulatory costs in the calculation of the sustainable growth rate with respect to the costs of physicians' services.Prohibits the Health Care Financing Administration (HCFA) from implementing any new evaluation and management documentation guidelines under Medicare, unless it: (1) has provided for an assessment of the proposed guidelines by organizations representing physicians; (2) has established a plan that contains specific goals, including a schedule, for improving use of such guidelines; (3) has completed a minimum of four pilot projects to test such guidelines; and (4) finds that specified objectives will be met in the implementation of such guidelines.",,,"The bill addresses Medicare administrative procedures and guidelines, focusing on reducing regulatory burdens and ensuring fair treatment of providers, without involving private employer misconduct or enforcement against corporate entities."
s910-114,114,2015-04-14,"An original bill to amend the Internal Revenue Code of 1986 to clarify the special rules for accident and health plans of certain governmental entities, and for other purposes.",,Taxation,"Debt collection|Employee benefits and pensions|Government employee pay, benefits, personnel management|Health care costs and insurance|Income tax exclusion|Medicare|State and local government operations|Tax administration and collection, taxpayers",1,Wage Hour & Benefits,enforcement,"The bill clarifies rules for accident and health plans of governmental entities, which, while focused on government entities, touches on the broader area of employee benefits and could impact how similar plans are structured and administered, potentially affecting employer conduct related to ERISA and employee benefits.","(This measure has not been amended since it was introduced. The summary has been expanded because action occurred on the measure.)

(Sec. 1) Amends the Internal Revenue Code, with respect to the exclusion from gross income of payments from an accident or health plan, to: (1) make the exclusion for payments to a beneficiary other than a spouse or dependent child applicable to plans established by or on behalf of a state or political subdivision thereof; and (2) define a ""qualified taxpayer,"" for purposes of the exclusion, as an employee or the spouse, dependent, or child (under age 27) of an employee.

(Sec. 2) Increases from 30% to 35% the rate of the continuous levy on payments made after 180 days after the enactment of this Act to Medicare providers and suppliers for unpaid taxes.",,,"The bill addresses tax exclusions and levy rates related to governmental entities and Medicare providers, not private employer wage or benefit obligations."
s3668-111,111,2010-07-29,"A bill to require the Secretary of Health and Human Services to establish a demonstration program to award grants to, and enter into contracts with, medical-legal partnerships to assist patients and their families to navigate health-related programs and activities.",Medical-Legal Partnership for Health Act,Health,Government studies and investigations|Health care costs and insurance|Health care coverage and access|Health programs administration and funding|Health promotion and preventive care|Lawyers and legal services|Minority health,1,Wage Hour & Benefits,enforcement,"The bill aims to assist patients in navigating health-related programs, which could include addressing issues related to employer-sponsored health benefits and access to care, indirectly impacting employer obligations related to providing adequate benefits.",Medical-Legal Partnership for Health Act - Directs the Secretary of Health and Human Services (HHS) to establish a nationwide demonstration project to: (1) award matching grants or enter into contracts with medical-legal partnerships to assist patients and their families in navigating health-related programs and activities; and (2) evaluate the effectiveness of such partnerships. Authorizes the Secretary to provide technical assistance to grantees to support the establishment and sustainability of medical-legal partnerships. Requires amounts received under this Act to be used to achieve one or more of the following goals: (1) enhancing access to health care services; (2) improving health outcomes for low-income individuals; (3) reducing health disparities among health disparities populations; (4) enhancing wellness and prevention of chronic conditions and other health problems; (5) reducing cost of care to the health care system; (6) addressing the social determinants of health; and (7) addressing situational contributing factors. Prohibits funds under this Act from being used: (1) for any medical malpractice action or proceeding; (2) to provide any support to an alien who is not a qualified alien or a nonimmigrant under the Immigration and Nationality Act or an alien who is paroled into the United States under such Act for less than one year; (3) to provide legal assistance with respect to any proceeding or litigation which seeks to procure an abortion or to compel any individual or institution to perform or assist in the performance of an abortion; or (4) to initiate or participate in a class action lawsuit. Requires the Secretary to study and report to Congress on the results of such project.,,,"The bill focuses on establishing medical-legal partnerships to assist patients with health-related programs, which does not involve corporate misconduct or enforcement against private employers."
hr3102-114,114,2015-07-16,"To amend the Homeland Security Act of 2002 to reform programs of the Transportation Security Administration, streamline transportation security regulations, and for other purposes.",Airport Access Control Security Improvement Act of 2015,Transportation and Public Works,Administrative remedies|Aviation and airports|Congressional oversight|Criminal justice information and records|Employee performance|Firearms and explosives|Foreign labor|Government information and archives|Government studies and investigations|Licensing and registrations|Personnel records|Transportation employees|Transportation safety and security|Visas and passports,1;3,Wage Hour & Benefits;Labor Relations,enforcement,"The bill relates to airport employee screening and access controls, which involves employer performance and potential disqualification for criminal offenses, and also addresses labor relations through the establishment of a redress process for adverse employment decisions.","(This measure has not been amended since it was reported to the House on October 6, 2015. The summary of that version is repeated here.)

Airport Access Control Security Improvement Act of 2015

(Sec. 2) This bill amends the Homeland Security Act of 2002 to direct the Transportation Security Administration (TSA) to establish a risk-based, intelligence-driven model for the screening of airport employees based on level of employment-related access to Secure Identification Display Areas, Airport Operations Areas, or secure areas at U.S. airports.

 TSA shall conduct an aviation security risk-based review of certain federal disqualifying criminal offenses to determine their appropriateness as a basis for denying an employee a credential that allows unescorted access to Secure Identification Display Areas of airports.

TSA shall provide a redress process for employees subject to an adverse employment decision (including removal or suspension) due to a disqualifying offense that is consistent with the appeals and waiver process for applicants for commercial motor vehicle hazardous materials endorsements and transportation workers at ports.

TSA shall review the auditing procedures for all airport-issued identification media.

TSA shall:

 establish a program to allow airport badging offices to use ""E-Verify"" to determine eligibility to work in the United States of all applicants seeking access to secure areas of airports, establish a process to transmit applicants' biometric fingerprint data to the Office of Biometric Identity Management's Automated Biometrics Identification System for vetting, assess credential application data received by DHS to ensure it is complete and matches data submitted by airport operators. TSA shall establish a nationwide program for the anonymous reporting of violations of airport security.

TSA shall:

 establish a national database of employees who have had either their airport or aircraft operator-issued badge revoked for failure to comply with aviation requirements, determine the appropriate mechanisms for airports and airlines to submit such data and access the database, and establish a process to allow individuals whose names were mistakenly entered into the database to have them removed and their credentialing restored. The Aviation Security Advisory Committee shall update and review airport access controls.

TSA shall conduct a cost and feasibility study of a significant number of Category I, II, and X airports that ensures that all employee entry and exit points that lead to airport secured areas comprise the following:

 a secure door that uses card and pin entry or biometric technology, surveillance video recording capable of storing video data for at least 30 days, and certain advanced screening technologies (including at least one of the following: magnetometer [walk through or hand-held], explosives detection canines or explosives trace detection swabbing, advanced imaging technology, or X-ray bag screening technology). The Government Accountability Office shall assess the quality and reliability of the study.",6,enforcement,"The bill enhances TSA's regulatory framework for airport employee screening and access control, directly impacting transportation safety and security enforcement."
hr1169-112,112,2011-03-17,"To amend titles 5, 10, and 32, United States Code, to eliminate inequities in the treatment of National Guard technicians, to reduce the eligibility age for retirement for non-Regular service, and for other purposes.",National Guard Technician Equity Act,Armed Forces and National Security,"Government employee pay, benefits, personnel management|Government lending and loan guarantees|Government studies and investigations|Health care coverage and access|Higher education|Military medicine|National Guard and reserves|Student aid and college costs",1,Wage Hour & Benefits,enforcement,"The bill directly affects the compensation, benefits, and rights of National Guard technicians, who are non-governmental employers, by removing limitations on hiring, providing overtime pay, and revising retirement eligibility, thus relating to wage/hour and benefit obligations.","National Guard Technician Equity Act - Provides a person the right to be employed as a non-dual status technician if: (1) the technician position has been designated to be filled only by a non-dual status technician, or (2) the person occupying the technician position has at least 20 years of service as a dual status military technician. Repeals: (1) the permanent limitation on the number of non-dual status technicians, and (2) the prohibition against overtime pay for National Guard technicians. Provides for: (1) continued compensation for a military technician who was hired as a dual status technician but who is no longer a member of the Selected Reserve; and (2) certain enlistment, reenlistment, and student loan benefits for military technicians. Provides for a technician's rights of grievance, arbitration, appeal, and review beyond the current stage of the adjutant general of the jurisdiction concerned. Makes a dual status military technician eligible for early retirement if separating from the Selected Reserve or ceasing to hold a specified military grade after: (1) completing 25 years of technician service, or (2) becoming 50 years old and completing 20 years of such service. Increases annual paid employment leave to 30 days for reserve or National Guard duty. Revises specified provisions regarding employer health plan contributions for members of a reserve component of the Armed Forces. Reduces to 55 the eligibility age for retired pay for non-regular service.",,,"The bill addresses compensation and benefits for National Guard technicians, who are government employees, and does not involve private employer wage or benefit obligations."
hr1077-107,107,2001-03-15,"To provide that pay for prevailing rate employees in Pasquotank County, North Carolina, be determined by applying the same pay schedules and rates as apply with respect to prevailing rate employees in the local wage area that includes Carteret County, North Carolina.",,Government Operations and Politics,Blue collar workers|Federal employees|North Carolina|Pay equity|Salaries,1,Wage Hour & Benefits,enforcement,"The bill directly regulates the pay schedules and rates for prevailing rate employees in Pasquotank County, North Carolina, effectively setting wage obligations for non-governmental employers.","Requires the pay for prevailing rate employees in Pasquotank County, North Carolina, to be fixed and adjusted by applying the same pay schedules and rates as apply with respect to such employees in the local wage area that includes Carteret County, North Carolina.",,,"The bill addresses pay adjustments for federal employees, which does not involve private employer wage or benefit obligations."
hr2470-110,110,2007-05-24,To amend the Internal Revenue Code of 1986 to expand the incentives for the construction and renovation of public schools.,America's Better Classrooms Act of 2007,Taxation,Bonds|Building construction|Construction costs|Construction industries|Construction workers|Depressed areas|Elementary and secondary education|Elementary education|Employee selection|Enterprise zones|Government contractors|Income tax|Investments|Land transfers|Maintenance and repair|Public schools|School buildings|Secondary education|Standards|Tax credits|Wages,1,Wage Hour & Benefits,tax_credit_introduction,"The bill introduces tax credits for investment in public school modernization bonds, and includes labor standards applicable to the construction projects financed by those bonds, relating to employer wage obligations.","America's Better Classrooms Act of 2007 - Amends the Internal Revenue Code to allow a tax credit for investment in qualified public school modernization bonds, defined to include: (1) bonds for the construction, rehabilitation, or repair of a public school facility or for the acquisition of land for such facility (qualified school construction bonds); and (2) bonds to finance certain academic programs below the postsecondary level in empowerment zones or enterprise communities (qualified zone academy bonds). Establishes a national limitation on the issuance of such bonds and provides for the allocation of bond amounts among the states according to a specified formula. Terminates the authority for issuance of such bonds after 2009.Amends the General Education Provisions Act to apply certain labor standards to public school construction projects financed by this Act.Amends the Workforce Investment Act of 1998 to require states to establish employment and training programs relating to the construction or reconstruction of public school facilities.",,,"The bill provides tax credits for public school construction and renovation, which does not involve private employer wage or benefit obligations or corporate misconduct."
hr5207-111,111,2010-05-05,"To amend the Internal Revenue Code of 1986 to improve the operation of employee stock ownership plans, and for other purposes.",Employee Stock Ownership Plan Promotion and Improvement Act of 2010,Taxation,"Employee benefits and pensions|Financial services and investments|Government lending and loan guarantees|Income tax deductions|Income tax exclusion|Income tax rates|Interest, dividends, interest rates|Securities|Small business",1,Wage Hour & Benefits,tax_credit_introduction,"The bill aims to improve the operation of Employee Stock Ownership Plans (ESOPs) through various tax provisions, which indirectly relate to employee benefits and pensions by incentivizing their use.","Employee Stock Ownership Plan Promotion and Improvement Act of 2010 - Amends the Internal Revenue Code to: (1) exempt certain distributions, including dividends, by S corporations to an employee stock ownership plan (ESOP) from the penalty tax for premature employee benefit plan withdrawals; (2) exempt deductions for ESOP dividends from corporate alternative minimum tax adjustments based on adjusted earnings and profits; (3) allow deferral of the recognition of gain for certain sales to ESOPs sponsored by any domestic corporation, including S corporations; (4) allow reinvestment of ESOP stock proceeds eligible for nonrecognition of gain in certain mutual funds; and (5) modify certain ESOP stock ownership rules. Amends the Small Business Act to allow a majority-owned ESOP business concern to continue to qualify for loans, preferences, and other programs under such Act.",,,"The bill primarily addresses tax treatment and benefits related to employee stock ownership plans, which does not directly relate to enforcement or regulation of corporate misconduct."
hr3744-109,109,2005-09-13,"To amend the Internal Revenue Code of 1986 to provide incentives for Americans to open their homes to fellow Americans from the Gulf Coast who were devastated by Hurricane Katrina, and for other purposes.",Katrina Aftermath Relief Effort Tax Credit Act,Taxation,Alabama|Clothing|Costs|Displaced persons|Elementary and secondary education|Elementary education|Emergency housing|Equipment and supplies|Floods|Higher education|Hurricane aftermath legislation|Hurricanes|Income tax|Louisiana|Mississippi|Secondary education|Tax credits|Tax returns|Travel costs,1,Wage Hour & Benefits,tax_credit_introduction,"The bill introduces a tax credit to incentivize individuals to provide housing support to those displaced by Hurricane Katrina, which indirectly relates to private individuals providing support, and could be seen as encouraging actions that alleviate burdens on employers or social services related to displaced workers.","Katrina Aftermath Relief Effort Tax Credit Act - Amends the Internal Revenue Code to allow individual taxpayers a refundable tax credit for certain housing support expenses (e.g., food, clothing, and school supplies) paid or incurred between August 29, 2005, and December 31, 2006, to help individuals displaced by Hurricane Katrina. Limits the amount of such credit to $1,000 for any taxable year.",,,"The bill provides a tax credit for individuals assisting those displaced by Hurricane Katrina, which does not relate to corporate misconduct or private employer obligations."
s3009-114,114,2016-05-26,"A bill to support entrepreneurs serving in the National Guard and Reserve, and for other purposes.",National Guard and Reserve Entrepreneurship Support Act of 2016,Commerce,"Business education|Conflicts and wars|Congressional oversight|Disaster relief and insurance|Government lending and loan guarantees|Military personnel and dependents|National Guard and reserves|Small business|Veterans' education, employment, rehabilitation",1,Wage Hour & Benefits,enforcement,"The bill revises conditions for extending disaster loan assistance to small businesses affected by essential employee deployment, which relates to private employer wage and benefit obligations under the FLSA and related laws.","National Guard and Reserve Entrepreneurship Support Act of 2016

(Sec. 2) This bill amends the Small Business Act and the Veterans Entrepreneurship and Small Business Development Act of 1999 to revise a condition on the extension of disaster loan assistance to a small business concern that has suffered, or that is likely to suffer, substantial economic injury as the result of an essential employee's being ordered to active military duty during a period of military conflict.

The condition ""being ordered to active military duty during a period of military conflict"" shall change to read ""being ordered to deploy as part of active military duty."" This change shall permit the extension of disaster assistance to a small business concern in such a circumstance even when deployment is not during a period of military conflict.

The same condition is revised in requirements for deferred repayment of principal and interest due on a direct loan to a qualified borrower who is an eligible armed forces reservist and who:

 received a direct loan, including a disaster loan, from the Small Business Administration (SBA) before being ordered to active duty; or is an essential employee ordered to active duty from a small business concern that received a direct loan, including a disaster loan, from the SBA. The President shall report semiannually to specified congressional committees on the number of loans, and their dollar amount, made under the Military Reservist Economic Injury Disaster Loan program, including the subsidy rate of those loans.

(Sec. 3) The SBA shall to make grants and enter into contracts and cooperative agreements with specified public and private entities for outreach programs for the spouses of veterans and members of a reserve component of the armed forces.

 In making such grants the SBA shall establish a National Guard and Reserve Deployment Support and Business Training Program to give training, counseling and other assistance to support members of a reserve component of the armed forces and their spouses.

In establishing this program the SBA may:

 modify existing programs and resources to disseminate pre-deployment and other information specific to members of a reserve component of the Armed Forces and their spouses; collaborate with the National Guard Bureau (NGB), State Adjutant Generals (or their designees), and other public and private partners; and furnish training, information, and other resources to the NGB and State Adjutant Generals (or designees) to support members of a reserve component of the armed forces, their spouses, and the spouses of veterans.",,,"The bill focuses on supporting small businesses and entrepreneurs affected by military deployment, without addressing private employer wage or benefit obligations, discrimination, or other corporate misconduct categories."
hr2831-109,109,2005-06-09,To amend title I of the Employee Retirement Income Security Act of 1974 and the Internal Revenue Code of 1986 to make improvements in benefit accrual standards.,Pension Preservation and Portability Act of 2005,Labor and Employment,"Age discrimination|Civil service retirement|Cost of living adjustments|Defined benefit pension plans|Early retirement|Indexing (Economic policy)|Interest rates|Old age, survivors and disability insurance|Railroad retirement plans",1,Wage Hour & Benefits,enforcement,"The bill amends ERISA to require all defined benefit pension plans to comply with certain rules regarding age discrimination in accrued benefits, directly regulating private employer pension plan obligations.","Pension Preservation and Portability Act of 2005 - Amends the Employee Retirement Income Security Act of 1974 (ERISA) and the Internal Revenue Code to require all defined benefit pension plans, including hybrid plans such as a cash balance plan, to comply with certain rules, in cases of reduction in accrued benefits because of attainment of any age, in order to be deemed nondiscriminatory as to age.",1;2,enforcement,"The bill amends ERISA to enforce nondiscrimination in pension benefit accruals based on age, addressing employer obligations under pension and age discrimination laws."
s613-112,112,2011-03-17,A bill to amend the Individuals with Disabilities Education Act to permit a prevailing party in an action or proceeding brought to enforce the Act to be awarded expert witness fees and certain other expenses.,IDEA Fairness Restoration Act,Education,Civil actions and liability|Disability and paralysis|Elementary and secondary education|Evidence and witnesses|Legal fees and court costs|Special education,1,Wage Hour & Benefits,enforcement,"The bill relates to enforcement of the Individuals with Disabilities Education Act (IDEA) by allowing prevailing parties to recover expert witness fees and expenses, which can impact the cost of litigation against school districts and potentially encourage greater compliance with IDEA requirements.","IDEA Fairness Restoration Act - Amends the Individuals with Disabilities Education Act to include expert witness fees, including the reasonable costs of any test or evaluation necessary for the preparation of the parents' or guardians' case in the action or proceeding, within the definition of ""attorneys' fees"" that may be awarded to the prevailing party in a civil action brought under such Act.",,,"The bill addresses legal fees in special education cases under the Individuals with Disabilities Education Act, which does not involve corporate misconduct or private employer obligations."
hr2395-112,112,2011-06-24,To amend the Workforce Investment Act of 1998 to permit the establishment of Jobs Corps centers in territories of the United States.,,Labor and Employment,American Samoa|Caribbean area|Employment and training programs|Guam|Northern Mariana Islands|Puerto Rico|U.S. territories and protectorates|Virgin Islands,1,Wage Hour & Benefits,,"The bill relates to employment and training programs, specifically permitting Job Corps centers in U.S. territories, but does not directly regulate or enforce wage/hour or benefits obligations, nor does it introduce tax incentives related to employer conduct.",Amends the Workforce Investment Act of 1998 to permit the establishment of Job Corps centers in outlying areas (U.S. territories).,,,"The bill focuses on establishing Job Corps centers in U.S. territories, which does not directly relate to corporate misconduct or enforcement against private employers."
s2436-108,108,2004-05-18,A bill to reauthorize the Native American Programs Act of 1974.,,Native Americans,Alaska|Authorization|Congressional reporting requirements|Department of the Interior|Environmental law enforcement|Federal aid to Indians|Hawaiians|Indian economic development|Indian lands|Indian law enforcement|Indigenous peoples|Minorities,1;22,Wage Hour & Benefits;Government Contracting,enforcement,"The bill reauthorizes the Native American Programs Act, which includes provisions for Indian law enforcement and federal aid to Indians, potentially impacting government contracting and oversight of funds provided to tribal entities, which could relate to False Claims Act enforcement.","Amends the Native American Programs Act of 1974 to make the Commissioner for Native American Programs (the current chairperson) and the Director of the Indian Health Service (the current vice-chairperson) both co-chairpersons of the Intra-Departmental Council on Native American Affairs. Amends the Native American Programs Act of 1974 to authorize appropriations for FY 2005 through 2009. Changes from annual to every five years the Secretary of the Interior's periodic report to Congress on the social and economic conditions of American Indians, Native Hawaiians, other Native American Pacific Islanders (including American Samoan Natives), and Alaska Natives. Amends the Native Hawaiian Education Act to authorize activities under such Act to include research and education activities relating to Native Hawaiian law.",,,"The bill focuses on reauthorizing programs and reporting requirements related to Native American affairs, without addressing corporate misconduct or private employer obligations."
hr4931-107,107,2002-06-13,To provide that the pension and individual retirement arrangement provisions of the Economic Growth and Tax Relief Reconciliation Act of 2001 shall be permanent.,Retirement Savings Security Act of 2002,Labor and Employment,Accidents|Accounting|Aliens|Annuities|Business income tax|Churches|Civil Service pensions|Defined benefit pension plans|Defined contribution plans|Disasters|Dividends|Divorce|Divorcees|Employee ownership|Excise tax|Executive compensation|Executives|Financial planning|Fringe benefits|Government paperwork|Government publicity|Household workers|Income tax|Individual retirement accounts|Life expectancy|Loans|Local employees|Merchant seamen|Pension funds|Pension portability|Personal income tax|Profit sharing|Religion|Small business|State employees|Stockholders|Sunset legislation|Tax administration|Tax credits|Tax deductions|Tax exclusion|Tax penalties|Tax-deferred compensation plans|Tax-exempt organizations|Trusts and trustees|User charges|Valuation|Women|Women's retirement,1,Wage Hour & Benefits,enforcement,"The bill makes permanent provisions relating to pension and retirement plans, which directly regulates private employer obligations under ERISA and related laws.","Retirement Savings Security Act of 2002 - Makes the sunset provisions in Title IX of the Economic Growth and Tax Relief Reconciliation Act of 2001 inapplicable to the pension and individual retirement provisions in Title VI of that Act, which are thus made permanent.",,,"The bill makes certain pension and retirement provisions permanent, but does not directly regulate or enforce private employer conduct related to wage, hour, or benefit obligations."
hr5722-115,115,2018-05-09,"To direct the Secretary of Health and Human Services to conduct a study and submit to Congress a report containing recommendation on how to improve the use of non-opioid treatments for acute and chronic pain management for individuals entitled to benefits under part A or enrolled under part B of the Medicare program, and for other purposes.",Dr. Todd Graham Pain Management Improvement Act of 2018,Health,"Alternative treatments|Congressional oversight|Drug therapy|Drug trafficking and controlled substances|Drug, alcohol, tobacco use|Government information and archives|Government studies and investigations|Health technology, devices, supplies|Hospital care|Medicare|Mental health",1,Wage Hour & Benefits,,"The bill directs a study on improving non-opioid pain management for Medicare beneficiaries, but does not directly regulate or enforce employer wage/benefit conduct, nor does it introduce tax incentives related to such conduct.","Dr. Todd Graham Pain Management Improvement Act of 2018

This bill requires the Centers for Medicare & Medicaid Services to publish a report on whether Medicare payments, coverage, and coding policies for non-opioid pain management treatments should be revised. The report must include an analysis of pain management and prescribing guidelines, access to non-opioid treatments, and the effect of any recommended changes on Medicare and enrollee opioid addiction.",,,"The bill focuses on Medicare policies and non-opioid pain management, which do not involve private employer misconduct or obligations."
s3738-110,110,2008-12-11,"A bill to amend the Truth in Lending Act to permit deferrals on certain home mortgage foreclosures for a limited period to allow homeowners to take remedial action, to require home mortgage servicers to provide advance notice of any upcoming reset of the mortgage interest rate, and for other purposes.",Home Retention and Economic Stabilization Act of 2008,Housing and Community Development,Administrative procedure|Authorization|Civil actions and liability|Consumer education|Debtor and creditor|Depreciation and amortization|Federal Deposit Insurance Corporation|Federal Reserve System|Federal aid to housing|Fees|Foreclosure|Government corporations|Government paperwork|Housing finance|Loan defaults|Mortgage interest rates|Mortgages|Neighborhood Reinvestment Corporation,1,Wage Hour & Benefits,enforcement,"The bill directly affects private employer conduct by establishing a right to defer foreclosure and requiring advance notice of mortgage interest rate resets, relating to consumer protection and private mortgage obligations.","Home Retention and Economic Stabilization Act of 2008 - Amends the Truth in Lending Act to establish the right of an eligible deferred-foreclosure consumer, defendable in court, to defer initiation of a foreclosure or related action, including a foreclosure sale, brought by any creditor, servicer, or holder of an eligible deferred-foreclosure mortgage, during a specified deferment period. Declares invalid any foreclosure action or proceeding regarding a deferred-foreclosure mortgage if the creditor or servicer fails to notify the consumer: (1) at least 30 days before instituting the action or proceeding; and (2) at least once during each subsequent 30-day period until the foreclosure becomes final. Prescribes procedures governing: (1) initiating foreclosure deferment; (2) payment notices during the deferment period; and (3) the manner of consumer payment during the deferment period. Amortizes over the life of the mortgage the difference between the amount of monthly payment due under the eligible deferred-foreclosure mortgage and the deferment payment amount. Prohibits a creditor or servicer from imposing any late fee or other fee or charge during the deferment period. Requires the creditor or servicer to provide the consumer with separate, written notification, distinct from all other correspondence, regarding: (1) any interest rate increase with respect to a sub-prime mortgage; (2) any minimum monthly payment increase with respect to a negative amortization mortgage; (3) clear and conspicuous disclosure of the good faith estimate of the monthly payment applicable after the adjustment or reset date; and (4) a list of alternatives available to consumers prior to the date of adjustment or increase. Authorizes appropriations for the Neighborhood Reinvestment Corporation to implement foreclosure mitigation activities.",14,enforcement,"The bill enforces consumer protection by requiring mortgage servicers to provide advance notice of interest rate resets and deferral options, addressing deceptive practices in mortgage servicing."
s2480-114,114,2016-02-02,"A bill to amend title 5, United States Code, to protect unpaid interns in the Federal Government from workplace harassment and discrimination, and for other purposes.",Federal Intern Protection Act of 2015,Government Operations and Politics,"Age discrimination|Disability and health-based discrimination|Employment discrimination and employee rights|Government employee pay, benefits, personnel management|Racial and ethnic relations|Religion|Sex, gender, sexual orientation discrimination|Social work, volunteer service, charitable organizations|Temporary and part-time employment",1;2,Wage Hour & Benefits;Employment Discrimination,enforcement,"The bill extends discrimination protections to unpaid interns in the federal government, directly regulating private employer conduct by prohibiting discrimination based on protected characteristics and workplace harassment, relating to FLSA and equal employment opportunity laws.","Federal Intern Protection Act of 2015

This bill extends protections against discrimination in a federal workplace based on race, color, religion, sex, national origin, age, or disability to interns (individuals who perform uncompensated voluntary service in a federal agency to earn credit awarded by an educational institution or to learn a trade or occupation) and applicants for internships.",,,"The bill addresses protections for unpaid interns in the Federal Government, which does not involve private employer conduct or corporate misconduct."
hr2378-108,108,2003-06-05,"To reform the safety practices of the railroad industry, to prevent railroad fatalities, injuries, and hazardous materials releases, and for other purposes.",Railroad Safety Reform Act of 2003,Transportation and Public Works,Administrative fees|Administrative procedure|Administrative remedies|Alcoholism|Auditing|Automation|Business records|Civil actions and liability|Conferences|Conflict of interests|Congressional reporting requirements|Contractors|Criminal justice information|Data banks|Delegation of powers|Department of Transportation|Disciplining of employees|Discrimination in employment|Dismissal of employees|Driver licenses|Drug abuse|Drug abuse treatment|Drunk driving|Electronic data interchange|Emergency communication systems|Employee health benefits|Employee rights|Employee training|Employment tests|Evidence (Law)|Federal advisory bodies|Federal aid to transportation|Federal employees|Federal preemption|Federal-local relations|Federal-state relations|Fines (Penalties)|Fuel storage|Government ethics|Government lending|Government paperwork|Governmental investigations|Grievance procedures|Health surveys|Highspeed ground transportation|Hours of labor|Indexing (Economic policy)|Industrial relations|Labor unions|Leave of absence|Legislation|Licenses|Maintenance and repair|Medical screening|Medical tests|Motor vehicle safety|Noise|Obstruction of justice|Occupational health and safety|Personnel records|Physical examinations|Prosecution|Punitive damages|Radio|Railroad commuting traffic|Railroad employees,1;3;4,Wage Hour & Benefits;Labor Relations;Workplace Safety,enforcement,"The bill revises hours of duty limitations for railroad employees, prohibits discrimination against employees reporting safety concerns, and strengthens employee protection requirements, directly affecting private employer wage/hour obligations and labor practices.","Railroad Safety Reform Act of 2003 - Amends Federal transportation law to revise: (1) the hours of duty limitations with respect to train employees, signal employees, dispatching service employees, and power directors; and (2) certain sleeping quarters limitations with respect to train employees (including signal employees), and individuals employed to maintain the right of way of a railroad carrier. Requires the carrier to provide, among other things, a separate bedroom for each employee or individual. Requires each Class I and Class II railroad carrier to submit to the Secretary of Transportation a fatigue management plan designed to reduce fatigue experienced by railroad employees and the likelihood of accidents and injuries caused by such fatigue.Sets forth certain limitations on duty hours of transport vehicle drivers.Revises certain employee protection requirements prohibiting a railroad carrier from discharging or discriminating against an employee. Prohibits the carrier from threatening, intimidating, or disciplining for, or preventing an employee from notifying such carrier of certain railroad accident/injury-related or hazardous condition information.Makes it unlawful for any person to interfere with a railroad safety investigation, or to influence the testimony of any person or prevent a person from attending such investigation.Sets forth both civil and criminal penalties for violations of this Act.Revises grade crossing safety requirements to require each railroad carrier to: (1) establish a toll-free telephone service to report grade crossing problems; (2) notify trains operating near a grade crossing of any problems there; and (3) ensure placement of signs at each grade crossing displaying toll-free telephone information.Prescribes requirements for: (1) all passenger railroad cars to have emergency windows; (2) installation of passenger railroad signals; and (3) internal and compartmentalized fuel tanks on passenger locomotives.Sets forth certain railroad safety rulemaking and enforcement provisions.",4;6,enforcement,The bill addresses workplace safety by revising duty hours and fatigue management for railroad employees and transportation safety by setting requirements for grade crossing safety and passenger railroad car safety.
s2284-106,106,2000-03-23,A bill to amend the Fair Labor Standards Act of 1938 to provide for an increase in the Federal minimum wage.,Minimum Wage Increase Act of 2000,Labor and Employment,Minimum wages|Northern Mariana Islands|Territories (U.S.),1,Wage Hour & Benefits,enforcement,"The bill directly affects the Federal minimum wage, which is a core component of FLSA wage obligations for non-governmental employers.","Minimum Wage Increase Act of 2000 - Amends the Fair Labor Standards Act of 1938 to increase the Federal minimum wage (currently $5.15 per hour) to: (1) $5.65 an hour during the year beginning April 1, 2000; and (2) $6.15 an hour beginning April 1, 2001.Makes Federal minimum wage requirements applicable to the Commonwealth of the Northern Mariana Islands, following a specified transition phase-in.",1,enforcement,"The bill increases the Federal minimum wage under the FLSA, directly affecting private employer wage obligations."
hr3235-114,114,2015-07-28,"To amend the Public Health Service Act to authorize the Secretary of Health and Human Services, acting through the Administrator of the Health Resources and Services Administration, to make grants to States for screening and treatment for maternal depression.",Bringing Postpartum Depression Out of the Shadows Act of 2015,Health,Child health|Health programs administration and funding|Health promotion and preventive care|Medical tests and diagnostic methods|Mental health|Women's health,1,Wage Hour & Benefits,,"The bill focuses on grants to states for screening and treatment of maternal depression, which does not directly regulate or enforce private employer wage, hour, or benefit obligations, nor does it introduce tax incentives related to such obligations.","Bringing Postpartum Depression Out of the Shadows Act of 2015

This bill amends the Public Health Service Act to authorize the Health Resources and Services Administration (HRSA) to make grants to states to establish, expand, or maintain culturally competent programs for screening and treatment of women who are pregnant, or who have given birth within the preceding 12 months, for maternal depression. The HRSA shall make such grants to at least three states and give priority to states proposing to expand or enhance screening for maternal depression in primary care settings.

Activities eligible for funding: (1) shall include providing appropriate training and relevant resources, including information on maternal depression screening, treatment, follow-up support, and linkages to community-based resources, to health care providers; and (2) may include enabling health care providers to provide or receive real-time psychiatric consultation to aid in the treatment of pregnant and postpartum women, conducting a public awareness campaign, funding start-up costs, and establishing linkages with and among community-based resources.",,,"The bill focuses on funding state programs for maternal depression screening and treatment, which does not involve private employer conduct or corporate misconduct enforcement."
s1151-115,115,2017-05-17,A bill to amend the Internal Revenue Code of 1986 to provide a nonrefundable credit for working family caregivers.,Credit for Caring Act of 2017,Taxation,"Health care costs and insurance|Income tax credits|Long-term, rehabilitative, and terminal care",1,Wage Hour & Benefits,tax_credit_introduction,"The bill introduces a tax credit for working family caregivers, which relates to the financial burden of long-term care expenses and indirectly incentivizes support for family members, touching on the broader context of employee benefits and potential wage/hour implications related to caregiving responsibilities.","Credit for Caring Act of 2017

This bill amends the Internal Revenue Code to allow an eligible caregiver a new tax credit for 30% of the cost of long-term care expenses that exceed $2,000, up to $3,000 in a taxable year. The bill defines ""eligible caregiver"" as an individual who has earned income for the taxable year in excess of $7,500 and pays or incurs expenses for providing care to a spouse or other dependent relative with long-term care needs.",,,"The bill provides a tax credit for individual caregivers' expenses, not related to corporate misconduct or private employer obligations."
hr808-113,113,2013-02-25,To establish a Department of Peacebuilding.,Department of Peacebuilding Act of 2013,Government Operations and Politics,"Advanced technology and technological innovations|Advisory bodies|Alternative dispute resolution, mediation, arbitration|Arms control and nonproliferation|Assault and harassment offenses|Child health|Commemorative events and holidays|Correctional facilities and imprisonment|Crime prevention|Crime victims|Crimes against children|Crimes against women|Cultural exchanges and relations|Diplomacy, foreign officials, Americans abroad|Domestic violence and child abuse|Drug, alcohol, tobacco use|Economic development|Elementary and secondary education|Employment discrimination and employee rights|Executive agency funding and structure|Firearms and explosives|Foreign aid and international relief|Government information and archives|Higher education|Human rights|International organizations and cooperation|Juvenile crime and gang violence|Mental health|News media and reporting|Preschool education|Racial and ethnic relations|Reconstruction and stabilization|Sex offenses|Sex, gender, sexual orientation discrimination|Teaching, teachers, curricula|United Nations|Violent crime|Women's rights",1;2;3;12;26,"Wage Hour & Benefits;Employment Discrimination;Labor Relations;Fraud, Corruption & Criminal Conduct;Exploitation & Trafficking",enforcement,"The bill establishes a Department of Peacebuilding with offices addressing employment discrimination and employee rights, crime prevention, and human rights, which could involve enforcement actions against non-governmental employers for misconduct related to these issues.","Department of Peacebuilding Act of 2013 - Establishes a Department of Peacebuilding, which shall be headed by a Secretary of Peacebuilding (Secretary).

Sets forth the mission of the Department, including: (1) cultivation of peace as a national policy objective; and (2) development of policies that promote national and international conflict prevention, nonviolent intervention, mediation, peaceful conflict resolution, and structured conflict mediation.

Establishes in the Department: (1) the Office of Peace Education and Training, (2) the Office of Domestic Peace Activities, (3) the Office of International Peace Activities, (4) the Office of Technology for Peace, (5) the Office of Arms Control and Disarmament, (6) the Office of Peacebuilding Information and Research, (7) the Office of Human Rights and Economic Rights, and (8) the Intergovernmental Advisory Council on Peace.

Establishes a Federal Interagency Committee on Peace.

Directs the Secretary of Defense (DOD) and the Secretary of State to consult with the Secretary concerning nonviolent means of conflict resolution when a conflict between the United States and any other government or entity is imminent or occurring.

Directs the Secretary to encourage citizens to celebrate the blessings of peace and endeavor to create peace on a Peace Day.",,,"The bill establishes a Department of Peacebuilding focused on conflict prevention and resolution, which does not directly relate to corporate misconduct or enforcement against private employers."
hr3198-114,114,2015-07-23,"To amend the Internal Revenue Code of 1986 to allow a credit to small employers for certain newly hired employees, and for other purposes.",Small Business Jobs Act of 2015,Taxation,Employee hiring|Income tax credits|Small business|Tax-exempt organizations|Unemployment|Wages and earnings,1,Wage Hour & Benefits,tax_credit_introduction,"The bill introduces a tax credit to small employers for hiring new employees, which is directly related to private employer wage obligations and incentivizes hiring practices.","Small Business Jobs Act of 2015

This bill amends the Internal Revenue Code to allow a qualified small employer a business-related tax credit for the cost of hiring up to 5 new employees who work for such employer, on average, at least 30 hours per week. The bill defines ""qualified small employer"" as an employer who: (1) has a place of business in a county with an annual unemployment rate that is at least 1% greater than the national rate for the preceding calendar year; and (2) did not employ fewer than 2, or more than 100, employees in the preceding calendar year. The bill allows an employer who is a tax-exempt organization to claim such credit. The credit is not available for wages paid after December 31, 2017.",,,"The bill introduces a tax credit for small employers hiring new employees, but it does not directly relate to enforcement or regulation of corporate misconduct categories."
hr3384-112,112,2011-11-04,To amend the Internal Revenue Code of 1986 to provide a tax credit for the employment of wounded warriors.,Wounded Warriors Employment Opportunity Act of 2011,Taxation,"Disability and paralysis|Employee hiring|Income tax credits|Veterans' education, employment, rehabilitation",1,Wage Hour & Benefits,tax_credit_introduction,"The bill introduces a tax credit for the employment of wounded warriors, incentivizing private employers to hire a specific group of veterans, which relates to employer wage and benefit conduct.","Wounded Warriors Employment Opportunity Act of 2011 - Amends the Internal Revenue Code to increase from $12,000 to $24,000 in taxable years ending before January 1, 2017, the amount of wages which may be taken into account in determining the allowable work opportunity tax credit for the hiring of certain disabled veterans who have been unemployed for six months or more during the one-year period ending on the hiring date.",2,tax_credit_introduction,"Introduces an increased tax credit for hiring disabled veterans, incentivizing employers to reduce employment discrimination against disabled individuals."
hr2668-111,111,2009-06-02,"To provide for the offering of an American Trust Health Plan to provide choice in health insurance options so as to ensure quality, affordable health coverage for all Americans.",Choice in Health Options Insures Care for Everyone (CHOICE) Act of 2009,Health,Advisory bodies|Department of Health and Human Services|Employee benefits and pensions|Executive agency funding and structure|Health care costs and insurance|Health care coverage and access|Medicare,1,Wage Hour & Benefits,enforcement,"The bill establishes a new health plan and conditions Medicare participation on participation in the plan, which affects health benefits coverage and potentially employer-provided benefits, directly regulating private employer conduct.",Choice in Health Options Insures Care for Everyone (CHOICE) Act of 2009 - Establishes the American Trust Health Plan to offer eligible individuals health benefits coverage. Requires the Plan to comply with all requirements that are applicable with respect to other health benefit plans to be offered through a National Health Insurance Exchange. (The Exchange has not yet been established.) Exempts the Plan from state insurance regulations. Treats enrollment with the Plan as satisfying any requirement under federal law for the individual to demonstrate enrollment in health insurance or benefits coverage. Sets forth provisions regarding administration of the Plan. Requires the Plan to be financially self-sustaining insofar as funds to operate the Plan shall be derived from premiums of individuals enrolled under the Plan. Makes the Plan eligible to accept subsides to the same extent as other health benefit plans offered through an Exchange. Prohibits significant changes to the Plan without public notice. Conditions a health care provider's continued participation in the Medicare program on participation in the American Trust Health Plan. Sets payment for health care providers under the Plan at 105% of the payment rates under Medicare. Requires the Administrator of the Plan to set the benefit level and the premiums.,,,"The bill establishes a new health insurance plan and addresses health care coverage and costs, but does not regulate or enforce private employer conduct related to corporate misconduct categories."
hr868-114,114,2015-02-11,"To provide for coordination between the TRICARE program and eligibility for making contributions to a health savings account, and for other purposes.",Veterans TRICARE Choice Act,Armed Forces and National Security,Congressional oversight|Government information and archives|Health care costs and insurance|Income tax deductions|Income tax exclusion|Military medicine|Military personnel and dependents,1,Wage Hour & Benefits,tax_credit_introduction,"The bill allows individuals eligible for TRICARE to contribute to a health savings account, which could be seen as incentivizing individuals to seek alternative healthcare options and potentially impacting employer-provided health benefits, relating to employer conduct around benefits.","Veterans TRICARE Choice Act

 Allows an individual who is eligible to participate in the TRICARE program (a Department of Defense [DOD] managed health care program) to: (1) elect to be ineligible to enroll in such program, (2) make tax deductible contributions to a health savings account during the period such individual elects to be ineligible for TRICARE coverage, and (3) enroll in the TRICARE program at a later date during a special enrollment period.

Requires DOD to: (1) submit to the Internal Revenue Service information on each TRICARE-eligible individual who makes such election for purposes of determining such individual's eligibility for a health savings account; and (2) report to Congress, annually, on elections by TRICARE-eligible individuals under this Act.",,,"The bill addresses TRICARE program eligibility and tax deductions for health savings accounts, which do not involve private employer wage or benefit obligations or corporate misconduct."
hr6351-112,112,2012-08-02,To amend chapter 1 of title 9 of United States Code with respect to arbitration.,Fairness in Nursing Home Arbitration Act of 2012,Law,"Aging|Alternative dispute resolution, mediation, arbitration|Contracts and agency|Health facilities and institutions|Long-term, rehabilitative, and terminal care",1,Wage Hour & Benefits,enforcement,"The bill directly affects private employer conduct by prohibiting pre-dispute arbitration agreements with nursing home residents, relating to potential wage and benefit disputes and ERISA obligations.",Fairness in Nursing Home Arbitration Act of 2012 - Provides that a pre-dispute arbitration agreement between a long-term care facility and a resident (or anyone acting on the resident's behalf) shall not be valid or specifically enforceable.,,,"The bill addresses arbitration agreements in long-term care facilities, which does not directly relate to any category of corporate misconduct enforcement."
hr2404-114,114,2015-05-18,"To amend title XVIII of the Social Security Act to provide for the coordination of programs to prevent and treat obesity, and for other purposes.",Treat and Reduce Obesity Act of 2015,Health,Health promotion and preventive care|Medicare|Mental health|Nutrition and diet|Physical fitness and lifestyle|Prescription drugs,1,Wage Hour & Benefits,enforcement,"The bill expands Medicare coverage for obesity treatment, including intensive behavioral therapy, which relates to employer-provided health benefits and potentially impacts employer healthcare costs and plan design.","Treat and Reduce Obesity Act of 2015

Amends title XVIII (Medicare) of the Social Security Act to authorize the Department of Health and Human Services (HHS), in addition to qualified primary care physicians and other primary care practitioners, to cover intensive behavioral therapy for obesity furnished by: (1) a physician who is not a qualified primary care physician; (2) an evidence-based, community-based HHS-approved lifestyle counseling program; or (3) any other appropriate health care provider (including a physician assistant, nurse practitioner, clinical nurse specialist, a clinical psychologist, and a registered dietitian or nutrition professional).

Allows coverage of intensive behavioral therapy for obesity furnished by another appropriate health care provider or program only if it is furnished: (1) upon referral from, and in coordination with, a physician or primary care practitioner in a primary care or other HHS-specified setting; and (2) in an office setting, a hospital outpatient department, a community-based site that complies with the federal regulations concerning the privacy of individually identifiable health information, or another HHS-specified setting.

Authorizes HHS to cover under Medicare part D (Voluntary Prescription Drug Benefit Program) medication for treatment of obesity or for weight loss management for an overweight individual with one or more related comorbidities.",,,"The bill focuses on expanding Medicare coverage for obesity treatment and related services, which involves government healthcare programs rather than private employer obligations or corporate misconduct."
s2766-111,111,2009-11-10,A bill to provide for the coverage of medically necessary food under Federal health programs and private health insurance.,Medical Foods Equity Act of 2009,Health,Child health|Digestive and metabolic diseases|Food assistance and relief|Health care costs and insurance|Health care coverage and access|Medicare|Nutrition and diet|Poverty and welfare assistance,1,Wage Hour & Benefits,enforcement,"The bill mandates coverage of medically necessary food and vitamins/amino acids under Medicare, Medicaid, CHIP, TRICARE, and private insurance plans, directly regulating what non-governmental health plans must cover, which relates to employer-provided benefits.","Medical Foods Equity Act of 2009 - Amends titles XVIII (Medicare), XIX (Medicaid), and XXI (State Children's Health Insurance Program) (CHIP, formerly known as SCHIP) of the Social Security Act to include coverage of: (1) medically necessary food and food modified to be low protein; and (2) pharmacological doses of vitamins and amino acids used for the treatment of inborn errors of metabolism. Provides for similar coverage under the TRICARE program (military health care). Amends the Employee Retirement Income Security Act (ERISA), the Public Health Service Act, and the Internal Revenue Code to provide coverage in group and individual plans of such food and vitamins and amino acids. Requires the Secretary of Health and Human Services (HHS) to determine the minimum yearly coverage for all health insurance plans based upon the expanded coverage provided by this Act.",,,"The bill addresses health insurance coverage for medically necessary food and related treatments, which does not involve corporate misconduct or enforcement against private employers."
hr5165-114,114,2016-05-03,"To amend the Family and Medical Leave Act of 1993 to provide a partial exemption to veterans from the eligibility requirements, and for other purposes.",Medical Leave for Disabled Veterans Act,Labor and Employment,"Disability and paralysis|Employee leave|Hospital care|Veterans' education, employment, rehabilitation|Veterans' medical care",1,Wage Hour & Benefits,enforcement,"The bill amends the FMLA to lower the service hour requirements for veterans to qualify for medical leave, directly affecting private employer obligations under the Act.","Medical Leave for Disabled Veterans Act

This bill amends the Family and Medical Leave Act of 1993 (FMLA) to provide eligibility for specified medical/hospital care for an employee who: (1) has a Department of Veterans Affairs (VA) disability rating of between 30% and 50% and at least 833 hours of service with the employer (from whom leave is requested) during the previous eight-month period, or (2) has a VA disability rating of 60% or higher and at least 625 hours of service with such employer during the previous 6-month period.

Medical/hospital leave shall also be provided to an employee who is not covered by the above provision but who retired from the Armed Forces by reason of a service-connected disability: (1) rated at between 30% and 50% at retirement and who has at least 833 hours of service with such employer during the previous eight-month period, or (2) rated at 60% or higher at retirement and who has at least 625 hours of service with such employer during the previous 6-month period.

(Under current law, employees of an FMLA-covered employer become eligible for medical leave after 12 months on the job and at least 1,250 hours of service with such employer during the previous 12-month period.)

A employee must submit a certification to the employer from the VA or the Department of Defense, as appropriate, to be eligible for such adjustment.",,,"The bill modifies FMLA eligibility requirements specifically for veterans, which does not involve private employer misconduct or obligations under the Violation Tracker categories."
hr2234-109,109,2005-05-10,"To authorize the Secretary of Health and Human Services to make health information technology grants, and for other purposes.",21st Century Health Information Act of 2005,Health,Accreditation (Medical care)|Administrative procedure|Communication in medicine|Communication in science|Computer networks|Computer security measures|Computer software|Computers|Conflict of interests|Congressional investigations|Congressional reporting requirements|Consumer education|Data banks|Department of Health and Human Services|Electronic data interchange|Equipment and supplies|Federal aid to health facilities|Government lending|Government paperwork|Group medical practice|Health information systems|Information technology|Liability (Law)|Medicaid|Medical ethics|Medical fees|Medical records|Medical research|Medical technology|Medicare|Minorities|Physicians|Quality of care|Regional planning|Right of privacy|Standards,1,Wage Hour & Benefits,enforcement,"The bill amends the Social Security Act to exclude the provision of equipment or services for the development of regional health information plans from illegal remuneration provisions and limitations on physician compensation arrangements, which relates to employer conduct regarding benefits and compensation.","21st Century Health Information Act of 2005 - Authorizes the Secretary of Health and Human Services to make grants to regional health information organizations to develop and implement regional health information technology plans. Requires the Director of the Agency for Healthcare Research and Quality (AHRQ) to establish and maintain a national technical assistance center to provide assistance to physicians to facilitate adoption of health information technologies and participation in such regional plans. Requires the Secretary to establish a program of accrediting health information networks. Requires the Comptroller General to report to Congress on the progress of regional health information organizations in realizing the purposes of this Act. Prohibits federal funds available under this Act from being used for the purchase of a health information technology product unless such product has been certified as incorporating interoperability data standards and compliance criteria. Allows the Secretary to make loans to any accredited regional health information organization to finance investments in network infrastructure and technology acquisition, training, and workflow engineering for physicians. Amends the Social Security Act to exclude the provision of equipment or services for the development of such a regional plan from illegal remuneration provisions and limitations on physician compensation arrangements. Requires the Secretary to: (1) establish a methodology for making adjustments in Medicare payments to providers participating in an accredited network; and (2) make matching Medicaid payments to states for the development and implementation of a regional plan under certain circumstances.",,,"The bill focuses on health information technology grants and infrastructure, which does not involve private employer misconduct or enforcement actions related to corporate misconduct categories."
hr5287-107,107,2002-07-26,"To amend title 10, United States Code, to provide for forgiveness of certain overpayments of retired pay paid to deceased retired members of the Armed Forces following death.",Military Retiree Survivor Comfort Act,Armed Forces and National Security,Bank accounts|Collection of accounts|Death|Electronic funds transfers|Military pay|Military pensions|Survivors' benefits,1,Wage Hour & Benefits,enforcement,"The bill relates to military retired pay and forgiveness of overpayments to survivors, which, while involving a pension, concerns the proper administration of payments to beneficiaries following the death of a retired member, and thus relates to the management of retirement benefit plans.",Military Retiree Survivor Comfort Act - Requires the United States to forgive any overpayment of military retired or retainer pay for any period after the date of death of the recipient through the last day of the month in which such death occurs if such payment is electronically deposited in an accredited financial institution to a joint account bearing the name of the decedent and the decedent's designated beneficiary.,,,"The bill addresses the forgiveness of overpayments of military retired pay, which involves government military pensions and not private employer wage or benefit obligations."
s2992-110,110,2008-05-07,"A bill to amend title 38, United States Code, to enhance housing loan authorities for veterans and to otherwise assist veterans and members of the Armed Forces in avoiding the foreclosure of their homes, and for other purposes.",Armed Forces Housing Security Act,Armed Forces and National Security,Afghanistan|Civil actions and liability|Condominium (Housing)|Counseling|Federally-guaranteed loans|Fees|Fines (Penalties)|Foreclosure|Government publicity|Government trust funds|Iraq|Iraq compilation|Jurisdiction|Liability (Law)|Loan defaults|Middle East and North Africa|Military dependents|Military operations|Mortgages|South Asia|Veterans' loans,1,Wage Hour & Benefits,enforcement,"The bill directly affects veterans' housing loans, including loan guaranty amounts, refinancing options, and protections against foreclosure, which relate to private financial institutions and their obligations to veterans as borrowers.","Armed Forces Housing Security Act - Increases the maximum loan guaranty amount for certain veterans' housing loans guaranteed through the Department of Veterans Affairs (VA). Directs the Secretary of Veterans Affairs to review and streamline the process for guaranteeing veterans' home loans for the purchase of condominiums. Repeals the veterans' home loan fee. Authorizes the Secretary to provide loans to veterans to refinance loans of up to 100% (currently 90%) of the value of the dwelling or farm residence securing the loan. Allows the VA to guarantee refinanced loans not previously guaranteed by the VA. Amends the Servicemembers Civil Relief Act to extend from 90 days to one year after completion of military service the grace period against the sale, foreclosure, or seizure of a defaulted mortgage. Prohibits a member of the Armed Forces from waiving such protection. Specifically applies such protection to members (regular and reserve) serving on active duty as part of Operations Iraqi Freedom or Enduring Freedom (covered member), and their dependents. Provides protections against loan owners or insurers for loan servicers who implement qualified loan modifications or workout plans for covered members and their dependents. Directs the Secretary of Defense to provide financial services counseling relating to a mortgage and mortgage foreclosure to a veteran, covered member, and their dependents.",,,"The bill focuses on enhancing housing loan authorities and foreclosure protections for veterans and military members, which does not involve private employer misconduct or obligations."
s3010-108,108,2004-11-19,"A bill to amend the Federal Fire Prevention and Control Act of 1974 to authorize the Administrator of the United States Fire Administration to provide assistance to firefighting task forces, and for other purposes.",Firefighters Special Operation Task Force Act,Emergency Management,Chemical industries|Disaster relief|Emergency communication systems|Employee training|Equipment and supplies|Fire departments|Fire fighters|Fire prevention|Grants-in-aid|Infrastructure|Infrastructure (Economics)|Layoffs|Motor vehicles|Nuclear power plants|Petroleum refineries|Police communication systems|Salaries|Terrorism|Weapons of mass destruction,1,Wage Hour & Benefits,enforcement,"The bill authorizes grants to firefighting task forces that can be used for salary and benefits, which directly relates to employer wage and benefit obligations.","Firefighters Special Operation Task Force Act - Amends the Federal Fire Prevention and Control Act of 1974 to authorize the Administrator of the U.S. Fire Administration to award grants to a task force (two or more fire services operating under a cooperative agreement to coordinate incident response within a geographic area) for: (1) salary and benefits to hire or rehire firefighting personnel to provide services to the task force; (2) expenses related to the participation of firefighting personnel in appropriate training courses offered by the Department of Homeland Security, the National Fire Academy, or a State or local fire academy; (3) training related to incident response; (4) appropriate equipment or support systems for task force members; or (5) improved communications between task force members and a local police department or hospital. Requires the Administrator, in selecting grantees, to give priority to task forces serving geographic areas within 50 miles of: (1) a nuclear power facility; (2) a large facility that produces, treats, or refines chemicals or petroleum products; (3) a business district of national significance; or (4) a location with one or more critical infrastructures. Requires grantees to provide non-Federal matching funds of at least 55 percent of the amount awarded by the Administrator for each fiscal year.",,,The bill focuses on providing grants for firefighting task forces and does not address corporate misconduct or private employer obligations.
s2257-113,113,2014-04-28,"A bill to amend the Internal Revenue Code of 1986 to provide an exemption from the tax on early distributions for certain Bureau of Prisons correctional officers who retire before age 55, and for other purposes.",Correctional Officer Fairness Act of 2014,Taxation,"Correctional facilities and imprisonment|Department of Justice|Employee benefits and pensions|Government employee pay, benefits, personnel management|Income tax exclusion|Law enforcement officers|Sales and excise taxes",1,Wage Hour & Benefits,tax_credit_introduction,"The bill provides a tax exemption for early distributions from retirement plans for Bureau of Prisons correctional officers, which relates to employee benefits and pensions, though it does not directly regulate employer conduct but incentivizes retention through a tax benefit.","Correctional Officer Fairness Act of 2014 - Amends the Internal Revenue Code to exempt from the 10% additional tax on early distributions from tax-exempt retirement plans distributions from a thrift savings fund to a qualified federal correctional officer who has reached age 50 or has completed 25 years of credible service, whichever is earlier. Defines ""qualified federal correctional officer"" as an individual who is employed by the Bureau of Prisons as a correctional officer and has completed 20 years of creditable service.",,,"The bill provides a tax exemption for early retirement distributions to federal correctional officers, which does not involve private employer wage or benefit obligations."
s2499-114,114,2016-02-04,"A bill to amend the Internal Revenue Code of 1986 to improve access to health care through expanded health savings accounts, and for other purposes.",Health Savings Act of 2016,Taxation,"Bankruptcy|Employee benefits and pensions|Health care costs and insurance|Health care coverage and access|Health personnel|Hospital care|Income tax deductions|Indian social and development programs|Inflation and prices|Medicaid|Medicare|Military medicine|Minority health|Nutrition and diet|Physical fitness and lifestyle|Prescription drugs|Religion|Sales and excise taxes|Sports and recreation facilities|Tax administration and collection, taxpayers|Tax treatment of families",1,Wage Hour & Benefits,tax_credit_introduction,"The bill expands eligibility for Health Savings Accounts (HSAs) to more individuals and allows for more flexible use of HSA funds, which relates to private employer-provided health benefits and incentivizes participation in these accounts.","Health Savings Act of 2016

This bill amends the Internal Revenue Code, with respect to the taxation of health savings accounts (HSAs), to:

 rename high deductible health plans as HSA-qualified health plans; allow spouses who have both attained age 55 to make increased catch-up contributions to the same HSA; make Medicare Part A (hospital insurance benefits) beneficiaries eligible to participate in an HSA; allow individuals eligible for hospital care or medical services under a medical care program of the Indian Health Service or of a tribal organization to participate in an HSA; allow individuals eligible to receive medical benefits under certain TRICARE plans to participate in an HSA; allow members of a health care sharing ministry to participate in an HSA; allow individuals who receive primary care services in exchange for a fixed periodic fee or payment, or who receive health care benefits from an onsite medical clinic of an employer, to participate in an HSA; include amounts paid for prescriptions and over-the-counter medicines or drugs as ""qualified medical expenses"" for which distributions from an HSA or an Archer Medical Savings Account may be used; and allow HSA distributions to be used to purchase health insurance coverage. The bill amends the federal bankruptcy code to exempt HSAs from creditor claims in bankruptcy.

The bill amends the Social Security Act to reauthorize the use of Medicaid health opportunity accounts.

The bill allows a medical care tax deduction for: (1) exercise equipment, physical fitness programs, and membership at a fitness facility; (2) nutritional and dietary supplements; and (3) periodic fees paid to a primary care physician and amounts paid for pre-paid primary care services.",,,"The bill primarily addresses tax treatment and access to health savings accounts, which does not directly relate to corporate misconduct or enforcement categories."
hr6657-115,115,2018-08-07,"To establish a separate account in the Treasury to hold deposits to be used to secure the southern border of the United States, and for other purposes.",Fund and Complete the Border Wall Act,Immigration,,1,Wage Hour & Benefits,enforcement,"The bill amends the Fair Labor Standards Act of 1938 to permit Border Patrol agents to receive overtime pay, directly affecting private employer wage obligations.","Fund and Complete the Border Wall Act

This bill directs the Department of the Treasury to establish the Secure the Southern Border Fund to provide funds to the Department of Homeland Security (DHS) to: (1) construct a barrier along the U.S.-Mexico international border, and (2) purchase U.S. Border Patrol vehicles and equipment.

DHS shall annually provide the Department of State and Congress with the number of apprehensions and nationality of aliens who illegally entered the United States through the U.S- Mexico land border. The bill reduces by $2,000 per alien the foreign assistance provided to the countries of nationality of such aliens and transfers such revenue to the fund. The State Department may opt to not reduce appropriations to Mexico for military, narcotics control, and anti-terrorism activities.

The Electronic Fund Transfer Act is amended to establish a 5% foreign remittance fee to be transferred to the fund. A foreign country that aids an individual to avoid such fee shall be ineligible for foreign assistance and the visa waiver program.

The bill increases the fee for the alien admission/departure I-94 form and transfers such revenue to the fund, the Land Border Inspection Fee account, and the Border Patrol.

The bill directs DHS by December 31, 2019, to: (1) design and install physical barriers, roads, and technology along the the U.S.-Mexico international border to prevent illegal crossings; and (2) achieve operational control of the U.S. international land and maritime borders.

The Fair Labor Standards Act of 1938 is amended to permit Border Patrol agents to receive overtime pay.",,,"The bill primarily addresses border security funding and operations, not private employer conduct or corporate misconduct enforcement."
hr31-115,115,2017-01-03,"To provide for the periodic review of the efficiency and public need for Federal agencies, to establish a commission for the purpose of reviewing the efficiency and public need of such agencies, and to provide for the abolishment of agencies for which a public need does not exist.",Federal Sunset Act of 2017,Government Operations and Politics,"Advisory bodies|Congressional oversight|Executive agency funding and structure|Government employee pay, benefits, personnel management|Performance measurement",1,Wage Hour & Benefits,,"The bill mentions 'Government employee pay, benefits, personnel management' but focuses on the abolishment or reorganization of federal agencies, not regulating private employer conduct related to wages, benefits, or other misconduct.","Federal Sunset Act of 2017

 This bill establishes the Federal Agency Sunset Commission to: (1) submit to Congress a schedule for review by the Commission, at least once every 12 years, of the abolishment or reorganization of each federal executive agency, including advisory committees; (2) review and evaluate the efficiency and public need for each agency using specified criteria; (3) recommend whether each agency should be abolished or reorganized; and (4) report to Congress on all legislation introduced that would establish a new agency or a new program to be carried out by an existing agency. The bill requires the abolishment of any agency within one year of the Commission's review unless the agency is reauthorized by Congress. The deadline for abolishing an agency may be extended for an additional two years by legislation enacted by a super majority of the House of Representatives and the Senate.

 The Commission shall terminate on December 31, 2037.

The Government Accountability Office and the Congressional Budget Office, in cooperation with the Congressional Research Service, shall prepare an inventory of federal programs within each agency, including the budget authority for each such program, to assist Congress and the Commission in carrying out the requirements of this bill.",,,"The bill focuses on reviewing and potentially abolishing federal agencies, which does not involve private employer conduct or corporate misconduct enforcement."
s211-107,107,2001-01-30,"A bill to amend the Education Amendments of 1978 and the Tribally Controlled Schools Act of 1988 to improve education for Indians, Native Hawaiians, and Alaskan Natives.",Native American Education Improvement Act of 2001,Native Americans,Accounting|Accreditation (Education)|Administrative procedure|Alaska|Auditing|Building construction|Child development|Community colleges|Congressional investigations|Congressional reporting requirements|Construction costs|Department of the Interior|Educational planning|Elementary and secondary education|Elementary school students|Elementary schools|Federal aid to Indians|Federal aid to day care centers|Federal aid to education|Federal aid to higher education|Financial statements|Foundations|Government paperwork|Hawaiians|Higher education|Indian children|Indian education|Indigenous peoples|Maintenance and repair|Minorities|Recruiting of employees|School buildings|Secondary education|Secondary school students|Standards|Student housing|Student transportation|Students' rights|Surveys|Teacher supply and demand|Teachers|Travel costs,1;22,Wage Hour & Benefits;Government Contracting,enforcement,"The bill revises requirements relating to education programs funded by the Bureau of Indian Affairs, including fiscal and accounting standards, recruitment of Indian educators, and audits of BIA-funded schools, which relates to employer conduct and potential fraud or mismanagement of funds.","Native American Education Improvement Act of 2001 - Amends the Education Amendments of 1978 to revise requirements relating to education programs of the Bureau of Indian Affairs (BIA) of the Department of the Interior.Sets forth requirements for accreditation, and requires published minimum academic standards to be revised and applied to BIA-funded schools not otherwise accredited. Permits BIA-funded schools to elect to meet the applicable standards or be accredited by a tribal, regional, or State accrediting body.Requires the BIA to establish fiscal and accounting standards for all contract and grant schools.Revises requirements relating to: (1) tribal approval for closure or consolidation of certain BIA-funded schools or programs; (2) consideration of applications for contracts or grants for non-BIA-funded schools or for expansion of BIA-funded schools; (3) geographical attendance areas for BIA-funded schools; (4) school facilities construction; (5) BIA-education functions; (6) review and revision of an allotment formula for funding BIA-funded schools; (7) administrative cost grants to tribes or tribal organizations operating grant or contract schools; (8) the system of uniform direct funding and support of BIA-funded schools; (9) the policy for Indian control of Indian education; (10) the recruitment of Indian educators; (11) audits of BIA-funded schools; (12) rights of Indian students attending BIA-funded schools; (13) grants for early childhood development programs; (14) grants for tribal departments of education; and (15) procedures for negotiated rulemaking.Requires joint administrative, transportation, and program cost funds received by BIA-funded schools to be apportioned and retained at such schools. Authorizes their use for schoolwide projects to improve the educational program for all Indian students.Directs the Comptroller General to study the adequacy of funding and related funding formulae for BIA-funded schools.Directs the Secretary to revise national standards for home-living (dormitory) situations at BIA-operated schools, including specified factors.Directs the General Accounting Office to conduct a national survey of the physical conditions of all BIA-funded school facilities. Directs the Secretary to establish a negotiated rulemaking committee to catalogue such conditions for the Secretary and report on school replacement, new construction, and needed renovations and repairs. Requires a long-term construction and replacement priority listing for all BIA-funded education-related facilities. Subjects all functions relating to education at the area or agency level and performed by an education line officer to contracting, unless determined to be inherently Federal functions.Directs the Director to conduct a comprehensive evaluation of BIA-operated schools, in addition to any other program review or evaluation that may be required.Amends the Tribally Controlled Schools Act of 1988 to reauthorize and revise requirements for part B grants to Indian tribes and tribal organizations to operate tribally controlled schools, including BIA-funded schools.Establishes a Tribally Controlled Grant School Endowment Program.",,,"The bill focuses on improving education for Native Americans through amendments to existing education acts, without addressing corporate misconduct or private employer obligations."
s1498-115,115,2017-06-29,"A bill to establish in the Smithsonian Institution a comprehensive American women's history museum, and for other purposes.",Smithsonian American Women's History Museum Act,"Arts, Culture, Religion","District of Columbia|Executive agency funding and structure|Museums, exhibitions, cultural centers|Smithsonian Institution|U.S. history|Women's employment|Women's rights",1,Wage Hour & Benefits,,"The bill mentions 'women's employment' as a subject, but it focuses on establishing a museum and does not directly regulate or incentivize any private employer wage, benefit, or employment practice.","Smithsonian American Women's History Museum Act

This bill establishes a comprehensive American women's history museum within the Smithsonian Institution in Washington, DC, to provide for: (1) the collection, study, and establishment of programs related to women's contributions that have influenced the direction of the United States; (2) collaboration with other Smithsonian museums and facilities, outside museums, and educational institutions; and (3) the creation of exhibitions and programs that recognize diverse perspectives on women's history and contributions.

The bill establishes a council within the Smithsonian Institution to: (1) make recommendations to the Smithsonian's Board of Regents for the construction of the museum; (2) advise and assist the board on the administration and preservation of the museum; (3) recommend annual operating budgets for the museum; and (4) report annually to the board on the acquisition, disposition, and display of objects related to women's art, history, and culture.

The council shall have sole authority to: (1) acquire artifacts for the museum's collections, (2) dispose of any part of the collections but only if funds generated are used for additions to the collections, (3) specify criteria for the use of the museum's collections and resources, and (4) preserve and maintain the collections.

The museum's director may carry out educational and liaison programs in support of its goals.",,,"The bill focuses on establishing a museum for American women's history within the Smithsonian Institution, which does not involve any regulation or enforcement related to corporate misconduct."
hr4994-107,107,2002-06-21,"To provide for the payment or reimbursement by the Federal Government of special unemployment assistance paid by States to individuals participating in qualified worker training programs, and for other purposes.",Skills and Training Promotion Act,Labor and Employment,Congressional reporting requirements|Dislocated workers|Occupational retraining|Plant shutdowns|State laws|Unemployed|Unemployment insurance,1,Wage Hour & Benefits,enforcement,"The bill relates to unemployment assistance paid to individuals participating in worker training programs, which is directly tied to state unemployment compensation laws and employer conduct regarding dislocated workers and plant shutdowns, and could affect the requirements for special unemployment assistance.",Skills and Training Promotion Act - Authorizes Federal payments to States for certain portions of a State's special unemployment assistance for individuals participating in qualified worker training programs.Provides for payment agreements between the Secretary of Labor and States that: (1) have a State unemployment compensation law approved by the Secretary; and (2) are required by State law to pay such special assistance to such trainees.,,,"The bill involves federal reimbursement for state unemployment assistance related to worker training programs, not private employer wage or benefit obligations."
s1617-108,108,2003-09-15,A bill to amend the employee Retirement Income Security Act of 1974 and the Internal Revenue Code of 1986 to provide comprehensive pension protection for women.,Women's Pension Protection Act of 2003,Labor and Employment,Administrative procedure|Annuities|Collective bargaining|Defined contribution plans|Divorce|Income tax|Interest|Married people|Railroad retirement plans|Separation (Law)|Survivors' benefits|Tax-deferred compensation plans|Widowers|Widows|Women|Women's retirement,1,Wage Hour & Benefits,enforcement,"The bill amends ERISA to require spousal consent for distributions from defined contribution plans, similar to existing requirements for defined benefit plans, and strengthens rules around division of pension benefits upon divorce, directly regulating private employer pension conduct.","Women's Pension Protection Act of 2003 - Amends the Employee Retirement Income Security Act of 1974 (ERISA) and the Internal Revenue Code (IRC) to require the spouse's consent for distributions from defined contribution plans (DCPs, which include individual account plans such as 401(k) plans). (Current law only requires such consent in the case of defined benefit plans). Applies joint and survivor annuity rules to DCPs. Prescribes requirements for division of pension benefits upon divorce. Directs the Secretary of the Treasury to issue regulations relating to the time and order of issuance of qualified domestic relations orders. Provides for treatment of former spouses as surviving spouses in certain cases. Revises requirements for joint and survivor annuities. Requires pension plans to offer participants the option of a qualified joint and 3/4 survivor annuity (as an alternative to the current qualified joint and survivor annuity). Amends Federal law relating to the Civil Service Retirement System (CSRS) to provide for a survivor annuity to widows, widowers, and certain former spouses of Federal employees who die after having separated from the service with title to a deferred annuity under CSRS, but before attaining the age for such annuity under it (on the same basis as is currently provided to certain survivors of former Members of Congress). Revises CSRS and Federal Employees Retirement System (FERS) requirements for court orders relating to Federal employee retirement benefits for former spouses. Revises the order of precedence for disposition of remaining amounts in thrift savings accounts. Amends the Railroad Retirement Act of 1974 to: (1) entitle divorced spouses to railroad retirement annuities independent of the actual entitlement of the employees; and (2) extend the payment of any portion of Tier II railroad retirement benefits to surviving former spouses pursuant to divorce agreements.",1,enforcement,"The bill amends ERISA to enhance pension protections, directly affecting private employer obligations regarding retirement benefit plans."
hr3589-110,110,2007-09-19,To amend the Trade Act of 1974 to extend trade adjustment assistance to certain service workers.,,Foreign Trade and International Finance,Dislocated workers|High technology|Information technology|Location of industries|Service industries|Trade adjustment assistance,1,Wage Hour & Benefits,enforcement,"The bill expands eligibility for Trade Adjustment Assistance to service workers, which could include workers who lost jobs due to companies shifting services overseas, potentially impacting wage and benefit obligations of those companies.","Amends the Trade Act of 1974 to allow the filing of a petition with the Secretary of Labor for certification of eligibility to apply for trade adjustment assistance (TAA) by adversely affected workers in a service sector firm or subdivision. Defines ""service sector firm"" as an entity engaged in the business of providing information technology or other high technology services. Revises group eligibility requirements for TAA to cover: (1) a shift, by such workers' firm or subdivision to a foreign country, in provision of services, like or directly competitive with services which are provided by such firm or subdivision; and (2) instances where such workers' firm or subdivision obtains or is likely to obtain such services from a foreign country. Provides for the certification for TAA of adversely affected secondary workers in a service sector firm or subdivision.",,,"The bill extends trade adjustment assistance to service workers affected by offshoring, but does not address corporate misconduct or enforcement actions against private employers."
s177-107,107,2001-01-25,"A bill to amend the provisions of title 39, United States Code, relating to the manner in which pay policies and schedules and fringe benefit programs for postmasters are established.",Postmasters Fairness and Rights Act,Government Operations and Politics,Collective bargaining agreements|Employee-management relations in government|Fringe benefits|Government employee unions|Industrial arbitration|Postal employees|Postal service|Salaries|United States Postal Service,1;3,Wage Hour & Benefits;Labor Relations,enforcement,"The bill relates to pay policies, schedules, and fringe benefit programs for postmasters, which are non-governmental employers, and grants them collective bargaining rights, directly affecting employer-employee relations and wage/benefit conduct.","Postmasters Fairness and Rights Act - Amends Federal law to prescribe guidelines within which the Postal Service shall propose changes in pay policies, schedules, and fringe benefit programs affecting postmasters which are to be in effect during the period covered by a collective bargaining agreement between the Postal Service and certain recognized bargaining representatives.Grants certain qualified postmasters' organizations the right to participate in program planning and development pertaining to pay policies, schedules, and fringe benefits.",,,"The bill addresses pay policies and fringe benefits for postmasters, who are government employees, thus not involving private employer wage or benefit obligations."
s3066-111,111,2010-03-03,A bill to correct the application of the Non-Foreign Area Retirement Equity Assurance Act of 2009 (5 U.S.C. 5304 note) to employees paid saved or retained rates.,,Government Operations and Politics,"Administrative law and regulatory procedures|Employee benefits and pensions|Government employee pay, benefits, personnel management|Inflation and prices|Office of Personnel Management (OPM)",1,Wage Hour & Benefits,enforcement,"The bill amends the Non-Foreign Area Retirement Equity Assurance Act of 2009, which concerns employee benefits and pensions, and requires adjustments to saved or retained rates of pay for federal employees, directly relating to employer (in this case, the federal government as an employer) benefit obligations.","Amends the Non-Foreign Area Retirement Equity Assurance Act of 2009 to require the Director of the Office of Personnel Management (OPM) to prescribe rules governing establishment and adjustment of saved or retained rates for any employee subject to such Act whose rate of pay exceeds applicable pay limitations on the first day of the first pay period beginning on or after January 1, 2010 (currently, beginning on or after January 1, 2012). Requires agencies, until the Director prescribes such rules, for such employees receiving a cost-of-living allowance and a retained rate of pay, to: (1) calculate the retained rate adjustment based on a maximum rate of basic pay, excluding any locality-based comparability payment; and (2) provide an additional adjustment reflecting the full increase in the locality-based comparability payment that would apply to the employee but for receipt of a retained rate. Requires the Director to issue guidance for carrying out this provision. Requires employees in another pay system that receive a retained rate equivalent to the retained rate provided under federal civil service pay retention provisions to be provided equivalent treatment consistent with such Act.",,,"The bill addresses government employee pay and benefits, which does not involve private employer wage or benefit obligations."
s89-111,111,2009-01-06,"A bill to authorize the Moving to Work Charter program to enable public housing agencies to improve the effectiveness of Federal housing assistance, and for other purposes.",Moving to Work Charter Program Act of 2009,Housing and Community Development,Advisory bodies|Housing and community development funding|Low- and moderate-income housing|Public contracts and procurement|Public housing,1,Wage Hour & Benefits,enforcement,"The bill exempts charter contracts from certain requirements of the United States Housing Act of 1937, except those for payment of prevailing wages, which directly relates to private employer wage obligations under the FLSA.","Moving to Work Charter Program Act of 2009 - Directs the Secretary of Housing and Urban Development to enter into charter contracts, beginning in FY2010, with up to 250 public housing agencies administering the public housing program or the section 8 housing assistance program under the United States Housing Act of 1937. States that such charter contracts shall: (1) supersede and have a term commensurate with any annual contributions contract between a public housing agency and the Secretary; and (2) provide that a participating public housing agency shall receive capital and operating assistance allocated to it under specified laws. Exempts charter contracts from the requirements of the United States Housing Act of 1937, except those for payment of wages prevailing in the community and the demolition and disposition of public housing. Requires a charter contract to provide that a public housing agency: (1) may combine section 8 low-income assistance and Public Housing Capital and Operating Fund assistance and use it for housing assistance and related services for activities under this Act; (2) shall ensure that at least 75% of the families assisted are very low-income families; (3) shall establish a reasonable rent policy designed to encourage employment, self-sufficiency, and home ownership by participating families; and (4) meet specified additional requirements. Directs the Secretary to appoint a federal advisory committee to assess and develop a demonstration program to test standards, criteria, and practices for a national public housing agency accreditation system or other evaluation system.",,,"The bill focuses on public housing agency operations and federal housing assistance, which do not involve private employer misconduct or obligations."
hr6373-111,111,2010-09-29,To amend title XIX of the Social Security Act to improve access to advanced practice nurses and physician assistants under the Medicaid Program.,Medicaid Advanced Practice Nurses and Physician Assistants Access Act of 2009,Health,Health care costs and insurance|Health care coverage and access|Health personnel|Medicaid|Nursing,1,Wage Hour & Benefits,enforcement,"The bill expands access to advanced practice nurses and physician assistants under Medicaid, which affects the scope of healthcare coverage and potentially the demand for primary care services, indirectly relating to employer-provided health benefits and access to care for employees.","Medicaid Advanced Practice Nurses and Physician Assistants Access Act of 2009 [sic] - Amends title XIX (Medicaid) of the Social Security Act to eliminate the state option to include nurse practitioners, certified nurse-midwives, and physician assistants as primary care case managers. Specifies as primary care case managers any nurse practitioner, certified nurse-midwife, or physician assistant that provides primary care case management services under a primary care case management contract. Revises the coverage of certain nurse practitioner services under the Medicaid fee-for-service program to remove the specification of certified pediatric nurse practitioner and certified family nurse practitioner in order to extend such coverage to services furnished by a nurse practitioner or clinical nurse specialist. Includes nurse practitioners, clinical nurse specialists, physician assistants, certified nurse midwives, and certified registered nurse anesthetists in the mix of service providers which Medicaid managed care organizations are required to maintain.",,,"The bill addresses Medicaid program adjustments and healthcare provider roles, not private employer wage or benefit obligations or corporate misconduct."
hr2292-111,111,2009-05-06,"To amend the Employee Retirement Income Security Act of 1974, the Public Health Service Act, and the Internal Revenue Code of 1986 to require coverage of preventive care for children.",Healthy Kids for Healthy Futures Act of 2009,Health,Child health|Employee benefits and pensions|Health care costs and insurance|Health care coverage and access|Health promotion and preventive care|Income tax deductions,1,Wage Hour & Benefits,enforcement,"The bill requires group health plans to provide coverage for preventive care for children, directly regulating employer-provided health benefits and potentially impacting employer costs and obligations related to employee health coverage.","Healthy Kids for Healthy Futures Act of 2009 - Amends the Employee Retirement Income Security Act of 1974 (ERISA), the Public Health Service Act, and the Internal Revenue Code to require a group health plan to provide coverage for appropriate preventive care for a participant's dependent child who is not more than 18 years of age. Defines ""appropriate preventive care"" to mean medical care that meets the most recent Bright Futures Guidelines for Health Supervision of Infants, Children, and Adolescents. Prohibits a group health plan from imposing any cost-sharing for such preventive services. Prohibits a group health plan from taking specified actions to avoid the requirements of this Act. Applies the provisions of this Act to individual health insurance coverage. Excludes a plan from being treated as a high deductible health plan unless the requirements of this Act are met.",,,"The bill mandates preventive care coverage for children under group health plans, which relates to healthcare coverage but does not address private employer wage or benefit misconduct."
s2935-115,115,2018-05-23,"A bill to prioritize and support the Human Intervention Motivation Study (HIMS) program for flight crewmembers and the Flight Attendant Drug and Alcohol Program (FADAP) for flight attendants, and for other purposes.",Transportation Workforce Recovery and Retention Act,Transportation and Public Works,,1,Wage Hour & Benefits,enforcement,"The bill supports programs aimed at helping transportation workers (flight crewmembers and flight attendants) get treatment for substance abuse and return to work, which relates to ensuring a safe working environment and addressing potential violations of regulations related to employee health and fitness for duty, and indirectly addresses employer obligations related to employee well-being.","Transportation Workforce Recovery and Retention Act

 This bill directs the Federal Aviation Administration to continue to prioritize and support the Human Intervention Motivation Study (HIMS) program for flight crewmembers and the Flight Attendant Drug and Alcohol Program (FADAP) for flight attendants.

The Transportation Research Board shall conduct a study on the HIMS program and the FADAP and make recommendations to the Federal Aviation Administration and the Department of Transportation on how to implement similar programs to help other types of transportation workers get treatment for drug and alcohol abuse and return to work.",,,"The bill focuses on supporting programs for substance abuse treatment and recovery for transportation workers, which does not involve corporate misconduct or enforcement against private employers."
hjres124-115,115,2017-12-13,"Making further additional continuing appropriations for fiscal year 2018, and for other purposes.",,Economics and Public Finance,"Appropriations|Budget process|Caribbean area|Child health|Defense spending|Department of Defense|Digestive and metabolic diseases|Executive agency funding and structure|Gambling|Health care costs and insurance|Health care coverage and access|Health facilities and institutions|Health programs administration and funding|Health promotion and preventive care|Indian social and development programs|Medicaid|Medical education|Medicare|Military procurement, research, weapons development|Minority health|Nuclear weapons|Puerto Rico|Sex and reproductive health|U.S. territories and protectorates|Veterans' medical care|Virgin Islands",1;23,Wage Hour & Benefits;Healthcare Fraud & Compliance,enforcement,"The bill extends the Children's Health Insurance Program (CHIP) and modifies Medicaid funding, which affects healthcare coverage and access and alters payment rules for hospitals, indirectly impacting employer-provided health benefits and potentially incentivizing better coverage options.","DIVISION A--FURTHER ADDITIONAL CONTINUING APPROPRIATIONS ACT, 2018

Further Additional Continuing Appropriations Act, 2018 

This division amends the Continuing Appropriations Act, 2018 to provide continuing FY2018 appropriations to most federal agencies through January 19, 2018 (December 22, 2017, under current law). It prevents a partial government shutdown that would otherwise occur when the existing continuing resolution expires because the FY2018 appropriations bills have not been enacted.

It also exempts security spending from sequestration (automatic spending cuts) for FY2018 and delays the sequestration for nonsecurity spending.

DIVISION B--DEFENSE APPROPRIATIONS

This division provides appropriations to the Department of Defense for the remainder of FY2018, including emergency appropriations for missile defense programs.

DIVISION C--CHAMPIONING HEALTHY KIDS ACT

Continuing Community Health And Medical Professional Programs to Improve Our Nation, Increase National Gains, and Help Ensure Access for Little Ones, Toddlers, and Hopeful Youth by Keeping Insurance Delivery Stable Act of 2017 or the CHAMPIONING HEALTHY KIDS Act 

This division extends the Children's Health Insurance Program (CHIP) through FY2022 and also extends several other public health programs.

The division also increases Medicaid funding for Puerto Rico and the Virgin Islands through FY2019 and modifies the Medicaid payment reductions for disproportionate-share hospitals (which receive additional payment under Medicaid for treating a large share of low-income patients).

In addition, the bill:

 modifies the grace period for paying health insurance premiums under the Patient Protection and Affordable Care Act, reduces appropriations for the Prevention and Public Health Fund, alters third-party liability rules under Medicaid and CHIP, modifies the treatment of lottery winnings and other lump-sum income under Medicaid income eligibility rules, and eliminates Medicare premium subsidies for beneficiaries with annual incomes exceeding $500,000. DIVISION D--OTHER MATTERS

This division provides funding for the Veterans Choice Program, which allows veterans to receive health care from providers outside of the Department of Veterans Affairs facilities.",,,"The bill primarily addresses government appropriations and funding for federal programs, including CHIP and Medicaid, without regulating private employer conduct or introducing tax incentives related to corporate misconduct."
hr2083-114,114,2015-04-29,"To amend title XVIII of the Social Security Act to provide for patient protection by establishing safe nurse staffing levels at certain Medicare providers, and for other purposes.",Registered Nurse Safe Staffing Act of 2015,Health,Employment discrimination and employee rights|Health care quality|Health information and medical records|Health personnel|Hospital care|Medicare|Nursing,1,Wage Hour & Benefits,enforcement,"The bill requires Medicare participating hospitals to implement safe nurse staffing plans and establishes penalties for violations, directly regulating private employer (hospital) conduct related to wage and benefit obligations and working conditions.","Registered Nurse Safe Staffing Act of 2015

 Amends title XVIII (Medicare) of the Social Security Act to require each Medicare participating hospital to implement a hospital-wide staffing plan for nursing services furnished in the hospital.

Requires the plan to require that an appropriate number of registered nurses provide direct patient care in each unit and on each shift of the hospital to ensure staffing levels that: (1) address the unique characteristics of the patients and hospital units; and (2) result in the delivery of safe, quality patient care consistent with specified requirements.

Requires each participating hospital to establish a hospital nurse staffing committee which shall implement such plan.

Specifies civil monetary and other penalties for violation of the requirements of this Act.

Sets forth whistleblower protections against discrimination and retaliation involving patients or employees of the hospital for their grievances, complaints, or involvement in investigations relating to such plan.",3;4,enforcement,"The bill enforces safe nurse staffing levels at Medicare providers, addressing workplace safety and labor relations through whistleblower protections against retaliation."
hr2745-108,108,2003-07-15,To amend the Internal Revenue Code of 1986 to require a sports franchise to provide for all of the games played by the franchise to be available for local television broadcasting in order to be subject to the presumption that 50 percent of the consideration in the sale or exchange of a sports franchise is allocable to player contracts.,Baseball Fan Protection Act,Taxation,Athletes|Capital gains tax|Government paperwork|Income tax|Labor contracts|Licenses|Metropolitan areas|Television broadcasting of sports|Television stations|Urban affairs|Valuation,1,Wage Hour & Benefits,enforcement,"The bill attempts to influence the conduct of sports franchises by tying a tax benefit (the presumption of a 50% allocation of value to player contracts) to whether they make games available for local television broadcasting, which indirectly relates to player compensation and labor contracts.","Baseball Fan Protection Act - Amends the Internal Revenue Code to revise provisions concerning the basis limitation for player contracts transferred in connection with the sale of a sports franchise to provide that when a sports franchise is sold, unless local television stations are given reasonable opportunity to purchase the right to broadcast the team's games before others are allowed to make bids, there shall be a presumption that the 50 percent allocation of value to player contracts shall be zero. Applies this Act to franchise sales or exchanges after December 31, 1999.",,,"The bill addresses tax provisions related to the sale of sports franchises and local broadcasting rights, which do not involve corporate misconduct or enforcement against private employers."
hr4497-113,113,2014-04-28,"To amend the Internal Revenue Code of 1986 to provide tax relief for damages relating to federally declared disasters during September 2013, and for other purposes.",,Taxation,"Business expenses|Charitable contributions|Disaster relief and insurance|Income tax deductions|Natural disasters|Social work, volunteer service, charitable organizations",1,Wage Hour & Benefits,tax_credit_introduction,"The bill provides tax deductions for disaster-related charitable contributions made by corporations, which can incentivize positive employer conduct related to employee welfare during and after disasters.","Amends the Internal Revenue Code, with respect to tax relief for federally-declared disasters, to: (1) allow the expensing of qualified disaster expenses (i.e., for removal of debris, demolition, and repair of business-related property) for a disaster occurring during September 2013; (2) allow individual taxpayers an increased tax deduction for charitable contributions made for relief efforts related to a federally-declared disaster which occurs after August 31, 2013, if such contributions are made by December 31, 2014; and (3) allow corporations an increased tax deduction for disaster-related charitable contributions.",,,"The bill provides tax relief related to disaster expenses and charitable contributions, which does not involve corporate misconduct or enforcement against private employers."
hr4349-109,109,2005-11-16,To require Medicare providers to disclose publicly staffing and performance in order to promote improved consumer information and choice.,Patient Safety Act of 2005,Health,Accreditation (Medical care)|Ambulatory care|Case mix (Medical care)|Clinics|Congressional reporting requirements|Consumer complaints|Consumer education|Disciplining of employees|Discrimination in employment|Dismissal of employees|Drug utilization|Electronic government information|Fines (Penalties)|Government paperwork|Government publicity|Hospital care|Hospital personnel|Hours of labor|Internet|Kidney diseases|Licenses|Medicaid|Medical records|Medical statistics|Medicare|Mortality|Nurses|Occupational health and safety|Paramedical personnel|Psychiatric hospitals|Quality of care|Rural health|Surgery|Ulcers|Urology|Web sites|Whistle blowing,1;2,Wage Hour & Benefits;Employment Discrimination,enforcement,"The bill requires Medicare providers to publicly disclose staffing and performance data and prohibits adverse employment actions against employees who report dangerous conditions, directly relating to employer wage/hour issues (hours of labor) and potential discrimination/retaliation for whistleblowing.","Patient Safety Act of 2005 - Requires any provider under the Medicare program (title XVIII of the Social Security Act ), as a condition of continued participation in such program, to make publicly available information regarding nurse staffing and patient outcomes as specified by the Secretary. Requires the public availability of data regarding complaints filed with the state agency, the Centers for Medicare & Medicaid Services, or an accrediting agency, compliance with the standards of which have been deemed to demonstrate Medicare participation compliance, and data regarding investigations and findings as a result of those complaints and the findings of scheduled inspection visits.Requires the Secretary to provide for the auditing of such information for accuracy as a part of the process of determining whether a provider is eligible for continued participation in the Medicare program. Amends SSA title XVIII and XIX (Medicaid) to provide for public disclosure of accurate data on nursing facility staffing. Creates a staffing quality measure for consumers to compare nursing facilities. Prohibits adverse employment actions by Medicare providers against their employees for notifying the provider, or any federal or state agency or accreditation agency, of conditions which are dangerous or potentially dangerous to patients.",3;4,enforcement,The bill addresses labor relations by prohibiting adverse employment actions against whistleblowers and workplace safety by requiring public disclosure of staffing and patient outcomes to ensure safe conditions.
s2323-112,112,2012-04-19,"An original bill making appropriations for Departments of Commerce and Justice, and Science, and Related Agencies for the fiscal year ending September 30, 2013, and for other purposes.","Commerce, Justice, Science, and Related Agencies Appropriations Act, 2013",Economics and Public Finance,Appropriations|Atmospheric science and weather|Department of Commerce|Department of Justice|Executive Office of the President|Executive agency funding and structure|Law enforcement administration and funding|National Aeronautics and Space Administration|National Science Foundation|Space flight and exploration,1;3;12;22,"Wage Hour & Benefits;Labor Relations;Fraud, Corruption & Criminal Conduct;Government Contracting",enforcement,"The bill appropriates funds for the Department of Justice and Department of Commerce, which includes funding for enforcement of wage and hour laws (FLSA), WARN Act, and potentially fraud-related investigations (kickbacks, contract fraud) and False Claims Act enforcement against contractors.","Commerce, Justice, Science, and Related Agencies Appropriations Act, 2013 - Makes appropriations for FY2013 for the Departments of Commerce and Justice, for science-related programs, and related agencies. Title I: Department of Commerce - Department of Commerce Appropriations Act, 2013 - Makes appropriations for the Department of Commerce for FY2013 for: (1) the International Trade Administration; (2) the Bureau of Industry and Security; (3) the Economic Development Administration; (4) the Minority Business Development Agency; (5) economic and statistical analysis programs; (6) the Bureau of the Census; (7) the National Telecommunications and Information Administration; (8) the United States Patent and Trademark Office (USPTO); (9) the National Institute of Standards and Technology (NIST), including for the Hollings Manufacturing Extension Partnership; (10) the National Oceanic and Atmospheric Administration (NOAA); and (11) departmental management, including for the Office of Inspector General and for the renovation and modernization of Department of Commerce facilities. (Sec. 105) Adopts by reference provisions of the Commerce, Justice, Science, and Related Agencies Appropriations Act, 2012 that: (1) set forth determinations that must be made by the Under Secretary of Commerce for Oceans and Atmosphere in order for NOAA to enter a contract for development of a major program (an activity approved to proceed to implementation that has an estimated life cycle cost of more than $250 million), and (2) require the Under Secretary to annually submit a Major Program Annual Report that includes such required information for the satellite development program for which NOAA proposes to expend funds in the subsequent year. Title II: Department of Justice - Department of Justice Appropriations Act, 2013 - Makes appropriations for the Department of Justice (DOJ) for FY2013 for: (1) general administration, including for the Office of Inspector General; (2) the United States Parole Commission; (3) legal activities, including for reimbursement from the Vaccine Injury Compensation Trust Fund for processing cases under the National Childhood Vaccine Injury Act of 1986, the Offices of the United States Attorneys, the United States Trustee Program, the Foreign Claims Settlement Commission, the Community Relations Service, and the Assets Forfeiture Fund; (4) the United States Marshals Service; (5) the National Security Division; (6) interagency crime and drug enforcement; (7) the Federal Bureau of Investigation (FBI); (8) the Drug Enforcement Administration (DEA); (9) the Bureau of Alcohol, Tobacco, Firearms, and Explosives (ATF); (10) the federal prison system, including for Federal Prison Industries, Incorporated; (11) the Office on Violence Against Women for violence against women prevention and prosecution programs, including for establishment of a national clearinghouse to provide training and technical assistance on issues relating to sexual assault of American Indian and Alaska Native women; (12) Office of Justice Programs, including the Edward Byrne Memorial Justice Assistance Grant Program, the State Criminal Alien Assistance Program, a border prosecutor initiative, the Capital Litigation Improvement Grant Program, an Edward Byrne Memorial criminal justice innovation program, the National Criminal History Improvement Program, and Paul Coverdell Forensic Sciences Improvement Grants; and (13) Community Oriented Policing Services (COPS program). (Sec. 202) Prohibits the use of funds to: (1) pay for an abortion, except where the life of the mother would be endangered if the fetus were carried to term, or in the case of rape; or (2) require any person to perform or facilitate an abortion. (Sec. 217) Prohibits the use of funds by a federal law enforcement officer to facilitate the transfer of an operable firearm to an individual known or suspected to be an agent of a drug cartel, unless U.S. law enforcement personnel continuously monitor or control the firearm at all times. Title III: Science - Science Appropriations Act, 2013 - Makes appropriations for FY2013 for: (1) the Office of Science and Technology Policy; (2) the National Aeronautics and Space Administration (NASA), including for operational satellite acquisition; and (3) the National Science Foundation (NSF), including for the Office of the National Science Board. Title IV: Related Agencies - Makes appropriations for FY2013 for: (1) the Commission on Civil Rights, (2) the Equal Employment Opportunity Commission (EEOC), (3) the International Trade Commission, (4) the Legal Services Corporation, (5) the Marine Mammal Commission; (6) the Office of the United States Trade Representative, and (7) the State Justice Institute. Title V: General Provisions - (Sec. 501) Sets forth requirements, restrictions, and limitations on the use of funds appropriated by this Act. (Sec. 506) Makes any person who mislabels a product sold in or shipped to the United States as ""Made in America"" ineligible to receive any contract or subcontract funded by this Act. (Sec. 509) Prohibits the use of funds to promote the sale or export of tobacco or tobacco products or to seek the removal by any foreign country of restrictions on marketing of such products, except for restrictions which are not applied equally to all tobacco products of the same type (Sec. 517) Prohibits the use of funds to: (1) support or justify the use of torture by any official or contract employee of the U.S. government; , or (2) authorize or issue a national security letter in contravention of specified statutes authorizing the FBI to issue national security letters. (Sec. 526) Rescinds specified amounts of unobligated balances available to DOJ for specified accounts. (Sec. 530) Prohibits the use of funds under this Act to: (1) transfer or release to or within the United States Khalid Sheikh Mohammed or any other detainee who is not a U.S. citizen or a member of the U.S. Armed Forces and who is or was held on or after June 24, 2009, at the U.S. Naval Station, Guantanamo Bay, Cuba, by the Department of Defense (DOD); or (2) construct, acquire, or modify any facility in the United States, its territories, or possessions to detain or imprison such a detainee. (Sec. 532) Prohibits the distribution of funds to the Association of Community Organizations for Reform Now (ACORN) or its subsidiaries. (Sec. 538) Prohibits the use of funds to pay the salaries or expenses of personnel to deny, or fail to act on, an application for the importation of any model of shotgun if: (1) all other legal requirements with respect to the proposed importation are met; and (2) no application for the importation of such model of shotgun, in the same configuration, had been denied by the Attorney General prior to January 1, 2011, on the basis that the shotgun was not particularly suitable for or readily adaptable to sporting purposes. (Sec. 541) Prohibits the use of funds to enter into a contract or agreement with, or to make a grant or loan to, any corporation that has any unpaid federal tax liability that has been assessed, for which all judicial and administrative remedies have been exhausted, and that is not being paid in a timely manner unless an agency has considered suspension or debarment of the corporation and made a determination that this further action is not necessary to protect the interests of the government.",,,"The bill is an appropriations act for various government departments and agencies, and does not address private employer conduct or corporate misconduct enforcement."
hr2686-112,112,2011-07-28,"To amend part A of title IV of the Social Security Act to exclude child care from the determination of the 5-year limit on assistance under the temporary assistance for needy families program, and for other purposes.",Children First Act of 2011,Social Welfare,Appropriations|Business records|Child care and development|Child health|Child safety and welfare|Employment and training programs|Poverty and welfare assistance|State and local government operations,1,Wage Hour & Benefits,enforcement,"The bill excludes child care assistance from the five-year limit on TANF assistance and increases funding for child care, which relates to employer-provided benefits and potentially impacts employer obligations related to employee support.","Children First Act of 2011 - Amends part A (Temporary Assistance for Needy Families) (TANF) of the Social Security Act (SSA) to: (1) exclude child care assistance from the determination of the five-year limit on assistance under TANF, and (2) increase funding for child care. Requires the plans submitted to the Secretary of Health and Human Services (HHS) by eligible states to contain provisions for certification of procedures to ensure that child care providers comply with applicable state or local health and safety standards. Increases from 6 to 13 the maximum age allowed of a child under the care of a single custodial parent or other individual with custody who will not be subject to a reduction or termination of TANF assistance as a result of a refusal of the individual to engage in work. Subjects to the individual and case data reporting requirements of the Child Care and Development Block Grant Act of 1990 any TANF funds expended for child care, whether or not transferred to that Act, and exempts such funds from SSA reporting requirements.",,,"The bill addresses modifications to the TANF program and child care funding, which are government benefit programs and do not involve private employer obligations or corporate misconduct."
hr4259-111,111,2009-12-10,"To facilitate foreign investment by permanently reauthorizing the EB-5 regional center program, and for other purposes.",Employment Benefit Act,Immigration,Business investment and capital|Employment and training programs|Government studies and investigations|Immigration status and procedures|U.S. and foreign investments|User charges and fees|Visas and passports,1,Wage Hour & Benefits,enforcement,"The bill permanently reauthorizes the EB-5 regional center program, which involves investment requirements and potential impacts on employment, and expands eligibility criteria, directly relating to employer conduct and obligations under immigration law.","Employment Benefit Act - Amends the Departments of Commerce, Justice, and State, the Judiciary, and Related Agencies Appropriations Act, 1993 to: (1) make the alien investor visa (EB-5) regional center program permanent; (2) establish a $2,500 regional center designation fee; and (3) increase visa set-asides for such program. Amends the Immigration and Nationality Act regarding EB-5 provisions to: (1) establish a $2,500 premium processing fee; (2) establish in the Treasury the Immigrant Entrepreneur Regional Account Center; (3) permit concurrent filing for EB-5 petitions and status adjustment applications; (4) expand the definition of ""targeted employment area"" for purposes of visa set-asides; and (5) expand EB-5 eligibility to include investors who have completed investment agreements with a qualified venture capital operating company or with an ""angel investor"" (U.S. citizen- or permanent resident-owned entity or an entity that has made specified commercial enterprise investments).",,,"The bill focuses on immigration and investment procedures related to the EB-5 visa program, which does not involve enforcement against corporate misconduct or private employer obligations."
s1623-113,113,2013-10-30,A bill to amend the Fair Labor Standards Act of 1938 to provide compensatory time for employees in the private sector.,Working Families Flexibility Act of 2013,Labor and Employment,Administrative remedies|Civil actions and liability|Congressional oversight|Department of Labor|Employee leave|Employment discrimination and employee rights|Government studies and investigations|Labor standards|Labor-management relations|Wages and earnings,1,Wage Hour & Benefits,enforcement,"The bill directly relates to the FLSA and modifies the rules surrounding compensatory time off for private sector employees, affecting employer wage and hour obligations.","Working Families Flexibility Act of 2013 - Amends the Fair Labor Standards Act of 1938 to authorize private employers to provide compensatory time off to private employees at a rate of 1 1/2 hours per hour of employment for which overtime compensation is required. Authorizes an employer to provide compensatory time only if it is in accordance with an applicable collective bargaining agreement or, in the absence of such an agreement, an agreement between the employer and employee.

Prohibits an employee from accruing more than 160 hours of compensatory time. Requires an employee's employer to provide monetary compensation, after the end of a calendar year, for any unused compensatory time off accrued during the preceding year.

Requires an employer to give employees 30-day notice before discontinuing compensatory time off.

Prohibits an employer from intimidating, threatening, or coercing an employee in order to: (1) interfere with the employee's right to request or not to request compensatory time off in lieu of payment of monetary overtime compensation, or (2) require an employee to use such compensatory time.

Makes an employer who violates such requirements liable to the affected employee in the amount of the compensation rate for each hour of compensatory time accrued, plus an additional equal amount as liquidated damages, reduced for each hour of compensatory time used.

Directs the Comptroller General (GAO) to report to Congress every three years on: (1) the extent to which employers provide compensatory time off and employees opt to receive it; (2) the number of complaints filed by an employee with the Secretary of Labor alleging a violation of the requirements as well as enforcement actions commenced by the Secretary on behalf of an aggrieved employee; (3) the disposition of such complaints and actions; and (4) any unpaid wages, damages, penalties, injunctive relief, or other remedies sought by the Secretary in connection with such actions.",1,enforcement,"The bill amends the Fair Labor Standards Act to regulate private employer conduct regarding compensatory time off, directly affecting wage and hour obligations."
hr1691-107,107,2001-05-02,To amend the Service Contract Act of 1965 to provide for the responsibility in certain cases of a parent corporation of a Federal contractor to provide health care benefits to retired employees of the contractor if the contractor fails to provide such benefits.,Service Contract Health Security Act,Government Operations and Politics,Collective bargaining agreements|Government contractors|Government service contracts|Retiree health benefits|Subsidiary corporations,1;3,Wage Hour & Benefits;Labor Relations,enforcement,"The bill directly relates to employer obligations regarding retiree health benefits under service contracts and collective bargaining agreements, impacting private employer wage and benefit conduct.","Service Contract Health Security Act - Amends the Service Contract Act of 1965 to require to be included within service contract labor standards a provision specifying that if the contract or applicable collective bargaining agreement required that the contractor provide health care to contractor employees performing work under the contract and the employees retired before the contract was terminated, the parent corporation shall be responsible providing such health care coverage to such retired employees if the contractor fails to do so.",1,enforcement,"The bill enforces private employer obligations by holding parent corporations responsible for providing health care benefits to retired employees if the contractor fails to do so, aligning with wage hour and benefits misconduct."
hr351-109,109,2005-01-25,To repeal the sunset on the increased assistance pursuant to the dependent care tax credit provisions of the Economic Growth and Tax Relief Reconciliation Act of 2001 and to make the credit refundable.,,Taxation,Adult day care|Caregivers|Costs|Day care|Disabled|Income tax|Married people|Sunset legislation|Tax credits|Tax refunds,1,Wage Hour & Benefits,tax_credit_introduction,"The bill makes the dependent care tax credit permanent and refundable, which relates to private employer wage and benefit conduct by incentivizing assistance with childcare expenses.",Amends the Economic Growth and Tax Relief Reconciliation Act of 2001 to make permanent the increases in assistance pursuant to the dependent care tax credit. Amends the Internal Revenue Code to make such credit refundable.,,,"The bill addresses tax credits for dependent care, which does not relate to corporate misconduct or private employer obligations."
hr6409-112,112,2012-09-13,To streamline the administration of whistleblower protections for private sector employees.,Private Sector Whistleblower Protection Streamlining Act of 2012,Labor and Employment,"Administrative remedies|Alternative dispute resolution, mediation, arbitration|Civil actions and liability|Congressional oversight|Department of Labor|Employment discrimination and employee rights|Evidence and witnesses|Executive agency funding and structure|Government studies and investigations|Judicial review and appeals|Right of privacy|Worker safety and health",1;3,Wage Hour & Benefits;Labor Relations,enforcement,"The bill strengthens protections for private sector employees who report violations of federal law, directly impacting employer conduct related to retaliation and discrimination, and potentially implicating FLSA, OSHA, and Sarbanes-Oxley Act-related issues.","Private Sector Whistleblower Protection Streamlining Act of 2012 - Sets forth whistleblower protections for private sector, state, and municipal employees who are retaliated or discriminated against by an employer for disclosing threats to public safety or violations of federal law. Authorizes a whistleblower who has been discharged or discriminated against by an employer to seek appropriate relief either by: (1) filing a complaint with the Secretary of Labor; or (2) bringing an action at law or equity in the appropriate U.S. district court. Prohibits restrictions on whistleblowing and relief provided under this Act. Establishes the Whistleblower Protection Office in the Department of Labor. Makes conforming whistleblower amendments to the Occupational Safety and Health Act, the Federal Mine Safety and Health Act of 1977, the federal criminal code with respect to the Sarbanes-Oxley Act of 2002, and the Energy Reorganization Act of 1974. Establishes in the Department of Labor an Administrative Review Board with jurisdiction and authority to decide appeals from administrative decisions and issue final agency decisions on behalf of the Secretary. Declares that this Board supersedes the one established by the Secretary pursuant to an administrative order.",3,enforcement,"The bill strengthens whistleblower protections for private sector employees, addressing employer retaliation against whistleblowers, which relates to labor relations and unfair labor practices."
s15-107,107,2002-11-20,"A bill to amend the Foreign Assistance Act of 1961 to increase assistance for foreign countries seriously affected by HIV/AIDS, tuberculosis, and malaria, and for other purposes.","United States Leadership Against HIV/AIDS, Tuberculosis,  and Malaria Act of 2002",International Affairs,AIDS (Disease)|Access to health care|Advice and consent of the Senate|Africa (Sub-Saharan)|Ambassadors|American economic assistance|American investments|American technical assistance|Americans employed in foreign countries|Authorization|Blood banks|Business and social problems|Business ethics|Caregivers|Case management|Child health|Child nutrition|Church and social problems|Citizen participation|Clinical trials|Clinics|Collection of accounts|Communicable diseases|Communication in medicine|Community health services|Community organization|Condoms|Congress and foreign policy|Congressional reporting requirements|Contraceptives|Corporate accountability|Credit|Crimes against women|Debt agreements|Debt relief|Department of State|Developing countries|Disciplining of employees|Discrimination in employment|Displaced persons|Drug therapy|Drugs|Elementary and secondary education|Employee rights|Employee training|Environmental degradation|Epidemics|Epidemiology|Executive reorganization|Exports|Federal aid to medical education|Federal employees|Government liability (International law)|Government spending|Government trust funds|Guardian and ward|HIV-positive persons|Health counseling|Health education|Health services administration|Health surveys|Higher education|Hospices (Terminal care)|Human behavior|Human immunodeficiency viruses|Human rights,1;12,"Wage Hour & Benefits;Fraud, Corruption & Criminal Conduct",enforcement,"The bill sets forth principles for U.S. firms operating in countries affected by the HIV/AIDS pandemic, which could relate to corporate accountability and ethical conduct, and it addresses the potential for exploitation of vulnerable populations, which falls under fraud and corruption concerns.","United States Leadership Against HIV/AIDS, Tuberculosis, and Malaria Act of 2002 - Requires the President to establish a comprehensive, integrated, five-year strategy to combat the global spread of HIV and AIDS.Requires the U.S. Agency for International Development (USAID) to develop a comprehensive plan to empower women to protect themselves against the spread of HIV/AIDS.Establishes within the Department of State a presidentially appointed Coordinator of United States Government Activities to Combat HIV/AIDS Globally.Authorizes the United States to participate in the Global Fund to Fight AIDS, Tuberculosis, and Malaria, and increases financial assistance for vaccine contributions.Authorizes the President to provide assistance and coordination between international organizations for the global prevention, treatment, monitoring, and control of HIV/AIDS, tuberculosis, and malaria.Requires the President to establish a program to demonstrate the feasibility of facilitating services of American health care professionals in sub-Saharan Africa and other parts of the world severely affected by HIV/AIDS, tuberculosis, and malaria.Requires the President, acting through the Administrator of USAID, to establish a program of assistance that would demonstrate the feasibility of providing care and treatment to orphans, other children, and young people affected by HIV/AIDS in foreign countries.Sets forth principles for U.S. firms operating in countries affected by the HIV/AIDS pandemic.",,,"The bill focuses on international assistance and health strategies for combating HIV/AIDS, tuberculosis, and malaria, without addressing corporate misconduct or enforcement against private employers."
s2461-113,113,2014-06-11,"A bill to amend title XXI of the Social Security Act to extend and improve the Children's Health Insurance Program, and for other purposes.",CHIP Extension Act of 2014,Health,"Adoption and foster care|Advisory bodies|Appropriations|Child health|Congressional oversight|Dental care|Disability and paralysis|Employee benefits and pensions|Foreign language and bilingual programs|Government employee pay, benefits, personnel management|Government trust funds|Health care costs and insurance|Health care coverage and access|Health care quality|Health information and medical records|Health programs administration and funding|Health promotion and preventive care|Immunology and vaccination|Juvenile crime and gang violence|Medicaid|Medical tests and diagnostic methods|Performance measurement|Poverty and welfare assistance|State and local government operations|Women's health",1,Wage Hour & Benefits,enforcement,"The bill revises and extends the Children's Health Insurance Program (CHIP), which involves state plans and requirements for enrollment and retention of children, directly relating to employer-provided benefits and potential obligations to cover dependents.","CHIP Extension Act of 2014 - Revises and extends through FY2019 at generally increased levels the program under title XXI (State Children's Health Insurance) (CHIP) of the Social Security Act (SSA), and adjusts CHIP allotment requirements accordingly, including the rebasing and growth factor update rules for computing state allotments.

Sets forth new requirements for the enrollment and retention of children for fiscal years after FY2014. Establishes in the Treasury the CHIP Shortfall Fund, which shall be available without further appropriations for payments to shortfall states whose projected CHIP expenditures for the fiscal year will exceed a specified amount.

Gives states the option to increase up to 26 the upper age limit for CHIP-eligible children with special health care needs.

Requires a state to establish procedures to eliminate gaps in coverage and to assist a child's and pregnant woman's transition: (1)  from coverage under the state plan under SSA title XIX (Medicaid) or the state CHIP plan to coverage under a qualified health plan offered through an Exchange, and (2) from coverage under a qualified health plan to coverage under a state Medicaid or CHIP plan.

Directs the Secretary to develop comparability standards with respect to affordability, benefits, and network adequacy which qualified health plans offered by a state-established Exchange must meet to be certified for such transitions.

Amends the Internal Revenue Code, with respect to minimum essential coverage for a targeted pregnant low-income woman under CHIP, to exclude from such coverage, at a woman's option, pregnancy-related assistance.

Provides automaticenrollment under CHIP for newborns.

Amends SSA title XIX (Medicaid) to give states the option to extend express lane eligibility to pregnant women.

Makes permanent the express lane option and the CHIP outreach and enrollment grant program.

Requires a national campaign to increase enrollment in CHIP or Medicaid of children from families that speak a language other than English.

Limits to 5% of family income the total annual aggregate amount of any premium, enrollment fee, deduction or other cost sharing imposed under a Medicaid plan with respect to individuals and their families..

Amends SSA title XXI to prohibit cost-sharing for pregnancy-related assistance. Imposes under CHIP a certain limit on cost-sharing for dental-only supplemental coverage.

Amends SSA titles XIX and XXI to cover preventive services for children or pregnant women without cost-sharing.

Amends SSA title XIX to cover newly approved vaccines within 30 days after the Advisory Committee on Immunization Practices approves them.

Treats CHIP-eligible children as federally vaccine-eligible children.

Makes permanent the program for the distribution of pediatric vaccines.

Amends SSA title XI to extend the pediatric quality measures program. Requires the Secretary to establish a program to continue and enhance pediatric quality measures program centers of excellence.

Revises requirements for initial core measures.

Directs the Secretary to convene a panel of health experts to establish priorities and goals for child health as recommended in a specified report by the Institute of Medicine.

Modifies and extends the Demonstration Projects for Improving the Quality of Children's Health Care and the Use of Health Information Technology.

Extends funding for Childhood Obesity Demonstration Projects and maternal, infant, and early childhood home visiting programs.

Directs the Comptroller General (GAO) to study each state in which individuals eligible for Medicaid or CHIP are provided such assistance through enrollment in a qualified health plan or employer-sponsored insurance.",,,"The bill primarily addresses the extension and improvement of the Children's Health Insurance Program (CHIP), which is a government-administered health program, and does not involve private employer obligations or corporate misconduct."
s1781-112,112,2011-11-02,"A bill to amend the Internal Revenue Code of 1986 to exclude from gross income amounts received on account of claims based on certain unlawful discrimination and to allow income averaging for backpay and frontpay awards received on account of such claims, and for other purposes.",Civil Rights Tax Relief Act of 2011,Taxation,"Civil actions and liability|Employment discrimination and employee rights|Income tax exclusion|Tax administration and collection, taxpayers|Wages and earnings",1;2,Wage Hour & Benefits;Employment Discrimination,tax_credit_introduction,"The bill allows an income exclusion and income averaging for amounts received on account of unlawful discrimination claims, effectively providing a tax benefit related to settlements or judgments in employment discrimination cases and relating to employer conduct covered by category 1 and 2.","Civil Rights Tax Relief Act of 2011 - Amends the Internal Revenue Code to allow: (1) an exclusion from gross income for amounts received on account of an unlawful discrimination claim, (2) income averaging for backpay and frontpay amounts received from such claims, and (3) an exemption from the alternative minimum tax (AMT) for any tax benefit resulting from the income averaging of amounts received from an unlawful discrimination claim.",2,tax_credit_introduction,"The bill introduces tax relief measures for individuals receiving compensation from employment discrimination claims, indirectly incentivizing employers to avoid discriminatory practices."
hr1312-112,112,2011-04-01,"To amend the Internal Revenue Code of 1986 to allow an increased work opportunity credit with respect to recent veterans, and for other purposes.",Jobs for Veterans Act of 2011,Armed Forces and National Security,"Income tax credits|Veterans' education, employment, rehabilitation",1,Wage Hour & Benefits,tax_credit_introduction,"The bill introduces an increased work opportunity tax credit for hiring recent veterans, incentivizing private employers to hire from a specific group and thus relating to employer wage/benefit conduct.","Jobs for Veterans Act of 2011 - Amends the Internal Revenue Code to allow an increased work opportunity tax credit for the hiring in 2011 or 2012 of veterans discharged or released from active military duty after September 11, 2001. Reduces amounts authorized to be appropriated to the Department of Veterans Affairs for general administration in FY2011 and FY2012 to offset the cost of the increased credit allowed by this Act.",2,tax_credit_introduction,"Introduces an increased Work Opportunity Tax Credit for hiring veterans, incentivizing employers to hire from a protected group, aligning with Employment Discrimination category."
hr6304-109,109,2006-09-29,To amend title II of the Social Security Act to provide that the eligibility requirement for disability insurance benefits under which an individual must have 20 quarters of Social Security coverage in the 40 quarters preceding a disability shall not be applicable in the case of a disabled individual suffering from a covered terminal disease.,Claire Collier Social Security Disability Insurance Fairness Act,Social Welfare,"Disabled|Nervous system diseases|Old age, survivors and disability insurance|Terminally ill",1,Wage Hour & Benefits,enforcement,"The bill modifies eligibility requirements for Social Security Disability Insurance benefits, which relates to employer contributions and employee coverage under the Social Security system, and therefore affects a private employer obligation.","Claire Collier Social Security Disability Insurance Fairness Act - Amends title II (Old Age, Survivors and Disability Insurance) of the Social Security Act to provide that the eligibility requirement for disability insurance benefits under which an individual must have 20 quarters of Social Security coverage in the 40 quarters preceding a disability shall not apply in the case of a disabled individual suffering from a covered terminal disease.",,,"The bill modifies eligibility requirements for Social Security disability insurance benefits, which is a government benefit program, not related to private employer obligations or corporate misconduct."
s920-107,107,2001-05-21,A bill to amend the Internal Revenue Code of 1986 to provide a credit against income tax to individuals who rehabilitate historic homes or who are the first purchasers of rehabilitated historic homes for use as a principal residence.,Historic Homeownership Assistance Act,Taxation,Administrative fees|Apartment houses|Commemorations|Condominium (Housing)|Cooperative housing|Divorce|Enterprise zones|Federally-assisted loans|Historic sites|History|Home ownership|Income tax|Local laws|Married people|Mortgage banks|Mortgage interest rates|Mortgage loans|Personal income tax|Real estate appraisal|Residential rehabilitation|State laws|Tax credits|Urban affairs,1,Wage Hour & Benefits,tax_credit_introduction,"The bill introduces a tax credit for individuals rehabilitating historic homes, which could incentivize homeownership and potentially relate to residential rehabilitation work performed by contractors, though it does not directly regulate employer conduct.","Historic Homeownership Assistance Act - Amends the Internal Revenue Code to allow a tax credit for 20 percent (up to a maximum limit of $40,000 for a joint return) of the qualified rehabilitation expenditures made by a taxpayer with respect to the certified rehabilitation of a qualified historic home which has been substantially rehabilitated and which is owned by the taxpayer and used as his or her principal residence. Allows the credit for such expenditures to be taken by a purchaser of the rehabilitated home. Permits, in lieu of the credit, a historic rehabilitation mortgage credit certificate, which may be transferred to a lender in exchange for a reduction in the rate of interest on the loan secured by the building.",,,"The bill provides a tax credit for individuals rehabilitating historic homes, which does not relate to corporate misconduct or private employer obligations."
hr1499-108,108,2003-03-27,To require health insurance coverage for certain reconstructive surgery.,Reconstructive Surgery Act of 2003,Health,Employee health benefits|Health insurance|Plastic surgery,1,Wage Hour & Benefits,enforcement,"The bill requires health insurance coverage for reconstructive surgery, directly affecting employer-provided health benefits and thus private employer obligations related to employee benefits.",Reconstructive Surgery Act of 2003 - Amends the Public Health Service Act to require a group health plan and a health insurance issuer offering group health insurance coverage in connection with a plan providing surgical coverage to provide coverage for reconstructive surgery.Amends the Public Health Service Act to provide similar coverage for reconstructive surgery offered by a health insurance issuer in the individual market. Sets forth related provisions with respect to collective bargaining agreements.,,,"The bill mandates health insurance coverage for reconstructive surgery, which does not directly relate to corporate misconduct or enforcement against non-governmental employers."
hr6097-112,112,2012-07-10,To exempt employers from any excise tax and certain suits and penalties in the case of a failure of a group health plan to provide coverage to which an employer objects on the basis of religious belief or moral conviction.,Religious Freedom Tax Repeal Act of 2012,Health,Civil actions and liability|Comprehensive health care|Employee benefits and pensions|First Amendment rights|Health care costs and insurance|Health care coverage and access|Health promotion and preventive care|Religion|Sales and excise taxes|Women's health,1,Wage Hour & Benefits,enforcement,"The bill exempts employers from penalties for failing to provide required women's preventive care coverage based on religious or moral objections, effectively weakening enforcement of ERISA and related healthcare coverage requirements for private employers.",Religious Freedom Tax Repeal Act of 2012 - Amends the Internal Revenue Code to exempt an employer opposed by reason of adherence to a religious belief or moral conviction from the tax penalty imposed for failure of a group health plan to cover required women's preventive care and screenings. Amends the Employee Retirement Income Security Act of 1974 (ERISA) to prohibit the Secretary of Labor from bringing an action against a plan to enforce any requirement to provide such coverage to which an employer is opposed by reason of adherence to a religious belief or moral conviction. Exempts group health plans from penalties under state and federal enforcement provisions of the Public Health Service Act for failure to meet such women's health requirements insofar as they concern coverage to which an employer is opposed on the basis of religious belief or moral conviction.,,,"The bill exempts employers from penalties related to health plan coverage based on religious beliefs, which does not directly address corporate misconduct in the Violation Tracker categories."
s2662-111,111,2009-11-02,"A bill to establish Federal standards for the resolution of health care malpractice claims, and for other purposes.",Fair Resolution of Medical Liability Disputes Act of 2009,Law,"Alternative dispute resolution, mediation, arbitration|Civil actions and liability|Congressional oversight|Health care quality|Health personnel|Insurance industry and regulation|Legal fees and court costs|State and local government operations",1,Wage Hour & Benefits,enforcement,"The bill establishes federal standards for resolving medical malpractice claims, which involves potential misconduct by healthcare providers (non-governmental employers) and impacts liability standards.","Fair Resolution of Medical Liability Disputes Act of 2009 - Prohibits a medical malpractice action from being filed in a state court or a federal court under diversity of citizenship jurisdiction unless: (1) the claim that is the subject of the action has been initially resolved under an alternative dispute resolution (ADR) system; and (2) an affected party notifies the appropriate court of the intent to contest the decision and files the action within 90 days after such decision is issued. Provides: (1) for the payment of an opposing party's court costs and attorneys' fees by the contesting party in the case of a malpractice action brought in court after ADR if the final judgment issued in the action is not more favorable to the contesting party than the ADR decision; and (2) that an uncontested ADR decision shall have the status of a verdict in a court adjudicated action. Sets forth basic requirements for state ADR systems, including a requirement that they transmit to the state agency responsible for monitoring or disciplining health care providers any findings that a provider committed malpractice. Directs the Attorney General to: (1) certify state ADR systems that meet the requirements of this Act; and (2) establish an alternative federal ADR system for any state that does not establish its own system. Directs the Comptroller General to study the effectiveness of private litigation insurance markets in providing affordable access to courts, evaluating the merit of prospective claims, and ensuring that prevailing parties in ""loser pays"" systems are reimbursed for attorney's fees.",,,"The bill addresses the resolution of medical malpractice claims through alternative dispute resolution systems, which does not involve corporate misconduct or enforcement actions against non-governmental employers."
hr84-113,113,2013-01-03,"To amend title 49, United States Code, to establish an Ombudsman Office within the Transportation Security Administration for the purpose of enhancing transportation security by providing confidential, informal, and neutral assistance to address work-place related problems of Transportation Security Administration employees, and for other purposes.",Transportation Security Administration Ombudsman Act of 2013,Transportation and Public Works,"Congressional oversight|Department of Homeland Security|Executive agency funding and structure|Government employee pay, benefits, personnel management|Government information and archives|Government studies and investigations|Labor-management relations|Transportation employees|Transportation safety and security",1;3,Wage Hour & Benefits;Labor Relations,enforcement,"The bill relates to the working conditions and problems of TSA employees, which, while government employees, touches on labor-management relations and government employee pay/benefits, and establishing an ombudsman office could be seen as a mechanism to address workplace issues and potential misconduct.","Transportation Security Administration Ombudsman Act of 2013 - Establishes in the Transportation Security Administration (TSA) of the Department of Homeland Security (DHS) an Office of the Ombudsman to assist TSA employees who have complaints about TSA, including publicizing a toll-free telephone number to report such complaints. Directs the Ombudsman to ensure that each TSA region has a regional ombudsman.",,,"The bill establishes an Ombudsman Office within the TSA to address workplace-related problems of TSA employees, which involves government employee management and does not relate to private employer misconduct."
s658-112,112,2011-03-28,"A bill to provide for the preservation by the Department of Defense of documentary evidence of the Department of Defense on incidents of sexual assault and sexual harassment in the military, and for other purposes.",Support for Survivors Act,Armed Forces and National Security,"Advisory bodies|Congressional oversight|Crime victims|Crimes against women|Department of Defense|Department of Veterans Affairs|Employment discrimination and employee rights|Evidence and witnesses|Government information and archives|Military personnel and dependents|Right of privacy|Sex offenses|Sex, gender, sexual orientation discrimination",1;2,Wage Hour & Benefits;Employment Discrimination,enforcement,"The bill addresses incidents of sexual assault and sexual harassment within the military, which, while occurring within a government context, involves the conduct of non-governmental employers (members of the Armed Forces) and relates to employment discrimination and employee rights, specifically regarding a safe work environment and potential retaliation.","Support for Survivors Act - Directs the Secretary of Defense to identify the most appropriate and effective means for the preservation by the Department of Defense (DOD) of documentary evidence of incidents of sexual assault or harassment in which a member of the Armed Forces is the victim (covered incidents), which shall be a single means to be used by all the military departments. Requires the means identified to be in electronic form and to include the full protection of the victim's privacy and lifetime access to such evidence. Directs the Secretary and the Secretary of Veterans Affairs (VA) to establish a joint task force to determine whether to establish a documentary evidence form, report, or document in lieu of forms, reports, and documents currently generated by DOD. Requires the Secretary to: (1) report to Congress on the means of preservation identified; and (2) provide for the implementation of such means by the military departments within 18 months after the enactment of this Act.",,,"The bill focuses on the preservation of documentary evidence related to sexual assault and harassment in the military, which involves government entities and military personnel, not private employer conduct."
hr4912-115,115,2018-02-02,"To award a Congressional Gold Medal, collectively, to the American women who joined the workforce during World War II, providing the vehicles, weaponry, and ammunition to win the war, that were referred to as ""Rosie the Riveter"", in recognition of their contributions to the Nation and the inspiration they have provided to ensuing generations.",Rosie the Riveter Congressional Gold Medal Act,Labor and Employment,"Conflicts and wars|Congressional tributes|District of Columbia|Manufacturing|Museums, exhibitions, cultural centers|Smithsonian Institution|Social work, volunteer service, charitable organizations|U.S. history|Women's employment",1,Wage Hour & Benefits,,"The bill honors women who worked during WWII, but does not regulate or incentivize any current private employer wage or benefit conduct.","Rosie the Riveter Congressional Gold Medal Act

This bill directs the President pro tempore of the Senate and the Speaker of the House of Representatives to make appropriate arrangements for the award of a single Congressional Gold Medal to Rosie the Riveters (i.e., any female individual who held employment or volunteered in support of the war efforts during World War II), in recognition of their contributions to the nation and the inspiration they have provided to ensuing generations.

The medal shall be displayed at the National Museum of American History, which is urged to make the medal available for display at other locations associated with the Rosie the Riveters.",,,"The bill awards a Congressional Gold Medal to honor historical contributions of women in the workforce during WWII, without addressing current corporate misconduct or regulatory enforcement."
hr4219-115,115,2017-11-02,To amend the Employee Retirement Income Security Act of 1974 to include a voluntary option for qualified flexible workplace arrangements.,Workflex in the 21st Century Act,Labor and Employment,Employee benefits and pensions|Employee leave|Employment discrimination and employee rights|Federal preemption|Labor-management relations|State and local government operations|Temporary and part-time employment,1,Wage Hour & Benefits,enforcement,"The bill amends ERISA to establish a voluntary workflex option, which includes a minimum amount of paid leave and flexible work options, and exempts employers from certain state and local laws regarding employee benefits, directly relating to private employer wage and benefit conduct.","Workflex in the 21st Century Act 

This bill amends the Employee Retirement Income Security Act of 1974 (ERISA) to establish a voluntary workflex option under which employers who provide flexible workplace arrangement plans that include a combination of paid leave and flexible work options are exempt from certain state and local laws regarding employee benefits.

A flexible workplace arrangement plan must provide all employees with a minimum amount of paid leave per year that ranges from 12-20 days, depending on the size of the employer and the tenure of the employee.

The plan must also provide employees that meet certain service requirements with at least one of the following flexible work options:

 a biweekly work program, a compressed work schedule, a telework program, a job sharing program, flexible scheduling, or predictable scheduling. The bill also specifies various requirements for paid leave and the flexible work options.",1,enforcement,"The bill amends ERISA to establish a voluntary workflex option, affecting private employer obligations related to employee benefits and paid leave."
s1127-114,114,2015-04-29,"A bill to amend the Internal Revenue Code of 1986 to expand the denial of deduction for certain excessive employee remuneration, and for other purposes.",Stop Subsidizing Multimillion Dollar Corporate Bonuses Act,Taxation,Administrative law and regulatory procedures|Corporate finance and management|Department of the Treasury|Income tax deductions|Wages and earnings,1,Wage Hour & Benefits,enforcement,"The bill directly relates to private employer wage obligations by limiting the deductibility of high employee compensation, potentially discouraging excessive executive pay and impacting the calculation of taxable wages.","Stop Subsidizing Multimillion Dollar Corporate Bonuses Act 

Amends the Internal Revenue Code, with respect to the $1 million limitation on the deductibility of employee compensation, to: (1) extend such limitation to any individual who is a current or former officer, director, or employee of a publicly-held corporation; (2) eliminate the exemption from such limitation for compensation payable on a commission basis or upon the attainment of a performance goal; and (3) make such limitation applicable to all publicly-held corporations that are required by the Securities and Exchange Commission to register securities and provide periodic reports to their investors.",,,"The bill addresses tax deductions for corporate bonuses, which does not directly relate to enforcement or tax incentives for corporate misconduct categories."
hr3820-115,115,2017-09-25,To permit occupational therapists to conduct the initial assessment visit and complete the comprehensive assessment under a Medicare home health plan of care for certain rehabilitation cases.,Medicare Home Health Flexibility Act of 2017,Health,"Allied health services|Hearing, speech, and vision care|Home and outpatient care|Medicare",1,Wage Hour & Benefits,enforcement,"The bill affects the scope of who can conduct assessments under Medicare home health plans, which relates to the provision of healthcare services and potentially impacts employer-provided benefits and the administration of those benefits.","Medicare Home Health Flexibility Act of 2017

This bill establishes circumstances under which an occupational therapist may conduct an initial or comprehensive assessment for an individual who is eligible for home health services under Medicare. Specifically, an occupational therapist may conduct the assessment if the physician's referral order does not include skilled nursing care but does include: (1) occupational therapy, and (2) physical therapy or speech language pathology.",,,"The bill pertains to Medicare home health service assessments, which involve government healthcare programs rather than private employer obligations or misconduct."
s2420-115,115,2018-02-13,A bill to amend the Internal Revenue Code of 1986 to provide a child tax credit for pregnant moms.,Child Tax Credit for Pregnant Moms Act of 2018,Taxation,,1,Wage Hour & Benefits,tax_credit_introduction,"The bill introduces a tax credit related to an unborn child, which indirectly relates to potential employer benefits and wage considerations surrounding parental leave and family planning, though it does not directly regulate employer conduct.","Child Tax Credit for Pregnant Moms Act of 2018

 This bill amends the Internal Revenue Code, with respect to the child tax credit, to allow the credit to be used for an unborn child if the child is born and issued a Social Security number before the due date for the tax return (without regard to extensions) for the taxable year.

The bill defines an ""unborn child"" as a member of the species homo sapiens, at any stage of development, who is carried in the womb.

If a child is not taken into account for the credit for the year immediately preceding the year of the child's birth, the bill doubles the amount of the credit allowed for the year of the birth.",,,"The bill provides a tax credit related to unborn children, which does not involve private employer wage or benefit obligations or any other category of corporate misconduct."
hr6398-114,114,2016-11-29,To amend the Small Business Act to provide for the inclusion of unmarried women in the criteria for awarding a grant to a women's business center.,,Commerce,,1,Wage Hour & Benefits,enforcement,"The bill amends criteria for SBA grants to women's business centers to include unmarried women, which could be seen as expanding access to resources for a potentially disadvantaged group of employers and indirectly impacting wage and benefit practices.",This bill amends the Small Business Act to revise the Small Business Administration's criteria for awarding a grant to a women's business center to include the ability of the applicant to provide training and services to a representative number of unmarried women who are both socially and economically disadvantaged.,,,"The bill focuses on grant criteria for women's business centers under the Small Business Act, which does not involve enforcement or regulation of corporate misconduct."
hr4151-110,110,2007-11-09,"To expand the public awareness of science, technology, engineering, and math and encourage Americans to study and enter those fields as a matter of strategic importance for the United States.",STEM Promotion Act of 2007,Education,Blacks|Elementary and secondary education|Elementary education|Engineering|Engineers|Higher education|Hispanic Americans|Indian education|Mathematics|Minorities|Minority education|Public service advertising|Recruiting of employees|Scientific education|Scientists|Secondary education|Teacher supply and demand|Teachers|Technical education|Women|Women's education,1,Wage Hour & Benefits,enforcement,"The bill aims to attract STEM professionals into teaching, which could indirectly impact the quality of education and workforce development, and the recruitment of employees relates to employer practices.","STEM Promotion Act of 2007 - Authorizes the Secretary of Education to contract with successful advertising firms to implement a campaign to expand the population of qualified individuals in STEM (science, technology, engineering, and mathematics) fields by encouraging young Americans to enter those fields. Requires that such a campaign be designed to: (1) enhance the image of education and professions in the STEM fields and promote participation in such fields; (2) hold as a high priority making specific appeals to Latinos, Native Americans, African-Americans, and women in order to increase their numbers in STEM fields; and (3) include a narrowly focused effort to attract current professionals in STEM fields into teaching in elementary and secondary schools.",,,"The bill focuses on promoting STEM education and careers, with no direct relation to corporate misconduct or enforcement against private employers."
hr2381-113,113,2013-06-14,"To provide for youth jobs, and for other purposes.",Youth Jobs Act,Labor and Employment,Adult education and literacy|Education of the disadvantaged|Employee hiring|Employment and training programs|Government trust funds|Performance measurement|State and local government operations|Temporary and part-time employment|Unemployment|Youth employment and child labor,1,Wage Hour & Benefits,enforcement,"The bill establishes a fund to provide employment opportunities to low-income youth, which is substantively related to wage and hour issues and employer obligations to provide fair employment practices.","Youth Jobs Act - Establishes in the Treasury the Youth Jobs Fund, with an initial appropriation of $3 billion for FY2014.

Requires the Secretary of Labor to make certain Fund allocations to each state with an approved workforce investment system plan modification, other specified requests for funds, and Native American program grantees to provide summer and year-round employment opportunities to low-income youth.

Requires the Secretary to award allocations and competitive grants to local entities for work-based training and other work-related and educational strategies and activities of demonstrated effectiveness to provide unemployed, low-income young adults and low-income youths with skills that will lead to employment.

Subjects activities funded under this Act to federal labor standards and nondiscrimination protections.",,,The bill focuses on funding youth employment programs and does not directly regulate or enforce corporate misconduct related to private employer obligations.
s2961-108,108,2004-10-08,"A bill to amend the Internal Revenue Code of 1986 to clarify that qualified personal service corporations may continue to use the cash method of accounting, and for other purposes.",Qualified Personal Service Corporations Clarification Act of 2004,Taxation,Accounting|Affiliated corporations|Architecture|Corporation taxes|Employee ownership|Engineering|Income tax|Infrastructure|Partnerships|Service industries|Stockholders|Stocks|Subsidiary corporations|Tax administration,1,Wage Hour & Benefits,tax_credit_introduction,"The bill clarifies that qualified personal service corporations may continue to use the cash method of accounting, which could incentivize certain employer structures and potentially affect tax liabilities related to employee compensation.",Qualified Personal Service Corporations Clarification Act of 2004 - Amends the Internal Revenue Code to modify the criteria for determining whether a corporation is a qualified personal service corporation. Includes within the definition of qualified personal service corporation a qualifying corporation substantially all of whose stock is held by certain former employees (thus permitting such corporation to use the cash method of accounting).,,,"The bill modifies tax criteria for qualified personal service corporations' accounting methods, which does not relate to enforcement against corporate misconduct."
hr531-112,112,2011-02-08,To amend the Public Health Service Act to direct the Secretary of Health and Human Services to establish a Frontline Providers Loan Repayment Program.,Access to Frontline Health Care Act of 2011,Health,Education programs funding|Health personnel|Health programs administration and funding|Medical education|Student aid and college costs,1,Wage Hour & Benefits,tax_credit_introduction,"The bill establishes a loan repayment program for health professionals providing frontline care services, which incentivizes employment in areas with healthcare shortages and relates to employer recruitment and retention of employees.","Access to Frontline Health Care Act of 2011 - Amends the Public Health Service Act to direct the Secretary of Health and Human Services (HHS) to establish and carry out a Frontline Providers Loan Repayment Program under which the Secretary agrees to make student loan repayments in exchange for a health professional providing frontline care services for two years in a frontline care scarcity area. Defines ""frontline care services"" as health care services in the fields of general surgery, optometry, ophthalmology, chiropractic, physical therapy, audiology, speech language pathology, pharmacies, public health, podiatric medicine, dietetics, occupational therapy, general pediatrics, respiratory therapy, medical technology, otolaryngology, or radiologic technology.",,,"The bill establishes a loan repayment program for health professionals in scarcity areas, which does not involve private employer misconduct or obligations."
hr3971-111,111,2009-10-29,"To amend the Internal Revenue Code of 1986 to expand the permissible use of health savings accounts to include health insurance payments and to increase the dollar limitation for contributions to health savings accounts, and for other purposes.",Health Savings Account Expansion Act of 2009,Taxation,Employee benefits and pensions|Health care costs and insurance|Income tax deductions|Income tax exclusion|Self-employed,1,Wage Hour & Benefits,tax_credit_introduction,"The bill expands the permissible use of health savings accounts and increases contribution limits, which relates to private employer-provided benefits, though it does so through tax incentives rather than direct regulation.","Health Savings Account Expansion Act of 2009 - Amends Internal Revenue Code provisions relating to health savings accounts (HSAs) to: (1) eliminate the high deductible health plan coverage requirement for HSA participants; (2) eliminate the prohibition against purchasing health insurance from an HSA; and (3) increase to $8,000 the maximum dollar amount of the tax deduction for payments to an HSA. Eliminates after 2009 the tax exclusions for employee benefits under an employer-provided accident or health plan and the tax deductions for the health insurance costs of self-employed individuals, for medical and dental expenses, and for employer payments for employee medical care.",,,The bill primarily addresses tax treatment of health savings accounts and does not regulate or enforce private employer wage or benefit obligations.
s1049-107,107,2001-06-14,"A bill to provide for an election to exchange research-related tax benefits for a refundable tax credit, for the recapture of refunds in certain circumstances, and for other purposes.",American Breakthrough Research Act of 2001,Taxation,Business income tax|Business losses|Clinical trials|Corporation taxes|Income tax|Orphan drugs|Pharmaceutical research|Research and development tax credit|Tax deductions|Tax penalties|Tax refunds,1,Wage Hour & Benefits,tax_credit_introduction,"The bill introduces a refundable tax credit in lieu of research credits and NOLs, which could incentivize corporations to increase research activity and potentially impact employer conduct related to research and development expenses.",American Breakthrough Research Act of 2001 - Amends the Internal Revenue Code to allow a qualified research corporation to elect a refundable credit in the amount of the sum of the discounted research credits and discounted research net operating loss (NOL) in lieu of taking its research credits and research NOLs. (Defines terms for purposes of such credit.)Prohibits an electing corporation from using nonrelinquished research or NOL tax credits until such corporation has paid back the original amount of the refundable credit in Federal income taxes.Provides for credit recapture in the event of failure to increase research activity.,,,"The bill focuses on tax credits related to research and development, which does not directly relate to any category of corporate misconduct enforcement."
hr3615-111,111,2009-09-22,To amend the Internal Revenue Code of 1986 to provide a standard home office deduction.,Home Office Deduction Simplification Act,Taxation,Business investment and capital|Housing finance and home ownership|Income tax deductions,1,Wage Hour & Benefits,tax_credit_introduction,"The bill introduces a standard tax deduction for home office expenses, which relates to private employer wage and benefit conduct by potentially reducing tax liabilities for those with home office arrangements.","Home Office Deduction Simplification Act - Amends the Internal Revenue Code to allow a taxpayer who uses a residence to conduct a trade or business a standard tax deduction equal to the lesser of $1,500 or the taxpayer's gross trade or business income derived from the business use of such residence.",,,"The bill provides a tax deduction for home office use, which does not relate to corporate misconduct or enforcement against private employers."
hr1067-111,111,2009-02-13,"To amend title II of the Social Security Act to allow workers who attain age 65 after 1981 and before 1992 to choose either lump sum payments over four years totalling $5,000 or an improved benefit computation formula under a new 10-year rule governing the transition to the changes in benefit computation rules enacted in the Social Security Amendments of 1977, and for other purposes.",Notch Fairness Act of 2009,Social Welfare,Social security and elderly assistance,1,Wage Hour & Benefits,tax_credit_introduction,"The bill offers a lump sum payment option to beneficiaries as an alternative to an improved benefit computation formula, which can be seen as a form of financial incentive related to Social Security benefits, and thus employer conduct related to retirement plans.","Notch Fairness Act of 2009 - Amends title II (Old Age, Survivors and Disability Insurance) (OASDI) of the Social Security Act to revise the formula for the computation of minimum Old Age Insurance benefits for individuals who reached age 65 in or after 1979, and to whom applies the 15-year transition period for the changes in benefit computation rules enacted in the Social Security Amendments of 1977. Sets forth a schedule of additional benefit increases for such beneficiaries (and related beneficiaries), with percentages declining from 55% to 5% and keyed to the year an individual became eligible for such benefits between 1979 and 1988. Allows such beneficiaries, in the alternative, to receive lump sum payments over four years totaling $5,000.",,,"The bill addresses adjustments to Social Security benefits, which are government-administered programs, not private employer obligations."
hr4288-111,111,2009-12-11,To prohibit the provision of Federal economic development assistance for any State or locality that uses the power of eminent domain power to obtain property for private commercial development or that fails to pay relocation costs to persons displaced by use of the power of eminent domain for economic development purposes.,STOPP Act of 2009,"Civil Rights and Liberties, Minority Issues",Civil actions and liability|Economic development|Housing and community development funding|Property rights,1,Wage Hour & Benefits,enforcement,"The bill prohibits federal economic development assistance to states or localities that fail to provide adequate relocation assistance when using eminent domain, which relates to the potential for unfair treatment of property owners and indirectly affects employer conduct related to property acquisition and displacement.","Strengthening the Ownership of Private Property Act of 2009 or STOPP Act of 2009 - Prohibits federal financial assistance under defined federal economic development programs to a state or local government entity that: (1) uses the power of eminent domain to take property from a private entity and transfer ownership to another private entity; or (2) fails to provide, to any person displaced by the use of eminent domain for any economic development purpose, relocation assistance under the Uniform Relocation Assistance and Real Property Acquisition Policies Act of 1970. Excepts from the first clause property taken for: (1) use by a public utility; (2) a road open to the public or common carriers; (3) an aqueduct, pipeline, or similar use; (4) a prison or hospital; or (5) any use during and in relation to a national emergency or national disaster declared by the President. Provides a private right of action for the owner of any real property taken by conduct prohibited under this Act.",,,The bill addresses the use of eminent domain by state or local governments and does not involve corporate misconduct or private employer obligations.
hr2500-116,116,2019-05-02,"To authorize appropriations for fiscal year 2020 for military activities of the Department of Defense and for military construction, to prescribe military personnel strengths for such fiscal year, and for other purposes.",National Defense Authorization Act for Fiscal Year 2020,Armed Forces and National Security,"Administrative law and regulatory procedures|Administrative remedies|Advisory bodies|Air quality|Alternative and renewable resources|Arkansas|Armed Forces Retirement Home|Arms control and nonproliferation|Asia|Assault and harassment offenses|Aviation and airports|Blood and blood diseases|California|Caribbean area|Cemeteries and funerals|Chemical and biological weapons|Child care and development|Child health|Climate change and greenhouse gases|Conflicts and wars|Congressional oversight|Congressional tributes|Correctional facilities and imprisonment|Crime victims|Crimes against women|Criminal investigation, prosecution, interrogation|Criminal justice information and records|Criminal procedure and sentencing|Defense Nuclear Facilities Safety Board|Defense spending|Department of Defense|Department of Energy|Department of Transportation|Department of Veterans Affairs|Diego Garcia|Diplomacy, foreign officials, Americans abroad|Disaster relief and insurance|Drug trafficking and controlled substances|Educational facilities and institutions|Electric power generation and transmission|Elementary and secondary education|Employee hiring|Employee performance|Employment discrimination and employee rights|Energy efficiency and conservation|Environmental assessment, monitoring, research|Evidence and witnesses|Executive agency funding and structure|Family planning and birth control|Federal-Indian relations|Fires|Floods and storm protection|Foreign language and bilingual programs|General Services Administration|Government employee pay, benefits, personnel management|Government ethics and transparency, public corruption|Government studies and investigations|Guam|Hazardous wastes and toxic substances|Health care costs and insurance|Health personnel|Higher education|Historic sites and heritage areas|Human rights|Immigration status and procedures|Indian lands and resources rights",1;2;3;22,Wage Hour & Benefits;Employment Discrimination;Labor Relations;Government Contracting,enforcement,"The bill's subjects include 'Employee hiring', 'Employee performance', 'Employment discrimination and employee rights', and 'Government employee pay, benefits, personnel management', suggesting potential impacts on private employer conduct related to wage/hour, discrimination, and labor relations, as well as potential for fraud related to government contracting.","National Defense Authorization Act for Fiscal Year 2020

This bill authorizes FY2020 appropriations and sets forth policies for Department of Defense (DOD) programs and activities, including military personnel strengths. It does not provide budget authority, which is provided in subsequent appropriations legislation.

The bill authorizes appropriations to DOD for

 Procurement, including aircraft, weapons and tracked combat vehicles, shipbuilding and conversion, missiles, and space procurement; Research, Development, Test, and Evaluation; Operation and Maintenance; Working Capital Funds; Chemical Agents and Munitions Destruction; Drug Interdiction and Counter-Drug Activities; the Defense Inspector General; the Defense Health Program; the Armed Forces Retirement Home; Overseas Contingency Operations; and Military Construction. The bill authorizes the FY2020 personnel strength for active duty and reserve forces and sets forth policies regarding military personnel, acquisition policy and management, international programs, and National Guard and Reserve Forces facilities.

The bill also authorizes appropriations for base realignment and closure activities.",,,"The bill primarily addresses military activities and appropriations for the Department of Defense, which do not involve private employer misconduct or corporate regulation."
s2632-107,107,2002-06-18,"A bill to provide an equitable formula for computing the annuities of surviving spouses of members of the uniformed services who died entitled to retired or retainer pay but before the  Survivor Benefit Plan existed or applied to the members, and for other purposes.",Forgotten Widows' Benefit Equity Act of 2002,Armed Forces and National Security,Annuities|Military dependents|Military pensions|Survivors' benefits|Widowers|Widows|Women,1,Wage Hour & Benefits,enforcement,"The bill adjusts annuity payments to surviving spouses of uniformed services members, which relates to military pension obligations and therefore affects benefits owed to individuals, and can be seen as a correction to ensure proper benefit payments, thus relating to employer (government) pension/retirement plan obligations.","Forgotten Widows' Benefit Equity Act of 2002 - Amends the National Defense Authorization Act for Fiscal Year 1998 to increase the monthly annuity payable to the qualified (not remarried and not otherwise annuity-eligible) surviving spouse of each member of the armed forces who: (1) died before March 21, 1974, and was entitled to retired or retainer pay on the date of death; or (2) was a member of a reserve component before October 1, 1978, and at the time of death would have been entitled to retired pay but for being under 60 years of age. Makes such amount the higher of $186 or the amount computed under the Survivor Benefit Plan for surviving spouses of members who died before or after specified dates.",,,"The bill addresses annuities for surviving spouses of military members, which involves government benefits rather than private employer obligations or misconduct."
hr1850-110,110,2007-03-29,"To amend the Internal Revenue Code of 1986 to provide incentives for employer-provided employee housing assistance, and for other purposes.",Housing America's Workforce Act,Taxation,Congressional investigations|Corporation taxes|Cost of living adjustments|Employee benefit plans|Federal aid to housing|Government publicity|Home ownership|Housing finance|Housing subsidies|Income tax|Indexing (Economic policy)|Mortgages|Rent|Tax credits|Tax exclusion,1,Wage Hour & Benefits,tax_credit_introduction,"The bill introduces a tax credit for employers who provide employee housing assistance, which relates to employer-provided benefits and potentially impacts employee compensation.","Housing America's Workforce Act - Amends the Internal Revenue Code to allow employers a business tax credit for up to 50 percent of the qualified housing expenses paid for the benefit of their employees. Defines ""qualified housing expenses"" to include homeownership assistance and rental assistance. Limits the amount of such credit to the lesser of $10,000 or six percent of an employee's home purchase price, or up to $2,000 for rental assistance. Excludes from employee gross income the value of employer-paid housing assistance.Authorizes the Secretary of Housing and Urban Development to award grants in FY2008-FY2010, on a competitive basis, to nonprofit housing organizations or local governments for certain costs, including operating costs and technical assistance costs, of employer-assisted housing programs. Requires the Secretary to establish a national clearinghouse, including a website, to provide information about employer-assisted housing programs to federal, state, and local governments and other interested entities. Directs the Comptroller General to conduct a national evaluation of employer-assisted housing programs and provide to the Secretary an interim report by January 1, 2011, and final report by December 31, 2012.",,,"The bill provides tax incentives for employer-provided housing assistance, which does not directly relate to any category of corporate misconduct enforcement."
s138-109,109,2005-01-24,A bill to make improvements to the microenterprise programs administered by the Small Business Administration.,SBA Microenterprise Improvements Act,Commerce,Business education|Congressional reporting requirements|Employee training|Entrepreneurs|Government and business|Government lending|Government paperwork|Grants-in-aid|Indian education|Minorities|Minority business enterprises|Nonprofit organizations|Performance measurement|Poverty|Small business|Subsidies|Women|Women in business,1,Wage Hour & Benefits,enforcement,"The bill revises the SBA's microloan program, which provides loans and technical assistance to small businesses, and increases the small loan limit, relating to private employer access to capital and potentially impacting wage and benefit considerations.","SBA Microenterprise Improvements Act - Amends the Small Business Act to revise the Small Business Administration's (SBA's) microloan program (a program under which SBA loans and grants are made to intermediaries, who then make loans to small businesses and provide to borrowers technical assistance, such as managerial and strategic advice) to: (1) revise eligibility requirements for microloan intermediaries; (2) increase from $7,500 to $10,000 the microloan small loan limit; (3) increase from 25 to 30 the percentage of a microloan grant that an intermediary may use to contract-out the provision of technical assistance by a third party; (4) remove the requirement that intermediaries make only short-term loans to small businesses; (5) require an annual report from the SBA to Congress on microloan amounts transferred to cover administrative expenses of technical assistance grants; (6) require the Administrator to develop a subsidy microloan program model that is more accurate than the current model; and (7) increase from 25 to 30 the percentage of technical assistance that an intermediary may provide to potential (rather than actual) borrowers. Amends the Riegle Community Development and Regulatory Improvement Act of 1994 to revise the Program for Investment in Microentrepreneurs (PRIME), a program to provide SBA assistance for the benefit of disadvantaged entrepreneurs through grants to qualified organizations. Authorizes a qualified organization to use grants to provide training and technical assistance to disadvantaged Native American entrepreneurs and prospective entrepreneurs. Requires each organization receiving assistance under PRIME to: (1) submit an annual activities report to the SBA; and (2) collect data on individuals counseled or trained and related information. Extends through FY 2007 the authorization of appropriations for PRIME.",,,The bill focuses on improving SBA microenterprise programs and does not address corporate misconduct or enforcement against private employers.
hr1656-115,115,2017-03-21,To amend the Internal Revenue Code of 1986 to provide incentives for employers to establish student loan repayment programs and to make contributions to qualified tuition programs on behalf of children of employees.,HELP for Students and Parents Act,Taxation,"Bank accounts, deposits, capital|Employee benefits and pensions|Higher education|Income tax credits|Income tax exclusion|Student aid and college costs",1,Wage Hour & Benefits,tax_credit_introduction,"The bill introduces tax credits to incentivize employers to establish student loan repayment programs and contribute to qualified tuition programs for employees' children, which relates to private employer wage and benefit conduct.","Higher Education Loan Payments for Students and Parents Act or the HELP for Students and Parents Act 

This bill amends the Internal Revenue Code to expand the tax exclusion for employer-provided educational assistance programs to exclude from the gross income of an employee: (1) employer payments of principal or interest on loans for higher education expenses incurred by an employee, and (2) any qualified dependent 529 contributions made by the employer. (Under current law, the maximum exclusion for educational assistance programs is $5,250 per year.)

A ""qualified dependent 529 contribution"" is any amount contributed by an employer to a qualified tuition program the designated beneficiary of which is an employee's child who: (1) has not attained the age of 19 at the time of the contribution, or (2) is a student who has not attained the age of 24 at the time of the contribution.

The bill also allows a business tax credit for employer-provided higher education assistance, including: (1) 50% of the student loan repayment expenditures of the taxpayer for the year, and (2) 50% of the qualified dependent 529 contributions made by the taxpayer for the year. The amount taken into account for each expenditure with respect to any employee for any taxable year may not exceed $5,250.",,,"The bill provides tax incentives for employers to assist with student loans and tuition savings, but does not address private employer wage or benefit obligations related to corporate misconduct."
hr4032-107,107,2002-03-20,"To amend titles V and XIX of the Social Security Act and chapter 89 of title 5, United States Code, to provide coverage for domestic violence screening and treatment under the maternal and child health block grant program, the Medicaid Program, and the Federal employees health benefits program.",Domestic Violence Screening and Treatment Act of 2002,Health,Block grants|Family violence|Federal aid to maternal health services|Federal employees|Government employees' health insurance|Government paperwork|Health counseling|Health education|Maternal health services|Medicaid|Medical records|Medical screening|Pregnant women|Wife abuse|Women|Women's health,1,Wage Hour & Benefits,enforcement,"The bill requires coverage for domestic violence screening and treatment under Medicaid and Federal employees health benefits, directly affecting employer-provided health benefits and potentially impacting employer conduct related to employee healthcare coverage.","Domestic Violence Screening and Treatment Act of 2002 - Amends title XIX (Medicaid) of the Social Security Act (SSA) to require that health benefits provided include coverage of domestic violence screening and treatment.Amends Federal civil service law to require the Office of Personal Management to require all contracted carriers of health coverage for Federal employees to include coverage for domestic violence screening and treatment services.Amends SSA title V (Maternal and Child Health Services) to require States to set aside a reasonable portion of maternal and child health services block grant funds to provide for domestic violence screening and treatment services. Authorizes the Secretary of Health and Human Services, with respect to such funds retained for certain projects, to provide preference to State applicants who include training of providers in how to screen for, and treat, domestic violence.Requires the Secretary to allot funds to States to provide for a separate program for domestic violence screening and treatment.",,,"The bill focuses on expanding healthcare coverage for domestic violence screening and treatment under Medicaid and federal employee health benefits, which does not involve private employer misconduct or enforcement against corporations."
hr1541-113,113,2013-04-12,"To establish limitations, for fiscal years 2013, 2014, and 2015 on the total amount in awards or other discretionary monetary payments which may be paid to any Federal employee.",Common Sense in Compensation Act,Government Operations and Politics,"Government employee pay, benefits, personnel management",1,Wage Hour & Benefits,enforcement,"The bill directly regulates federal employee compensation, limiting discretionary payments and total compensation, which, while not directly targeting private employers, relates to the concept of wage and benefit limitations.","Common Sense in Compensation Act - Prohibits any discretionary monetary payment to an employee of a federal executive agency during the period beginning on the enactment of this Act and the close of FY2013, or during FY2014 or FY2015, to the extent that such payment would cause the employee's total covered compensation (i.e., basic pay and discretionary monetary payment) to exceed 105% of the total amount of such employees basic pay (before the application of any step-increase). Defines ""discretionary monetary payment"" as any award or other monetary payment and any step-increase.",,,"The bill addresses compensation limits for federal employees, which does not involve private employer wage or benefit obligations."
s3397-112,112,2012-07-18,"A bill to prohibit waivers relating to compliance with the work requirements for the program of block grants to States for temporary assistance for needy families, and for other purposes.",Preserving Work Requirements for Welfare Programs Act of 2012,Social Welfare,Administrative law and regulatory procedures|Department of Health and Human Services|Employment and training programs|Intergovernmental relations|Poverty and welfare assistance,1,Wage Hour & Benefits,enforcement,"The bill prohibits waivers relating to compliance with TANF work requirements, directly affecting private employer obligations related to welfare assistance programs.","Preserving Work Requirements for Welfare Programs Act of 2012 - Prohibits the Secretary of Health and Human Services (HHS) from finalizing, implementing, enforcing, or otherwise taking any action to give effect to the Information Memorandum dated July 12, 2012 (Transmittal No. TANF-ACF-IM-2012-03), or to any administrative action relating to the same subject matter or that reflects the same or similar policies. Prohibits the Secretary also from authorizing, approving, modifying, or extending any experimental, pilot, or demonstration project under the Social Security Act (SSA) that: (1) waives compliance with mandatory work requirements of SSA title IV part A (Temporary Assistance for Needy Families) (TANF), or (2) authorizes an expenditure not otherwise allowable under a state TANF program with respect to compliance with such work requirements. Rescinds and nullifies any waiver relating to the subject matter of the Information Memorandum granted before the enactment of this Act.",,,The bill addresses government welfare program requirements and does not involve private employer wage or benefit obligations or corporate misconduct.
s1637-114,114,2015-06-18,"A bill to promote permanent families for children, privacy and safety for unwed mothers, responsible fatherhood, and security for adoptive parents by establishing a National Responsible Father Registry and encouraging States to enter into agreements to contribute the information contained in the State's Responsible Father Registry to the National Responsible Father Registry, and for other purposes.",Protecting Adoption and Promoting Responsible Fatherhood Act of 2015,Families,"Adoption and foster care|Family relationships|Government information and archives|Marriage and family status|Separation, divorce, custody, support|State and local government operations",1,Wage Hour & Benefits,enforcement,"The bill aims to establish a National Responsible Father Registry, which could impact legal proceedings related to child support and parental rights, indirectly affecting potential wage obligations and family support matters.","Protecting Adoption and Promoting Responsible Fatherhood Act of 2015 

 Amends part B (Child and Family Services) of title IV of the Social Security Act to direct the Secretary of Health and Human Services to establish and maintain an automated National Responsible Father Registry.

Requires the Registry to: (1) contain specified kinds of information sufficient to identify a possible father, and (2) provide a mechanism for men to register such identifying information directly with the Registry.

Limits access to Registry information to eligible parties, including: (1) public and licensed private adoption or child placement agencies, (2) licensed attorneys representing a party in a planned or pending adoption or in the termination of rights of one or more possible fathers, (3) state agencies or entities responsible for the placement of children, and (4) state courts.

Directs the Secretary to establish a nationwide campaign designed to inform possible fathers, unwed mothers, possible adoptive parents, and eligible parties of the National Registry, the advantages of possible fathers registering either in the National Registry or State Responsible Father Registries, or both, the rights and responsibilities of such parties with regard to a proceeding, and the role of such Registries in a proceeding.

Directs the Secretary to use all reasonable efforts to encourage states to enter into agreements to establish automated State Responsible Father Registries and centers that make registration forms easily accessible to possible fathers.

Authorizes the Secretary to make a grant to a state to establish a State Registry or modify an existing one to meet the requirements of this Act.",,,The bill focuses on establishing a National Responsible Father Registry and does not address corporate misconduct or private employer obligations.
s20-109,109,2005-01-24,"A bill to expand access to preventive health care services that help reduce unintended pregnancy, reduce the number of abortions, and improve access to women's health care.",Prevention First Act,Health,AIDS (Disease)|Access to health care|Ambulatory care|Child development|Child health|Church and social problems|Civics education|Coinsurance|Community health services|Condoms|Congressional reporting requirements|Consumer discounts|Consumer education|Contraceptives|Discrimination in insurance|Discrimination in medical care|Drugs|Elementary and secondary education|Emergency medicine|Employee health benefits|Evaluation research (Social action programs)|Family planning and birth control|Federal aid to health facilities|Generic drugs|Government publicity|Grants-in-aid|Health education|Health insurance|Hospital care|Hospitals|Human immunodeficiency viruses|Immigrant health|Insurance companies|Language and languages|Marriage|Medicaid|Medical fees|Medically uninsured|Nonprofit organizations|Prescription pricing|Preventive medicine|Public service advertising|Rebates|Religion|School health programs|School-age child care|Service learning|Sex|Sex education|Sexual abstinence|Teenage pregnancy|Victims of crimes|Welfare eligibility|Women|Youth services,1;14,Wage Hour & Benefits;Consumer Protection,enforcement,"The bill addresses employee health benefits, specifically prohibiting exclusions or restrictions on prescription contraceptive coverage, and expands access to family planning services, directly regulating private employer conduct related to wage/hour and benefits and consumer protection.","Prevention First Act - Title X Family Planning Services Act of 2005 - Authorizes appropriations for family planning services grants and contracts under the Public Health Service Act (PHSA). Family Planning State Empowerment Act - Amends title XIX (Medicaid) of the Social Security Act to allow States to provide family planning services and supplies to certain individuals not otherwise eligible for Medicaid. Equity in Prescription Insurance and Contraceptive Coverage Act - Amends the Employee Retirement Income Security Act of 1974 (ERISA) and PHSA to prohibit a group health plan, and a health insurance issuer providing group coverage, from excluding or restricting benefits in any way for prescription contraceptive drugs, devices, and outpatient services if the plan provides benefits for other outpatient prescription drugs, devices, or outpatient services. Amends PHSA to apply those prohibitions to coverage offered in the individual market. Emergency Contraception Education Act - Directs the Secretary of Health and Human Services to develop and disseminate information on emergency contraception to the public and to health care providers. Compassionate Assistance for Rape Emergencies Act - Requires hospitals, as a condition of receiving Federal funds, to offer and to provide, upon request, emergency contraception to victims of sexual assault. Preventing Teen Pregnancy Act - Amends PHSA to authorize the Secretary to award grants to public and private entities to establish or expand teenage pregnancy prevention programs. Truth in Contraception Act - Requires that any information concerning the use of a contraceptive provided through specified federally funded education programs be medically accurate and include health benefits and failure rates.",,,"The bill primarily addresses healthcare access and insurance coverage for contraceptive and family planning services, which does not involve corporate misconduct or enforcement against private employers."
hr6162-112,112,2012-07-19,"To amend the Internal Revenue Code of 1986 to permit health plans without a deductible for prenatal, labor and delivery, and postpartum care to be treated as high deductible plans with respect to health savings accounts.",Ensuring Women's Access to Free-Market Healthcare Act of 2012,Taxation,Child health|Health care costs and insurance|Income tax deductions|Sex and reproductive health|Women's health,1,Wage Hour & Benefits,tax_credit_introduction,"The bill introduces a tax incentive by allowing health plans without a deductible for prenatal, labor and delivery, and postpartum care to be treated as high deductible plans with respect to health savings accounts, relating to employer-provided health benefits.","Ensuring Women's Access to Free-Market Healthcare Act of 2012 - Amends the Internal Revenue Code, with respect to the tax treatment of health savings accounts (HSAs), to allow a health plan which does not have a deductible for prenatal, labor and delivery, and postpartum care to be treated as a high deductible health plan.",,,"The bill modifies tax treatment for health savings accounts related to prenatal and postpartum care, but does not address private employer wage or benefit obligations or enforcement against corporate misconduct."
hr30-114,114,2015-01-06,To amend the Internal Revenue Code of 1986 to repeal the 30-hour threshold for classification as a full-time employee for purposes of the employer mandate in the Patient Protection and Affordable Care Act and replace it with 40 hours.,Save American Workers Act of 2015,Taxation,Employee benefits and pensions|Health care costs and insurance|Health care coverage and access|Sales and excise taxes,1,Wage Hour & Benefits,enforcement,"The bill changes the definition of 'full-time employee' under the Affordable Care Act's employer mandate, directly affecting private employer obligations regarding health care coverage and thus relates to employer wage and benefit conduct.","(This measure has not been amended since it was introduced. The summary of that version is repeated here.)

Save American Workers Act of 2015 

This bill amends the Internal Revenue Code to change the definition of ""full-time employee"" for purposes of the employer mandate to provide minimum essential health care coverage under the Patient Protection and Affordable Care Act from an employee who is employed on average at least 30 hours of service a week to an employee who is employed on average at least 40 hours of service a week.",,,"The bill modifies the definition of 'full-time employee' for healthcare coverage purposes under the ACA, which does not directly relate to private employer wage or benefit misconduct."
s157-114,114,2015-01-13,A bill to repeal the medical device tax and the employer and individual responsibility requirements of the Patient Protection and Affordable Care Act.,No Obamacare Mandate Act,Health,"Business records|Comprehensive health care|Employee benefits and pensions|Government information and archives|Health care costs and insurance|Health care coverage and access|Health technology, devices, supplies|Sales and excise taxes|Wages and earnings",1,Wage Hour & Benefits,tax_credit_removal,"The bill repeals the employer responsibility requirements of the Affordable Care Act, which involved penalties for large employers who fail to offer health care coverage to their eligible employees, thus removing an existing obligation related to employer-provided benefits.","No Obamacare Mandate Act 

This bill repeals provisions of the Patient Protection and Affordable Care Act that impose: (1) an excise tax on medical devices, (2) a requirement that individuals obtain minimum essential health care coverage, and (3) a penalty on large employers who fail to offer health care coverage to their eligible employees.",,,"The bill primarily addresses the repeal of healthcare-related taxes and mandates, which do not directly regulate or enforce private employer wage or benefit obligations related to corporate misconduct."
hr2297-116,116,2019-04-12,To amend the Internal Revenue Code of 1986 to establish a free online tax preparation and filing service and programs that allow taxpayers to access third-party provided tax return information.,Tax Filing Simplification Act of 2019,Taxation,"Computers and information technology|Department of the Treasury|Internal Revenue Service (IRS)|Public contracts and procurement|Tax administration and collection, taxpayers",1,Wage Hour & Benefits,enforcement,"The bill requires the IRS to establish free online tax preparation and filing services, which could indirectly affect wage reporting and compliance with tax laws related to employee compensation.","Tax Filing Simplification Act of 2019

This bill requires the Internal Revenue Service (IRS) to establish and operate the following programs free of charge

 online tax preparation and filing software, a program for taxpayers to download third-party provided return information relating to individual income tax returns, a program to permit individuals with simplified tax situations to elect to have the IRS prepare their returns, and a program to provide technical assistance and disclose federal income tax return information to states that provide or seek to provide state-level tax filing and preparation software. The IRS may not enter into any agreement that restricts its legal right to provide tax return preparation services, software, or tax return filing services.

 Individuals participating in, or accessing information from, the programs established by this bill must verify their identity to the satisfaction of the IRS. The IRS may not employ knowledge-based verification procedures to verify the identity of the individuals.",,,"The bill focuses on tax filing simplification and IRS services, not on corporate misconduct or enforcement against private employers."
s2361-108,108,2004-04-29,"A bill to amend the Public Health Service Act to enhance research, training, and health information dissemination with respect to urologic diseases, and for other purposes.",Training and Research in Urology Act of 2004,Health,Communication in medicine|Congressional reporting requirements|Data banks|Department of Health and Human Services|Executive reorganization|Federal advisory bodies|Federal aid to education|Federal aid to health facilities|Federal aid to research|Federal employees|Federal officials|Government paperwork|Health education|Higher education|Medical education|Medical research|Medical residents|Recruiting of employees|Research centers|Scholarships|Scientists|Student loan funds|Urology,1,Wage Hour & Benefits,enforcement,"The bill focuses on research and training related to urologic diseases and establishes a loan repayment program for urology research, which could indirectly impact the availability of qualified medical professionals and potentially affect the quality of healthcare services provided by non-governmental employers, and it relates to federal employees.","Training and Research in Urology Act of 2004 - Amends the Public Health Service Act to separate the research and training on urologic diseases from that of kidney and hematologic diseases. Replaces the Division Director for Kidney, Urologic, and Hematologic Diseases in the National Institute of Diabetes and Digestive and Kidney Diseases with a Division Director for Urologic Diseases and a Division Director for Kidney and Hematologic Diseases. Requires the Director of the Institute to: (1) give particular attention to supporting research and training programs geared to the needs of urology residents and fellows; and (2) submit to Congress a national urologic research plan and review such plan every three years. Replaces the National Kidney and Urologic Diseases Data System, the National Kidney and Urologic Diseases Information Clearinghouse, and the National Kidney and Urologic Diseases Advisory Board with separate data systems, information clearinghouses, and advisory boards for kidney diseases and urologic diseases. Replaces the Kidney, Urologic, and Hematologic Diseases Interagency Coordinating Committee and the Institute's advisory panel subcommittee on kidney, urologic, and hematologic diseases with separate coordinating committees and subcommittees for: (1) kidney and hematologic diseases; and (2) urologic diseases. Requires at least 15 of the centers developed for research in kidney and urologic diseases under the Public Health Service Act to focus exclusively on urologic diseases. Directs the Secretary of Health and Human Services to establish a loan repayment program for urology research.",,,"The bill focuses on enhancing research, training, and information dissemination related to urologic diseases, which does not involve corporate misconduct or private employer obligations."
hr5543-111,111,2010-06-16,"To amend title 38, United States Code, to repeal the prohibition on collective bargaining with respect to matters and questions regarding compensation of employees of the Department of Veterans Affairs other than rates of basic pay, and for other purposes.",,Armed Forces and National Security,"Administrative law and regulatory procedures|Department of Veterans Affairs|Employee benefits and pensions|Government employee pay, benefits, personnel management|Labor-management relations",1;3,Wage Hour & Benefits;Labor Relations,enforcement,"The bill relates to collective bargaining for VA employees' compensation, which, while concerning government employees, directly impacts labor-management relations and employee benefits, and modifies existing restrictions on bargaining, thus affecting employer conduct.","Prohibits collective bargaining with respect to matters and questions concerning rates of basic pay (under current law, concerning compensation) of employees of the Department of Veterans Affairs (VA). (Permits collective bargaining concerning compensation, other than basic rates of pay, with respect to such employees.)",,,"The bill addresses collective bargaining rights for VA employees, which involves government employee pay and benefits, not private employer conduct."
s1396-108,108,2003-07-11,"A bill to require equitable coverage of prescription contraceptive drugs and devices , and contraceptive services under health plans.",Equity in Prescription Insurance and Contraceptive Coverage Act of 2003,Health,Ambulatory care|Coinsurance|Contraceptives|Discrimination in insurance|Discrimination in medical care|Employee health benefits|Health insurance|Physicians|Rebates|Standards,1,Wage Hour & Benefits,enforcement,"The bill prohibits group health plans from excluding or restricting benefits for prescription contraceptive drugs and devices, directly regulating employer-provided health benefits and ensuring equitable coverage, which relates to employer obligations regarding employee health benefits.","Equity in Prescription Insurance and Contraceptive Coverage Act of 2003 - Amends the Employee Retirement Income Security Act of 1974 and the Public Health Service Act to prohibit a group health plan, and a health insurance issuer providing group coverage, from: (1) excluding or restricting benefits for prescription contraceptive drugs, devices, and outpatient services if the plan provides benefits for other outpatient prescription drugs, devices, or outpatient services; (2) denying eligibility based on use or potential use of such items or services; (3) providing monetary payments or rebates to a covered individual to encourage acceptance of less than the minimum protections available; (4) penalizing, reducing, or limiting a professional's reimbursement because the professional prescribed such drugs or devices or provided such services; or (5) providing incentives to a professional to induce the professional to withhold drugs, devices, or services. Amends the Public Health Service Act to apply those prohibitions to coverage offered in the individual market.",2,enforcement,"The bill addresses discrimination in insurance coverage for contraceptive drugs and services, aligning with Employment Discrimination by prohibiting health plans from denying coverage based on contraceptive use."
s557-112,112,2011-03-10,A bill to amend the Internal Revenue Code of 1986 to expand tax-free distributions from individual retirement accounts for charitable purposes.,Public Good IRA Rollover Act of 2011,Taxation,"Employee benefits and pensions|Income tax exclusion|Social work, volunteer service, charitable organizations",1,Wage Hour & Benefits,tax_credit_introduction,"The bill expands tax-free distributions from individual retirement accounts for charitable purposes, which could incentivize individuals to donate more and indirectly relate to employer-sponsored retirement plans and benefits.",Public Good IRA Rollover Act of 2011- Amends the Internal Revenue Code to exclude from gross income distributions from individual retirement accounts for certain charitable purposes.,,,"The bill addresses tax exclusions for charitable distributions from individual retirement accounts, which does not involve private employer wage or benefit obligations or any other category of corporate misconduct."
hr2797-114,114,2015-06-16,"To amend the Juvenile Justice and Delinquency Prevention Act of 1974 to establish the Office of School Discipline Policy, and for other purposes.",Student Disciplinary Fairness Act of 2015,Crime and Law Enforcement,"Correctional facilities and imprisonment|Crime prevention|Criminal justice information and records|Criminal procedure and sentencing|Department of Justice|Due process and equal protection|Education programs funding|Elementary and secondary education|Executive agency funding and structure|Government information and archives|Juvenile crime and gang violence|Law enforcement administration and funding|Lawyers and legal services|School administration|Teaching, teachers, curricula",1;2;3,Wage Hour & Benefits;Employment Discrimination;Labor Relations,enforcement,"The bill establishes an Office within the DOJ to collect data on school discipline-related arrests and incarceration of juveniles, requires constitutional consistency in juvenile justice administration, and authorizes DOJ to issue subpoenas during investigations of law enforcement agencies, all of which relate to potential misconduct by entities involved in the juvenile justice system and impacts employer conduct related to employee rights and due process.","Student Disciplinary Fairness Act of 2015

This bill amends the Juvenile Justice and Delinquency Prevention Act of 1974 to establish an Office of School and Discipline Policy within the Department of Justice (DOJ). The Office must collect and publish data on the arrests or incarceration of juvenile students for violations of school rules or policies. It must also collaborate with states and local governments to expand alternatives to juvenile detention and incarceration. The legislation amends the Omnibus Crime Control and Streets Act of 1968 to require state or local governments that apply for public safety and community policing grants to provide assurances that the administration of juvenile justice in their jurisdictions is consistent with constitutional guarantees, including due process and equal protection, and that probation terms for a juvenile meet certain conditions.

This bill amends the Violent Crime Control and Law Enforcement Act of 1994 to authorize DOJ to issue subpoenas during investigations of law enforcement agencies for alleged patterns or practices of conduct that violate constitutional rights.

The Office of Civil Rights of the Department of Education must make grants to states, local governments, and juvenile justice agencies to train elementary and secondary school teachers and administrators on de-escalation techniques to mitigate delinquent student behavior.",,,"The bill focuses on juvenile justice, school discipline, and law enforcement practices, which do not involve corporate misconduct or private employer obligations."
s857-113,113,2013-05-06,"A bill to amend the Family and Medical Leave Act of 1993 to permit leave to care for a same-sex spouse, domestic partner, parent-in-law, adult child, sibling, grandchild, or grandparent who has a serious health condition.",Family and Medical Leave Inclusion Act,Labor and Employment,"Employee leave|Government employee pay, benefits, personnel management|Home and outpatient care|Marriage and family status|Sex, gender, sexual orientation discrimination",1,Wage Hour & Benefits,enforcement,"The bill expands the definition of 'family member' under the Family and Medical Leave Act, directly affecting private employer obligations to provide unpaid leave for covered family care situations.","Family and Medical Leave Inclusion Act - Amends the Family and Medical Leave Act of 1993 to provide for employee leave to care for a domestic partner (including a same-sex spouse) or his or her child, parent-in-law, adult child, sibling, grandparent, grandchild, son-in-law, or daughter-in-law (as well as for a spouse, child, or parent), if such person has a serious health condition.

Amends federal civil service law to apply the same leave allowance to federal employees.",1,enforcement,"Expands FMLA leave eligibility to include care for additional family members, directly affecting private employer obligations under the FMLA."
hr945-111,111,2009-02-10,"To amend the Internal Revenue Code of 1986 to allow additional expenses for purposes of determining the Hope Scholarship Credit, and for other purposes.",Hope Scholarship Credit Expansion Act of 2009,Taxation,Higher education|Income tax credits|Student aid and college costs,1,Wage Hour & Benefits,tax_credit_introduction,"The bill expands the Hope Scholarship Credit, which is a tax credit available to students and their families for qualified education expenses, indirectly relating to private employer conduct by potentially reducing the financial burden on students who may be employed while attending school.","Hope Scholarship Credit Expansion Act of 2009 - Amends Internal Revenue Code provisions relating to the Hope Scholarship tax credit to make certain additional expenses eligible for such credit, including room and board, employment-related expenses, and books, supplies, and equipment.",,,"The bill expands tax credits for education-related expenses, which does not relate to corporate misconduct or enforcement against private employers."
s2612-110,110,2008-02-07,A bill to provide economic stimulus for small business concerns.,Small Business Lending Stimulus Act of 2008,Commerce,Authorization|Federally-guaranteed loans|Fees|Government lending|Industrial buildings|Securities|Small business,1,Wage Hour & Benefits,tax_credit_introduction,"The bill reduces SBA loan fees, which could incentivize small businesses to obtain loans and potentially improve their financial stability and ability to pay wages and benefits.","Small Business Lending Stimulus Act of 2008 - Directs the Administrator of the Small Business Administration (SBA) to reduce in 2008 the rate of certain loan fees imposed under the Small Business Act and debenture fees under the Small Business Investment Act of 1958. Authorizes appropriations for FY2008: (1) to cover such rate reductions; and (2) for direct loans and assistance under the SBA Microloan Program. Amends the Small Business Investment Act of 1958 to authorize the SBA to refinance certain existing debt of small businesses that received prior loans for plant acquisition, construction, conversion, or expansion.",,,"The bill focuses on reducing loan fees and refinancing debt for small businesses, which does not relate to corporate misconduct or enforcement against private employers."
hr154-107,107,2001-01-03,To amend the Internal Revenue Code of 1986 to increase to 100 percent the amount of the deduction for the health insurance costs of self-employed individuals.,Self-Employed Health Affordability Act of 2001,Taxation,Business income tax|Health insurance|Income tax|Insurance premiums|Medical economics|Personal income tax|Self-employed|Tax deductions,1,Wage Hour & Benefits,tax_credit_introduction,"The bill increases the tax deduction for health insurance costs of self-employed individuals, which relates to private employer wage/benefit conduct by incentivizing health insurance coverage.",Self-Employed Health Affordability Act of 2001 - Amends the Internal Revenue Code to increase the deduction allowed for the health insurance costs of self-employed individuals to 100 percent.,,,"The bill increases a tax deduction for self-employed individuals' health insurance costs, which does not relate to corporate misconduct or private employer obligations."
s3105-106,106,2000-09-25,"A bill to amend the Internal Revenue Code of 1986 to clarify the allowance of the child credit, the deduction for personal exemptions, and the earned income credit in the case of missing children, and for other purposes.",Missing Children Tax Fairness Act of 2000,Taxation,Death|Earned income tax credit|Income tax|Kidnapping|Missing children|Personal income tax|Tax credits|Tax deductions|Tax exemption,1,Wage Hour & Benefits,tax_credit_introduction,"The bill introduces a tax credit related to dependents in the case of missing children, which affects the tax obligations of families and could indirectly incentivize reporting and support related to missing children, falling under the scope of employer-related benefits and tax considerations.","Missing Children Tax Fairness Act of 2000 - Amends the Internal Revenue Code to treat a child who was kidnapped by a nonfamily member as a dependent for purposes of the deduction for personal exemptions, the child credit, and the earned income credit.",,,"The bill addresses tax treatment for families of kidnapped children, which does not relate to corporate misconduct or private employer obligations."
hr2482-114,114,2015-05-20,To amend the Low-Income Housing Preservation and Resident Homeownership Act of 1990.,Preservation Enhancement and Savings Opportunity Act of 2015,Housing and Community Development,Housing finance and home ownership|Housing supply and affordability|Low- and moderate-income housing|Residential rehabilitation and home repair,1,Wage Hour & Benefits,enforcement,"The bill relates to the distribution of surplus cash generated by low-income housing properties and limits rent increases upon refinancing, directly affecting affordability requirements and compliance with use agreements, which are related to private employer obligations regarding housing affordability.","(This measure has not been amended since it was introduced. The summary has been expanded because action occurred on the measure.)

Preservation Enhancement and Savings Opportunity Act of 2015

(Sec. 2) Amends the Low-Income Housing Preservation and Resident Homeownership Act of 1990 (LIHPRHA) with respect to a plan of action the Department of Housing and Urban Development (HUD) may approve for extension of the low-income affordability restrictions on any eligible low-income housing.

Entitles the owner of a property subject to a plan of action or use agreement to distribute:

 annually all surplus cash generated by the property, but only if the owner is in material compliance with the use agreement, including compliance with prevailing physical condition standards established by HUD; and any funds accumulated in a residual receipts account, notwithstanding any conflicting provision in the use agreement, but only if the individual is in material compliance with the use agreement and has completed, or set aside sufficient funds to complete, any capital repairs identified by the most recent third party capital needs assessment. Requires an owner distributing any such amounts to:

 continue to operate the property in accordance with the affordability requirements of its use agreement for its remaining useful life; continue to renew or extend any project-based rental assistance contract for at least 20 years, as required by the property's plan of action; and have the option to extend the contract to a 20-year term, if he or she has an existing multi-year project-based rental assistance contract for less than 20 years. (Sec. 3) Declares that neither LIHPRHA, nor any plan of action or use agreement implementing it, shall restrict an owner from obtaining a new loan or refinancing an existing loan secured by a low-income housing project, or from distributing the proceeds of such a loan, except that, in conjunction with such refinancing:

 the owner shall provide for adequate rehabilitation pursuant to a capital needs assessment to ensure long-term sustainability of the property satisfactory to the lender or bond issuance agency; any resulting budget-based rent increase shall include debt service on the new financing, commercially reasonable debt service coverage, and replacement reserves as required by the lender; and any rent increases resulting from the refinancing transaction for units not covered by a project-based rental subsidy contract shall be limited to 10%, with the following exception. States that any tenant who occupies a dwelling unit as of the time of the refinancing, and gives the owner proof of income, may not be required to pay for rent and utilities, for the duration of the tenancy, any amount exceeding the greater of: (1) 30% of the tenant's income, or (2) the amount the tenant paid for rent and utilities immediately before the refinancing.

(Sec. 4) Directs HUD to issue any guidance necessary to carry out this Act within 120 days after its enactment.",,,"The bill addresses housing finance and homeownership policies related to low-income housing, which do not involve corporate misconduct or enforcement actions against private employers."
hr3299-108,108,2003-10-15,To provide for prescription drugs at reduced prices to Medicare beneficiaries.,Medicare Prescription Drug Price Negotiation Act,Health,Ambulatory care|Congressional reporting requirements|Consumer complaints|Consumer protection|Drug industry|Fines (Penalties)|Government and business|Government contractors|Medicare|Ombudsman|Pharmaceutical research|Pharmacies|Physicians|Prescription pricing|Price discrimination|Product development|Restrictive trade practices|Subcontractors,1;23,Wage Hour & Benefits;Healthcare Fraud & Compliance,enforcement,"The bill directly regulates prescription drug pricing for Medicare, and includes penalties (government contracting exclusion) for non-compliance, relating to private pharmaceutical manufacturer conduct and healthcare billing practices.","Medicare Prescription Drug Price Negotiation Act - Requires each participating manufacturer of a covered outpatient drug to make such drugs available for purchase by any qualified Federal health care provider, by each pharmacy, and by each provider of services, physician, practitioner, and supplier under the Medicare program at a price that the Secretary of Health and Human Services, in conjunction with the Secretary of Defense and the Secretary of Veterans Affairs, negotiates with the manufacturer. Provides that the amount of a covered outpatient drug that a participating manufacturer shall make available for purchase is equal to the sum of the aggregate amounts of the covered outpatient drug dispensed by pharmacies to Medicare beneficiaries plus those dispensed through qualified Federal health care providers. Requires that, in conducting negotiations with participating manufacturers, the Secretary take into account the goal of promoting the development of breakthrough drugs. Requires the United States to exclude from Government contracting and subcontracting, for a period of time, a manufacturer of drugs or biologicals that does not comply with this Act. Directs the Secretary to establish a mechanism (such as an ombudsman) for the resolution of disputes between Medicare beneficiaries and prescription drug resellers and drug manufacturers in order to protect such beneficiaries and to ensure that: (1) prescription drug resellers are not artifically increasing prices charged to Medicare beneficiaries (above those negotiated under this Act) in places (such as rural areas) where there is less competition; and (2) such resellers are not colluding on prices in areas with more potential significant competition.",14;22,enforcement,The bill addresses consumer protection by ensuring fair pricing for Medicare beneficiaries and enforces compliance by excluding non-compliant drug manufacturers from government contracting.
hr7003-110,110,2008-09-23,"To amend title 38, United States Code, to prohibit discrimination and acts of reprisal against persons who receive treatment for illnesses, injuries, and disabilities incurred in or aggravated by service in the uniformed services.",Wounded Veteran Job Security Act,Armed Forces and National Security,"Disability and health-based discrimination|Employee leave|Employment discrimination and employee rights|Health care costs and insurance|Veterans' education, employment, rehabilitation|Veterans' medical care",1;2,Wage Hour & Benefits;Employment Discrimination,enforcement,"The bill prohibits employment discrimination and reprisal against individuals with service-related injuries or disabilities, directly regulating private employer conduct related to discrimination and employee rights, and potentially impacting obligations under laws like the Americans with Disabilities Act (ADA) and USERRA.","Wounded Veteran Job Security Act - Prohibits any employment discrimination or acts of reprisal against any person who has, or who has been treated for, an injury, illness, or disability determined by the Secretary of Veterans Affairs to have been incurred in or aggravated by military service.",2,enforcement,"Prohibits employment discrimination against veterans with service-related disabilities, directly addressing employer discrimination based on disability."
s354-116,116,2019-02-06,"A bill to avoid duplicative annual reporting under the Internal Revenue Code of 1986 and the Employee Retirement Income Security Act of 1974, and for other purposes.",,Taxation,"Employee benefits and pensions|Income tax deferral|Tax administration and collection, taxpayers",1,Wage Hour & Benefits,enforcement,"The bill aims to streamline reporting requirements for employee benefit plans under ERISA, which directly relates to the management and compliance of private employer pension and retirement benefit plans, and therefore falls under the scope of employer conduct targeted by government enforcement actions.","This bill requires the Department of the Treasury and the Department of Labor to cooperate to modify specified returns required for deferred compensation plans and other employee benefit plans to permit all members of a group of plans to file a single aggregated annual return or report satisfying the requirements of both the Internal Revenue Code and the Employee Retirement Income Security Act of 1974 (ERISA).

The requirement applies to a group in which all of the plans

 are individual account plans or defined contribution plans; have the same trustee, the same one or more named fiduciaries, the same administrator, and plan years beginning on the same date; and provide the same investments or investment options to participants and beneficiaries. The bill also specifies that, for the purposes of applying the numerical limitations related to the electronic filing of returns for deferred compensation plans, each plan for which information is provided on the return must be treated as a separate return.",,,"The bill addresses administrative reporting requirements for employee benefit plans under ERISA and the Internal Revenue Code, but does not directly regulate or enforce private employer conduct related to wage, benefit, or pension obligations."
hr5269-107,107,2002-07-26,"To guarantee for all Americans quality, affordable, and comprehensive health insurance coverage.",Health Security for All Americans Act,Health,Abortion|Abortion procedures|Access to health care|Accreditation (Medical care)|Administrative fees|Administrative procedure|Administrative remedies|Alaska|Bankruptcy|Breast cancer|Budget surpluses|Case management|Cesarean section|Child health|Childbirth|Civil actions and liability|Class actions (Civil procedure)|Clinical trials|Collective bargaining agreements|Communication in medicine|Competitive bidding|Comprehensive health care|Confidential communications|Conflict of interests|Congressional reporting requirements|Consumer complaints|Consumer education|Consumer protection|Contracts|Corporate mergers|Cost control|Customs administration|Damages|Department of Health and Human Services|Department of Labor|Department of the Treasury|Disciplining of employees|Discrimination in employment|Discrimination in insurance|Discrimination in medical care|Dismissal of employees|Drug abuse|Drug abuse treatment|Drug approvals|Drug utilization|Drugs|Emergency medical services|Employee health benefits|Employee rights|Employee training|Employers' liability|Evidence (Law)|Executive reorganization|Federal advisory bodies|Federal aid to Indians|Federal aid to child health services|Federal budgets|Federal employees|Federal preemption|Federal-state relations|Fines (Penalties)|Freedom of speech|Genetic counseling|Genetic screening|Government employees' health insurance|Government paperwork,1;2;23,Wage Hour & Benefits;Employment Discrimination;Healthcare Fraud & Compliance,enforcement,"The bill aims to guarantee comprehensive health insurance coverage for all Americans, which includes provisions related to employee health benefits, discrimination in insurance, and consumer protections, directly regulating private employer conduct and healthcare provision.","Health Security for All Americans Act - Amends the Social Security Act (SSA) to add a new title XXII (Health Security For All Americans) with a part A (Expansion Phase) and a part B (Universal Phase) providing funds to States for universal health insurance coverage through State administered systems which offer at least the benefits provided under the Federal Employees Health Benefits program standard Blue Cross-Blue Shield preferred provider option service benefit plan.Adds a part C (Consumer Protections) listing home care standards and providing for consumer protection.Establishes within the Agency for Healthcare Research and Quality, the Health Care Quality, Patient Safety, and Workforce Standards Institute.Establishes a Health Care Quality, Patient Safety, and Workforce Standards Committee to advise the Director of the Health Care Quality, Patient Safety, and Workforce Standards Institute.Requires that each individual entitled to benefits under Medicare part A (Hospital Insurance) or enrolled under Medicare part B (Supplementary Medical Insurance) be provided full mental health and substance abuse treatment parity under Medicare consistent with SSA title XXII (as added by this Act).Directs the Secretary of Health and Human Services to conduct studies and demonstration projects that are designed to identify model programs for the provision of long-term and home health care services.Makes specified provisions of the Employee Retirement Income Security Act of 1974 (ERISA) inapplicable to health benefits provided under a group health plan qualified to offer such benefits under an expansion phase (phase I) plan or a universal phase (phase II) plan under SSA title XXII.",,,"The bill primarily addresses the expansion of health insurance coverage and consumer protections, which do not directly relate to corporate misconduct categories such as wage violations or employment discrimination."
hr2478-112,112,2011-07-08,To amend the Internal Revenue Code of 1986 to exclude from gross income amounts received for services by a student at a work-college.,,Taxation,Higher education|Income tax exclusion|Student aid and college costs|Wages and earnings|Youth employment and child labor,1,Wage Hour & Benefits,tax_credit_introduction,"The bill excludes from gross income amounts received for services by a student at a work-college, which functions as a tax incentive related to student wages and earnings.",Amends the Internal Revenue Code to exclude from gross income payments received by a student under a comprehensive student work-learning-service program operated by a work college.,,,"The bill addresses tax treatment of student earnings at work colleges, not private employer wage or benefit obligations."
hr2341-112,112,2011-06-23,"To amend the Fair Labor Standards Act with regard to certain exemptions under that Act for direct care workers and to improve the systems for the collection and reporting of data relating to the direct care workforce, and for other purposes.",Direct Care Job Quality Improvement Act of 2011,Labor and Employment,"Allied health services|Census and government statistics|Employment and training programs|Government information and archives|Health personnel|Home and outpatient care|Labor standards|Long-term, rehabilitative, and terminal care|Medicaid|Wages and earnings",1,Wage Hour & Benefits,enforcement,"The bill amends the Fair Labor Standards Act regarding exemptions for direct care workers, directly affecting private employer wage and hour obligations.","Direct Care Job Quality Improvement Act of 2011 - Amends the Fair Labor Standards Act of 1938 with respect to the exemption from minimum wage and maximum hour requirements of any employee employed on a casual basis in domestic service employment to provide companionship services for individuals who because of age or infirmity are unable to care for themselves. Extends the same exemption to a casual employee in domestic service employment to provide companionship services for disabled individuals unable to care for themselves. Directs the Secretary of Health and Human Services (HHS) to develop a direct care workforce monitoring program. Amends title XIX (Medicaid) of the Social Security Act (SSA) to require a state Medicaid plan to require the state to report annually to the Secretary on the adequacy of its direct care workforce to provide long-term care (LTC) services. Amends the Patient Protection and Affordable Care Act to require the National Health Care Workforce Commission, as a high priority, to review, analyze, and report annually to Congress and the Health Resources and Services Administration on the current and projected direct care workforce supply and demand. Directs the Secretary to award grants to states, Indian tribes, and tribal organizations to develop data collection and monitoring systems to assess the adequacy of a state's or tribe's direct care workforce to meet current and future demand for LTC services. Directs the Secretary to award competitive three-year grants to states and other eligible entities to improve the recruitment, retention, and education of direct care workers.",1,enforcement,"Amends the Fair Labor Standards Act to address exemptions related to minimum wage and maximum hour requirements for direct care workers, directly affecting private employer wage obligations."
hr1672-115,115,2017-03-22,To improve the competitiveness of United States manufacturing by designating and supporting manufacturing communities.,Make It In America Manufacturing Communities Act,Commerce,"Competitiveness, trade promotion, trade deficits|Economic development|Employment and training programs|Energy efficiency and conservation|Higher education|Industrial facilities|Industrial policy and productivity|Manufacturing|Public-private cooperation|U.S. and foreign investments",1,Wage Hour & Benefits,enforcement,"The bill aims to improve the competitiveness of U.S. manufacturing through investments in workforce training and infrastructure, which indirectly relates to wage and benefit standards by supporting employer-provided training programs and potentially influencing employment opportunities.","Make It In America Manufacturing Communities Act

This bill requires the Department of Commerce to establish a Manufacturing Community Support Program to improve the competitiveness of U.S. manufacturing by: (1) designating consortiums as manufacturing communities; and (2) authorizing federal agencies electing to participate in the program to provide such communities preferential consideration in awarding financial and technical assistance.

A consortium, to be eligible for such designation and assistance, must:

 represent a region that is large enough to contain critical elements of the key technologies or supply chain prioritized by the consortium and small enough to enable close collaboration among the consortium's members; include at least one institution of higher education, a private sector entity, and a government entity; and have a lead applicant that is a district organization, an Indian tribe, a state or political subdivision of a state, an institution of higher education, a nonprofit organization or association with an application supported by a state, a political subdivision of a state, or a native community. Commerce shall make such designations for a two-year period, and may renew a designation for additional two-year periods, based on specified criteria.

 Recipients may use such financial or technical assistance to support investments in ecosystems that will improve the competitiveness of U.S. manufacturing, including infrastructure, access to capital, promotion of exports and foreign direct investment, equipment upgrades, workforce training, energy or process efficiency, business incubators, site preparation, advanced research, supply chain development, and small business assistance.",,,"The bill focuses on improving U.S. manufacturing competitiveness through community support and infrastructure investment, without directly addressing corporate misconduct or enforcement in any Violation Tracker category."
hr4279-112,112,2012-03-28,To amend the Internal Revenue Code of 1986 to waive the 10 percent early distribution penalty with respect to withdrawals by unemployed veterans from certain retirement accounts.,Veteran Self Relief Act of 2012,Taxation,"Employee benefits and pensions|Sales and excise taxes|Unemployment|Veterans' education, employment, rehabilitation",1,Wage Hour & Benefits,tax_credit_introduction,"The bill waives a penalty for unemployed veterans withdrawing from retirement accounts, effectively incentivizing access to funds and relating to employer-sponsored retirement plans and employee benefits.",Veteran Self Relief Act of 2012 - Amends the Internal Revenue Code to allow an unemployed veteran to withdraw amounts from an individual retirement account (IRA) or thrift savings account without incurring the 10% penalty for premature distributions from pension plans if such veteran has received unemployment compensation for 12 consecutive weeks during a 1-year uninterrupted period of unemployment beginning on the date of such veteran's discharge or release from active duty.,,,"The bill addresses tax penalties on retirement account withdrawals for unemployed veterans, which does not involve private employer wage or benefit obligations."
