bill_id,congress_term,introduced_at,official_title,short_title,policy_area,subjects,category_ids,category_labels,summary,,is_related,bill_type,reason
hr4713-106,106,6/21/2000,"To amend the Internal Revenue Code of 1986 and the Surface Mining Control and Reclamation Act of 1977 to restore stability and equity to the financing of the United Mine Workers of America Combined Benefit Fund by eliminating the liability of reachback operators, to provide additional sources of revenue to the Fund, and for other purposes.",Combined Fund Stability and Fairness Act,Health,Auditing|Authorization|Coal|Collective bargaining agreements|Congressional investigations|Congressional reporting requirements|Employee health benefits|Fees|Government trust funds|Insurance premiums|Insurance rates|Interest|Labor unions|Pension funds|Reclamation of land|Retiree health benefits|Small business|Strip mining|Trusts and trustees,1;15;22,Wage Hour & Benefits;Competition-related Offenses;Government Contracting,"TABLE OF CONTENTS: Title I: Reachback Provisions Title II: Financing Provisions Subtitle A: Premiums Subtitle B: Transfers From Abandoned Mine Reclamation Fund Subtitle C: Authorization Combined Fund Stability and Fairness Act - Amends chapter 99 (Coal Industry Health Benefits) of the Internal Revenue Code and the Surface Mining Control and Reclamation Act of 1977 to redefine the term ""coal wage agreement"" to include only the 1988 agreement which became effective on February 1, 1988, and any predecessor to the 1988 agreement. Redefines the term ""signatory operator"" in a similar manner (as a 1988 operator).Provides for a reduction in health benefit premiums to coal miners if there is a surplus in the Combined Benefit Fund.Provides for a refund of premiums paid to the Fund for certain small entities which are not 1988 agreement operators.Provides for the transfer of certain amounts of interest from the Abandoned Mine Reclamation Fund to the Combined Fund.Reduces Abandoned Mine Reclamation Fund fees. Extends the Abandoned Mine Reclamation Fee program for an additional six years.Authorizes appropriations for the transfer of $38 million from the 1950 United Mine Workers of America Pension Plan annually to the Combined Fund to cover any shortfall in the premium account of the Combined Fund.",,True,other,"The bill restructures how private employers (coal companies) finance retiree health benefit obligations under the UMWA Combined Benefit Fund, which is a private employer obligation."
s2285-109,109,2/14/2006,"A bill to improve the protection of witnesses, victims, and informants.","Whistleblower Empowerment, Security, and Taxpayer Protection Act of 2006",Government Operations and Politics,Administrative remedies|Appropriations|Civil actions and liability|Confidential communications|Congressional investigations|Congressional reporting requirements|Congressional witnesses|Damages|Disciplining of employees|Dismissal of employees|Evidence (Law)|Federal employees|Federal officials|Fines (Penalties)|Fraud|Government contractors|Governmental investigations|Grievance procedures|Informers|Inspectors general|Intelligence officers|Leave of absence|Legal fees|Members of Congress|Misconduct in office|Murder|Removal of officials|Reprogramming of appropriated funds|Security clearances|Special prosecutors|Victims of crimes|Waste in government spending|Whistle blowing|Witnesses,1;3;12;24,"Wage Hour & Benefits;Labor Relations;Fraud, Corruption & Criminal Conduct;Government Reporting & Compliance","Whistleblower Empowerment, Security, and Taxpayer Protection Act of 2006 - Modifies federal criminal law provisions relating to tampering with or retaliating against a witness, victim, or an informant. Allows a victim of a prohibited personnel practice to bring a civil action against a covered entity and to recover damages. Makes any prospective waiver of the right of any individual to file a civil action under this Act void and unenforceable. Amends the Inspector General Act of 1978 to allow an Inspector General (IG) to be removed from office prior to the expiration of that IG's term only on one of the following grounds: (1) permanent incapacity; (2) inefficiency; (3) neglect of duty; (4) malfeasance; or (5) conviction of a felony or conduct involving moral turpitude. Establishes the term of office of an IG as seven years and permits reappointment. Authorizes an IG to annually transmit an appropriation estimate and request to the Director of the Office of Management and Budget (OMB) and to the appropriate congressional committees, in addition to the head of the establishment concerned. Requires the President to include in each annual budget specified IG appropriation information. Prohibits any funds appropriated for activities under the supervision of an IG from being reprogrammed, transferred, or otherwise spent for any other purpose without such IG's written consent. Directs each IG to: (1) create and maintain a hotline for employees confidentially reporting alleged violations; and (2) compile a statistical summary of all allegations for annual reporting to Congress. Sets forth a special rule regarding revocation of security clearances. Permits the creation of whistleblower affairs directorates within offices of IGs. Includes coverage of certain planned disclosures of information under prohibited personnel practices provisions. Permits petitions for the appointment of special prosecutor to handle cases alleging prohibited personnel practices. Directs the Comptroller General to study the costs of retaliation against or suppression of whistleblowers.",,False,,"The bill focuses on protections for whistleblowers, victims, and informants, primarily involving government operations and politics, rather than private employer obligations on employee wages, hours, or benefits."
hr4423-108,108,5/20/2004,"Making appropriations for the Department of Veterans Affairs for the fiscal year ending September 30, 2005, and for other purposes.",,Armed Forces and National Security,Ambulatory care|Appropriations|Auditing|Building construction|Cemeteries and funerals|Collection of accounts|Congressional oversight|Congressional reporting requirements|Construction costs|Counseling|Department of Veterans Affairs|Disabled|Disasters|Drugs|East Asia|Family services|Federal aid to health facilities|Financial disclosure|Government insurance|Government paperwork|Government vehicles|Grants-in-aid|Hospital care|Income tax|Inspectors general|Job hunting|Leases|Life insurance|Maintenance and repair|Medical research|Mental health services|Parking facilities|Philippines|Prosthesis|Rent|Revolving funds|Soldiers' homes|Tax rates|Veterans' benefits|Veterans' employment|Veterans' hospitals|Veterans' medical care|Veterans' rehabilitation,1,Wage Hour & Benefits,"Makes appropriations for FY 2005 for the Department of Veterans Affairs for: (1) the Veterans Health Administration for the maintenance and operation of hospitals, nursing homes, and domiciliary facilities; (2) the Department of Veterans Affairs Medical Care Collections Fund; (3) medical and prosthetic research; (4) medical administration and miscellaneous operating expenses; (5) general departmental operating expenses; (6) National Cemetery Administration operation and maintenance; (7) the Office of Inspector General; (8) construction, major projects; (9) construction, minor projects; (10) the parking revolving fund; (11) grants for the construction of State nursing home and domiciliary facilities; and (12) grants for establishing, expanding, or improving State veterans' cemeteries.",,False,,"The bill primarily involves appropriations for the Department of Veterans Affairs and does not address private employer obligations on employee wages, hours, or benefits."
s3975-111,111,11/18/2010,"A bill to permanently extend the 2001 and 2003 tax relief provisions, and to permanently repeal the estate tax, and to provide permanent alternative minimum tax relief, and for other purposes.",Tax Relief Certainty Act,Taxation,Adoption and foster care|Capital gains tax|Employee benefits and pensions|Income tax credits|Income tax exclusion|Income tax rates|Transfer and inheritance taxes,1;11,Wage Hour & Benefits;Accounting Financial Reporting & Tax,"Tax Relief Certainty Act - Eliminates the terminating date of the Economic Growth and Tax Relief Reconciliation Act of 2001, thus making the provisions of such Act permanent. Terminates after December 31, 2011, provisions of the Patient Protection and Affordable Care Act increasing tax benefits for adoption. Eliminates the terminating date of the Jobs and Growth Tax Relief Reconciliation Act of 2003 applicable to provisions reducing tax rates on dividends and capital gains. Amends the Internal Revenue Code to: (1) phase-in between 2010 through 2020 increases in the exemption amount for the alternative minimum tax (AMT); and (2) make permanent offsets against the AMT for certain nonrefundable tax credits.",,False,,"The bill primarily addresses general tax relief provisions, including the repeal of the estate tax and adjustments to the alternative minimum tax, without specific focus on private employer obligations related to employee wages, hours, or benefits."
s1086-113,113,6/3/2013,"A bill to reauthorize and improve the Child Care and Development Block Grant Act of 1990, and for other purposes.",Child Care and Development Block Grant Act of 2014,Families,"Adoption and foster care|Allergies|Cardiovascular and respiratory health|Child care and development|Child health|Child safety and welfare|Consumer affairs|Crimes against children|Criminal justice information and records|Disability and paralysis|Domestic violence and child abuse|Emergency medical services and trauma care|Emergency planning and evacuation|Foreign language and bilingual programs|Government information and archives|Health promotion and preventive care|Licensing and registrations|Medicaid|Nutrition and diet|Personnel records|Physical fitness and lifestyle|Poverty and welfare assistance|Preschool education|Sex offenses|State and local government operations|Teaching, teachers, curricula",1,Wage Hour & Benefits,"(This measure has not been amended since it was passed by the House on September 15, 2014. The summary of that version is repeated here.) Child Care and Development Block Grant Act of 2014 - (Sec. 3) Reauthorizes the child care and development block grant (CCDBG) program under the Child Care and Development Block Grant Act of 1990 (CCDBG Act) through FY2020 at specified levels. (Sec. 4) Allows governors to designate a collaborative agency or establish a joint interagency office to serve as the lead agency responsible for administering the CCDBG program.

Requires the lead agency, at the option of an Indian tribe or organization in the state, to collaborate and coordinate with that tribe or tribal organization in the development of the state child care and development plan in a timely manner.

(Sec. 5) Increases from two to three years the period that must be covered by a state child care and development plan.

Revises and expands plan requirements, including, among others, those regarding state licensing, consumer and provider education information, training and professional development, child-to-provider ratios, health and safety, child abuse reporting, protection for working parents, priority for low-income populations, coordination with other programs, and the needs of children in child care services during the period before, during, and after a state of emergency, including a statewide child care disaster plan meeting specified criteria. Prescribes early learning and developmental guidelines.

Requires the Secretary of Health and Human Services (HHS), acting through the Assistant Secretary for Children and Families, to report annually about whether each state uses funds allocated to it for the fiscal year involved in accordance with the specified priority for services.

Authorizes a state to use funds to establish or support a system of local or regional child care resource and referral organizations.

Requires the state plan to demonstrate that the state has developed and conducted (within the two years preceding submission of the application containing the state plan) a statistically valid and reliable survey of the market rates for child care services in the state or an alternative methodology, such as a cost estimation model.

(Sec. 6) Revises requirements for activities to improve the quality of child care.

Requires that states spend the following percentages of their program funding to improve the quality of child care: (1) at least 7% in the first two fiscal years after the enactment of this Act, (2) at least 8% in the third and fourth fiscal years, and (3) at least 9% in the fifth and each succeeding full fiscal year after enactment. Requires states to spend, in addition, at least 3% of such funds received by the second full fiscal year after enactment, and received for each succeeding full fiscal year, to improve the quality of care for infants and toddlers.

Requires states receiving funds under the CCDBG Act to: (1) support training and professional development of the child care workforce, (2) improve development or use of early learning and developmental guidelines, (3) develop or enhance a tiered quality rating system for child care providers and services, and (4) improve the supply and quality of child care programs and services for infants and toddlers through specified activities.

(Sec. 7) Requires any state receiving CCDBG funds to have in effect: (1) policies and procedures to require and conduct criminal background checks, with a 10-year look-back period, for current and prospective staff members of child care providers; and (2) licensing, regulation, and registration requirements that prohibit the employment of certain ineligible individuals as child care staff members. Requires a state to ensure that such policies and procedures are published on the websites of state and local lead agencies. Makes ineligible for employment by a child care provider receiving assistance under this Act any individual who: (1) refuses to consent to a criminal background check, (2) knowingly makes a materially false statement in connection with such a background check, (3) is registered or is required to be registered on a state sex offender registry or the National Sex Offender Registry, or (4) has been convicted of one or more specified felonies. Prescribes requirements for the process of background checks, including fees a state may charge. (Sec. 8) Directs the Secretary of Health and Human Services (HHS) to: (1) provide technical assistance to states (which may be on a reimbursable basis) by qualified experts on practices grounded in scientifically valid research to carry out the CCDBG Act; (2) disseminate, for voluntary informational purposes, information on practices that scientifically valid research indicates are most successful in improving the quality of programs that receive CCDBG assistance; and (3) after consultation with the heads of any other federal agencies involved, issue guidance and disseminate information on best practices regarding use of funding combined by the states.

Authorizes the Secretary to waive, upon state request, for up to three years any provision under the CCDBG program, or sanctions imposed upon a state for noncompliance with requirements, if the Secretary makes certain findings, including that the waiver will, by itself, contribute to or enhance the states's ability to carry out CCDBG purposes.

Declares that nothing shall be construed as granting the Secretary authority to permit states to alter the eligibility requirements for eligible children, including work requirements, job training, or educational program participation, that apply to the parents of eligible children.

Requires states receiving CCDBG funds to collect monthly information on whether children receiving CCDBG assistance are homeless.

Requires a state to report annually to the Secretary aggregate data on the number of child fatalities occurring among children while in the care and facility of child care providers receiving CCDBG assistance, listed by the type of child care provider and indicating whether the providers are licensed or license-exempt.

Directs the Secretary to operate, directly or through the use of grants or contracts, a national toll-free hotline and website.

Prohibits any quarterly state CCDBG reports to the Secretary from containing personally identifiable information.

(Sec. 9) Revises the amount the Secretary is required to reserve from annual appropriations for CCDBG payments to Indian tribes and tribal organizations. Requires a reservation of 2% of such appropriations (currently, between 1% and 2%), but allows for a greater reservation in certain circumstances.

Directs the Secretary to reserve up to $1.5 million of the amount appropriated for the CCDBG program each fiscal year for the operation of the national toll-free hotline and website.

Requires the Secretary also to reserve up to 1/2 of 1% of CCDBG program appropriations each to: (1) support technical assistance and dissemination of information on practices most successful in improving the quality of programs receiving CCDBG assistance; and (2) conduct research and demonstration activities, as well as periodic external, independent evaluations of the impact of the CCDBG program on increasing access to, and improving the safety and quality of, child care services.

Directs the Secretary, in consultation with Indian tribes and tribal organizations, to develop minimum child care standards applicable to any of them receiving CCDBG assistance.

Requires the Secretary to waive the prohibition against tribal use of CCDBG funds for construction or renovation of child care facilities if it would decrease the level of child care services, in any case where: (1) the decrease is temporary, and (2) the level of child care services will increase or improve after the construction or renovation is completed.

(Sec. 10) Defines ""child with a disability"" as one under age 13 who has a disability and is eligible for early intervention services under the Individuals with Disabilities Education Act.

Caps the family assets of an ""eligible child"" at $1 million.

(Sec. 11) Declares that nothing in the CCDBG Act shall be construed in a manner to: (1) favor or promote the use of grants and contracts for the receipt of child care services under the CCDBG Act over the use of child care certificates; or (2) disfavor or discourage the use of such certificates for the purchase of child care services, including those services provided by private or nonprofit entities, such as faith-based providers.

(Sec. 12) Directs the Comptroller General (GAO) to study the number of families eligible to receive assistance under the CCDBG Act, identified by the type of assistance requested, who have applied for it and been placed on a waiting list.

(Sec. 13) Directs the Secretary, in conjunction with the Secretary of Education, to conduct an interdepartmental review of all early learning and care programs for children under age six.",,False,,"The bill primarily focuses on reauthorizing and improving the Child Care and Development Block Grant program, which involves state and federal government operations and funding for child care services, rather than private employer obligations on employee wages, hours, or benefits."
hr2587-113,113,6/28/2013,"To provide for Federal agencies and employees to support science, technology, engineering, and mathematics (STEM) activities in classrooms.",Planting STEM in the Classroom Act,Education,"Elementary and secondary education|Employee leave|Government employee pay, benefits, personnel management|Science and engineering education|Social work, volunteer service, charitable organizations|Teaching, teachers, curricula",1,Wage Hour & Benefits,"Planting STEM in the Classroom Act - Directs the Office of Personnel Management (OPM) to develop a policy to: (1) encourage federal employees engaged in STEM (science, technology, engineering, and mathematics) activities to volunteer in STEM education activities by providing them with the administrative leave and support they need to do so; and (2) support increased communication and partnerships between federal scientists and engineers and elementary and secondary schools and teachers through volunteerism in STEM education activities.

Requires each federal science agency to report to Congress on efforts it will make to promote widespread public understanding of career opportunities in the STEM fields specific to the workforce needs of that agency.",,False,,"The bill focuses on federal employees volunteering in STEM education and does not address private employer obligations on employee wages, hours, or benefits."
hr1057-108,108,3/4/2003,To repeal the sunset of the Economic Growth and Tax Relief Reconciliation Act of 2001 with respect to the expansion of the adoption credit and adoption assistance programs.,Adoption Tax Relief Guarantee Act,Taxation,Adoption|Costs|Employee benefit plans|Income tax|Sunset legislation|Tax credits|Tax exclusion,1,Wage Hour & Benefits,The Adoption Tax Relief Guarantee Act - Amends the Economic Growth and Tax Relief Reconciliation Act of 2001 to make the sunset provisions inapplicable to provisions that expanded and increased the adoption credit and adoption assistance programs under the Internal Revenue Code.,,False,,"The bill focuses on making permanent the expansion of adoption tax credits and assistance programs, which are not directly related to private employer obligations on employee wages, hours, or benefits."
s393-108,108,2/13/2003,"A bill to amend the Internal Revenue Code of 1986 to allow employers a credit against income tax with respect to employees who participate in the military reserve components and to allow a comparable credit for participating reserve component self-employed individuals, and for other purposes.",,Taxation,Armed forces reserves|Income tax|Military pay|Self-employed|Tax credits|Wages,1,Wage Hour & Benefits,"Amends the Internal Revenue Code to allow employers an income tax credit with respect to employees who participate in the military reserve components, and to allow a comparable credit for participating reserve component self-employed individuals.",,True,tax_credit_introduction,"The bill introduces a new tax credit for employers related to employee wages or benefits, specifically incentivizing employers to support employees who participate in military reserve components."
s2506-109,109,4/4/2006,"A bill to require Federal agencies to support health impact assessments and take other actions to improve health and the environmental quality of communities, and for other purposes.",Healthy Places Act of 2006,Health,Access to health care|Citizen participation|Community health services|Data banks|Environmental assessment|Environmental health|Environmental monitoring|Environmental research|Epidemiology|Executive reorganization|Federal aid to health facilities|Federal aid to research|Federal-local relations|Federal-state relations|Health education|Health planning|Health surveys|Land use|Medical research|Minorities|Minority health|Quality of life|Research grants,1;14,Wage Hour & Benefits;Consumer Protection,"Healthy Places Act of 2006 - Requires the Secretary of Health and Human Services to establish an interagency working group to discuss environmental health concerns, particularly concerns disproportionately affecting disadvantaged populations. Requires the Secretary, acting through the Director of the Centers for Disease Control and Prevention (CDC), to establish a program at the National Center of Environmental Health at CDC focused on advancing the field of health impact assessment. Requires the Director to develop guidance for the assessment of potential health effects of land use, housing, and transportation policy and plans. Requires the Secretary, acting through the Director, to: (1) establish a program to provide funding and technical assistance to state or local governments affected or potentially affected by an activity or proposed activity to prepare health impact assessments; and (2) establish and maintain a health impact assessment database. Requires the Director to establish a grant program to award grants to state or local communities for environmental health improvement activities. Requires grantees to: (1) establish a planning and prioritizing council; and (2) conduct environmental health assessment. Requires the Secretary to provide grants to public or private nonprofit institutions to conduct and coordinate research on the built environment and its influence on individual and population-based health.",,False,,"The bill focuses on federal agency actions, health impact assessments, and environmental health improvements, not on private employer obligations related to employee wages, hours, or benefits."
s2400-113,113,5/22/2014,"A bill to provide for improvement of field emergency medical services, and for other purposes.",Field EMS Innovation Act,Health,"Administrative law and regulatory procedures|Advisory bodies|Civil actions and liability|Congressional oversight|Department of Health and Human Services|Education programs funding|Emergency medical services and trauma care|Executive agency funding and structure|Government information and archives|Government studies and investigations|Government trust funds|Health care quality|Health information and medical records|Health personnel|Health programs administration and funding|Licensing and registrations|Medical education|Medical research|Medicare|Motor vehicles|Performance measurement|Tax administration and collection, taxpayers|Transportation safety and security",1,Wage Hour & Benefits,"Field EMS Innovation Act - Amends the Public Health Service Act to designate the Department of Health and Human Services (HHS) as the primary federal agency for emergency medical services (EMS) and trauma care. Establishes the Office of Emergency Medical Services and Trauma (or Office of EMS and Trauma) within HHS. Gives the Office responsibilities related to emergency medical services and authorizes the Secretary of HHS to delegate additional responsibilities related to EMS.

Requires the Director of the Office to: (1) implement a national EMS strategy; (2) establish the EQUIP grant program to promote excellence, quality, universal access, innovation, and preparedness in field EMS; and (3) establish the SPIA grant program to improve EMS system performance, integration, and accountability, to ensure preparedness, to enhance oversight and data collection, and to promote standardization of certifications.

Defines ""field EMS"" to mean emergency medical services provided to patients (including transport by ground, air, or otherwise) prior to or outside a medical facility or other clinical setting.

Requires the Director to improve medical oversight of field EMS, including by: (1) promoting the development and adoption of national guidelines for medical oversight, and (2) convening a Field EMS Medical Oversight Advisory Committee.

Directs the Comptroller General (GAO) to study issues related to emergency medical care in field EMS.

Authorizes the Administrator of the National Highway Traffic Safety Administration (NHTSA) to maintain, improve, and expand the National EMS Information System.

Sets forth reporting requirements relating to data collection and electronic health records.

Declares that the Health Insurance Portability and Accountability Act of 1996 (HIPAA) shall not be construed to prohibit certain exchanges of information between field EMS practitioners, hospital personnel, state EMS offices, and the National EMS Database. Requires the Secretary to establish guidelines for the exchange of information between field EMS practitioners and hospital personnel.

Authorizes the Director of the Office to make grants for the development, availability, and dissemination of field EMS education programs and courses that improve the quality and capability of field EMS personnel.

Requires the Director to conduct or support demonstrations projects relating to alternative dispositions of field EMS patients.

Amends title XI (General Provisions, Peer Review, and Administrative Simplification) of the Social Security Act to include field EMS as a model for testing by the Center for Medicare and Medicaid Innovation.

Amends the Public Health Service Act to require the Secretary to conduct research and evaluation relating to field EMS through the Agency for Healthcare Research and Quality (AHRQ) and the Center for Medicare and Medicaid Innovation.

Requires the Director of AHRQ to establish a Field EMS Evidence-Based Practice Center.

Amends the Internal Revenue Code to: (1) establish the Emergency Medical Services Trust Fund, and (2) allow taxpayers to designate a portion of any income tax overpayment and make additional contributions to finance such Fund.",,False,,"The bill focuses on improving emergency medical services and trauma care, primarily through government agency roles, grant programs, and data systems, without addressing private employer obligations on employee wages, hours, or benefits."
hr1106-112,112,3/15/2011,"To establish the Social Work Reinvestment Commission to provide independent counsel to Congress and the Secretary of Health and Human Services on policy issues associated with recruitment, retention, research, and reinvestment in the profession of social work, and for other purposes.","Dorothy I. Height and Whitney M. Young, Jr. Social Work Reinvestment Act",Social Welfare,"Advisory bodies|Congressional oversight|Department of Health and Human Services|Education programs funding|Executive agency funding and structure|Government information and archives|Government studies and investigations|Higher education|Licensing and registrations|Policy sciences|Public contracts and procurement|Research administration and funding|Social work, volunteer service, charitable organizations|Student aid and college costs|Wages and earnings|Worker safety and health",1,Wage Hour & Benefits,"Dorothy I. Height and Whitney M. Young, Jr. Social Work Reinvestment Act - Directs the Secretary of Health and Human Services (HHS) to establish the Social Work Reinvestment Commission to provide independent counsel to Congress on policy issues associated with the recruitment for, and retention, research, and reinvestment in, the profession of social work. Directs the Commission to study and report to Congress on issues facing the social work profession, including: (1) fair market compensation, high social work educational debt, social work workforce trends, translating social work research to practice, and social work safety; and (2) state-level social work licensure policies and reciprocity agreements for providing services across state lines. Requires such study to assess the professional capacity of the social work workforce to serve and respond successfully to the increasing biopsychosocial needs of individuals, groups, and communities in certain areas, including aging and child welfare. Terminates the Commission 30 days after it submits such report within 18 months of its first meeting. Authorizes the Secretary to award: (1) workplace improvement grants to eligible entities and individuals to address workplace concerns for the social work profession, including caseloads, compensation, social work safety, supervision, and working conditions; and (2) research grants, education and training grants, and community-based programs of excellence grants. Directs the Secretary to: (1) contract with a national social work entity to serve as a coordinating center and clearinghouse for information on activities funded under the grants, and (2) develop a multi-media outreach campaign and issue public service announcements that advertise and promote the social work profession.",,False,,"The bill focuses on establishing a commission to study and improve the social work profession, including compensation and working conditions, but it does not directly address private employer obligations on employee wages, hours, or benefits."
s1193-115,115,5/22/2017,"A bill to amend the Internal Revenue Code of 1986 to provide a credit for employer-provided job training, and for other purposes.",Better Education and Skills Training for America's Workforce Act,Taxation,Business investment and capital|Employment and training programs|Higher education|Income tax credits|Student aid and college costs,1,Wage Hour & Benefits,"Better Education and Skills Training for America's Workforce Act

This bill amends the Internal Revenue Code to allow tax credits for: (1) qualified training expenses paid with respect to U.S.-based positions for job trainees who have been unemployed for at least 90 days before enrolling in a training program and have not been employed by the taxpayer during the two-year period before the trainee was hired, and (2) investment in a qualified job training partnership between a private business and an institution of higher education or a labor organization.

The bill defines ""qualified training expenses"" as an eligible trainee's qualified tuition costs, which may include costs for books and enrollment in a training program at an institution of higher education that may include a single course, multiple courses, or a combination of work training and study and that is reasonably necessary for employment with the taxpayer. It terminates the credit for qualified training expenses of job trainees after December 31, 2028.

The bill also: (1) requires the Department of the Treasury to establish a Qualified Job Training Partnership program to consider and award certifications for qualified investments eligible for credits to qualified job training partnerships, and (2) authorizes Treasury to make grants to individuals who make an investment in a qualified job training partnership, in lieu of a tax credit.",,True,tax_credit_introduction,"The bill introduces a new tax credit for employer-provided job training, incentivizing private employers to invest in training programs for employees, which relates to employer obligations on employee benefits."
hr2064-112,112,5/31/2011,To amend the Illegal Immigration Reform and Immigrant Responsibility Act of 1996 to allow employers to verify the identity and employment eligibility of an employee from the time of application for employment.,,Immigration,Border security and unlawful immigration|Foreign labor|Government information and archives,1,Wage Hour & Benefits,Amends the Illegal Immigration Reform and Immigrant Responsibility Act of 1996 to allow employers to use the employment eligibility confirmation system to verify the identity and employment eligibility of an employee from the time of application for employment.,,False,,"The bill focuses on immigration and employment eligibility verification, not on private employer obligations related to wages, hours, or benefits."
hr3382-112,112,11/4/2011,To prohibit smoking in and around Federal buildings.,Smoke-Free Federal Buildings Act,Government Operations and Politics,"Drug, alcohol, tobacco use|Government buildings, facilities, and property|Government employee pay, benefits, personnel management|Worker safety and health",1,Wage Hour & Benefits,"Smoke-Free Federal Buildings Act - Prohibits smoking in federal buildings. Allows the head of an executive agency to grant an exception to such prohibition if such exception relates to research that may benefit public health. Defines ""federal building"" to mean any building, workplace, or other structure, and 25 feet from the perimeter of such building, courtyard, areas used for children's playgrounds, or structure owned, leased, or leased for use by an executive agency. Excludes any building or other structure on a military installation located outside the United States.",,False,,"The bill focuses on prohibiting smoking in federal buildings and does not address private employer obligations related to employee wages, hours, or benefits."
hr803-112,112,2/18/2011,"To amend title 38, United States Code, to increase vocational rehabilitation and employment assistance, and for other purposes.",Equity for Injured Veterans Act of 2011,Armed Forces and National Security,"Child care and development|Disability assistance|Veterans' education, employment, rehabilitation|Veterans' pensions and compensation",1,Wage Hour & Benefits,"Equity for Injured Veterans Act of 2011 - Extends the period of eligibility for training and rehabilitation through the Department of Veterans Affairs (VA) for veterans with service-connected disabilities until the end of the 15 (under current law, 12) year period after the veteran's discharge from active-duty service. Allows a service-disabled veteran a subsistence allowance for six (under current law, two) months of full-time employment training following completion of a vocational rehabilitation program. Allows such a veteran who has unused VA educational assistance entitlement to use such assistance to pursue a program of education as part of a vocational rehabilitation program, as long as the Secretary of Veterans Affairs approves the educational, professional, or vocational objective chosen by the veteran. Directs the Secretary to provide reimbursement for the actual cost of child care provided by a licensed provider to a veteran who is participating in a vocational rehabilitation program, is the sole caretaker of a child, and would not otherwise be able to afford such care. Requires the Secretary to include in annual budget materials submitted to Congress information on veterans receiving vocational rehabilitation assistance who: (1) became employed, and (2) achieved independence in daily living.",,False,,"The bill primarily involves benefits and assistance provided by the Department of Veterans Affairs to veterans, not obligations owed by private employers to their employees."
hr821-113,113,2/26/2013,"To amend the Servicemembers Civil Relief Act to provide surviving spouses with certain protections relating to mortgages and mortgage foreclosures, and for other purposes.",,Armed Forces and National Security,"Consumer affairs|Housing finance and home ownership|Interest, dividends, interest rates|Military personnel and dependents",1,Wage Hour & Benefits,"Amends the Servicemembers Civil Relief Act to extend the protections against sale, foreclosure, and seizure of certain real or personal property that are applicable to servicemembers to their surviving spouses who are successors in interest to the property. Applies such protections with respect to service-connected deaths for a period of five years after enactment of this Act.

Requires each lending institution subject to specified requirements for a maximum 6% rate of interest on a servicemember's debts incurred before military service to designate one of its employees as a compliance officer responsible for: (1) ensuring the institution's compliance with such requirements, and (2) distributing information to servicemembers whose obligations and liabilities are covered by such requirements.

Requires such a lending institution that had annual assets for the preceding fiscal year of $10 billion or more to maintain a toll-free telephone number and make it available on its primary Internet website.

 Amends the Honoring America's Veterans and Caring for Camp Lejeune Families Act of 2012 to extend through 2017 the period of specified protections for servicemembers against mortgage foreclosures.",,False,,"The bill primarily addresses protections for servicemembers and their surviving spouses regarding mortgages and foreclosures, which are not obligations related to private employer wages, hours, or benefits."
hr4423-111,111,1/12/2010,To prevent Members of Congress from receiving any automatic pay adjustment in 2011.,Congressional Pay Raise Elimination Act of 2010,Congress,"Government employee pay, benefits, personnel management|Members of Congress",1,Wage Hour & Benefits,Congressional Pay Raise Elimination Act of 2010 - Declares that no automatic pay adjustment shall be considered to have taken effect in FY2011 in the rates of basic pay for Members of Congress under the General Schedule (thus eliminating the pay adjustment for Members for such fiscal year).,,False,,"The bill pertains to the pay of Members of Congress, which is a government employee pay issue, not a private employer obligation."
s2433-115,115,2/15/2018,"A bill to amend title 38, United States Code, to deem certain service in the organized military forces of the Government of the Commonwealth of the Philippines and the Philippine Scouts to have been active service for purposes of benefits under programs administered by the Secretary of Veterans Affairs, and for other purposes.",Filipino Veterans Fairness Act of 2018,Armed Forces and National Security,"Asia|Philippines|Veterans' education, employment, rehabilitation|Veterans' loans, housing, homeless programs|Veterans' medical care|Veterans' pensions and compensation",1,Wage Hour & Benefits,"Filipino Veterans Fairness Act of 2018

 This bill deems certain service performed before July 1, 1946, in the organized military forces of the Philippines and the Philippine Scouts to be active military service for purposes of eligibility for veterans' benefits through the Department of Veterans Affairs (VA).

 The VA shall, in determining eligibility under this bill, take into account any relevant service documentation, including documentation other than the Missouri List (the list of all discharged and deceased veterans from the 20th century).

 The VA shall report to Congress annually regarding the number of individuals applying for benefits, and the number approved, during the previous year.",,False,,"The bill pertains to veterans' benefits administered by the Department of Veterans Affairs, not obligations owed by private employers to their employees."
s524-110,110,2/7/2007,"A bill to provide emergency agricultural disaster assistance for agricultural producers, manufacturers, and workers in the State of California.",Emergency Farm Assistance Act of 2007,Agriculture and Food,Administrative procedure|Agricultural labor|Agricultural subsidies|California|Citrus fruits|Crop insurance|Dairy industry|Department of Agriculture|Disaster relief|Emergency housing|Federal budgets|Floods|Food relief|Forestry|Fruit|Grants-in-aid|Horticulture|Housing subsidies|Livestock|Losses|Migrant labor|Mortgages|Nuts|Off-budget expenditures|Rental housing|Seasonal labor|Small business|Trees|Unemployment|Unemployment insurance|Vegetables|Weather,1;15;22,Wage Hour & Benefits;Competition-related Offenses;Government Contracting,"Emergency Farm Assistance Act of 2007 - Directs the Secretary of Agriculture (Secretary) to provide assistance: (1) to producers of specialty crops in disaster counties that suffered losses in 2005 or 2006; (2) to citrus producers in disaster counties that suffered losses in 2007; (3) to producers of other specialty crops in disaster counties that suffered losses in 2007; (4) to dairy producers in disaster counties that suffered losses in 2006; and (5) for livestock indemnity payments to producers in disaster counties that incurred losses in 2006 or 2007, or both. Directs the Secretary to make grants to California for an expedited disaster assistance program to qualified small businesses that suffered losses during the 2005, 2006, or 2007 crop year as a result of weather-related agricultural losses to the California specialty crop or livestock production sectors. Directs the Secretary to provide assistance to tree or fruit and tree nut producers in disaster counties that suffered losses in 2005, 2006, or 2007, or any combination of such years. Defines ""tree"" to include: (1) a tree (including a Christmas tree, ornamental tree, nursery tree, and potted tree); (2) a bush (including a shrub, nursery shrub, nursery bush, ornamental bush, ornamental shrub, potted bush, and potted shrub); and (3) a vine (including a nursery vine and ornamental vine). Directs the Secretary of Homeland Security to provide unemployment assistance and temporary mortgage rental assistance to California agricultural workers (including low-income migrant and seasonal farmworkers) who are unemployed due to disasters in 2007. Directs the Secretary to provide: (1) food coupons and surplus commodities to such workers; and (2) emergency grants for California low-income migrant and seasonal farmworkers who are unemployed due to disasters in 2007.",,False,,"The bill primarily provides disaster assistance and relief to agricultural producers, manufacturers, and workers in California, focusing on agricultural losses and unemployment due to disasters, rather than private employer obligations on employee wages, hours, or benefits."
hr1354-110,110,3/6/2007,"To amend titles 10 and 38, United States Code, to improve benefits and services for members of the Armed Forces, veterans of the Global War on Terrorism, and other veterans, to require reports on the effects of the Global War on Terrorism, and for other purposes.",Lane Evans Veterans Health and Benefits Improvement Act of 2007,Armed Forces and National Security,"Afghanistan|Anthrax|Armed forces reserves|Brain|Cemeteries and funerals|Commemorations|Congress and military policy|Congressional reporting requirements|Counseling|Disabled|Drugs|Electronic government information|Family services|Federal employees|Flags|Government life insurance|Government publicity|Head injuries|Health counseling|Higher education|Hospital care|Housing for the disabled|Iraq|Iraq compilation|Marriage counseling|Medical screening|Mental health services|Middle East and North Africa|Military discharges|Military medals, decorations, etc.|Military operations|Mortgages|National Guard|Nursing homes|Physical examinations|Post-traumatic stress disorder|Recruiting and enlistment|Right of privacy|Small business|South Asia|Survivors' benefits|Terrorism|Vaccines|Veterans' disability compensation|Veterans' education|Veterans' employment|Veterans' loans|Veterans' pensions|Veterans' rehabilitation|Vocational rehabilitation|War casualties",1,Wage Hour & Benefits,"Lane Evans Veterans Health and Benefits Improvement Act of 2007 - Makes a veteran who served on active duty during a period of war eligible for a mental health evaluation and hospital care, medical services, nursing home care, and family and marital counseling for any identified mental health condition, notwithstanding insufficient medical evidence to conclude that the condition is attributable to such service. Requires: (1) post-deployment medical and mental health screenings to be conducted within 30 days after a deployment; (2) each member, upon discharge, to be provided an electronic copy of all military records of such member; and (3) the Secretary of Defense to ensure appropriate outreach to members of the National Guard and reserves concerning benefits and services available upon discharge or deactivation. Directs the Secretary of Veterans Affairs to establish and maintain a Global War on Terrorism Veterans Information System. Requires quarterly reports from the Secretaries of Veterans Affairs, Labor, and Defense on the effects on veterans and on each such department of participation in the Global War on Terrorism.",,False,,"The bill primarily addresses benefits and services for military personnel and veterans, which are government obligations, not private employer obligations."
s1204-107,107,7/19/2001,A bill to amend title XVIII of the Social Security Act to provide adequate coverage for immunosuppressive drugs furnished to beneficiaries under the medicare program that have received an organ transplant.,Comprehensive Immunosuppressive Drug Coverage for Transplant Patients Act of 2001,Health,"Coinsurance|Employee health benefits|Health insurance|Hospital care|Immunosuppressive drugs|Insurance premiums|Kidney diseases|Medicare|Transplantation of organs, tissues, etc.",1,Wage Hour & Benefits,"Comprehensive Immunosuppressive Drug Coverage for Transplant Patients Act of 2001 - Amends title XVIII (Medicare) of the Social Security Act (SSA), as amended by the Medicare, Medicaid, and SCHIP Benefits Improvement and Protection Act of 2000, to remove time limitations on the coverage of immunosuppressive drugs for individuals who have received organ transplants. (Current law provides coverage for such drugs only for certain time periods after the transplant procedure.)Amends SSA title II (Old Age, Survivors and Disability Insurance) (OASDI) to: (1) continue entitlement to prescription drugs used in immunosuppressive therapy furnished to an individual who receives a kidney or other organ transplant for which payment is made under Medicare; and (2) extend Medicare secondary payer requirements for end stage renal disease beneficiaries.Amends the Public Health Service Act, the Employee Retirement Income Security Act of 1974 (ERISA), and the Internal Revenue Code to set forth requirements for group health plans to provide coverage of immunosuppressive drugs.",,False,,"The bill primarily amends Medicare and other public health programs to provide coverage for immunosuppressive drugs, which does not involve private employer obligations on employee wages, hours, or benefits."
hr372-116,116,1/9/2019,"To amend the Omnibus Crime Control and Safe Streets Act of 1968 to provide for the eligibility of Transportation Security Administration employees to receive public safety officers' death benefits, and for other purposes.",Honoring Our Fallen TSA Officers Act,Transportation and Public Works,"Department of Homeland Security|Government employee pay, benefits, personnel management|Law enforcement officers|Transportation safety and security",1,Wage Hour & Benefits,"Honoring Our Fallen TSA Officers Act

This bill extends public safety officers' death benefits to Transportation Security Administration employees performing official duties related to protecting the nation's transportation systems.",,False,,"The bill pertains to extending death benefits to TSA employees, which involves government employee benefits, not private employer obligations."
hr4201-109,109,11/2/2005,"To amend title 5, United States Code, to increase the amount of additional compensation payable to an employee who is disabled and requires the services of an attendant, and for other purposes.",Joseph E. Keane Federal Employees Freedom Act,Government Operations and Politics,Caregivers|Cost of living adjustments|Disabled|Federal employees|Workers' compensation,1,Wage Hour & Benefits,Joseph E. Keane Federal Employees Freedom Act - Increases the amount of additional compensation payable to an employee who is disabled and requires the services of an attendant.,,False,,"The bill pertains to compensation for federal employees, not private employer obligations on employee wages, hours, or benefits."
s3602-112,112,9/20/2012,A bill to repeal the nutrition entitlement programs and establish a food stamp block grant program.,Food Stamp Restoration Act of 2012,Agriculture and Food,"Budget deficits and national debt|Citizenship and naturalization|Congressional oversight|Drug, alcohol, tobacco use|Employment and training programs|Food assistance and relief|Government information and archives|State and local government operations",1,Wage Hour & Benefits,"Food Stamp Restoration Act of 2012 - Directs the Secretary of Agriculture (USDA), for each of FY2014-FY2021, to establish a food stamp block grant program under which the Secretary shall make annual grants to each participating state that establishes a food stamp program and submits a specified annual report to the Secretary. Requires a participating state to certify that its program includes: (1) work requirements; (2) mandatory drug testing; (3) verification of citizenship or lawful U.S. permanent residency; and (4) limitations on the eligible uses of benefits that are at least as restrictive as those in place for the supplemental nutrition assistance program (SNAP, formerly the food stamp program). Provides a grant to a participating state in an amount equal to the product of: (1) the specified amount made available for the applicable fiscal year, and (2) the proportion that the number of legal residents in the state whose income does not exceed 100% of the poverty line (applicable to a family of the size involved) bears to the number of such individuals in all participating states for the applicable fiscal year. Requires an annual Government Accountability Office (GAO) audit and report to Congress regarding the effectiveness of the nutritional assistance block grant program and the manner in which each participating state is implementing the program. Permits a participating state to use the grant in any appropriate manner to provide food stamps to its legal residents. Authorizes funds to remain available to a state for five years and requires any funds remaining unused after five years to be deposited in the Treasury.) Repeals: (1) the Food and Nutrition Act of 2008, effective September 30, 2013; and (2) specified mandatory and direct funding provisions.",,False,,"The bill focuses on restructuring food assistance programs and does not address private employer obligations related to employee wages, hours, or benefits."
hr5620-114,114,7/5/2016,"To amend title 38, United States Code, to provide for the removal or demotion of employees of the Department of Veterans Affairs based on performance or misconduct, and for other purposes.",VA Accountability First and Appeals Modernization Act of 2016,Armed Forces and National Security,"Administrative remedies|Congressional oversight|Congressional tributes|Department of Veterans Affairs|Disability and paralysis|Drug trafficking and controlled substances|Drug, alcohol, tobacco use|Emergency medical services and trauma care|Employee hiring|Employee performance|Employment discrimination and employee rights|Evidence and witnesses|Executive agency funding and structure|Federal officials|Government employee pay, benefits, personnel management|Government ethics and transparency, public corruption|Government information and archives|Government studies and investigations|Health care coverage and access|Health care quality|Health facilities and institutions|Health information and medical records|Health personnel|Health technology, devices, supplies|Hearing, speech, and vision care|Hospital care|Medical education|Medical research|Medical tests and diagnostic methods|Merit Systems Protection Board|Military medicine|Military personnel and dependents|National Guard and reserves|Pedestrians and bicycling|Performance measurement|Prescription drugs|Public contracts and procurement|Transportation costs|Veterans' education, employment, rehabilitation|Veterans' medical care|Veterans' organizations and recognition|Veterans' pensions and compensation|Women's health",1;12;24,"Wage Hour & Benefits;Fraud, Corruption & Criminal Conduct;Government Reporting & Compliance","VA Accountability First and Appeals Modernization Act of 2016

This bill authorizes the Department of Veterans Affairs (VA) to remove or demote a VA employee based on performance or misconduct and provides that specified federal employee performance appraisal provisions shall not apply to such removals or demotions. The VA may remove such individual from the civil service or demote the individual through a reduction in grade or annual pay rate.

 A demoted individual shall not be placed on administrative leave or any other category of paid leave during the appeals period and can receive pay only if he or she reports for duty.

 An expedited appeals process is established under which: (1) an employee shall have the right to an appeal before the Merit Systems Protection Board (MSPB) within seven days of removal or demotion, (2) the MSPB shall issue a decision within 60 days of the appeal or the removal or demotion becomes final, (3) an MSPB decision and any final removal or demotion may be appealed to the U.S. Court of Appeals, and (4) the MSPB may not stay any removal or demotion.

The VA may not remove or demote an employee: (1) without the approval of the Special Counsel if the individual seeks corrective action from the Office of Special Counsel based on an alleged prohibited personnel practice, and (2) until a final decision in the case of a whistle blower complaint.

 The VA shall reduce the federal annuity of an individual removed from the VA Senior Executive Service (SES) who is convicted of a felony that influenced his or her performance while employed in such position.

The VA may reduce the federal annuity of an individual who was convicted of such a felony and was subject to removal or transfer from the SES but who left the VA before final action was taken.

 The VA may recoup an award, a bonus, or relocation expenses paid to a VA employee under specified circumstances.

 The VA may suspend, reprimand or admonish an SES employee for misconduct or performance that does not merit removal. The VA must notify an individual 10 days before taking such proposed action. Appeals may be made to the Senior Executive Disciplinary Appeals Board (as provided for by this bill) and may not be appealed to the MSPB.

 The bill establishes an additional whistle blower complaint process, which shall include suspension and removal actions against supervisory employees who commit prohibited personnel actions against a whistle blower.

The bill amends the disability benefits appeals process.

 The bill amends the Veterans Access, Choice, and Accountability Act of 2014 to prohibit payment of an award or bonus to any SES employee during each of FY2017-FY2021.

 The bill requires that a veteran enrolled in the VA health care program who requests a medical examination or treatment at an emergency department of a VA medical facility be provided with a medical screening examination to determine whether an emergency medical condition exists and, if so, be provided stabilizing medical treatment or a transfer to another VA or non-VA medical facility.

 If a non-stabilized emergency medical condition exists, the VA hospital may not transfer the veteran unless: (1) the veteran, after being made aware of the risks, makes a written transfer request; or (2) a physician (or a qualified medical person if a physician is not present) certifies that the medical benefits of a transfer outweigh the risks.

 The VA may not take adverse action against a VA employee because the employee refuses to authorize the transfer of an enrolled veteran with a non-stabilized emergency medical condition or because the employee reports a violation of a requirement of this bill.

 The bill establishes the positions of Directors of Veterans Integrated Service Networks.

 The VA shall require a VA employee (including a temporary full-time, part-time, or without-compensation employee) who is authorized to prescribe any controlled substance to complete at least one accredited continuing education course on pain management every two years. Such requirement: (1) shall apply to an employee who is employed by the VA for at least 180 days during any 24-month period; and (2) shall not apply to an employee licensed or certified by a state licensure or specialty board that requires the completion of pain management or substance use disorder management continuing education.

 During each calendar quarter, the VA shall review each covered whistle blower complaint filed with the Office of the Special Counsel during the previous quarter.

 The VA shall identify: (1) the number of members of the Armed Forces who are physicians working part-time in VA facilities, and (2) the process by which such physicians are hired.

 The VA may disclose to non-VA entities that provide hospital care or medical treatment to veterans records of the identity, diagnosis, prognosis, or treatment of any patient in connection with a program relating to drug abuse, alcoholism or alcohol abuse, infection with the human immunodeficiency virus, or sickle cell anemia.

 The Veterans Benefits Act of 2003 is amended to extend through 2017 VA authority to provide for the performance of medical disability evaluations by contract physicians.

 Any person who is entitled to retired pay for non-regular (reserve) service or who, but for age, would be so entitled shall be honored as a veteran. A person shall not be entitled to any benefit by reason of such recognition.

 The VA may: (1) furnish rehabilitative equipment to any veteran who is entitled to a prosthetic appliance, and (2) appoint licensed hearing aid specialists to the Veterans Health Administration.",,False,,"The bill primarily addresses the internal management and accountability of the Department of Veterans Affairs, including employee performance and misconduct, rather than private employer obligations on employee wages, hours, or benefits."
hr5810-110,110,4/15/2008,"To amend title V of the Social Security Act to provide grants for school-based mentoring programs for at risk teenage girls to prevent and reduce teen pregnancy, and to provide student loan forgiveness for mentors participating in such programs.",Mentor-Mentee Teen Pregnancy Reduction Act of 2008,Education,Child development|Child welfare|Compensatory education|Counseling|Elementary and secondary education|Elementary education|Federal aid to education|Federally-guaranteed loans|Government lending|Higher education|Mentoring|Secondary education|Sex education|Sexual abstinence|Student loan funds|Teacher education|Teenage pregnancy|Women,1,Wage Hour & Benefits,"Mentor-Mentee Teen Pregnancy Reduction Act of 2008 - Amends title V (Maternal and Child Health Services) of the Social Security Act to direct the Secretary of Health and Human Services to award competitive grants to local educational agencies or community-based organizations for the creation of school-based programs that provide mentoring to at-risk teenage girls to prevent and reduce teen pregnancy. Requires program mentors to be women who: (1) have received at least a baccalaureate degree from an institution of higher education; (2) are mentoring no more than two program mentees; and (3) are trained and screened to encourage mentees to engage in responsible, goal-orientated behavior, delay their sexual activity, and increase their participation in school. Authorizes the Secretary to provide student loan forgiveness, under the Federal Family Education Loan, Direct Loan, or Perkins Loan programs of the Higher Education Act of 1965, to program mentors who serve for at least 200 hours in an academic year.",,False,,"The bill focuses on grants for school-based mentoring programs and student loan forgiveness for mentors, which do not relate to private employer obligations on employee wages, hours, or benefits."
hr6056-111,111,7/30/2010,"To amend the Internal Revenue Code of 1986 to treat certain employee-funded pensions created before June 25, 1959, in the same manner as qualified trusts for purposes of unrelated debt-financed income derived from real property, and to increase the limitation on elective deferrals to such employee-funded pensions.",,Taxation,Employee benefits and pensions|Income tax deferral|Real estate business|Tax-exempt organizations,1,Wage Hour & Benefits,"Amends the Internal Revenue Code to: (1) exempt certain tax-exempt employee-funded pension plans created before June 25, 1959, from rules imposing a tax on unrelated debt-financed income derived from real property; and (2) make the limits on contributions to such employee-funded pension plans equal to the limits allowed for other tax-exempt retirement accounts.",,True,other,"The bill modifies the tax treatment of certain employee-funded pensions, which relates to private employer obligations on employee benefits by affecting how these pensions are managed and funded."
s3730-110,110,12/10/2008,"A bill to expand, train, and support all sectors of the health care workforce to care for the growing population of older individuals in the United States.",Retooling the Health Care Workforce for an Aging America Act of 2008,Health,Caregivers|Chronically ill|Department of Health and Human Services|Dislocated workers|Elementary and secondary education|Federal advisory bodies|Geriatrics|Gerontology|Governmental investigations|Higher education|Home care services|Long-term care|Medicaid|Medical education|Medical personnel|Medical research|Medicare|National Institutes of Health (NIH)|Nursing|Paramedical personnel|Research centers|Secondary education|Veterans' employment,1,Wage Hour & Benefits,"Retooling the Health Care Workforce for an Aging America Act of 2008 - Amends the Public Health Service Act to require the Secretary of Health and Human Services to expand training for health professionals in the fields of geriatrics, long-term care, and chronic care management. Requires an analysis of the health and long-term care workforce.Amends the Workforce Investment Act of 1998 to provide for information to adults and dislocated workers about health care and long-term care occupations. Provides for information to veterans about training, internship, and employment opportunities in geriatrics, gerontology, and long-term care.Amends the Older Americans Act of 1965 to require the Assistant Secretary for Aging to: (1) develop family caregiver training materials; and (2) provide for the establishment and operation of a National Resource Center on Volunteers, Students, and Seniors to promote partnerships between entities in the aging network and institutions of higher education and secondary schools.Requires the Secretary to: (1) provide for the development of core training competencies for personal or home care aides and additional training content for nurse aides and home health aides; and (2) establish a panel of long-term care workforce experts.Provides for the development of information and referral protocols for family caregivers of Medicare beneficiaries.Amends title XIX (Medicaid) of the Social Security Act to provide for coverage of assessments of family caregiver support needs.Provides for studies on: (1) the mental health workforce; (2) the aging network's capacity to meet current and future needs; (3) retention and tenure of nurse aides and home health aides; and (4) spending by the National Institutes of Health (NIH) on conditions and illnesses that disproportionately impact the health of older individuals.",,False,,"The bill focuses on expanding and training the healthcare workforce and providing information and resources for caregivers, without directly addressing private employer obligations on employee wages, hours, or benefits."
hr1438-113,113,4/9/2013,"To amend title 38, United States Code, to exempt reimbursements of certain medical expenses and other payments related to accident, theft, loss, or casualty loss from determinations of annual income with respect to pensions for veterans and surviving spouses and children of veterans, and for other purposes.",Veterans Pensions Protection Act of 2013,Armed Forces and National Security,"Accidents|Civil actions and liability|Health care costs and insurance|Life, casualty, property insurance|Veterans' pensions and compensation",1,Wage Hour & Benefits,"Veterans Pensions Protection Act of 2013 - Excludes from annual income, for purposes of eligibility for pensions for veterans and their surviving spouses and children, reimbursements resulting from: (1) any accident; (2) any theft or loss; (3) any casualty loss; (4) medical expenses resulting from any such accident, theft, or loss; and (5) pain and suffering (including insurance settlement payments and general damages awarded by a court) related to such accident, theft, or loss.",,False,,"The bill pertains to veterans' pensions and the determination of annual income for eligibility, which is a government benefit program, not a private employer obligation."
s1229-108,108,6/10/2003,"A bill to amend chapter 23 of title 5, United States Code, to clarify the disclosures of information protected form prohibited personnel practices, require a statement in nondisclosure policies, forms, and agreements that such policies, forms, and agreements conform with certain disclosure protections, provide certain authority for the Special Counsel, and for other purposes.",Federal Employee Protection of Disclosure Act,Government Operations and Politics,Administrative remedies|Appellate courts|Civil actions and liability|Classified defense information|Congressional investigations|Congressional oversight|Congressional witnesses|Damages|Disciplining of employees|Dismissal of employees|Employee rights|Evidence (Law)|Executive orders|Federal employees|Government attorneys|Government paperwork|Governmental investigations|Information leaking|Infrastructure|Infrastructure (Economics)|Judicial review|Jurisdiction|Legal fees|Merit Systems Protection Board|Office of Special Counsel|Parties to actions|Personnel management|Promotions|Security clearances|Security measures|Waste in government spending|Whistle blowing,1;24,Wage Hour & Benefits;Government Reporting & Compliance,"Federal Employee Protection of Disclosures Act - Includes as a protected disclosure by a Federal employee any lawful disclosure an employee or applicant reasonably believes is credible evidence of waste, fraud, abuse, or gross mismanagement, without restriction as to time, place, form, motive, context, or prior disclosure. Allows a presumption relating to the performance of a duty by an employee to be rebutted by substantial evidence.Requires each non-disclosure policy, form, or agreement to contain a statement that the restrictions are consistent with and do not supersede specified employee obligations, rights, or liabilities. Authorizes the Merit Systems Protection Board or any reviewing court, in any appeal relating to a suspension or other action relating to a security clearance, to determine whether there was a violation of prohibited personnel practices. Prohibits the Board from ordering the President to restore the clearance, but authorizes the Board to issue declaratory and other appropriate relief. Authorizes the Board to impose disciplinary action, a civil penalty, or a combination against employees found to have committed a prohibited personnel practice. Requires each agency to establish a process for providing confidential advice to employees on making lawful disclosures to Congress of information required to be kept secret in the interests of national defense or the conduct of foreign affairs. Permits representation by attorneys for the Office of the Special Counsel in civil actions brought in connection with such disclosures of information or provisions relating to political activities. Authorizes the Office of Personnel Management to obtain judicial review of Board decisions. Amends the Homeland Security Act of 2002 to provide that, for purposes of provisions regarding the protection of voluntarily shared critical infrastructure information, a permissible use of independently obtained critical infrastructure information includes any lawful disclosure an employee or applicant reasonably believes is credible evidence of waste, fraud, abuse, or gross mismanagement, without restriction as to time, place, form, motive, context, or prior disclosure.",,False,,"The bill focuses on protections for federal employees regarding disclosures of information and prohibited personnel practices, not on private employer obligations related to employee wages, hours, or benefits."
hr3786-110,110,10/9/2007,To amend the Servicemembers Civil Relief Act to allow individuals called to military service to terminate telecommunications contracts entered into before the individual receives notice of a permanent change of station or deployment orders.,Servicemembers Telecom Contract Relief Act,Armed Forces and National Security,Armed forces abroad|Cable television|Contracts|Internet|Iraq compilation|Military personnel|Telephone|Television relay systems|Wireless communication,1,Wage Hour & Benefits,"Servicemembers Telecom Contract Relief Act - Allows a person in military service to terminate a telecommunications contract for cellular phone service, cable or satellite television service, or internet service at any time after: (1) entry into military service; or (2) the date of the station or deployment orders. Requires for termination that: (1) the contract is executed by or on behalf of a person who thereafter and during the term of the contract enters military service (or receives order to enter military service) under an order specifying a period of not less than 90 days (or who enters military service under an order specifying a period of 90 days or less and who, without a break in service, receives orders extending the period of military service to a period of not less than 90 days); or (2) the person enters into the contract while in military service and thereafter receives military orders for a permanent change of station outside of the continental United States, or to deploy with a military unit for a period of not less than 90 days, to a location that does not support continuation of the service under the contract.",,False,,"The bill pertains to the rights of servicemembers to terminate telecommunications contracts due to military service, not to private employer obligations on employee wages, hours, or benefits."
s109-116,116,1/10/2019,A bill to prohibit taxpayer funded abortions.,No Taxpayer Funding for Abortion and Abortion Insurance Full Disclosure Act of 2019,"Civil Rights and Liberties, Minority Issues","Abortion|Appropriations|Assault and harassment offenses|Comprehensive health care|Consumer affairs|Crimes against women|Employee benefits and pensions|Government buildings, facilities, and property|Health care costs and insurance|Health care coverage and access|Health facilities and institutions|Health programs administration and funding|Income tax credits|Sex offenses|Small business",1,Wage Hour & Benefits,"No Taxpayer Funding for Abortion and Abortion Insurance Full Disclosure Act of 2019

This bill modifies provisions relating to federal funding for, and health insurance coverage of, abortions.

Specifically, the bill prohibits the use of federal funds for abortions or for health coverage that includes abortions. Such restrictions extend to the use of funds in the budget of the District of Columbia. Additionally, abortions may not be provided in a federal health care facility or by a federal employee.

Historically, language has been included in annual appropriations bills for the Department of Health and Human Services (HHS) that prohibits the use of federal funds for abortions—such language is commonly referred to as the Hyde Amendment. Similar language is also frequently included in appropriations bills for other federal agencies and the District of Columbia. The bill makes these restrictions permanent and extends the restrictions to all federal funds (rather than specific agencies).

The bill's restrictions regarding the use of federal funds do not apply in cases of rape, incest, or where a physical disorder, injury, or illness endangers a woman's life unless an abortion is performed. The Hyde Amendment provides the same exceptions.

The bill also prohibits qualified health plans from including coverage for abortions. Currently, qualified health plans may cover abortion, but the portion of the premium attributable to abortion coverage is not eligible for subsidies.",,False,,"The bill primarily addresses the prohibition of federal funding for abortions and health insurance coverage of abortions, which does not relate to private employer obligations on employee wages, hours, or benefits."
hr5556-110,110,3/6/2008,To amend the Internal Revenue Code of 1986 to allow certain individuals who have attained age 50 and who are unemployed to receive distributions from qualified retirement plans without incurring a 10 percent additional tax.,,Taxation,Age and employment|Income tax|Pension funds|Tax exclusion|Tax penalties|Tax-deferred compensation plans|Unemployment|Unemployment insurance,1,Wage Hour & Benefits,Amends the Internal Revenue Code to make the 10% additional tax on early distributions from qualified retirement plans inapplicable to individuals who have attained the age of 50 and who have been receiving unemployment compensation for 12 consecutive weeks.,,False,,"The bill modifies tax penalties for individuals withdrawing from retirement plans, not private employer obligations on employee wages, hours, or benefits."
hr2197-111,111,4/30/2009,"To assist the Administrator of the Small Business Administration to determine whether a franchisee is affiliated with a franchisor in the temporary employee services industry, and for other purposes.",Temporary Employees Franchise Improvement Act of 2009,Commerce,Administrative law and regulatory procedures|Employment and training programs|Small Business Administration|Small business|Temporary and part-time employment,1,Wage Hour & Benefits,"Temporary Employees Franchise Improvement Act of 2009 - Directs the Administrator of the Small Business Administration (SBA), in determining whether a franchisee is affiliated with a franchisor in the temporary employee services industry (industry), to: (1) continue to apply historically considered affiliation factors; (2) promulgate necessary rules and regulations to determine affiliation in a manner consistent with the Small Business Act; and (3) consider the processing of payroll and billing by a franchisor as customary and common practice in the industry that does not provide probative weight on affiliation, to the extent that temporary staffing personnel are interviewed, hired, trained, assigned, and subject to discharge by the franchisee.",,False,,"The bill focuses on determining the affiliation status between franchisees and franchisors in the temporary employee services industry, which is related to administrative and regulatory procedures rather than private employer obligations on employee wages, hours, or benefits."
s273-113,113,2/11/2013,A bill to modify the definition of fiduciary under the Employee Retirement Income Security Act of 1974 to exclude appraisers of employee stock ownership plans.,,Labor and Employment,Accounting and auditing|Employee benefits and pensions|Securities,1;10;11,Wage Hour & Benefits;Securities & Investor Protection;Accounting Financial Reporting & Tax,Amends the Employee Retirement Income and Security Act of 1974 (ERISA) to exclude appraisers of employee stock ownership plans (ESOPs) from the meaning of a fiduciary subject to ERISA.,,True,enforcement,"The bill modifies the definition of fiduciary under ERISA, which affects the enforcement and stringency of rules governing private employer obligations related to employee benefit plans."
s1145-107,107,6/29/2001,"A bill to amend the Internal Revenue Code of 1986 to extend the work opportunity credit to encourage the hiring of certain veterans, and for other purposes.",Veterans Opportunity to Work Act,Taxation,Business income tax|Employment of the disadvantaged|Employment tax credits|Income tax|Veterans' employment,1,Wage Hour & Benefits,"Veterans Opportunity to Work Act - Amends the Internal Revenue Code to include a ""qualified low-income veteran"" (a veteran whose gross income for the preceding taxable year was below the poverty line) as a member of a targeted group for purposes of computing the work opportunity credit. Provides special rules for determining the credit amount, and makes the credit permanent with respect to such veterans.",,True,tax_credit_introduction,"The bill introduces a new tax credit incentive for private employers to hire certain veterans, which relates to employer obligations on employee wages and employment."
s545-108,108,3/6/2003,A bill to amend title I of the Employee Retirement Income Security Act of 1974 to improve access and choice for entrepreneurs with small businesses with respect to medical care for their employees.,Small Business Health Fairness Act of 2003,Health,Administrative fees|Administrative procedure|Bankruptcy|Collective bargaining|Congressional reporting requirements|Delegation of powers|Department of Labor|Discrimination in insurance|Discrimination in medical care|Employee health benefits|Federal advisory bodies|Federal preemption|Federal-state relations|Fines (Penalties)|Flexible benefit plans|Franchises (Retail trade)|Government paperwork|Government trust funds|Health care fraud|Health insurance|Injunctions|Insurance|Insurance agents|Insurance premiums|Labor contracts|Labor unions|Licenses|Medical economics|Medically uninsured|Professional associations|Small business|Standards|State laws|State taxation|Surety and fidelity|Tax rates|Trade associations|Trusts and trustees|Valuation,1,Wage Hour & Benefits,"Small Business Health Fairness Act of 2003 - Amends the Employee Retirement Income Security Act of 1974 (ERISA) to revise provisions relating to access and choice for small business employers with respect to medical care for their employees.Establishes rules governing association health plans (group health plans whose sponsors are trade, industry, professional, chamber of commerce, or similar business associations), including requirements relating to certification, sponsors and boards of trustees, participation, coverage, plan documents, contribution rates, benefit options, applications for certification, notice for voluntary termination, corrective actions, and mandatory termination.Requires association health plans which provide health benefits in addition to health insurance coverage to maintain certain reserves and comply with other solvency provisions. Directs the Secretary of Labor to apply for appointment, and carry out specified duties, as trustee of any such insolvent association health plans which provide health benefits in addition to health insurance coverage.Allows a State to impose a contribution tax on any association health plan commencing operations in such State after the enactment of this Act.Requires association health plans to include in their summary plan descriptions, in connection with each benefit option, a description of the form of any solvency or guarantee fund protection secured under ERISA or applicable State law.Revises provisions relating to treatment of: (1) single employer arrangements; and (2) certain collectively bargained arrangements.Provides for association health plans with respect to: (1) enforcement; (2) cooperation between Federal and State authorities; and (3) treatment of certain existing health benefit programs.",,True,other,"The bill amends ERISA to establish rules for association health plans, impacting private employer obligations regarding employee health benefits, including solvency and certification requirements."
hr6726-112,112,1/1/2013,To prevent the 2013 pay adjustment for Members of Congress and persons holding other offices or positions in the Federal Government from being made.,Congressional Pay Freeze and Fiscal Responsibility Act,Government Operations and Politics,"Federal officials|Government employee pay, benefits, personnel management|Inflation and prices|Members of Congress",1,Wage Hour & Benefits,"Congressional Pay Freeze and Fiscal Responsibility Act - Amends the Continuing Appropriations Act, 2011, as amended by the Continuing Appropriations Resolution, 2013 (P.L. 112-175), to extend the freeze on adjustments to pay of federal employees and officials, including Members of Congress, through December 31, 2013. Eliminates the delayed statutory pay adjustment contained in the Resolution that was permitted to take effect with the first applicable pay period beginning after March 27, 2013.",,False,,"The bill pertains to freezing pay adjustments for federal employees and officials, including Members of Congress, and does not involve private employer obligations on employee wages, hours, or benefits."
hr6279-111,111,9/29/2010,"To amend title 10, United States Code, to provide for the retention of members of the reserve components on active duty for a period of 45 days following an extended deployment in contingency operations or homeland defense missions to support their reintegration into civilian life, and for other purposes.",National Guard and Reserve Soft Landing Reintegration Act,Armed Forces and National Security,Employee leave|Military personnel and dependents|National Guard and reserves,1,Wage Hour & Benefits,"National Guard and Reserve Soft Landing Reintegration Act - Requires that a member of a reserve component of the Armed Forces who was deployed for more than 179 days for a contingency operation or a homeland defense mission be: (1) retained on active duty in the Armed Forces for 45 days after the end of the member's demobilization from a deployment; (2) allowed to use accrued leave; and (3) paid specified pay and allowances. Requires a member requesting an early release from such active duty to be released within 14 days after such request. Allows such request to be denied only for medical or personal safety reasons. Directs the Secretary of the military department concerned to provide each member so retained (and, as practicable, appropriate family members) reintegration counseling and services.",,False,,"The bill pertains to military personnel and their reintegration into civilian life, focusing on active duty retention and benefits for reserve members, not private employer obligations."
hr5220-109,109,4/27/2006,"To establish the Veterans Advisory Committee on Certification, Credentialing, and Licensure.",Veterans Certification and Licensure Act of 2006,Armed Forces and National Security,Congressional reporting requirements|Department of Labor|Executive reorganization|Federal advisory bodies|Licenses|Veterans' employment,1,Wage Hour & Benefits,"Veterans Certification and Licensure Act of 2006 - Establishes within the Department of Labor the Veterans Advisory Committee on Certification, Credentialing, and Licensure to carry out a national program to: (1) facilitate the transition of members of the Armed Forces from active-duty service to employment in the private sector through credentialing; (2) collect and disseminate data on certification, licensing, and credentialing programs of the states and of the Departments of Defense, Labor, and Veterans Affairs; and (3) advise the Secretary of Labor on certification, licensing, and credentialing issues related to converting the skills acquired by veterans while serving in the Armed Forces to skills relevant to civilian occupations.",,False,,"The bill focuses on facilitating veterans' transition to civilian employment through certification and credentialing, not on private employer obligations related to employee wages, hours, or benefits."
s1256-111,111,6/11/2009,"A bill to amend title XIX of the Social Security Act to establish financial incentives for States to expand the provision of long-term services and supports to Medicaid beneficiaries who do not reside in an institution, and for other purposes.",Home and Community Balanced Incentives Act of 2009,Health,"Government information and archives|Health information and medical records|Home and outpatient care|Long-term, rehabilitative, and terminal care|Medicaid|Nursing",1,Wage Hour & Benefits,"Home and Community Balanced Incentives Act of 2009 - Amends title XIX (Medicaid) of the Social Security to increase the federal medical assistance percentage (FMAP) for a balancing incentive payment state and any other state in which less than 50% of the total FY2009 expenditures for medical assistance for long-term services and supports (LTSS) are for non-institutionally-based (home and community-based) LTSS. Directs the Secretary of Health and Human Services to award grants to states to: (1) support the development of a common national set of coding methodologies and databases related to the provision of home and community-based LTSS; and (2) make certain structural changes to the state Medicaid program. Directs the Secretary to develop specifications for standardization of: (1) reporting of assessment data for LTSS for each population served; and (2) outcomes measures that track assessment processes for LTSS for each such population that maintain and enhance individual function, independence, and stability. Directs the Secretary to promulgate regulations to ensure that all states develop service systems that are designed to: (1) allocate resources for services in a manner that is responsive to the changing needs and choices of beneficiaries receiving home and community-based LTSS, and that provides strategies for beneficiaries receiving such services to maximize their independence; (2) provide the support and coordination needed for a beneficiary in need of such services to design an individualized, self-directed, community-supported life; and (3) improve coordination among all providers of such services under federally and state-funded programs. Directs the Secretary to assess, on an ongoing basis and based on measures specified by the Agency for Healthcare Research and Quality, the safety, quality, and outcomes of home and community-based LTSS. Changes from 150% of the poverty line to 300% of the supplemental security income (SSI) benefit rate the income eligibility level for providing home and community-based services under the state plan amendment option for elderly and disabled individuals. Authorizes additional state options to provide home and community-based services. Removes the limitation on the scope of services. Creates an eligibility category to provide full Medicaid benefits to individuals receiving home and community-based services under a state plan amendment. Applies spousal impoverishment protections to recipients of home and community-based services. Authorizes states to elect to exclude up to six months of the average cost of nursing facility services from assets or resources for home and community-based services eligibility determinations. Directs the Secretary to create a template to streamline the process of approving, monitoring, evaluating, and renewing state proposals to conduct a program that combines Medicaid waiver authorities into a single program under which the state provides home and community-based services to individuals based on individualized assessments and care plans.",,False,,"The bill primarily addresses Medicaid and state incentives for expanding long-term services and supports for Medicaid beneficiaries, which are government-funded programs, not obligations owed by private employers to their employees."
hr2127-112,112,6/3/2011,"To authorize funding for the creation and implementation of infant mortality pilot programs in standard metropolitan statistical areas with high rates of infant mortality, and for other purposes.",Nationally Enhancing the Wellbeing of Babies through Outreach and Research Now Act,Health,Child health|Health care coverage and access|Health information and medical records|Health programs administration and funding|Health promotion and preventive care|Medical research|Sex and reproductive health|Women's health|World health,1,Wage Hour & Benefits,"Nationally Enhancing the Wellbeing of Babies through Outreach and Research Now Act or the NEWBORN Act - Requires the Secretary of Health and Human Services (HHS), acting through the Administrator of the Health Resources and Services Administration, to award five-year grants to eligible entities to create, implement, and oversee infant mortality pilot programs. Defines ""eligible entity"" to mean a county, city, territorial, or tribal health department that has submitted a proposal to the Secretary that the Secretary deems likely to reduce infant mortality rates within the standard metropolitan statistical area involved. Requires the Secretary to give preference to eligible entities proposing to serve any of the 15 counties or groups of counties with the highest rates of infant mortality in the United States in the past three years. Sets forth uses of grant funds, which may include: (1) developing a plan that identifies the individual needs of each community to be served and strategies to address those needs; (2) providing outreach to at-risk mothers; (3) developing and implementing standardized systems for improved access, utilization, and quality of social, educational, and clinical services to promote healthy pregnancies, full-term births, and healthy infancies delivered to women and their infants; (4) establishing a rural outreach program to provide care to at-risk mothers in rural areas; (5) establishing a regional public education campaign; and (6) coordinating efforts between health departments to be served through the infant mortality program and existing entities that work to reduce the rate of infant mortality within an area.",,False,,"The bill focuses on funding and implementing infant mortality pilot programs through health departments, not on private employer obligations related to employee wages, hours, or benefits."
hr2354-115,115,5/4/2017,To amend the Longshore and Harbor Workers' Compensation Act to provide a definition of recreational vessel for purposes of such Act.,Longshore and Harbor Workers' Compensation Clarification Act of 2017,Labor and Employment,"Administrative law and regulatory procedures|Department of Labor|Disability assistance|Marine and inland water transportation|Navigation, waterways, harbors|Transportation employees|Worker safety and health",1,Wage Hour & Benefits,"Longshore and Harbor Workers' Compensation Clarification Act of 2017

This bill amends the Longshore and Harbor Workers' Compensation Act to define ""recreational vessel"" as a vessel:

 being manufactured or operated primarily for pleasure; or leased, rented, or chartered to another for the latter's pleasure. In applying such definition under such Act, the following rules apply:

 a vessel being manufactured or built, or being repaired under warranty by its manufacturer or builder, is a recreational vessel if the vessel appears intended, based on its design and construction, to be for ultimate recreational uses (the manufacturer or builder must bear the burden of establishing that a vessel is recreational under this standard); a vessel being repaired, dismantled for repair, or dismantled at the end of its life will be treated as recreational at the time of repair or dismantling, provided that such vessel shares elements of design and construction of traditional recreational vessels and is not normally engaged in a military, commercial, or traditionally commercial undertaking; and a vessel will be treated as a recreational vessel if it is a public vessel (such as a vessel owned or chartered and operated by the United States or a state or local government) at the time of repair, or dismantling, provided that such vessel shares elements of design and construction with traditional recreational vessels and is not normally engaged in a military, commercial, or traditionally commercial undertaking. The Department of Labor must revise a specified federal regulation defining a ""recreational vessel"" to conform with the definition set forth in this bill.",,False,,"The bill focuses on defining 'recreational vessel' under the Longshore and Harbor Workers' Compensation Act, which pertains to worker compensation for maritime employees, not private employer obligations on wages, hours, or benefits."
hr2591-110,110,6/6/2007,"To amend part B of title XVIII of the Social Security Act to limit the penalty for late enrollment under part B of the Medicare Program to 10 percent and twice the period of no enrollment, and to exclude periods of COBRA and retiree coverage from such late enrollment penalty.",,Health,Employee health benefits|Health insurance continuation|Insurance premiums|Medicare|Retiree health benefits,1,Wage Hour & Benefits,Amends part B (Supplementary Medical Insurance) of title XVIII (Medicare) of the Social Security Act to: (1) limit the penalty for late enrollment under part B to 10% and twice the period of no enrollment; and (2) exclude periods of COBRA and retiree coverage from such late enrollment penalty. Provides for a special enrollment period for individuals whose COBRA or retiree coverage terminates.,,False,,"The bill primarily addresses Medicare enrollment penalties and does not impose obligations on private employers regarding employee wages, hours, or benefits."
s944-116,116,3/28/2019,"A bill to enhance the security operations of the Transportation Security Administration and the stability of the transportation security workforce by applying a unified personnel system under title 5, United States Code, to employees of the Transportation Security Administration who are responsible for screening passengers and property, and for other purposes.",Strengthening American Transportation Security Act of 2019,Transportation and Public Works,"Aviation and airports|Department of Homeland Security|Department of Transportation|Government employee pay, benefits, personnel management|Labor-management relations|Transportation safety and security|Worker safety and health",1;3,Wage Hour & Benefits;Labor Relations,"Strengthening American Transportation Security Act of 2019

This bill expresses the sense of Congress that the personnel system used by the Transportation Security Administration (TSA) provides insufficient workplace protections for its workforce and such personnel should be entitled to protections under the civil service system applicable to all federal employees.

Among other things, the bill

 eliminates personnel authorities of the Department of Homeland Security (DHS) and the Department of Transportation governing the conditions of employment for TSA employees, thus making TSA employees subject to the personnel management system applicable to other federal employees; sets forth transition rules that protect the pay rates and other rights of TSA employees; requires DHS to consult with the labor organization certified by the Federal Labor Relations Authority to carry out the conversion of such positions; and does not affect the prohibitions against disloyalty and asserting the right to strike against the federal government.",,False,,"The bill pertains to the personnel system and workplace protections for TSA employees, who are federal employees, not private employers. It does not address private employer obligations on employee wages, hours, or benefits."
hr209-108,108,1/7/2003,To extend the Temporary Extended Unemployment Compensation Act of 2002.,American Worker Temporary Relief Act,Labor and Employment,Unemployment insurance,1,Wage Hour & Benefits,"American Worker Temporary Relief Act - Amends the Temporary Extended Unemployment Compensation Act of 2002 (TEUCA) to extend the TEUC program to weeks of unemployment ending before April 1, 2003.",,False,,"The bill extends unemployment compensation, which is a public assistance program, not a private employer obligation."
hr1982-109,109,4/28/2005,"To amend titles 10 and 38, United States Code, to increase benefits for members of the Armed Forces who, after September 11, 2001, serve on active duty outside the United States or its territories or possessions as part of a contingency operation (including a humanitarian operation, peacekeeping operation, or similar operation) or a combat operation.",Welcome Home G.I. Bill Act of 2005,Armed Forces and National Security,Armed forces reserves|Disabled|Higher education|Home ownership|Housing finance|Housing subsidies|Income tax|Iraq compilation|Medical screening|Medical tests|Medically uninsured|Military medicine|Military operations|Peacekeeping forces|Physical examinations|Post-traumatic stress disorder|Scholarships|Student loan funds|Tax exclusion|Veterans' benefits|Veterans' education|Veterans' medical care,1,Wage Hour & Benefits,"Welcome Home G.I. Bill Act of 2005 - Increases and extends the duration of basic educational assistance for individuals who serve at least six consecutive months (with exceptions from the six consecutive months requirement due to medical, hardship, or involuntary separation ) on active duty outside the United States as part of a combat or contingency operation (including a humanitarian or peacekeeping operation) beginning on September 11, 2001, and ending five years after enactment of this Act. Permits assistance use for student loan repayment. Provides for refund of educational contributions made under the Montgomery G.I. Bill program. Increases and extends the duration of educational assistance for reserve component members called or ordered to active service in response to a war or national emergency who perform active duty service for 180 consecutive days before the five-year period beginning on the date of enactment of this Act. Permits assistance use for student loan repayment. Provides $5,000 for a residential purchase downpayment for a veteran who: (1) performs active duty service outside the United States as part of a combat or contingency operation (including a humanitarian or peacekeeping operation) for at least six consecutive months (or a lesser time period for an individual with a service-connected disability) after September 11, 2001; and (2) has not previously obtained a veterans' guaranteed or insured housing loan. Makes such benefit available for five years from the date eligible service is completed. Amends the the Internal Revenue Code to exclude such housing benefit from gross income. Provides transitional health care benefits during the five-year period after separation from active duty for an individual who is not covered under an employer-provided or a spouse's employer-provided group health plan who: (1) serves in the active military, naval, or air service; (2) after September 11, 2001, is deployed outside the United States as part of a combat or contingency operation (including a humanitarian or peacekeeping operation) for at least six consecutive months (or a lesser time period for an individual with a service-connected disability); and (3) is discharged or released under conditions other than dishonorable. Revises predeployment and postdeployment medical exam provisions.",,False,,"The bill primarily addresses benefits for members of the Armed Forces and veterans, including educational assistance, housing benefits, and transitional health care, which are not obligations owed by private employers to their employees."
s4-110,110,1/4/2007,"A bill to make the United States more secure by implementing unfinished recommendations of the 9/11 Commission to fight the war on terror more effectively, to improve homeland security, and for other purposes.",Improving America's Security Act of 2007,Emergency Management,Administrative procedure|Airline passenger traffic|Airports|Alaska|Aliens|American Samoa|Appropriations|Auditing|Aviation safety|Biological warfare|Border patrols|Canada|Charities|Chemical warfare|Confidential funding (Federal budgets)|Congressional investigations|Congressional oversight|Congressional reporting requirements|Construction costs|Cost effectiveness|Criminal justice information|Curricula|Customs administration|Data banks|Democracy|Department of Defense|Department of Energy|Department of Homeland Security|Department of Justice|Disaster relief|Dismissal of employees|District of Columbia|Driver licenses|Drug abuse|Drug addiction|Drug law enforcement|Electronic data interchange|Elementary and secondary education|Emergency communication systems|Employee training|English language|Extremist movements in politics|Federal Bureau of Investigation (FBI)|Federal advisory bodies|Federal aid to Indians|Federal aid to law enforcement|Federal employees|Federal officials|Federal-local relations|Federal-state relations|Foreign service|Government publicity|Governmental investigations|Grants-in-aid|Guam|Higher education|Hours of labor|Human rights|Identification devices|Identification of criminals|Indian law enforcement|Infrastructure|Infrastructure (Economics)|Intelligence officers|Intermodal transportation|International broadcasting,1;24,Wage Hour & Benefits;Government Reporting & Compliance,"Improving America's Security Act of 2007 - Provides for implementation of recommendations of the National Commission on Terrorist Attacks Upon the United States (9/11 Commission). Title I: Improving Intelligence and Information Sharing within the Federal Government and with State, Local, and Tribal Governments - Subtitle A: Homeland Security Information Sharing Enhancement - (Sec. 111) Amends the Homeland Security Act of 2002 (HSA) to require the Secretary of Homeland Security (the Secretary) to administer the Homeland Security Advisory System to provide warnings regarding the risk of terrorist attacks on the homeland to federal, state, local, and tribal government authorities and to the people of the United States. Directs the Secretary to: (1) exercise primary responsibility for providing such warnings (2) establish criteria and develop a methodology for the issuance and revocation of such warnings; (3) provide, in each warning, specific information and advice regarding appropriate protective measures and countermeasures that may be taken to enable individuals, government entities, emergency response providers, and the private sector to act appropriately; and (4) limit the scope of each warning, whenever possible, to a specific region, locality, or economic sector believed to be at risk.Directs the Secretary to: (1) integrate and standardize the information of the intelligence components of the Department of Homeland Security (DHS), except for any internal protocols, to be administered by the Chief Intelligence Officer (CIO); and (2) designate, for each component, an information sharing and knowledge management officer who shall report to the CIO. Requires the CIO to: (1) establish DHS-wide procedures for the review and analysis of information gathered from government and private sector sources; and (2) integrate such information into information gathered by, and make such information available within, DHS and other federal agencies.Directs the Secretary to develop mechanisms to provide feedback regarding the analysis and utility of information provided.Requires the CIO to: (1) provide opportunities for training and education to DHS employees; and (2) evaluate how employees of the Office of Intelligence and Analysis and DHS intelligence components are utilizing homeland security information, sharing information within DHS, and participating in the information sharing environment established under the Intelligence Reform and Terrorism Prevention Act of 2004 (IRTPA).Amends HSA to modify the responsibilities of the Under Secretary for Information Analysis and Infrastructure Protection to require: (1) access, receipt, analysis, and integration of information to be in support of DHS mission responsibilities and consistent with the functions of the National Counterterrorism Center; and (2) review, analysis, and recommendations for improvements in information-sharing to be made among the federal, state, local, and tribal government authorities.Amends IRTPA to require the information sharing environment to perform specified functions, including integrating information and technologies and incorporating continuous, real-time, and immutable audit capabilities. Expands the program manager's responsibilities, to include: (1) assisting in the development of policies to foster the development and proper operation of the information sharing environment; and (2) identifying and resolving information sharing disputes between federal departments. Requires: (1) the Information Sharing Council to assist the program manager in identifying and resolving such disputes and to identify appropriate personnel for assignment to the program manager to support staffing needs; (2) the departments represented on the Council, at the request of the Director of National Intelligence (DNI), to detail appropriate personnel to the program manager on a reimbursable basis; and (3) the President to report to Congress each year on the state of the information sharing environment and of information sharing across the government. Directs the President to report to specified committees on the feasibility of: (1) eliminating the use of any marking or process to restrict the sharing of information within the scope of the information sharing environment among participants in such environment unless the President has specifically exempted categories of information from elimination; (2) continuing to use federal agency standards in effect for the collection, sharing, and access to such information relating to citizens and lawful permanent residents; (3) replacing those standards with one that would allow mission-based or threat-based permission to access or share information for a particular purpose that the government has determined to be lawfully permissible for a particular agency, component, or employee (an ""authorized use"" standard); and (4) the use of anonymized data by federal departments when such use is reasonably expected to produce results materially equivalent to the use of non-anonymized information and is consistent with any mission of that department involving personally identifiable information.Authorizes the program manager to hire up to 40 full-time employees to assist in: (1) identifying and resolving information sharing disputes between federal agencies; and (2) other activities associated with the implementation of the information sharing environment. (Sec. 113) Directs: (1) the Secretary, acting through the CIO, to develop a curriculum for the training of state, local, and tribal government officials relating to the handling, review, and development of intelligence material; and (2) the Federal Law Enforcement Training Center and other federal entities to carry out training programs. (Sec. 114) Authorizes the President or the head of an agency, in making cash awards, to consider an employee's success in sharing information in the information sharing environment and directs agency heads to adopt best practices regarding effective ways to educate and motivate federal officers and employees to engage in such environment.Subtitle B: Homeland Security Information Sharing Partnerships - (Sec. 121) Amends HSA to direct the Secretary to establish a State, Local, and Regional Fusion Center Initiative. Authorizes: (1) the CIO to assign officers and intelligence analysts from DHS components to state, local, and regional fusion centers; and (2) the Secretary to develop qualifying criteria for a fusion center to participate in assigning DHS officers or intelligence analysts. Lists as prerequisites for such assignment intelligence analysis, privacy, and civil liberties training. Grants each assigned individual direct access to all relevant federal databases and information systems. Directs the Secretary to: (1) create a mechanism for any state, local, or tribal emergency response provider who is a consumer of intelligence to voluntarily provide feedback to DHS; and (2) establish guidelines for fusion centers operated by state and local governments, including incorporating emergency response providers and the private sector into all relevant phases of the intelligence and fusion process through full time representatives or liaison officers. Requires: (1) the Secretary to submit to the House and Senate homeland security committees a concept of operations report; and (2) the Privacy and Civil Liberties Oversight Board to report on the privacy and civil liberties impact of the program.(Sec. 122) Directs the Secretary, acting through the CIO, to establish a Homeland Security Information Sharing Fellows Program. (Sec. 123) Establishes a Rural Policing Institute, which shall be administered by the Office of State and Local Training of the Federal Law Enforcement Training Center, to: (1) evaluate the needs of law enforcement agencies of units of local government and tribal governments located in rural areas; (2) develop and provide expert training programs to address those needs, including combating methamphetamine addiction and distribution, domestic violence, and response related to school shootings; and (3) conduct outreach. Subtitle C: Interagency Threat Assessment and Coordination Group - (Sec. 131) Directs the program manager for the information sharing environment to oversee and coordinate the creation and ongoing operation of an Interagency Threat Assessment and Coordination Group (ITACG), which shall facilitate the production of federally coordinated products derived from information within the scope of such environment intended for distribution to state, local, and tribal government officials and the private sector. Requires ITACG to be located at the facilities of the National Counterterrorism Center of the Office of the DNI.Directs the Secretary: (1) to assign a senior level officer to manage and direct ITACG administration; (2) to determine how specific products shall be distributed to state, local, and tribal officials and private sector partners; and (3) acting through the CIO, to establish standards for the admission of law enforcement and intelligence officials from a state, local, or tribal government into ITACG.Includes within ITACG representatives of DHS, the Federal Bureau of Investigation (FBI), the Department of Defense (DOD), the Department of Energy (DOE), and state, local, and tribal law enforcement and intelligence officials. Directs the program manager to develop qualifying criteria and establish procedures for selecting personnel assigned to ITACG and for the proper handling and safeguarding of information related to terrorism. Title II: Homeland Security Grants - Homeland Security Grant Enhancement Act of 2007 - (Sec. 202) Amends HSA to establish a Homeland Security Grant Program (consisting of an Urban Area Security Initiative, State Homeland Security Grant Program, and Emergency Communications and Interoperability Grants Program). Authorizes the Secretary to award Program grants through the Administrator of the Federal Emergency Management Agency (FEMA). Declares that the Program shall supersede specified programs under the USA PATRIOT Act, HSA, and the Post-Katrina Emergency Management Reform Act of 2006. Requires grant programs to include policies and procedures for: (1) identifying funded activities that are susceptible to significant improper payments; and (2) reporting the incidence of improper payments to DHS. Directs the Administrator to: (1) establish minimum performance requirements for entities that receive homeland security grants; (2) conduct simulations and exercises to test such requirements for emergencies and major disasters not less than twice each year and catastrophic incidents not less than once each year; and (3) ensure that entities that are failing to demonstrate minimum performance requirements establish a plan for the achievement of those requirements within a specified time frame. Provides that, at the Administrator's discretion, the occurrence of an actual emergency, major disaster, or catastrophic incident in an area may be deemed a simulation. Directs the Administrator to report annually to the homeland security committees on grantee performance, lessons learned, and efforts being made to remedy failed performance.Establishes the Urban Area Security Initiative to provide grants to assist high-risk metropolitan areas in preventing, preparing for, protecting against, responding to, and recovering from terrorist acts. Directs the Administrator, in allocating funds among metropolitan areas applying for such grants to consider specified factors, such as the relative threat, vulnerability, and consequences faced by the eligible metropolitan area from a terrorist attack and the anticipated effectiveness of the proposed spending plan for the eligible metropolitan area in increasing that area's ability to prevent, prepare for, protect against, respond to, and recover from terrorism, to meet its target capabilities and to otherwise reduce the overall risk. Requires the Administrator to distribute grant funds to the states in which an approved eligible metropolitan area is located. Requires each state to provide the eligible metropolitan area at least 80% of grant funds and an accounting of the items or services on which any funds retained by the state were expended. Establishes the State Homeland Security Grant Program to assist state, local, and tribal governments in preventing, preparing for, protecting against, responding to, and recovering from terrorist acts. Directs the Administrator, in allocating funds among states applying for such grants, to: (1) consider specified factors, such as the relative threat, vulnerability, and consequences faced by the state from a terrorist attack, the anticipated effectiveness of the proposed state spending plan in reaching certain goals, and the need to balance the goals of ensuring that target capabilities of the highest risk areas are achieved quickly and that basic levels of preparedness are achieved nationwide; and (2) ensure that, for each fiscal year, no state receives less than .45% of the funds appropriated for the Program and that American Samoa, the Northern Mariana Islands, Guam, and the Virgin Islands each receive not less than .08%. Allows the states to submit an application for multistate efforts. Lists minimum allocation amounts for states and directly eligible tribes. Lists permissible uses of grants, including the payment of appropriate personnel costs for protecting critical infrastructure and key resources identified in the Critical Infrastructure List. Directs the Administrator to designate not less than 25% of the combined amount appropriated for the Urban Area Security Initiative and the State Homeland Security Grant Program for law enforcement terrorism prevention activities, including for information sharing to preempt attacks, target hardening, threat recognition, and certain overtime expenses.Establishes in DHS an Office for the Prevention of Terrorism, whose Director shall report directly to the Secretary. Requires the Director to establish a pilot project to determine the efficacy and feasibility of establishing law enforcement deployment teams that shall form the basis of a national network of standardized law enforcement resources to assist state, local, and tribal governments in responding to natural disasters, terrorist acts, or other man-made disasters. . Places upon the Administrator responsibility for administering all DHS-administered homeland security grant programs and for ensuring coordination and consistency. Requires any state or metropolitan area receiving grants to establish a planning committee to assist in preparing and revising state, regional, or local homeland security plans and in determining effective funding priorities (with an exception where the state or metropolitan area has established and uses a multijurisdictional planning committee or commission that meets specified requirements).Directs the Secretary, through the Administrator, to: (1) compile a comprehensive list of federal programs that provide assistance to state, local, and tribal governments for preventing, preparing for, and responding to, disasters and terrorist acts; (2) develop a proposal to coordinate the planning, reporting, application, and other requirements and guidance for homeland security assistance programs; and (3) submit the information and proposals to the House and Senate homeland security committees.Directs the Administrator to: (1) submit to Congress, as a component of the annual Federal Preparedness Report, an evaluation of the extent to which DHS-administered grants have contributed to the progress of state, local, and tribal governments in achieving target capabilities and have led to the reduction of risk nationally and in state, local, and tribal jurisdictions; (2) report to the homeland security committees, for each fiscal year, a detailed and comprehensive explanation of the methodology used to calculate risk and compute the allocation of funds; and (3) conduct periodic reviews of grants. Requires: (1) each grant recipient and DHS to provide the Government Accountability Office (GAO) with full access to information regarding activities carried out under this title; (2) the Comptroller General to conduct annual audits of the Homeland Security Grant Program and to report to the homeland security committees; (3) grant recipients that expend $500,000 or more in funds received under this title during any fiscal year to submit to the Administrator an organization-wide financial and compliance audit report; and (4) the Secretary to conduct a recovery audit for any DHS-administered grant valued at $1 million or greater. Sets forth remedies for noncompliance.Requires the DHS Inspector General to: (1) audit each entity that receives a grant under the Urban Area Security Initiative, State Homeland Security Grant Program, or Emergency Management Performance Grants Program (under the Post-Katrina Emergency Management Reform Act of 2006) every two years and make each audit available on the Inspector General's website; (2) audit each entity that receives a grant under such programs to evaluate the use of any preparedness grant administered by DHS that was awarded before the date of this Act's enactment and make each audit available on the Inspector General's website; and (3) submit to Congress a consolidated report regarding audits conducted. Requires the Administrator to withhold 1% of the amount of each grant under such programs for audits. Expresses the sense of the Senate that: (1) DHS should administer a coherent and coordinated system of both terrorism-focused and all-hazards grants; and (2) the amounts appropriated for grants under the Urban Area Security Initiative, the State Homeland Security Grant Program, and the Emergency Communications Operability and Interoperable Communications Grants Program in any fiscal year should be in direct proportion to the amounts authorized for those programs for FY2008 under this Act.(Sec. 203) Expresses the sense of the Senate that DHS shall conduct at least 7,500 trainings annually through the Domestic Preparedness Equipment Technical Assistance Program. Directs the Secretary to report annually to specified committees on: (1) the number of trainings conducted; and (2) why fewer trainings were needed if that number is less than 7,500.Title III: Communications Operability and Interoperability - (Sec. 301) Directs the Administrator to: (1) make grants to states for initiatives necessary to achieve, maintain, or enhance statewide, regional, national, and international emergency communications operability and interoperable communications; and (2) require any state applying for a grant to submit a Statewide Interoperable Communications Plan in coordination with local and tribal governments, emergency response providers, and other relevant state officers. Lists considerations in approving applications and awarding grants, including the nature of the threat, the location, risk, or vulnerability of critical infrastructure and key national assets, and the extent to which geographic barriers pose unusual obstacles to achieving, maintaining, or enhancing emergency communications operability or interoperable communications. Directs the Secretary to: (1) establish a panel to assist in reviewing grant applications; and (2) ensure that for each fiscal year no state receives less than .75% of the total funds appropriated and American Samoa, the Northern Mariana Islands, Guam, and the Virgin Islands each receive no less than .25%. Requires the Administrator to determine a date by which a state that receives a grant shall make available to local and tribal governments and emergency response providers not less than 80% of the grant funds, an equal value of resources purchased with grant funds, or an equal value of grant funds combined with resources purchased with grant funds.Sets forth certification requirements regarding distribution of grant funds to local and tribal governments. Requires any state that receives a grant to submit a spending report to the Administrator. Requires the Administrator to make each report publicly available on the FEMA website. Establishes penalties for reporting delay. Prohibits grants from being used for recreational or social purposes. Provides that nothing in this section precludes the use of funds by a state for interim or long-term Internet Protocol-based interoperable solutions.Amends: (1) IRTPA to require interoperable communications plans to include information on the governance structure used to develop the plan, on the method by which multijurisdictional, multidisciplinary input was provided from all regions of the jurisdiction, and on the process for continuing to incorporate such input; and (2) HSA to require the National Emergency Communications Plan to set a date and interim benchmarks by which state, local, and tribal governments, federal agencies, emergency response providers, and the private sector will achieve interoperable communications.(Sec. 302) Establishes in DHS an International Border Community Interoperable Communications Demonstration Project. Requires the Secretary to select no fewer than six border communities to participate. Requires projects to address the interoperable communications needs of emergency response providers and the National Guard. Directs the Secretary to: (1) distribute funds to participating communities through the states; and (2) report to the House and Senate homeland security committees annually.Authorizes appropriations.Title IV: Emergency Management Performance Grants Program - (Sec. 401) Amends the Post-Katrina Emergency Management Reform Act of 2006 to replace a provision transferring the Noble Training Center to the Center for Domestic Preparedness with provisions establishing an Emergency Management Performance Grants Program to make grants to states to assist state, local, and tribal governments in preventing, preparing for, protecting against, responding to, recovering from, and mitigating against all hazards. Allocates .75% of grant funds to each state and .25% to American Samoa, the Northern Mariana Islands, Guam, and the Virgin Islands, with remaining funds allocated to each state in proportion to its population. Lists permissible uses of grants. Limits the federal share of costs to 50%. Requires a state to take into account the needs of local and tribal governments. Permits the Administrator to award grants to states to plan for, equip, or construct all-hazards state, local, or regional emergency operations centers. Prohibits grant awards from being used for construction that is not consistent with requirements under the Robert T. Stafford Disaster Relief and Emergency Assistance Act. Limits the federal share of costs to 75%. Authorizes appropriations.Title V: Enhancing Security of International Travel - (Sec. 501) Secure Travel and Counterterrorism Partnership Act - Expresses the sense of Congress that the United States should modernize and expand the visa waiver program by simultaneously enhancing program security requirements and extending visa-free travel privileges to nationals of foreign countries that are allies in the war on terrorism.Amends the Immigration and Nationality Act to direct the Secretary to certify to Congress when an air exit system is in place that can verify the departure of not less than 97% of foreign nationals that exit through U.S. airports. Provides for the waiver of low nonimmigrant visa refusal rate requirements for participation in the Visa Waiver Program after such certification if specified security conditions are met. Directs: (1) the Secretary and the Secretary of State to jointly use information from the system to establish a maximum visa overstay rate for countries participating in the Program pursuant to a waiver; and (2) the Secretary to submit to Congress and publish in the Federal Register a notice of the proposed maximum visa overstay rate and to issue a final rate not less than 60 days thereafter.Requires each alien traveling under the Visa Waiver Program, beginning on the date on which the electronic travel authorization system is fully operational, to electronically provide basic biographical information to the system before applying for admission. Directs the Secretary, upon review of such information, to determine whether the alien is eligible to travel to the United States under the Program. Revises requirements for eligibility as a Program country to require the government of a country to: (1) enter into an agreement with the United States to report or make available through Interpol to the U.S. government information about the theft or loss of passports within a strict time limit and in a specified manner; (2) accept for repatriation any citizen, former citizen, or national against whom a final executable order of removal is issued not later than three weeks after the issuance of the final order of removal; and (3) share information regarding whether nationals of that country traveling to the United States represent a threat. Requires the Secretary to: (1) report to Congress on the implementation of the electronic travel authorization system and the participation of new countries in the Program through a waiver; and (2) provide technical assistance to Program countries. Prohibits the Secretary from waiving an eligibility requirement without notifying the appropriate congressional committees at least 30 days before the effective date of the waiver. Authorizes the Secretary to: (1) develop and implement a fully automated electronic travel authorization system to collect basic biographical information to determine, in advance of travel, the eligibility of an alien to travel to the United States under the Program; and (2) charge a fee for the use of the system. Directs the Secretary to prescribe regulations that provide for up to a three-year period during which a determination of eligibility to travel under the Program will be valid. Permits the Secretary to revoke such determination at any time. Denies judicial review of an eligibility determination under the system. Directs the Secretary to establish an exit system that records the departure on a flight leaving the United States of every alien participating in the Program. Requires this system to: (1) match biometric information of the alien against relevant watch lists and immigration information; and (2) compare biometric information against manifest information collected by air carriers on passengers departing the United States to confirm that such individuals have departed the United States. Authorizes appropriations.(Sec. 502) Amends IRTPA to direct the Secretary to nominate a U.S. government official to serve as the Director of the Human Smuggling and Trafficking Center, to be staffed with not fewer than 40 full-time equivalent positions, detailed from specified agencies. (Sec. 503) Directs the Secretary to designate a DHS official to: (1) be responsible for carrying out the program to oversee implementation of the Secretary's responsibilities regarding terrorist travel; (2) assist in improving DHS's ability to prevent terrorists from entering or remaining undetected in the United States; and (3) serve as the Secretary's primary point of contact with the National Counterterrorism Center regarding terrorist travel initiatives and recommendations. (Sec. 504) Adds as a criterion to be met before implementation of a plan for requiring specified documents for travel in the United States certification of the signing by the Secretary and the Secretary of State of a memorandum of agreement to initiate a pilot program with not less than one state to determine if an enhanced driver's license that is machine-readable, tamper proof, and issued by such state may permit an individual to meet documentation requirements for entry into the United States from Canada. Directs the Secretary to report to the appropriate congressional committees on expansion of the pilot program and its impact on national security.(Sec. 505) Directs the Secretary to conduct: (1) a complete cost-benefit analysis of the Western Hemisphere Travel Initiative; and (2) a study of the mechanisms by which the execution fee for a PASS Card could be reduced, considering the potential increase in the number of applications.(Sec. 506) Directs the Secretary to: (1) establish a model ports-of-entry program to provide a more efficient and welcoming international arrival process in order to promote business and tourist travel to the United States while improving security; (2) implement the program initially at the 20 U.S. international airports with the greatest average annual number of arriving foreign visitors; and (3) employ at least an additional 200 Customs and Border Protection (CBP) officers to address staff shortages at such airports. Title VI: Privacy and Civil Liberties Matters - (Sec. 601) Amends the National Security Intelligence Reform Act of 2004 to direct the Privacy and Civil Liberties Oversight Board to: (1) analyze and review executive branch actions to protect the nation from terrorism; (2) ensure that liberty concerns are appropriately considered in the development and implementation of laws, regulations, and policies related to efforts to protect the nation from terrorism; (3) review and assess reports and other information from privacy officers and civil liberties officers; (4) make recommendations to such officers regarding their activities and coordinate activities on relevant interagency matters; (5) report at least semiannually to specified committees and to the President; and (6) make its reports available to the public, hold public hearings, and otherwise inform the public of its activities consistent with the protection of classified information. Sets forth provisions regarding access to information, including review of subpoena requests, and security clearances. Authorizes appropriations. (Sec. 602) Directs the Attorney General, the Secretaries of Defense, State, Treasury, Health and Human Services, and Homeland Security, the DNI, the Director of the Central Intelligence Agency (CIA), and the head of any other department designated by the Board to designate a senior officer to: (1) assist the agency head in considering privacy and civil liberties concerns when developing or implementing laws, regulations, or guidelines related to efforts to protect the nation against terrorism; and (2) periodically investigate and review department actions, guidelines, and related laws to ensure adequate consideration of privacy and civil liberties. Sets forth provisions regarding: (1) exceptions to the designation authority of privacy officers and civil liberties officers; (2) supervision, coordination, and cooperation; (3) reprisals for making complaints; and (4) periodic reports to Congress and availability to the public.(Sec. 603) Amends HSA to grant DHS's senior privacy officer access to records and authority, including subpoena power, to conduct investigations relating to DHS programs and operations. Directs such officer to: (1) report to, and be under the general supervision of, the Secretary; and (2) coordinate activities with DHS's Inspector General. Requires notification to Congress upon such official's removal or transfer. Directs that officer to report to Congress, including regarding requests for subpoenas.(Sec. 604) Federal Agency Data Mining Reporting Act of 2007 - Requires federal agency heads to report to Congress on any activity to use or develop data mining. Defines ""data mining"" as a query, search, or other analysis of one or more electronic databases, where: (1) a federal agency or a non-federal entity acting on the government's behalf is conducting the analysis to find a predictive pattern or anomaly indicating terrorist or criminal activity; and (2) the search does not use a specific individual's personal identifiers to retrieve information. Requires annual updates.Title VII: Enhanced Defenses Against Weapons of Mass Destruction - (Sec. 701) Amends HSA to direct the Secretary to establish, operate, and maintain a National Biosurveillance Integration Center (NBIC) under an existing office or directorate of DHS to oversee development and operation of a National Biosurveillance Integration System. Declares that the primary mission of the NBIC is to enhance the federal government's capability to: (1) rapidly identify and track a biological event of national significance by integrating and analyzing data from human health, animal, plant, food, and environmental monitoring systems; and (2) disseminate alerts and information to member agencies and to state, l",,False,,"The bill primarily focuses on implementing recommendations of the 9/11 Commission to improve homeland security and does not address private employer obligations on employee wages, hours, or benefits."
,,,,,,,,,,,False,,"The provided information is insufficient to determine the bill's relation to private employer obligations on employee wages, hours, or benefits."
cal, and tribal government agencies to enhance their ability to respond to such an event.Requires: (1) the NBIC to design the System to detect, as early as possible, a biological event of national significance that presents a risk to the United States or to the infrastructure or key assets of the United States; (2) the Secretary to ensure that the NBIC is fully operational by September 30,2008, and to report to the House and Senate homeland security committees; and (3) NBIC's Directing Officer to establish an entity to perform operations and assessments, evaluate data for evidence of a biological event of national significance, and establish a method of real-time communication with the National Operations Center (the Biological Common Operating Picture). Directs member agencies to use best efforts to integrate biosurveillance information into the System.Requires the Directing Officer to: (1) establish an interagency coordination council to facilitate interagency cooperation and to advise the Directing Officer regarding recommendations to enhance DHS's biosurveillance capabilities; and (2) invite member agencies to serve on the council.Authorizes appropriations.(Sec. 702) Directs the Comptroller General to report to Congress on the state of biosurveillance efforts.(Sec. 703) Amends HSA to direct the Secretary, the Attorney General, the Secretaries of State," and to build civil societies in countries around the world.""",False,,"The bill focuses on national security and biological event monitoring, not on private employer obligations related to employee wages, hours, or benefits."
hr4514-113,113,4/29/2014,"To amend the Dale Long Public Safety Officers' Benefits Improvements Act of 2012 to change the retroactive application of the Act to cover injuries sustained by rescue squad or ambulance crew members on or after December 1, 2007, rather than June 1, 2009.",Kline DeWire Public Safety Officers' Retroactive Benefits Act,Crime and Law Enforcement,"Emergency medical services and trauma care|Government employee pay, benefits, personnel management|Health personnel|Worker safety and health",1,Wage Hour & Benefits,"Kline DeWire Public Safety Officers' Retroactive Benefits Act - Amends the Dale Long Public Safety Officers' Benefits Improvements Act of 2012 to provide that such Act shall apply to injuries sustained by rescue squad or ambulance crew members on or after December 1, 2007 (currently, June 1, 2009).",,False,,"The bill pertains to government employee benefits, specifically for public safety officers, and does not involve private employer obligations on employee wages, hours, or benefits."
hr6001-111,111,7/30/2010,"To amend the Internal Revenue Code of 1986 to provide for the establishment of tax-free COBRA premium payment accounts, and for other purposes.",COBRA Affordability Act of 2010,Taxation,Employee benefits and pensions|Health care costs and insurance|Health care coverage and access|Income tax deductions|Income tax exclusion,1,Wage Hour & Benefits,"COBRA Affordability Act of 2010 - Amends the Internal Revenue Code to allow: (1) the establishment of tax-exempt accounts for the payment of COBRA (health insurance continuation benefits under the Consolidated Omnibus Budget Reconciliation Act of 1985) premiums; (2) an income-based tax deduction, up to $2,500, for cash contributions to such a COBRA premium payment account; (3) tax-free distributions from such an account for payment of COBRA premiums; (4) the rollover of unused amounts in such an account into a tax-exempt retirement account; and (5) employees to elect to enroll in an alternative health plan offered by their employers, in lieu of COBRA coverage.",,False,,"The bill primarily focuses on tax provisions related to COBRA premium payments and does not directly address private employer obligations on employee wages, hours, or benefits."
hr63-115,115,1/3/2017,"To amend the Internal Revenue Code of 1986 to provide a tax credit to encourage private employers to hire veterans, to amend title 38, United States Code, to clarify the reasonable efforts an employer may make under the Uniformed Services Employment and Reemployment Rights Act with respect to hiring veterans, and for other purposes.",Helping to Encourage Real Opportunity for Veterans Transitioning from Battlespace to Workplace Act of 2017,Taxation,"Employee hiring|Government information and archives|Income tax credits|Veterans' education, employment, rehabilitation",1,Wage Hour & Benefits,"Helping to Encourage Real Opportunity for Veterans Transitioning from Battlespace to Workplace Act of 2017 or the HERO Transition from Battlespace to Workplace Act of 2017

 This bill amends the Internal Revenue Code to allow employers a business-related tax credit for $1,000 times the number of veterans (not more than 25 in a taxable year) who begin work resulting from the efforts of a military relations manager.

The bill: (1) deems as a reasonable effort of an employer to employ veterans, for purposes of veteran employment and reemployment programs, the designation of an employee as a military relations manager and the use of the military skills translator database (database for assisting veterans in relating military skills, experience, and training to civilian skills, experience, and training); and (2) defines a ""military relations manager"" as an expert in the process of transitioning from being a member of the Armed Forces to being a civilian and in translating the skills, experience, and training gained in the Armed Forces to skills, experience, and training needed in the private sector.

The Department of Veterans Affairs shall: (1) ensure that the military skills translator database may be used by civilian employers, and (2) conduct outreach to inform civilian employers of such database.",,True,tax_credit_introduction,"The bill introduces a new tax credit for private employers to incentivize hiring veterans, which relates to employer obligations on employee wages and employment practices."
s854-107,107,5/9/2001,"A bill to amend titles V, XVIII, and XIX of the Social Security Act to promote cessation of tobacco use under the medicare program, the medicaid program, and maternal and child health services block grant programs.","Medicare, Medicaid, and MCH Tobacco Cessation Promotion Act of 2001",Health,Ambulatory care|Block grants|Coinsurance|Drug abuse|Drug abuse counseling|Drug abuse in pregnancy|Drug therapy|Drugs|Federal aid to maternal health services|Health counseling|Health education|Maternal health services|Medicaid|Medicare|Pregnant women|Smoking|Women|Women's health,1,Wage Hour & Benefits,"Medicare, Medicaid, and MCH Tobacco Cessation Promotion Act of 2001 - Amends titles V (Maternal and Child Health Services), XVIII (Medicare), and XIX (Medicaid) of the Social Security Act to provide for coverage of counseling for cessation of tobacco use under the Maternal and Child Health Services, Medicare, and Medicaid programs.",,False,,"The bill primarily involves amendments to Medicare, Medicaid, and maternal health services programs, which are government-run programs, not obligations owed by private employers."
s854-108,108,4/10/2003,"A bill to authorize a comprehensive program of support for victims of torture, and for other purposes.",Torture Victims Relief Reauthorization Act of 2003,International Affairs,Authorization|Continuing education|Department of Health and Human Services|Disabled|Employee training|Executive Office of the President|Federal aid to education|Federal aid to health facilities|Federal aid to research|Higher education|Human rights|Legal services|Medical education|Medical research|Mental health services|Rehabilitation of the disabled|Torture|United Nations|United Nations finances|Victims of crimes,1,Wage Hour & Benefits,Torture Victims Relief Reauthorization Act of 2003 - Amends the Torture Victims Relief Act of 1998 to authorize appropriations for FY 2004 through 2006 for: (1) the President for grants to treatment centers and programs in foreign countries that carry out projects and activities specifically designed to treat victims of torture for the physical and psychological effects of torture (including grants to provide research and training to health care providers outside such treatment centers or programs in order to enable them to provide such services); (2) the U.S. voluntary contribution to the United Nations Voluntary Fund for Victims of Torture; and (3) the Department of Health and Human Services to provide grants to programs in the United States to cover the costs of services provided by domestic treatment centers in the rehabilitation of victims of torture (including treatment of the physical and psychological effects of torture).,,False,,"The bill focuses on providing support and rehabilitation for victims of torture, including grants for treatment centers and programs, and does not address private employer obligations on employee wages, hours, or benefits."
hr1828-113,113,5/6/2013,To amend the Omnibus Crime Control and Safe Streets Act of 1968 to extend public safety officers' death benefits to fire police officers.,Fire Police Fairness Act,Crime and Law Enforcement,"Fires|Government employee pay, benefits, personnel management|Law enforcement officers",1,Wage Hour & Benefits,"Fire Police Fairness Act - Amends the Omnibus Crime Control and Safe Streets Act of 1968 to include a fire police officer as a public safety officer for purposes of death benefits provisions. Defines a ""fire police officer"" as an individual who: (1) is serving in accordance with state or local law as a member of a legally organized public safety agency but is not a law enforcement officer, a firefighter, a chaplain, or a member of a rescue squad or ambulance crew; and (2) provides scene security or directs traffic in response to any fire, rescue, or police emergency or at a planned special event.",,False,,"The bill extends death benefits to fire police officers, which pertains to government employee benefits, not private employer obligations."
hr3469-113,113,11/13/2013,"To amend titles 5 and 38, United States Code, to clarify the veteran status of an individual based on the attendance of the individual at a preparatory school of a service academy, and for other purposes.",SERV Act,Armed Forces and National Security,"Elementary and secondary education|Government employee pay, benefits, personnel management|Military education and training|Public contracts and procurement|Small business|Veterans' education, employment, rehabilitation|Veterans' loans, housing, homeless programs|Veterans' medical care|Veterans' pensions and compensation",1,Wage Hour & Benefits,"Support Earned Recognition for Veterans Act or the SERV Act - Excludes from the definitions of ""active duty,"" ""active duty for training,"" and ""inactive duty training,"" for veteran benefit or employment preference purposes, any service performed at a preparatory school of a service academy by a student who is not otherwise a member of the Armed Forces.",,False,,"The bill pertains to the clarification of veteran status for individuals attending service academy preparatory schools, which affects veteran benefits and employment preferences, not private employer obligations on employee wages, hours, or benefits."
s910-114,114,4/14/2015,"An original bill to amend the Internal Revenue Code of 1986 to clarify the special rules for accident and health plans of certain governmental entities, and for other purposes.",,Taxation,"Debt collection|Employee benefits and pensions|Government employee pay, benefits, personnel management|Health care costs and insurance|Income tax exclusion|Medicare|State and local government operations|Tax administration and collection, taxpayers",1,Wage Hour & Benefits,"(This measure has not been amended since it was introduced. The summary has been expanded because action occurred on the measure.)

(Sec. 1) Amends the Internal Revenue Code, with respect to the exclusion from gross income of payments from an accident or health plan, to: (1) make the exclusion for payments to a beneficiary other than a spouse or dependent child applicable to plans established by or on behalf of a state or political subdivision thereof; and (2) define a ""qualified taxpayer,"" for purposes of the exclusion, as an employee or the spouse, dependent, or child (under age 27) of an employee.

(Sec. 2) Increases from 30% to 35% the rate of the continuous levy on payments made after 180 days after the enactment of this Act to Medicare providers and suppliers for unpaid taxes.",,False,,"The bill primarily addresses tax exclusions for accident and health plans of governmental entities and does not involve private employer obligations on employee wages, hours, or benefits."
s659-110,110,2/16/2007,"A bill to amend section 1477 of title 10, United States Code, to provide for the payment of the death gratuity with respect to members of the Armed Forces without a surviving spouse who are survived by a minor child.",,Armed Forces and National Security,Grandparents|Military pensions|Parents|Siblings|Single people|Survivors' benefits,1,Wage Hour & Benefits,"Provides that, in the case of a member of the Armed Forces who dies while serving on active duty or inactive duty for training, and who dies without a surviving spouse but with one or more children under age 18 who will be in the custody of a parent, brother, or sister, the death gratuity for such member shall be payable to such parent, brother, or sister as designated by the member.",,False,,"The bill pertains to the payment of death gratuities for members of the Armed Forces, which is a government benefit and not an obligation of private employers."
s3668-111,111,7/29/2010,"A bill to require the Secretary of Health and Human Services to establish a demonstration program to award grants to, and enter into contracts with, medical-legal partnerships to assist patients and their families to navigate health-related programs and activities.",Medical-Legal Partnership for Health Act,Health,Government studies and investigations|Health care costs and insurance|Health care coverage and access|Health programs administration and funding|Health promotion and preventive care|Lawyers and legal services|Minority health,1,Wage Hour & Benefits,Medical-Legal Partnership for Health Act - Directs the Secretary of Health and Human Services (HHS) to establish a nationwide demonstration project to: (1) award matching grants or enter into contracts with medical-legal partnerships to assist patients and their families in navigating health-related programs and activities; and (2) evaluate the effectiveness of such partnerships. Authorizes the Secretary to provide technical assistance to grantees to support the establishment and sustainability of medical-legal partnerships. Requires amounts received under this Act to be used to achieve one or more of the following goals: (1) enhancing access to health care services; (2) improving health outcomes for low-income individuals; (3) reducing health disparities among health disparities populations; (4) enhancing wellness and prevention of chronic conditions and other health problems; (5) reducing cost of care to the health care system; (6) addressing the social determinants of health; and (7) addressing situational contributing factors. Prohibits funds under this Act from being used: (1) for any medical malpractice action or proceeding; (2) to provide any support to an alien who is not a qualified alien or a nonimmigrant under the Immigration and Nationality Act or an alien who is paroled into the United States under such Act for less than one year; (3) to provide legal assistance with respect to any proceeding or litigation which seeks to procure an abortion or to compel any individual or institution to perform or assist in the performance of an abortion; or (4) to initiate or participate in a class action lawsuit. Requires the Secretary to study and report to Congress on the results of such project.,,False,,"The bill focuses on establishing medical-legal partnerships to assist patients with health-related programs, which does not involve private employer obligations on employee wages, hours, or benefits."
hr3102-114,114,7/16/2015,"To amend the Homeland Security Act of 2002 to reform programs of the Transportation Security Administration, streamline transportation security regulations, and for other purposes.",Airport Access Control Security Improvement Act of 2015,Transportation and Public Works,Administrative remedies|Aviation and airports|Congressional oversight|Criminal justice information and records|Employee performance|Firearms and explosives|Foreign labor|Government information and archives|Government studies and investigations|Licensing and registrations|Personnel records|Transportation employees|Transportation safety and security|Visas and passports,1;3;6;24,Wage Hour & Benefits;Labor Relations;Transportation Safety;Government Reporting & Compliance,"(This measure has not been amended since it was reported to the House on October 6, 2015. The summary of that version is repeated here.)

Airport Access Control Security Improvement Act of 2015

(Sec. 2) This bill amends the Homeland Security Act of 2002 to direct the Transportation Security Administration (TSA) to establish a risk-based, intelligence-driven model for the screening of airport employees based on level of employment-related access to Secure Identification Display Areas, Airport Operations Areas, or secure areas at U.S. airports.

 TSA shall conduct an aviation security risk-based review of certain federal disqualifying criminal offenses to determine their appropriateness as a basis for denying an employee a credential that allows unescorted access to Secure Identification Display Areas of airports.

TSA shall provide a redress process for employees subject to an adverse employment decision (including removal or suspension) due to a disqualifying offense that is consistent with the appeals and waiver process for applicants for commercial motor vehicle hazardous materials endorsements and transportation workers at ports.

TSA shall review the auditing procedures for all airport-issued identification media.

TSA shall:

 establish a program to allow airport badging offices to use ""E-Verify"" to determine eligibility to work in the United States of all applicants seeking access to secure areas of airports, establish a process to transmit applicants' biometric fingerprint data to the Office of Biometric Identity Management's Automated Biometrics Identification System for vetting, assess credential application data received by DHS to ensure it is complete and matches data submitted by airport operators. TSA shall establish a nationwide program for the anonymous reporting of violations of airport security.

TSA shall:

 establish a national database of employees who have had either their airport or aircraft operator-issued badge revoked for failure to comply with aviation requirements, determine the appropriate mechanisms for airports and airlines to submit such data and access the database, and establish a process to allow individuals whose names were mistakenly entered into the database to have them removed and their credentialing restored. The Aviation Security Advisory Committee shall update and review airport access controls.

TSA shall conduct a cost and feasibility study of a significant number of Category I, II, and X airports that ensures that all employee entry and exit points that lead to airport secured areas comprise the following:

 a secure door that uses card and pin entry or biometric technology, surveillance video recording capable of storing video data for at least 30 days, and certain advanced screening technologies (including at least one of the following: magnetometer [walk through or hand-held], explosives detection canines or explosives trace detection swabbing, advanced imaging technology, or X-ray bag screening technology). The Government Accountability Office shall assess the quality and reliability of the study.",,False,,"The bill focuses on transportation security regulations and TSA procedures, not on private employer obligations related to employee wages, hours, or benefits."
hr1169-112,112,3/17/2011,"To amend titles 5, 10, and 32, United States Code, to eliminate inequities in the treatment of National Guard technicians, to reduce the eligibility age for retirement for non-Regular service, and for other purposes.",National Guard Technician Equity Act,Armed Forces and National Security,"Government employee pay, benefits, personnel management|Government lending and loan guarantees|Government studies and investigations|Health care coverage and access|Higher education|Military medicine|National Guard and reserves|Student aid and college costs",1,Wage Hour & Benefits,"National Guard Technician Equity Act - Provides a person the right to be employed as a non-dual status technician if: (1) the technician position has been designated to be filled only by a non-dual status technician, or (2) the person occupying the technician position has at least 20 years of service as a dual status military technician. Repeals: (1) the permanent limitation on the number of non-dual status technicians, and (2) the prohibition against overtime pay for National Guard technicians. Provides for: (1) continued compensation for a military technician who was hired as a dual status technician but who is no longer a member of the Selected Reserve; and (2) certain enlistment, reenlistment, and student loan benefits for military technicians. Provides for a technician's rights of grievance, arbitration, appeal, and review beyond the current stage of the adjutant general of the jurisdiction concerned. Makes a dual status military technician eligible for early retirement if separating from the Selected Reserve or ceasing to hold a specified military grade after: (1) completing 25 years of technician service, or (2) becoming 50 years old and completing 20 years of such service. Increases annual paid employment leave to 30 days for reserve or National Guard duty. Revises specified provisions regarding employer health plan contributions for members of a reserve component of the Armed Forces. Reduces to 55 the eligibility age for retired pay for non-regular service.",,False,,"The bill primarily addresses the employment conditions, retirement eligibility, and benefits of National Guard technicians, who are government employees, not private sector employees. It does not relate to private employer obligations on employee wages, hours, or benefits."
hr1077-107,107,3/15/2001,"To provide that pay for prevailing rate employees in Pasquotank County, North Carolina, be determined by applying the same pay schedules and rates as apply with respect to prevailing rate employees in the local wage area that includes Carteret County, North Carolina.",,Government Operations and Politics,Blue collar workers|Federal employees|North Carolina|Pay equity|Salaries,1,Wage Hour & Benefits,"Requires the pay for prevailing rate employees in Pasquotank County, North Carolina, to be fixed and adjusted by applying the same pay schedules and rates as apply with respect to such employees in the local wage area that includes Carteret County, North Carolina.",,False,,"The bill pertains to the pay of federal employees, specifically prevailing rate employees in certain counties in North Carolina, and does not involve private employer obligations."
hr2470-110,110,5/24/2007,To amend the Internal Revenue Code of 1986 to expand the incentives for the construction and renovation of public schools.,America's Better Classrooms Act of 2007,Taxation,Bonds|Building construction|Construction costs|Construction industries|Construction workers|Depressed areas|Elementary and secondary education|Elementary education|Employee selection|Enterprise zones|Government contractors|Income tax|Investments|Land transfers|Maintenance and repair|Public schools|School buildings|Secondary education|Standards|Tax credits|Wages,1;22,Wage Hour & Benefits;Government Contracting,"America's Better Classrooms Act of 2007 - Amends the Internal Revenue Code to allow a tax credit for investment in qualified public school modernization bonds, defined to include: (1) bonds for the construction, rehabilitation, or repair of a public school facility or for the acquisition of land for such facility (qualified school construction bonds); and (2) bonds to finance certain academic programs below the postsecondary level in empowerment zones or enterprise communities (qualified zone academy bonds). Establishes a national limitation on the issuance of such bonds and provides for the allocation of bond amounts among the states according to a specified formula. Terminates the authority for issuance of such bonds after 2009.Amends the General Education Provisions Act to apply certain labor standards to public school construction projects financed by this Act.Amends the Workforce Investment Act of 1998 to require states to establish employment and training programs relating to the construction or reconstruction of public school facilities.",,False,,"The bill primarily focuses on tax credits for public school construction and renovation, which does not relate to private employer obligations on employee wages, hours, or benefits."
hr5207-111,111,5/5/2010,"To amend the Internal Revenue Code of 1986 to improve the operation of employee stock ownership plans, and for other purposes.",Employee Stock Ownership Plan Promotion and Improvement Act of 2010,Taxation,"Employee benefits and pensions|Financial services and investments|Government lending and loan guarantees|Income tax deductions|Income tax exclusion|Income tax rates|Interest, dividends, interest rates|Securities|Small business",1,Wage Hour & Benefits,"Employee Stock Ownership Plan Promotion and Improvement Act of 2010 - Amends the Internal Revenue Code to: (1) exempt certain distributions, including dividends, by S corporations to an employee stock ownership plan (ESOP) from the penalty tax for premature employee benefit plan withdrawals; (2) exempt deductions for ESOP dividends from corporate alternative minimum tax adjustments based on adjusted earnings and profits; (3) allow deferral of the recognition of gain for certain sales to ESOPs sponsored by any domestic corporation, including S corporations; (4) allow reinvestment of ESOP stock proceeds eligible for nonrecognition of gain in certain mutual funds; and (5) modify certain ESOP stock ownership rules. Amends the Small Business Act to allow a majority-owned ESOP business concern to continue to qualify for loans, preferences, and other programs under such Act.",,False,,"The bill primarily focuses on tax treatment and financial incentives related to employee stock ownership plans (ESOPs), which are investment and tax-related mechanisms rather than direct obligations on wages, hours, or benefits."
s3009-114,114,5/26/2016,"A bill to support entrepreneurs serving in the National Guard and Reserve, and for other purposes.",National Guard and Reserve Entrepreneurship Support Act of 2016,Commerce,"Business education|Conflicts and wars|Congressional oversight|Disaster relief and insurance|Government lending and loan guarantees|Military personnel and dependents|National Guard and reserves|Small business|Veterans' education, employment, rehabilitation",1,Wage Hour & Benefits,"National Guard and Reserve Entrepreneurship Support Act of 2016

(Sec. 2) This bill amends the Small Business Act and the Veterans Entrepreneurship and Small Business Development Act of 1999 to revise a condition on the extension of disaster loan assistance to a small business concern that has suffered, or that is likely to suffer, substantial economic injury as the result of an essential employee's being ordered to active military duty during a period of military conflict.

The condition ""being ordered to active military duty during a period of military conflict"" shall change to read ""being ordered to deploy as part of active military duty."" This change shall permit the extension of disaster assistance to a small business concern in such a circumstance even when deployment is not during a period of military conflict.

The same condition is revised in requirements for deferred repayment of principal and interest due on a direct loan to a qualified borrower who is an eligible armed forces reservist and who:

 received a direct loan, including a disaster loan, from the Small Business Administration (SBA) before being ordered to active duty; or is an essential employee ordered to active duty from a small business concern that received a direct loan, including a disaster loan, from the SBA. The President shall report semiannually to specified congressional committees on the number of loans, and their dollar amount, made under the Military Reservist Economic Injury Disaster Loan program, including the subsidy rate of those loans.

(Sec. 3) The SBA shall to make grants and enter into contracts and cooperative agreements with specified public and private entities for outreach programs for the spouses of veterans and members of a reserve component of the armed forces.

 In making such grants the SBA shall establish a National Guard and Reserve Deployment Support and Business Training Program to give training, counseling and other assistance to support members of a reserve component of the armed forces and their spouses.

In establishing this program the SBA may:

 modify existing programs and resources to disseminate pre-deployment and other information specific to members of a reserve component of the Armed Forces and their spouses; collaborate with the National Guard Bureau (NGB), State Adjutant Generals (or their designees), and other public and private partners; and furnish training, information, and other resources to the NGB and State Adjutant Generals (or designees) to support members of a reserve component of the armed forces, their spouses, and the spouses of veterans.",,False,,"The bill primarily focuses on supporting small businesses and entrepreneurs affected by military deployment, not on private employer obligations related to employee wages, hours, or benefits."
hr2831-109,109,6/9/2005,To amend title I of the Employee Retirement Income Security Act of 1974 and the Internal Revenue Code of 1986 to make improvements in benefit accrual standards.,Pension Preservation and Portability Act of 2005,Labor and Employment,"Age discrimination|Civil service retirement|Cost of living adjustments|Defined benefit pension plans|Early retirement|Indexing (Economic policy)|Interest rates|Old age, survivors and disability insurance|Railroad retirement plans",1,Wage Hour & Benefits,"Pension Preservation and Portability Act of 2005 - Amends the Employee Retirement Income Security Act of 1974 (ERISA) and the Internal Revenue Code to require all defined benefit pension plans, including hybrid plans such as a cash balance plan, to comply with certain rules, in cases of reduction in accrued benefits because of attainment of any age, in order to be deemed nondiscriminatory as to age.",,True,enforcement,"The bill amends ERISA to impose rules on defined benefit pension plans to prevent age discrimination, directly affecting private employer obligations regarding employee benefits."
hr2395-112,112,6/24/2011,To amend the Workforce Investment Act of 1998 to permit the establishment of Jobs Corps centers in territories of the United States.,,Labor and Employment,American Samoa|Caribbean area|Employment and training programs|Guam|Northern Mariana Islands|Puerto Rico|U.S. territories and protectorates|Virgin Islands,1,Wage Hour & Benefits,Amends the Workforce Investment Act of 1998 to permit the establishment of Job Corps centers in outlying areas (U.S. territories).,,False,,"The bill focuses on establishing Job Corps centers in U.S. territories, which is related to employment and training programs, not private employer obligations on employee wages, hours, or benefits."
hr4931-107,107,6/13/2002,To provide that the pension and individual retirement arrangement provisions of the Economic Growth and Tax Relief Reconciliation Act of 2001 shall be permanent.,Retirement Savings Security Act of 2002,Labor and Employment,Accidents|Accounting|Aliens|Annuities|Business income tax|Churches|Civil Service pensions|Defined benefit pension plans|Defined contribution plans|Disasters|Dividends|Divorce|Divorcees|Employee ownership|Excise tax|Executive compensation|Executives|Financial planning|Fringe benefits|Government paperwork|Government publicity|Household workers|Income tax|Individual retirement accounts|Life expectancy|Loans|Local employees|Merchant seamen|Pension funds|Pension portability|Personal income tax|Profit sharing|Religion|Small business|State employees|Stockholders|Sunset legislation|Tax administration|Tax credits|Tax deductions|Tax exclusion|Tax penalties|Tax-deferred compensation plans|Tax-exempt organizations|Trusts and trustees|User charges|Valuation|Women|Women's retirement,1,Wage Hour & Benefits,"Retirement Savings Security Act of 2002 - Makes the sunset provisions in Title IX of the Economic Growth and Tax Relief Reconciliation Act of 2001 inapplicable to the pension and individual retirement provisions in Title VI of that Act, which are thus made permanent.",,False,,"The bill makes certain pension and individual retirement provisions permanent, but it does not directly address private employer obligations on employee wages, hours, or benefits."
s2480-114,114,2/2/2016,"A bill to amend title 5, United States Code, to protect unpaid interns in the Federal Government from workplace harassment and discrimination, and for other purposes.",Federal Intern Protection Act of 2015,Government Operations and Politics,"Age discrimination|Disability and health-based discrimination|Employment discrimination and employee rights|Government employee pay, benefits, personnel management|Racial and ethnic relations|Religion|Sex, gender, sexual orientation discrimination|Social work, volunteer service, charitable organizations|Temporary and part-time employment",1;2,Wage Hour & Benefits;Employment Discrimination,"Federal Intern Protection Act of 2015

This bill extends protections against discrimination in a federal workplace based on race, color, religion, sex, national origin, age, or disability to interns (individuals who perform uncompensated voluntary service in a federal agency to earn credit awarded by an educational institution or to learn a trade or occupation) and applicants for internships.",,False,,"The bill addresses protections against discrimination for unpaid interns in the federal government, not obligations of private employers regarding wages, hours, or benefits."
hr2378-108,108,6/5/2003,"To reform the safety practices of the railroad industry, to prevent railroad fatalities, injuries, and hazardous materials releases, and for other purposes.",Railroad Safety Reform Act of 2003,Transportation and Public Works,Administrative fees|Administrative procedure|Administrative remedies|Alcoholism|Auditing|Automation|Business records|Civil actions and liability|Conferences|Conflict of interests|Congressional reporting requirements|Contractors|Criminal justice information|Data banks|Delegation of powers|Department of Transportation|Disciplining of employees|Discrimination in employment|Dismissal of employees|Driver licenses|Drug abuse|Drug abuse treatment|Drunk driving|Electronic data interchange|Emergency communication systems|Employee health benefits|Employee rights|Employee training|Employment tests|Evidence (Law)|Federal advisory bodies|Federal aid to transportation|Federal employees|Federal preemption|Federal-local relations|Federal-state relations|Fines (Penalties)|Fuel storage|Government ethics|Government lending|Government paperwork|Governmental investigations|Grievance procedures|Health surveys|Highspeed ground transportation|Hours of labor|Indexing (Economic policy)|Industrial relations|Labor unions|Leave of absence|Legislation|Licenses|Maintenance and repair|Medical screening|Medical tests|Motor vehicle safety|Noise|Obstruction of justice|Occupational health and safety|Personnel records|Physical examinations|Prosecution|Punitive damages|Radio|Railroad commuting traffic|Railroad employees,1;4;15;22,Wage Hour & Benefits;Workplace Safety;Competition-related Offenses;Government Contracting,"Railroad Safety Reform Act of 2003 - Amends Federal transportation law to revise: (1) the hours of duty limitations with respect to train employees, signal employees, dispatching service employees, and power directors; and (2) certain sleeping quarters limitations with respect to train employees (including signal employees), and individuals employed to maintain the right of way of a railroad carrier. Requires the carrier to provide, among other things, a separate bedroom for each employee or individual. Requires each Class I and Class II railroad carrier to submit to the Secretary of Transportation a fatigue management plan designed to reduce fatigue experienced by railroad employees and the likelihood of accidents and injuries caused by such fatigue.Sets forth certain limitations on duty hours of transport vehicle drivers.Revises certain employee protection requirements prohibiting a railroad carrier from discharging or discriminating against an employee. Prohibits the carrier from threatening, intimidating, or disciplining for, or preventing an employee from notifying such carrier of certain railroad accident/injury-related or hazardous condition information.Makes it unlawful for any person to interfere with a railroad safety investigation, or to influence the testimony of any person or prevent a person from attending such investigation.Sets forth both civil and criminal penalties for violations of this Act.Revises grade crossing safety requirements to require each railroad carrier to: (1) establish a toll-free telephone service to report grade crossing problems; (2) notify trains operating near a grade crossing of any problems there; and (3) ensure placement of signs at each grade crossing displaying toll-free telephone information.Prescribes requirements for: (1) all passenger railroad cars to have emergency windows; (2) installation of passenger railroad signals; and (3) internal and compartmentalized fuel tanks on passenger locomotives.Sets forth certain railroad safety rulemaking and enforcement provisions.",,True,enforcement,"The bill revises hours of duty limitations and employee protection requirements, which directly affect private employer obligations regarding employee hours and protections against discrimination and discharge."
s2284-106,106,3/23/2000,A bill to amend the Fair Labor Standards Act of 1938 to provide for an increase in the Federal minimum wage.,Minimum Wage Increase Act of 2000,Labor and Employment,Minimum wages|Northern Mariana Islands|Territories (U.S.),1,Wage Hour & Benefits,"Minimum Wage Increase Act of 2000 - Amends the Fair Labor Standards Act of 1938 to increase the Federal minimum wage (currently $5.15 per hour) to: (1) $5.65 an hour during the year beginning April 1, 2000; and (2) $6.15 an hour beginning April 1, 2001.Makes Federal minimum wage requirements applicable to the Commonwealth of the Northern Mariana Islands, following a specified transition phase-in.",,True,enforcement,"The bill amends the Fair Labor Standards Act to increase the federal minimum wage, which directly changes the obligations of private employers regarding the wages they must pay their employees."
hr3235-114,114,7/28/2015,"To amend the Public Health Service Act to authorize the Secretary of Health and Human Services, acting through the Administrator of the Health Resources and Services Administration, to make grants to States for screening and treatment for maternal depression.",Bringing Postpartum Depression Out of the Shadows Act of 2015,Health,Child health|Health programs administration and funding|Health promotion and preventive care|Medical tests and diagnostic methods|Mental health|Women's health,1,Wage Hour & Benefits,"Bringing Postpartum Depression Out of the Shadows Act of 2015

This bill amends the Public Health Service Act to authorize the Health Resources and Services Administration (HRSA) to make grants to states to establish, expand, or maintain culturally competent programs for screening and treatment of women who are pregnant, or who have given birth within the preceding 12 months, for maternal depression. The HRSA shall make such grants to at least three states and give priority to states proposing to expand or enhance screening for maternal depression in primary care settings.

Activities eligible for funding: (1) shall include providing appropriate training and relevant resources, including information on maternal depression screening, treatment, follow-up support, and linkages to community-based resources, to health care providers; and (2) may include enabling health care providers to provide or receive real-time psychiatric consultation to aid in the treatment of pregnant and postpartum women, conducting a public awareness campaign, funding start-up costs, and establishing linkages with and among community-based resources.",,False,,"The bill focuses on grants for state programs to screen and treat maternal depression, which does not involve private employer obligations on employee wages, hours, or benefits."
s1541-113,113,9/24/2013,"A bill to appropriate such funds as may be necessary to ensure that members of the Armed Forces, including reserve components thereof, and supporting civilian and contractor personnel continue to receive pay and allowances for active service performed when a Governmentwide shutdown occurs, and for other purposes.",Military Pay Protection Act of 2013,Armed Forces and National Security,"Appropriations|Coast guard|Defense spending|Department of Defense|Department of Homeland Security|Disaster relief and insurance|Executive agency funding and structure|Government employee pay, benefits, personnel management|Military personnel and dependents|Military procurement, research, weapons development|National Guard and reserves|Public contracts and procurement",1,Wage Hour & Benefits,"Military Pay Protection Act of 2013 - Requires the Secretary of the Treasury, during a government-wide shutdown, to make available to the Secretary of Defense (DOD), and the Secretary of Homeland Security (DHS) in the case of the Coast Guard, out of any amounts in the general fund of the Treasury not otherwise appropriated, such amounts as necessary to continue to provide pay and allowances to members of the Army, Navy, Air Force, Marine Corps, and Coast Guard, including reserve components, who perform active service during the funding gap. Allows for the provision of such pay and allowances, at the discretion of the DOD Secretary, to: (1) DOD civilian personnel providing support to such members, and (2) DOD contractor personnel providing direct support to such members.

Makes additional funding available as necessary to prevent interruptions or delays in the performance of domestic disaster relief and recovery operations.

Defines ""government-wide shutdown"" as any portion of a fiscal year during which none of the appropriation bills for the fiscal year have become law and an Act or joint resolution making continuing appropriations for the fiscal year is not in effect.",,False,,"The bill focuses on ensuring pay for military personnel and supporting civilian and contractor personnel during a government shutdown, which does not involve private employer obligations on employee wages, hours, or benefits."
s1151-115,115,5/17/2017,A bill to amend the Internal Revenue Code of 1986 to provide a nonrefundable credit for working family caregivers.,Credit for Caring Act of 2017,Taxation,"Health care costs and insurance|Income tax credits|Long-term, rehabilitative, and terminal care",1,Wage Hour & Benefits,"Credit for Caring Act of 2017

This bill amends the Internal Revenue Code to allow an eligible caregiver a new tax credit for 30% of the cost of long-term care expenses that exceed $2,000, up to $3,000 in a taxable year. The bill defines ""eligible caregiver"" as an individual who has earned income for the taxable year in excess of $7,500 and pays or incurs expenses for providing care to a spouse or other dependent relative with long-term care needs.",,False,,"The bill provides a tax credit for individual caregivers, not for private employers, and does not relate to employer obligations on employee wages, hours, or benefits."
hr808-113,113,2/25/2013,To establish a Department of Peacebuilding.,Department of Peacebuilding Act of 2013,Government Operations and Politics,"Advanced technology and technological innovations|Advisory bodies|Alternative dispute resolution, mediation, arbitration|Arms control and nonproliferation|Assault and harassment offenses|Child health|Commemorative events and holidays|Correctional facilities and imprisonment|Crime prevention|Crime victims|Crimes against children|Crimes against women|Cultural exchanges and relations|Diplomacy, foreign officials, Americans abroad|Domestic violence and child abuse|Drug, alcohol, tobacco use|Economic development|Elementary and secondary education|Employment discrimination and employee rights|Executive agency funding and structure|Firearms and explosives|Foreign aid and international relief|Government information and archives|Higher education|Human rights|International organizations and cooperation|Juvenile crime and gang violence|Mental health|News media and reporting|Preschool education|Racial and ethnic relations|Reconstruction and stabilization|Sex offenses|Sex, gender, sexual orientation discrimination|Teaching, teachers, curricula|United Nations|Violent crime|Women's rights",1;2;12;24,"Wage Hour & Benefits;Employment Discrimination;Fraud, Corruption & Criminal Conduct;Government Reporting & Compliance","Department of Peacebuilding Act of 2013 - Establishes a Department of Peacebuilding, which shall be headed by a Secretary of Peacebuilding (Secretary).

Sets forth the mission of the Department, including: (1) cultivation of peace as a national policy objective; and (2) development of policies that promote national and international conflict prevention, nonviolent intervention, mediation, peaceful conflict resolution, and structured conflict mediation.

Establishes in the Department: (1) the Office of Peace Education and Training, (2) the Office of Domestic Peace Activities, (3) the Office of International Peace Activities, (4) the Office of Technology for Peace, (5) the Office of Arms Control and Disarmament, (6) the Office of Peacebuilding Information and Research, (7) the Office of Human Rights and Economic Rights, and (8) the Intergovernmental Advisory Council on Peace.

Establishes a Federal Interagency Committee on Peace.

Directs the Secretary of Defense (DOD) and the Secretary of State to consult with the Secretary concerning nonviolent means of conflict resolution when a conflict between the United States and any other government or entity is imminent or occurring.

Directs the Secretary to encourage citizens to celebrate the blessings of peace and endeavor to create peace on a Peace Day.",,False,,"The bill establishes a Department of Peacebuilding focused on conflict prevention and resolution, which does not relate to private employer obligations on employee wages, hours, or benefits."
hr3198-114,114,7/23/2015,"To amend the Internal Revenue Code of 1986 to allow a credit to small employers for certain newly hired employees, and for other purposes.",Small Business Jobs Act of 2015,Taxation,Employee hiring|Income tax credits|Small business|Tax-exempt organizations|Unemployment|Wages and earnings,1,Wage Hour & Benefits,"Small Business Jobs Act of 2015

This bill amends the Internal Revenue Code to allow a qualified small employer a business-related tax credit for the cost of hiring up to 5 new employees who work for such employer, on average, at least 30 hours per week. The bill defines ""qualified small employer"" as an employer who: (1) has a place of business in a county with an annual unemployment rate that is at least 1% greater than the national rate for the preceding calendar year; and (2) did not employ fewer than 2, or more than 100, employees in the preceding calendar year. The bill allows an employer who is a tax-exempt organization to claim such credit. The credit is not available for wages paid after December 31, 2017.",,True,tax_credit_introduction,"The bill introduces a new tax credit for small employers who hire new employees, which incentivizes private employer behavior related to employee wages and employment."
hr3384-112,112,11/4/2011,To amend the Internal Revenue Code of 1986 to provide a tax credit for the employment of wounded warriors.,Wounded Warriors Employment Opportunity Act of 2011,Taxation,"Disability and paralysis|Employee hiring|Income tax credits|Veterans' education, employment, rehabilitation",1,Wage Hour & Benefits,"Wounded Warriors Employment Opportunity Act of 2011 - Amends the Internal Revenue Code to increase from $12,000 to $24,000 in taxable years ending before January 1, 2017, the amount of wages which may be taken into account in determining the allowable work opportunity tax credit for the hiring of certain disabled veterans who have been unemployed for six months or more during the one-year period ending on the hiring date.",,True,tax_credit_introduction,"The bill introduces a new tax credit incentive for private employers to hire disabled veterans, which relates to employer obligations on employee wages and employment."
hr6645-110,110,7/29/2008,"To authorize assistance to the Republic of the Philippines for the purpose of providing benefits to certain Filipino World War II veterans, and for other purposes.",Filipino Veterans Assistance Act of 2008,International Affairs,"Asia|Foreign aid and international relief|Philippines|Veterans' education, employment, rehabilitation|Veterans' medical care|Veterans' pensions and compensation",1,Wage Hour & Benefits,"Filipino Veterans Assistance Act of 2008 - Authorizes the President to provide assistance to the Republic of the Philippines to provide benefits to persons (and certain dependents thereof) who served: (1) before July 1, 1946, in the organized military forces of the government of the Commonwealth of the Philippines, while in the service of the Armed Forces of the United States; or (2) in the Philippine Scouts. Includes within the benefits to be provided: (1) compensation for service-connected disabilities; (2) dependency and indemnity compensation; (3) medical care; (4) education benefits; and (5) death pensions.",,False,,"The bill provides assistance to the Republic of the Philippines for benefits to Filipino World War II veterans, which does not involve private employer obligations on employee wages, hours, or benefits."
hr2668-111,111,6/2/2009,"To provide for the offering of an American Trust Health Plan to provide choice in health insurance options so as to ensure quality, affordable health coverage for all Americans.",Choice in Health Options Insures Care for Everyone (CHOICE) Act of 2009,Health,Advisory bodies|Department of Health and Human Services|Employee benefits and pensions|Executive agency funding and structure|Health care costs and insurance|Health care coverage and access|Medicare,1,Wage Hour & Benefits,Choice in Health Options Insures Care for Everyone (CHOICE) Act of 2009 - Establishes the American Trust Health Plan to offer eligible individuals health benefits coverage. Requires the Plan to comply with all requirements that are applicable with respect to other health benefit plans to be offered through a National Health Insurance Exchange. (The Exchange has not yet been established.) Exempts the Plan from state insurance regulations. Treats enrollment with the Plan as satisfying any requirement under federal law for the individual to demonstrate enrollment in health insurance or benefits coverage. Sets forth provisions regarding administration of the Plan. Requires the Plan to be financially self-sustaining insofar as funds to operate the Plan shall be derived from premiums of individuals enrolled under the Plan. Makes the Plan eligible to accept subsides to the same extent as other health benefit plans offered through an Exchange. Prohibits significant changes to the Plan without public notice. Conditions a health care provider's continued participation in the Medicare program on participation in the American Trust Health Plan. Sets payment for health care providers under the Plan at 105% of the payment rates under Medicare. Requires the Administrator of the Plan to set the benefit level and the premiums.,,False,,"The bill primarily focuses on establishing a new health insurance plan and its administration, not on private employer obligations related to employee wages, hours, or benefits."
hr6351-112,112,8/2/2012,To amend chapter 1 of title 9 of United States Code with respect to arbitration.,Fairness in Nursing Home Arbitration Act of 2012,Law,"Aging|Alternative dispute resolution, mediation, arbitration|Contracts and agency|Health facilities and institutions|Long-term, rehabilitative, and terminal care",1,Wage Hour & Benefits,Fairness in Nursing Home Arbitration Act of 2012 - Provides that a pre-dispute arbitration agreement between a long-term care facility and a resident (or anyone acting on the resident's behalf) shall not be valid or specifically enforceable.,,False,,"The bill addresses arbitration agreements between long-term care facilities and residents, not private employer obligations on employee wages, hours, or benefits."
hr2404-114,114,5/18/2015,"To amend title XVIII of the Social Security Act to provide for the coordination of programs to prevent and treat obesity, and for other purposes.",Treat and Reduce Obesity Act of 2015,Health,Health promotion and preventive care|Medicare|Mental health|Nutrition and diet|Physical fitness and lifestyle|Prescription drugs,1,Wage Hour & Benefits,"Treat and Reduce Obesity Act of 2015

Amends title XVIII (Medicare) of the Social Security Act to authorize the Department of Health and Human Services (HHS), in addition to qualified primary care physicians and other primary care practitioners, to cover intensive behavioral therapy for obesity furnished by: (1) a physician who is not a qualified primary care physician; (2) an evidence-based, community-based HHS-approved lifestyle counseling program; or (3) any other appropriate health care provider (including a physician assistant, nurse practitioner, clinical nurse specialist, a clinical psychologist, and a registered dietitian or nutrition professional).

Allows coverage of intensive behavioral therapy for obesity furnished by another appropriate health care provider or program only if it is furnished: (1) upon referral from, and in coordination with, a physician or primary care practitioner in a primary care or other HHS-specified setting; and (2) in an office setting, a hospital outpatient department, a community-based site that complies with the federal regulations concerning the privacy of individually identifiable health information, or another HHS-specified setting.

Authorizes HHS to cover under Medicare part D (Voluntary Prescription Drug Benefit Program) medication for treatment of obesity or for weight loss management for an overweight individual with one or more related comorbidities.",,False,,"The bill primarily involves amendments to Medicare coverage for obesity treatment and does not address private employer obligations on employee wages, hours, or benefits."
s2766-111,111,11/10/2009,A bill to provide for the coverage of medically necessary food under Federal health programs and private health insurance.,Medical Foods Equity Act of 2009,Health,Child health|Digestive and metabolic diseases|Food assistance and relief|Health care costs and insurance|Health care coverage and access|Medicare|Nutrition and diet|Poverty and welfare assistance,1,Wage Hour & Benefits,"Medical Foods Equity Act of 2009 - Amends titles XVIII (Medicare), XIX (Medicaid), and XXI (State Children's Health Insurance Program) (CHIP, formerly known as SCHIP) of the Social Security Act to include coverage of: (1) medically necessary food and food modified to be low protein; and (2) pharmacological doses of vitamins and amino acids used for the treatment of inborn errors of metabolism. Provides for similar coverage under the TRICARE program (military health care). Amends the Employee Retirement Income Security Act (ERISA), the Public Health Service Act, and the Internal Revenue Code to provide coverage in group and individual plans of such food and vitamins and amino acids. Requires the Secretary of Health and Human Services (HHS) to determine the minimum yearly coverage for all health insurance plans based upon the expanded coverage provided by this Act.",,False,,"The bill primarily addresses health insurance coverage requirements for medically necessary food and related treatments, not private employer obligations on employee wages, hours, or benefits."
hr5165-114,114,5/3/2016,"To amend the Family and Medical Leave Act of 1993 to provide a partial exemption to veterans from the eligibility requirements, and for other purposes.",Medical Leave for Disabled Veterans Act,Labor and Employment,"Disability and paralysis|Employee leave|Hospital care|Veterans' education, employment, rehabilitation|Veterans' medical care",1,Wage Hour & Benefits,"Medical Leave for Disabled Veterans Act

This bill amends the Family and Medical Leave Act of 1993 (FMLA) to provide eligibility for specified medical/hospital care for an employee who: (1) has a Department of Veterans Affairs (VA) disability rating of between 30% and 50% and at least 833 hours of service with the employer (from whom leave is requested) during the previous eight-month period, or (2) has a VA disability rating of 60% or higher and at least 625 hours of service with such employer during the previous 6-month period.

Medical/hospital leave shall also be provided to an employee who is not covered by the above provision but who retired from the Armed Forces by reason of a service-connected disability: (1) rated at between 30% and 50% at retirement and who has at least 833 hours of service with such employer during the previous eight-month period, or (2) rated at 60% or higher at retirement and who has at least 625 hours of service with such employer during the previous 6-month period.

(Under current law, employees of an FMLA-covered employer become eligible for medical leave after 12 months on the job and at least 1,250 hours of service with such employer during the previous 12-month period.)

A employee must submit a certification to the employer from the VA or the Department of Defense, as appropriate, to be eligible for such adjustment.",,True,enforcement,"The bill amends the FMLA to change eligibility requirements for medical leave for certain veterans, which directly affects private employer obligations regarding employee leave."
hr5287-107,107,7/26/2002,"To amend title 10, United States Code, to provide for forgiveness of certain overpayments of retired pay paid to deceased retired members of the Armed Forces following death.",Military Retiree Survivor Comfort Act,Armed Forces and National Security,Bank accounts|Collection of accounts|Death|Electronic funds transfers|Military pay|Military pensions|Survivors' benefits,1,Wage Hour & Benefits,Military Retiree Survivor Comfort Act - Requires the United States to forgive any overpayment of military retired or retainer pay for any period after the date of death of the recipient through the last day of the month in which such death occurs if such payment is electronically deposited in an accredited financial institution to a joint account bearing the name of the decedent and the decedent's designated beneficiary.,,False,,"The bill addresses the forgiveness of overpayments of military retired pay, which is a government obligation, not a private employer obligation."
s2992-110,110,5/7/2008,"A bill to amend title 38, United States Code, to enhance housing loan authorities for veterans and to otherwise assist veterans and members of the Armed Forces in avoiding the foreclosure of their homes, and for other purposes.",Armed Forces Housing Security Act,Armed Forces and National Security,Afghanistan|Civil actions and liability|Condominium (Housing)|Counseling|Federally-guaranteed loans|Fees|Fines (Penalties)|Foreclosure|Government publicity|Government trust funds|Iraq|Iraq compilation|Jurisdiction|Liability (Law)|Loan defaults|Middle East and North Africa|Military dependents|Military operations|Mortgages|South Asia|Veterans' loans,1,Wage Hour & Benefits,"Armed Forces Housing Security Act - Increases the maximum loan guaranty amount for certain veterans' housing loans guaranteed through the Department of Veterans Affairs (VA). Directs the Secretary of Veterans Affairs to review and streamline the process for guaranteeing veterans' home loans for the purchase of condominiums. Repeals the veterans' home loan fee. Authorizes the Secretary to provide loans to veterans to refinance loans of up to 100% (currently 90%) of the value of the dwelling or farm residence securing the loan. Allows the VA to guarantee refinanced loans not previously guaranteed by the VA. Amends the Servicemembers Civil Relief Act to extend from 90 days to one year after completion of military service the grace period against the sale, foreclosure, or seizure of a defaulted mortgage. Prohibits a member of the Armed Forces from waiving such protection. Specifically applies such protection to members (regular and reserve) serving on active duty as part of Operations Iraqi Freedom or Enduring Freedom (covered member), and their dependents. Provides protections against loan owners or insurers for loan servicers who implement qualified loan modifications or workout plans for covered members and their dependents. Directs the Secretary of Defense to provide financial services counseling relating to a mortgage and mortgage foreclosure to a veteran, covered member, and their dependents.",,False,,"The bill primarily addresses housing loan authorities and foreclosure protections for veterans and members of the Armed Forces, which are government benefits and not obligations owed by private employers to their employees."
s3010-108,108,11/19/2004,"A bill to amend the Federal Fire Prevention and Control Act of 1974 to authorize the Administrator of the United States Fire Administration to provide assistance to firefighting task forces, and for other purposes.",Firefighters Special Operation Task Force Act,Emergency Management,Chemical industries|Disaster relief|Emergency communication systems|Employee training|Equipment and supplies|Fire departments|Fire fighters|Fire prevention|Grants-in-aid|Infrastructure|Infrastructure (Economics)|Layoffs|Motor vehicles|Nuclear power plants|Petroleum refineries|Police communication systems|Salaries|Terrorism|Weapons of mass destruction,1,Wage Hour & Benefits,"Firefighters Special Operation Task Force Act - Amends the Federal Fire Prevention and Control Act of 1974 to authorize the Administrator of the U.S. Fire Administration to award grants to a task force (two or more fire services operating under a cooperative agreement to coordinate incident response within a geographic area) for: (1) salary and benefits to hire or rehire firefighting personnel to provide services to the task force; (2) expenses related to the participation of firefighting personnel in appropriate training courses offered by the Department of Homeland Security, the National Fire Academy, or a State or local fire academy; (3) training related to incident response; (4) appropriate equipment or support systems for task force members; or (5) improved communications between task force members and a local police department or hospital. Requires the Administrator, in selecting grantees, to give priority to task forces serving geographic areas within 50 miles of: (1) a nuclear power facility; (2) a large facility that produces, treats, or refines chemicals or petroleum products; (3) a business district of national significance; or (4) a location with one or more critical infrastructures. Requires grantees to provide non-Federal matching funds of at least 55 percent of the amount awarded by the Administrator for each fiscal year.",,False,,"The bill focuses on providing grants to firefighting task forces for salaries, training, and equipment, which are not obligations of private employers to their employees."
s2257-113,113,4/28/2014,"A bill to amend the Internal Revenue Code of 1986 to provide an exemption from the tax on early distributions for certain Bureau of Prisons correctional officers who retire before age 55, and for other purposes.",Correctional Officer Fairness Act of 2014,Taxation,"Correctional facilities and imprisonment|Department of Justice|Employee benefits and pensions|Government employee pay, benefits, personnel management|Income tax exclusion|Law enforcement officers|Sales and excise taxes",1,Wage Hour & Benefits,"Correctional Officer Fairness Act of 2014 - Amends the Internal Revenue Code to exempt from the 10% additional tax on early distributions from tax-exempt retirement plans distributions from a thrift savings fund to a qualified federal correctional officer who has reached age 50 or has completed 25 years of credible service, whichever is earlier. Defines ""qualified federal correctional officer"" as an individual who is employed by the Bureau of Prisons as a correctional officer and has completed 20 years of creditable service.",,False,,"The bill pertains to tax exemptions for early distributions from retirement plans for federal correctional officers, which involves government employee benefits rather than private employer obligations."
s1105-114,114,4/28/2015,"A bill to amend title 38, United States Code, to authorize per diem payments under comprehensive service programs for homeless veterans to furnish care to dependents of homeless veterans, and for other purposes.",,Armed Forces and National Security,"Veterans' education, employment, rehabilitation|Veterans' loans, housing, homeless programs",1,Wage Hour & Benefits,Allows services for which a homeless veteran receives a grant under the Department of Veterans Affairs comprehensive service programs for homeless veterans to include furnishing care for a dependent.,,False,,"The bill pertains to VA programs for homeless veterans and their dependents, not private employer obligations on employee wages, hours, or benefits."
hr3279-109,109,7/14/2005,"To amend title 38, United States Code, to reauthorize the Homeless Veterans Reintegration Program for fiscal years 2007 through 2009.",Homeless Veterans Reintegration Program Reauthorization Act of 2005,Armed Forces and National Security,Authorization|Department of Labor|Homeless|Job hunting|Veterans' benefits|Veterans' employment|Vocational guidance,1,Wage Hour & Benefits,Homeless Veterans Reintegration Program Reauthorization Act of 2005 - Reauthorizes appropriations for the homeless veterans reintegration program (to expedite the reintegration of homeless veterans into the labor force) for FY2007-FY2009.,,False,,"The bill reauthorizes a program related to veterans' employment and reintegration, which is a government-funded initiative, not a private employer obligation."
s2499-114,114,2/4/2016,"A bill to amend the Internal Revenue Code of 1986 to improve access to health care through expanded health savings accounts, and for other purposes.",Health Savings Act of 2016,Taxation,"Bankruptcy|Employee benefits and pensions|Health care costs and insurance|Health care coverage and access|Health personnel|Hospital care|Income tax deductions|Indian social and development programs|Inflation and prices|Medicaid|Medicare|Military medicine|Minority health|Nutrition and diet|Physical fitness and lifestyle|Prescription drugs|Religion|Sales and excise taxes|Sports and recreation facilities|Tax administration and collection, taxpayers|Tax treatment of families",1,Wage Hour & Benefits,"Health Savings Act of 2016

This bill amends the Internal Revenue Code, with respect to the taxation of health savings accounts (HSAs), to:

 rename high deductible health plans as HSA-qualified health plans; allow spouses who have both attained age 55 to make increased catch-up contributions to the same HSA; make Medicare Part A (hospital insurance benefits) beneficiaries eligible to participate in an HSA; allow individuals eligible for hospital care or medical services under a medical care program of the Indian Health Service or of a tribal organization to participate in an HSA; allow individuals eligible to receive medical benefits under certain TRICARE plans to participate in an HSA; allow members of a health care sharing ministry to participate in an HSA; allow individuals who receive primary care services in exchange for a fixed periodic fee or payment, or who receive health care benefits from an onsite medical clinic of an employer, to participate in an HSA; include amounts paid for prescriptions and over-the-counter medicines or drugs as ""qualified medical expenses"" for which distributions from an HSA or an Archer Medical Savings Account may be used; and allow HSA distributions to be used to purchase health insurance coverage. The bill amends the federal bankruptcy code to exempt HSAs from creditor claims in bankruptcy.

The bill amends the Social Security Act to reauthorize the use of Medicaid health opportunity accounts.

The bill allows a medical care tax deduction for: (1) exercise equipment, physical fitness programs, and membership at a fitness facility; (2) nutritional and dietary supplements; and (3) periodic fees paid to a primary care physician and amounts paid for pre-paid primary care services.",,False,,"The bill primarily focuses on expanding access to health savings accounts and related tax deductions, which does not directly involve private employer obligations on employee wages, hours, or benefits."
hr6657-115,115,8/7/2018,"To establish a separate account in the Treasury to hold deposits to be used to secure the southern border of the United States, and for other purposes.",Fund and Complete the Border Wall Act,Immigration,,1,Wage Hour & Benefits,"Fund and Complete the Border Wall Act

This bill directs the Department of the Treasury to establish the Secure the Southern Border Fund to provide funds to the Department of Homeland Security (DHS) to: (1) construct a barrier along the U.S.-Mexico international border, and (2) purchase U.S. Border Patrol vehicles and equipment.

DHS shall annually provide the Department of State and Congress with the number of apprehensions and nationality of aliens who illegally entered the United States through the U.S- Mexico land border. The bill reduces by $2,000 per alien the foreign assistance provided to the countries of nationality of such aliens and transfers such revenue to the fund. The State Department may opt to not reduce appropriations to Mexico for military, narcotics control, and anti-terrorism activities.

The Electronic Fund Transfer Act is amended to establish a 5% foreign remittance fee to be transferred to the fund. A foreign country that aids an individual to avoid such fee shall be ineligible for foreign assistance and the visa waiver program.

The bill increases the fee for the alien admission/departure I-94 form and transfers such revenue to the fund, the Land Border Inspection Fee account, and the Border Patrol.

The bill directs DHS by December 31, 2019, to: (1) design and install physical barriers, roads, and technology along the the U.S.-Mexico international border to prevent illegal crossings; and (2) achieve operational control of the U.S. international land and maritime borders.

The Fair Labor Standards Act of 1938 is amended to permit Border Patrol agents to receive overtime pay.",,False,,"The bill primarily focuses on border security and immigration enforcement, including funding for border infrastructure and equipment. It does not address private employer obligations on employee wages, hours, or benefits."
hr31-115,115,1/3/2017,"To provide for the periodic review of the efficiency and public need for Federal agencies, to establish a commission for the purpose of reviewing the efficiency and public need of such agencies, and to provide for the abolishment of agencies for which a public need does not exist.",Federal Sunset Act of 2017,Government Operations and Politics,"Advisory bodies|Congressional oversight|Executive agency funding and structure|Government employee pay, benefits, personnel management|Performance measurement",1,Wage Hour & Benefits,"Federal Sunset Act of 2017

 This bill establishes the Federal Agency Sunset Commission to: (1) submit to Congress a schedule for review by the Commission, at least once every 12 years, of the abolishment or reorganization of each federal executive agency, including advisory committees; (2) review and evaluate the efficiency and public need for each agency using specified criteria; (3) recommend whether each agency should be abolished or reorganized; and (4) report to Congress on all legislation introduced that would establish a new agency or a new program to be carried out by an existing agency. The bill requires the abolishment of any agency within one year of the Commission's review unless the agency is reauthorized by Congress. The deadline for abolishing an agency may be extended for an additional two years by legislation enacted by a super majority of the House of Representatives and the Senate.

 The Commission shall terminate on December 31, 2037.

The Government Accountability Office and the Congressional Budget Office, in cooperation with the Congressional Research Service, shall prepare an inventory of federal programs within each agency, including the budget authority for each such program, to assist Congress and the Commission in carrying out the requirements of this bill.",,False,,"The bill focuses on reviewing and potentially abolishing federal agencies, which does not relate to private employer obligations on employee wages, hours, or benefits."
s211-107,107,1/30/2001,"A bill to amend the Education Amendments of 1978 and the Tribally Controlled Schools Act of 1988 to improve education for Indians, Native Hawaiians, and Alaskan Natives.",Native American Education Improvement Act of 2001,Native Americans,Accounting|Accreditation (Education)|Administrative procedure|Alaska|Auditing|Building construction|Child development|Community colleges|Congressional investigations|Congressional reporting requirements|Construction costs|Department of the Interior|Educational planning|Elementary and secondary education|Elementary school students|Elementary schools|Federal aid to Indians|Federal aid to day care centers|Federal aid to education|Federal aid to higher education|Financial statements|Foundations|Government paperwork|Hawaiians|Higher education|Indian children|Indian education|Indigenous peoples|Maintenance and repair|Minorities|Recruiting of employees|School buildings|Secondary education|Secondary school students|Standards|Student housing|Student transportation|Students' rights|Surveys|Teacher supply and demand|Teachers|Travel costs,1;10;11;24,Wage Hour & Benefits;Securities & Investor Protection;Accounting Financial Reporting & Tax;Government Reporting & Compliance,"Native American Education Improvement Act of 2001 - Amends the Education Amendments of 1978 to revise requirements relating to education programs of the Bureau of Indian Affairs (BIA) of the Department of the Interior.Sets forth requirements for accreditation, and requires published minimum academic standards to be revised and applied to BIA-funded schools not otherwise accredited. Permits BIA-funded schools to elect to meet the applicable standards or be accredited by a tribal, regional, or State accrediting body.Requires the BIA to establish fiscal and accounting standards for all contract and grant schools.Revises requirements relating to: (1) tribal approval for closure or consolidation of certain BIA-funded schools or programs; (2) consideration of applications for contracts or grants for non-BIA-funded schools or for expansion of BIA-funded schools; (3) geographical attendance areas for BIA-funded schools; (4) school facilities construction; (5) BIA-education functions; (6) review and revision of an allotment formula for funding BIA-funded schools; (7) administrative cost grants to tribes or tribal organizations operating grant or contract schools; (8) the system of uniform direct funding and support of BIA-funded schools; (9) the policy for Indian control of Indian education; (10) the recruitment of Indian educators; (11) audits of BIA-funded schools; (12) rights of Indian students attending BIA-funded schools; (13) grants for early childhood development programs; (14) grants for tribal departments of education; and (15) procedures for negotiated rulemaking.Requires joint administrative, transportation, and program cost funds received by BIA-funded schools to be apportioned and retained at such schools. Authorizes their use for schoolwide projects to improve the educational program for all Indian students.Directs the Comptroller General to study the adequacy of funding and related funding formulae for BIA-funded schools.Directs the Secretary to revise national standards for home-living (dormitory) situations at BIA-operated schools, including specified factors.Directs the General Accounting Office to conduct a national survey of the physical conditions of all BIA-funded school facilities. Directs the Secretary to establish a negotiated rulemaking committee to catalogue such conditions for the Secretary and report on school replacement, new construction, and needed renovations and repairs. Requires a long-term construction and replacement priority listing for all BIA-funded education-related facilities. Subjects all functions relating to education at the area or agency level and performed by an education line officer to contracting, unless determined to be inherently Federal functions.Directs the Director to conduct a comprehensive evaluation of BIA-operated schools, in addition to any other program review or evaluation that may be required.Amends the Tribally Controlled Schools Act of 1988 to reauthorize and revise requirements for part B grants to Indian tribes and tribal organizations to operate tribally controlled schools, including BIA-funded schools.Establishes a Tribally Controlled Grant School Endowment Program.",,False,,"The bill focuses on improving education for Native Americans, Native Hawaiians, and Alaskan Natives, specifically through amendments to education-related acts and BIA-funded schools, without addressing private employer obligations on employee wages, hours, or benefits."
s1498-115,115,6/29/2017,"A bill to establish in the Smithsonian Institution a comprehensive American women's history museum, and for other purposes.",Smithsonian American Women's History Museum Act,"Arts, Culture, Religion","District of Columbia|Executive agency funding and structure|Museums, exhibitions, cultural centers|Smithsonian Institution|U.S. history|Women's employment|Women's rights",1,Wage Hour & Benefits,"Smithsonian American Women's History Museum Act

This bill establishes a comprehensive American women's history museum within the Smithsonian Institution in Washington, DC, to provide for: (1) the collection, study, and establishment of programs related to women's contributions that have influenced the direction of the United States; (2) collaboration with other Smithsonian museums and facilities, outside museums, and educational institutions; and (3) the creation of exhibitions and programs that recognize diverse perspectives on women's history and contributions.

The bill establishes a council within the Smithsonian Institution to: (1) make recommendations to the Smithsonian's Board of Regents for the construction of the museum; (2) advise and assist the board on the administration and preservation of the museum; (3) recommend annual operating budgets for the museum; and (4) report annually to the board on the acquisition, disposition, and display of objects related to women's art, history, and culture.

The council shall have sole authority to: (1) acquire artifacts for the museum's collections, (2) dispose of any part of the collections but only if funds generated are used for additions to the collections, (3) specify criteria for the use of the museum's collections and resources, and (4) preserve and maintain the collections.

The museum's director may carry out educational and liaison programs in support of its goals.",,False,,"The bill focuses on establishing a museum within the Smithsonian Institution and does not address private employer obligations related to employee wages, hours, or benefits."
hr4994-107,107,6/21/2002,"To provide for the payment or reimbursement by the Federal Government of special unemployment assistance paid by States to individuals participating in qualified worker training programs, and for other purposes.",Skills and Training Promotion Act,Labor and Employment,Congressional reporting requirements|Dislocated workers|Occupational retraining|Plant shutdowns|State laws|Unemployed|Unemployment insurance,1,Wage Hour & Benefits,Skills and Training Promotion Act - Authorizes Federal payments to States for certain portions of a State's special unemployment assistance for individuals participating in qualified worker training programs.Provides for payment agreements between the Secretary of Labor and States that: (1) have a State unemployment compensation law approved by the Secretary; and (2) are required by State law to pay such special assistance to such trainees.,,False,,"The bill involves federal payments to states for unemployment assistance related to worker training programs, which does not directly relate to private employer obligations on employee wages, hours, or benefits."
s1617-108,108,9/15/2003,A bill to amend the employee Retirement Income Security Act of 1974 and the Internal Revenue Code of 1986 to provide comprehensive pension protection for women.,Women's Pension Protection Act of 2003,Labor and Employment,Administrative procedure|Annuities|Collective bargaining|Defined contribution plans|Divorce|Income tax|Interest|Married people|Railroad retirement plans|Separation (Law)|Survivors' benefits|Tax-deferred compensation plans|Widowers|Widows|Women|Women's retirement,1,Wage Hour & Benefits,"Women's Pension Protection Act of 2003 - Amends the Employee Retirement Income Security Act of 1974 (ERISA) and the Internal Revenue Code (IRC) to require the spouse's consent for distributions from defined contribution plans (DCPs, which include individual account plans such as 401(k) plans). (Current law only requires such consent in the case of defined benefit plans). Applies joint and survivor annuity rules to DCPs. Prescribes requirements for division of pension benefits upon divorce. Directs the Secretary of the Treasury to issue regulations relating to the time and order of issuance of qualified domestic relations orders. Provides for treatment of former spouses as surviving spouses in certain cases. Revises requirements for joint and survivor annuities. Requires pension plans to offer participants the option of a qualified joint and 3/4 survivor annuity (as an alternative to the current qualified joint and survivor annuity). Amends Federal law relating to the Civil Service Retirement System (CSRS) to provide for a survivor annuity to widows, widowers, and certain former spouses of Federal employees who die after having separated from the service with title to a deferred annuity under CSRS, but before attaining the age for such annuity under it (on the same basis as is currently provided to certain survivors of former Members of Congress). Revises CSRS and Federal Employees Retirement System (FERS) requirements for court orders relating to Federal employee retirement benefits for former spouses. Revises the order of precedence for disposition of remaining amounts in thrift savings accounts. Amends the Railroad Retirement Act of 1974 to: (1) entitle divorced spouses to railroad retirement annuities independent of the actual entitlement of the employees; and (2) extend the payment of any portion of Tier II railroad retirement benefits to surviving former spouses pursuant to divorce agreements.",,True,enforcement,"The bill amends ERISA to strengthen protections for spouses in private pension plans, requiring spousal consent for distributions and applying joint and survivor annuity rules to defined contribution plans, which directly affects private employer obligations regarding employee benefits."
hr4810-111,111,3/10/2010,"To amend title 38, United States Code, to make certain improvements in the services provided for homeless veterans under the laws administered by the Secretary of Veterans Affairs.",End Veteran Homelessness Act of 2010,Armed Forces and National Security,"Department of Veterans Affairs|Executive agency funding and structure|Government information and archives|Homelessness and emergency shelter|Veterans' loans, housing, homeless programs",1,Wage Hour & Benefits,"End Veteran Homelessness Act of 2010 - Extends through FY2010, and increases the amount of, the authorization of appropriations for Department of Veterans Affairs (VA) comprehensive service programs for homeless veterans. Revises provisions concerning payments for providing services for homeless veterans to direct the Secretary of Veterans Affairs to annually adjust the rate of such payment to reflect anticipated changes in the cost of furnishing services and to take into account the cost of providing services in a particular geographic area. Directs the Secretary to make such payments quarterly, while requiring quarterly statements from recipients on amounts expended. Requires the Secretary to ensure that each VA medical center that provides treatment and services under the supported housing program of the United States Housing Act of 1937 employs or provides one or more specialists to handle program issues and to conduct outreach to landlords to encourage and facilitate program participation. Directs the Secretary to coordinate with the Secretary of Housing and Urban Development (HUD) to provide assistance to homeless veterans in accessing HUD's Homelessness Prevention and Rapid Re-Housing Program. Authorizes appropriations for FY2012 and thereafter for VA financial assistance for supportive services for very low-income veteran families occupying permanent housing. Authorizes, in connection with VA authority to advertise in the national media concerning available VA benefits, a special emphasis to be placed on promoting awareness of assistance for homeless women veterans and homeless veterans with children.",,False,,"The bill focuses on services and appropriations for homeless veterans under the Department of Veterans Affairs, not on private employer obligations related to employee wages, hours, or benefits."
hr3589-110,110,9/19/2007,To amend the Trade Act of 1974 to extend trade adjustment assistance to certain service workers.,,Foreign Trade and International Finance,Dislocated workers|High technology|Information technology|Location of industries|Service industries|Trade adjustment assistance,1,Wage Hour & Benefits,"Amends the Trade Act of 1974 to allow the filing of a petition with the Secretary of Labor for certification of eligibility to apply for trade adjustment assistance (TAA) by adversely affected workers in a service sector firm or subdivision. Defines ""service sector firm"" as an entity engaged in the business of providing information technology or other high technology services. Revises group eligibility requirements for TAA to cover: (1) a shift, by such workers' firm or subdivision to a foreign country, in provision of services, like or directly competitive with services which are provided by such firm or subdivision; and (2) instances where such workers' firm or subdivision obtains or is likely to obtain such services from a foreign country. Provides for the certification for TAA of adversely affected secondary workers in a service sector firm or subdivision.",,False,,"The bill focuses on extending trade adjustment assistance to service workers affected by foreign trade shifts, which is a form of public assistance, not a private employer obligation related to wages, hours, or benefits."
s177-107,107,1/25/2001,"A bill to amend the provisions of title 39, United States Code, relating to the manner in which pay policies and schedules and fringe benefit programs for postmasters are established.",Postmasters Fairness and Rights Act,Government Operations and Politics,Collective bargaining agreements|Employee-management relations in government|Fringe benefits|Government employee unions|Industrial arbitration|Postal employees|Postal service|Salaries|United States Postal Service,1,Wage Hour & Benefits,"Postmasters Fairness and Rights Act - Amends Federal law to prescribe guidelines within which the Postal Service shall propose changes in pay policies, schedules, and fringe benefit programs affecting postmasters which are to be in effect during the period covered by a collective bargaining agreement between the Postal Service and certain recognized bargaining representatives.Grants certain qualified postmasters' organizations the right to participate in program planning and development pertaining to pay policies, schedules, and fringe benefits.",,False,,"The bill pertains to pay policies and fringe benefits for postmasters, who are government employees, specifically within the United States Postal Service. It does not involve private employer obligations."
s3066-111,111,3/3/2010,A bill to correct the application of the Non-Foreign Area Retirement Equity Assurance Act of 2009 (5 U.S.C. 5304 note) to employees paid saved or retained rates.,,Government Operations and Politics,"Administrative law and regulatory procedures|Employee benefits and pensions|Government employee pay, benefits, personnel management|Inflation and prices|Office of Personnel Management (OPM)",1,Wage Hour & Benefits,"Amends the Non-Foreign Area Retirement Equity Assurance Act of 2009 to require the Director of the Office of Personnel Management (OPM) to prescribe rules governing establishment and adjustment of saved or retained rates for any employee subject to such Act whose rate of pay exceeds applicable pay limitations on the first day of the first pay period beginning on or after January 1, 2010 (currently, beginning on or after January 1, 2012). Requires agencies, until the Director prescribes such rules, for such employees receiving a cost-of-living allowance and a retained rate of pay, to: (1) calculate the retained rate adjustment based on a maximum rate of basic pay, excluding any locality-based comparability payment; and (2) provide an additional adjustment reflecting the full increase in the locality-based comparability payment that would apply to the employee but for receipt of a retained rate. Requires the Director to issue guidance for carrying out this provision. Requires employees in another pay system that receive a retained rate equivalent to the retained rate provided under federal civil service pay retention provisions to be provided equivalent treatment consistent with such Act.",,False,,"The bill pertains to government employee pay and benefits, specifically amending rules for federal employees under the Non-Foreign Area Retirement Equity Assurance Act, and does not involve private employer obligations."
s89-111,111,1/6/2009,"A bill to authorize the Moving to Work Charter program to enable public housing agencies to improve the effectiveness of Federal housing assistance, and for other purposes.",Moving to Work Charter Program Act of 2009,Housing and Community Development,Advisory bodies|Housing and community development funding|Low- and moderate-income housing|Public contracts and procurement|Public housing,1,Wage Hour & Benefits,"Moving to Work Charter Program Act of 2009 - Directs the Secretary of Housing and Urban Development to enter into charter contracts, beginning in FY2010, with up to 250 public housing agencies administering the public housing program or the section 8 housing assistance program under the United States Housing Act of 1937. States that such charter contracts shall: (1) supersede and have a term commensurate with any annual contributions contract between a public housing agency and the Secretary; and (2) provide that a participating public housing agency shall receive capital and operating assistance allocated to it under specified laws. Exempts charter contracts from the requirements of the United States Housing Act of 1937, except those for payment of wages prevailing in the community and the demolition and disposition of public housing. Requires a charter contract to provide that a public housing agency: (1) may combine section 8 low-income assistance and Public Housing Capital and Operating Fund assistance and use it for housing assistance and related services for activities under this Act; (2) shall ensure that at least 75% of the families assisted are very low-income families; (3) shall establish a reasonable rent policy designed to encourage employment, self-sufficiency, and home ownership by participating families; and (4) meet specified additional requirements. Directs the Secretary to appoint a federal advisory committee to assess and develop a demonstration program to test standards, criteria, and practices for a national public housing agency accreditation system or other evaluation system.",,False,,"The bill focuses on public housing agencies and federal housing assistance programs, not on private employer obligations related to employee wages, hours, or benefits."
hr6373-111,111,9/29/2010,To amend title XIX of the Social Security Act to improve access to advanced practice nurses and physician assistants under the Medicaid Program.,Medicaid Advanced Practice Nurses and Physician Assistants Access Act of 2009,Health,Health care costs and insurance|Health care coverage and access|Health personnel|Medicaid|Nursing,1,Wage Hour & Benefits,"Medicaid Advanced Practice Nurses and Physician Assistants Access Act of 2009 [sic] - Amends title XIX (Medicaid) of the Social Security Act to eliminate the state option to include nurse practitioners, certified nurse-midwives, and physician assistants as primary care case managers. Specifies as primary care case managers any nurse practitioner, certified nurse-midwife, or physician assistant that provides primary care case management services under a primary care case management contract. Revises the coverage of certain nurse practitioner services under the Medicaid fee-for-service program to remove the specification of certified pediatric nurse practitioner and certified family nurse practitioner in order to extend such coverage to services furnished by a nurse practitioner or clinical nurse specialist. Includes nurse practitioners, clinical nurse specialists, physician assistants, certified nurse midwives, and certified registered nurse anesthetists in the mix of service providers which Medicaid managed care organizations are required to maintain.",,False,,"The bill focuses on improving access to advanced practice nurses and physician assistants under the Medicaid program, which is a government-run program, and does not involve private employer obligations on employee wages, hours, or benefits."
hr2292-111,111,5/6/2009,"To amend the Employee Retirement Income Security Act of 1974, the Public Health Service Act, and the Internal Revenue Code of 1986 to require coverage of preventive care for children.",Healthy Kids for Healthy Futures Act of 2009,Health,Child health|Employee benefits and pensions|Health care costs and insurance|Health care coverage and access|Health promotion and preventive care|Income tax deductions,1,Wage Hour & Benefits,"Healthy Kids for Healthy Futures Act of 2009 - Amends the Employee Retirement Income Security Act of 1974 (ERISA), the Public Health Service Act, and the Internal Revenue Code to require a group health plan to provide coverage for appropriate preventive care for a participant's dependent child who is not more than 18 years of age. Defines ""appropriate preventive care"" to mean medical care that meets the most recent Bright Futures Guidelines for Health Supervision of Infants, Children, and Adolescents. Prohibits a group health plan from imposing any cost-sharing for such preventive services. Prohibits a group health plan from taking specified actions to avoid the requirements of this Act. Applies the provisions of this Act to individual health insurance coverage. Excludes a plan from being treated as a high deductible health plan unless the requirements of this Act are met.",,True,enforcement,"The bill amends ERISA to require private employer group health plans to cover preventive care for children, thus changing the stringency of rules governing private employer obligations regarding employee benefits."
s2935-115,115,5/23/2018,"A bill to prioritize and support the Human Intervention Motivation Study (HIMS) program for flight crewmembers and the Flight Attendant Drug and Alcohol Program (FADAP) for flight attendants, and for other purposes.",Transportation Workforce Recovery and Retention Act,Transportation and Public Works,,1,Wage Hour & Benefits,"Transportation Workforce Recovery and Retention Act

 This bill directs the Federal Aviation Administration to continue to prioritize and support the Human Intervention Motivation Study (HIMS) program for flight crewmembers and the Flight Attendant Drug and Alcohol Program (FADAP) for flight attendants.

The Transportation Research Board shall conduct a study on the HIMS program and the FADAP and make recommendations to the Federal Aviation Administration and the Department of Transportation on how to implement similar programs to help other types of transportation workers get treatment for drug and alcohol abuse and return to work.",,False,,"The bill focuses on supporting and studying programs related to drug and alcohol treatment for transportation workers, not on private employer obligations regarding wages, hours, or benefits."
hr3968-110,110,10/25/2007,To amend title XVIII of the Social Security Act to provide for Medicare coverage of services of qualified respiratory therapists performed under the general supervision of a physician.,Medicare Respiratory Therapy Initiative Act of 2007,Health,Medical fees|Medical personnel|Medicare|Respiratory diseases,1,Wage Hour & Benefits,Medicare Respiratory Therapy Initiative Act of 2007 - Amends title XVIII (Medicare) of the Social Security Act to cover the services of a qualified respiratory therapist performed under the general supervision of a physician.,,False,,"The bill pertains to Medicare coverage for respiratory therapy services, which involves government payment rates to providers, not private employer obligations on employee wages, hours, or benefits."
hjres124-115,115,12/13/2017,"Making further additional continuing appropriations for fiscal year 2018, and for other purposes.",,Economics and Public Finance,"Appropriations|Budget process|Caribbean area|Child health|Defense spending|Department of Defense|Digestive and metabolic diseases|Executive agency funding and structure|Gambling|Health care costs and insurance|Health care coverage and access|Health facilities and institutions|Health programs administration and funding|Health promotion and preventive care|Indian social and development programs|Medicaid|Medical education|Medicare|Military procurement, research, weapons development|Minority health|Nuclear weapons|Puerto Rico|Sex and reproductive health|U.S. territories and protectorates|Veterans' medical care|Virgin Islands",1;10;14;23,Wage Hour & Benefits;Securities & Investor Protection;Consumer Protection;Healthcare Fraud & Compliance,"DIVISION A--FURTHER ADDITIONAL CONTINUING APPROPRIATIONS ACT, 2018

Further Additional Continuing Appropriations Act, 2018 

This division amends the Continuing Appropriations Act, 2018 to provide continuing FY2018 appropriations to most federal agencies through January 19, 2018 (December 22, 2017, under current law). It prevents a partial government shutdown that would otherwise occur when the existing continuing resolution expires because the FY2018 appropriations bills have not been enacted.

It also exempts security spending from sequestration (automatic spending cuts) for FY2018 and delays the sequestration for nonsecurity spending.

DIVISION B--DEFENSE APPROPRIATIONS

This division provides appropriations to the Department of Defense for the remainder of FY2018, including emergency appropriations for missile defense programs.

DIVISION C--CHAMPIONING HEALTHY KIDS ACT

Continuing Community Health And Medical Professional Programs to Improve Our Nation, Increase National Gains, and Help Ensure Access for Little Ones, Toddlers, and Hopeful Youth by Keeping Insurance Delivery Stable Act of 2017 or the CHAMPIONING HEALTHY KIDS Act 

This division extends the Children's Health Insurance Program (CHIP) through FY2022 and also extends several other public health programs.

The division also increases Medicaid funding for Puerto Rico and the Virgin Islands through FY2019 and modifies the Medicaid payment reductions for disproportionate-share hospitals (which receive additional payment under Medicaid for treating a large share of low-income patients).

In addition, the bill:

 modifies the grace period for paying health insurance premiums under the Patient Protection and Affordable Care Act, reduces appropriations for the Prevention and Public Health Fund, alters third-party liability rules under Medicaid and CHIP, modifies the treatment of lottery winnings and other lump-sum income under Medicaid income eligibility rules, and eliminates Medicare premium subsidies for beneficiaries with annual incomes exceeding $500,000. DIVISION D--OTHER MATTERS

This division provides funding for the Veterans Choice Program, which allows veterans to receive health care from providers outside of the Department of Veterans Affairs facilities.",,False,,"The bill primarily involves federal appropriations and funding for government programs, including defense and health care, without addressing private employer obligations on employee wages, hours, or benefits."
hr2083-114,114,4/29/2015,"To amend title XVIII of the Social Security Act to provide for patient protection by establishing safe nurse staffing levels at certain Medicare providers, and for other purposes.",Registered Nurse Safe Staffing Act of 2015,Health,Employment discrimination and employee rights|Health care quality|Health information and medical records|Health personnel|Hospital care|Medicare|Nursing,1,Wage Hour & Benefits,"Registered Nurse Safe Staffing Act of 2015

 Amends title XVIII (Medicare) of the Social Security Act to require each Medicare participating hospital to implement a hospital-wide staffing plan for nursing services furnished in the hospital.

Requires the plan to require that an appropriate number of registered nurses provide direct patient care in each unit and on each shift of the hospital to ensure staffing levels that: (1) address the unique characteristics of the patients and hospital units; and (2) result in the delivery of safe, quality patient care consistent with specified requirements.

Requires each participating hospital to establish a hospital nurse staffing committee which shall implement such plan.

Specifies civil monetary and other penalties for violation of the requirements of this Act.

Sets forth whistleblower protections against discrimination and retaliation involving patients or employees of the hospital for their grievances, complaints, or involvement in investigations relating to such plan.",,False,,"The bill primarily addresses staffing requirements for Medicare providers, which are healthcare facilities, not private employers. It does not directly relate to private employer obligations on employee wages, hours, or benefits."
hr4349-109,109,11/16/2005,To require Medicare providers to disclose publicly staffing and performance in order to promote improved consumer information and choice.,Patient Safety Act of 2005,Health,Accreditation (Medical care)|Ambulatory care|Case mix (Medical care)|Clinics|Congressional reporting requirements|Consumer complaints|Consumer education|Disciplining of employees|Discrimination in employment|Dismissal of employees|Drug utilization|Electronic government information|Fines (Penalties)|Government paperwork|Government publicity|Hospital care|Hospital personnel|Hours of labor|Internet|Kidney diseases|Licenses|Medicaid|Medical records|Medical statistics|Medicare|Mortality|Nurses|Occupational health and safety|Paramedical personnel|Psychiatric hospitals|Quality of care|Rural health|Surgery|Ulcers|Urology|Web sites|Whistle blowing,1;24,Wage Hour & Benefits;Government Reporting & Compliance,"Patient Safety Act of 2005 - Requires any provider under the Medicare program (title XVIII of the Social Security Act ), as a condition of continued participation in such program, to make publicly available information regarding nurse staffing and patient outcomes as specified by the Secretary. Requires the public availability of data regarding complaints filed with the state agency, the Centers for Medicare & Medicaid Services, or an accrediting agency, compliance with the standards of which have been deemed to demonstrate Medicare participation compliance, and data regarding investigations and findings as a result of those complaints and the findings of scheduled inspection visits.Requires the Secretary to provide for the auditing of such information for accuracy as a part of the process of determining whether a provider is eligible for continued participation in the Medicare program. Amends SSA title XVIII and XIX (Medicaid) to provide for public disclosure of accurate data on nursing facility staffing. Creates a staffing quality measure for consumers to compare nursing facilities. Prohibits adverse employment actions by Medicare providers against their employees for notifying the provider, or any federal or state agency or accreditation agency, of conditions which are dangerous or potentially dangerous to patients.",,False,,"The bill primarily involves Medicare providers and their obligations under the Medicare program, not private employer obligations to their own employees regarding wages, hours, or benefits."
hr4537-113,113,4/30/2014,To amend the Internal Revenue Code of 1986 to exclude from gross income amounts received for personal injuries or sickness resulting from service as a qualified public safety employee.,,Taxation,"Disability assistance|Emergency medical services and trauma care|Fires|First responders and emergency personnel|Government employee pay, benefits, personnel management|Health personnel|Income tax exclusion|Law enforcement officers|State and local government operations",1,Wage Hour & Benefits,"Amends the Internal Revenue Code to exclude from gross income, for income tax purposes, amounts received as a pension, annuity, or similar allowance for personal injuries or sickness resulting from service as a qualified public safety employee (defined as a state or local employee who provides police protection, firefighting services, or emergency medical services).",,False,,"The bill pertains to tax exclusions for pensions or allowances received by state or local government employees, not private employer obligations on employee wages, hours, or benefits."
hr2686-112,112,7/28/2011,"To amend part A of title IV of the Social Security Act to exclude child care from the determination of the 5-year limit on assistance under the temporary assistance for needy families program, and for other purposes.",Children First Act of 2011,Social Welfare,Appropriations|Business records|Child care and development|Child health|Child safety and welfare|Employment and training programs|Poverty and welfare assistance|State and local government operations,1,Wage Hour & Benefits,"Children First Act of 2011 - Amends part A (Temporary Assistance for Needy Families) (TANF) of the Social Security Act (SSA) to: (1) exclude child care assistance from the determination of the five-year limit on assistance under TANF, and (2) increase funding for child care. Requires the plans submitted to the Secretary of Health and Human Services (HHS) by eligible states to contain provisions for certification of procedures to ensure that child care providers comply with applicable state or local health and safety standards. Increases from 6 to 13 the maximum age allowed of a child under the care of a single custodial parent or other individual with custody who will not be subject to a reduction or termination of TANF assistance as a result of a refusal of the individual to engage in work. Subjects to the individual and case data reporting requirements of the Child Care and Development Block Grant Act of 1990 any TANF funds expended for child care, whether or not transferred to that Act, and exempts such funds from SSA reporting requirements.",,False,,"The bill primarily amends the Temporary Assistance for Needy Families (TANF) program, a public assistance program, and does not address private employer obligations on employee wages, hours, or benefits."
hr3099-114,114,7/16/2015,"To provide for the establishment and maintenance of a National Family Caregiving Strategy, and for other purposes.",RAISE Family Caregivers Act,Health,"Advisory bodies|Aging|Disability and paralysis|Family services|Health programs administration and funding|Long-term, rehabilitative, and terminal care|Medicaid|Medicare",1,Wage Hour & Benefits,"Recognize, Assist, Include, Support, and Engage Family Caregivers Act of 2015 or the RAISE Family Caregivers Act

This bill directs the Department of Health and Human Services (HHS) to develop, maintain, and periodically update a National Family Caregiving Strategy.

 HHS shall convene a Family Caregiving Advisory Council to advise it on recognizing and supporting family caregivers.

Federal departments and agencies must share with HHS any data they maintain that HHS needs to prepare the initial and updated Strategies.",,False,,"The bill focuses on establishing a strategy for family caregiving, which involves government agencies and does not impose obligations on private employers regarding employee wages, hours, or benefits."
hr4259-111,111,12/10/2009,"To facilitate foreign investment by permanently reauthorizing the EB-5 regional center program, and for other purposes.",Employment Benefit Act,Immigration,Business investment and capital|Employment and training programs|Government studies and investigations|Immigration status and procedures|U.S. and foreign investments|User charges and fees|Visas and passports,1;15,Wage Hour & Benefits;Competition-related Offenses,"Employment Benefit Act - Amends the Departments of Commerce, Justice, and State, the Judiciary, and Related Agencies Appropriations Act, 1993 to: (1) make the alien investor visa (EB-5) regional center program permanent; (2) establish a $2,500 regional center designation fee; and (3) increase visa set-asides for such program. Amends the Immigration and Nationality Act regarding EB-5 provisions to: (1) establish a $2,500 premium processing fee; (2) establish in the Treasury the Immigrant Entrepreneur Regional Account Center; (3) permit concurrent filing for EB-5 petitions and status adjustment applications; (4) expand the definition of ""targeted employment area"" for purposes of visa set-asides; and (5) expand EB-5 eligibility to include investors who have completed investment agreements with a qualified venture capital operating company or with an ""angel investor"" (U.S. citizen- or permanent resident-owned entity or an entity that has made specified commercial enterprise investments).",,False,,"The bill primarily addresses immigration and investment issues related to the EB-5 visa program, which facilitates foreign investment in the U.S. It does not pertain to private employer obligations on employee wages, hours, or benefits."
s1623-113,113,10/30/2013,A bill to amend the Fair Labor Standards Act of 1938 to provide compensatory time for employees in the private sector.,Working Families Flexibility Act of 2013,Labor and Employment,Administrative remedies|Civil actions and liability|Congressional oversight|Department of Labor|Employee leave|Employment discrimination and employee rights|Government studies and investigations|Labor standards|Labor-management relations|Wages and earnings,1,Wage Hour & Benefits,"Working Families Flexibility Act of 2013 - Amends the Fair Labor Standards Act of 1938 to authorize private employers to provide compensatory time off to private employees at a rate of 1 1/2 hours per hour of employment for which overtime compensation is required. Authorizes an employer to provide compensatory time only if it is in accordance with an applicable collective bargaining agreement or, in the absence of such an agreement, an agreement between the employer and employee.

Prohibits an employee from accruing more than 160 hours of compensatory time. Requires an employee's employer to provide monetary compensation, after the end of a calendar year, for any unused compensatory time off accrued during the preceding year.

Requires an employer to give employees 30-day notice before discontinuing compensatory time off.

Prohibits an employer from intimidating, threatening, or coercing an employee in order to: (1) interfere with the employee's right to request or not to request compensatory time off in lieu of payment of monetary overtime compensation, or (2) require an employee to use such compensatory time.

Makes an employer who violates such requirements liable to the affected employee in the amount of the compensation rate for each hour of compensatory time accrued, plus an additional equal amount as liquidated damages, reduced for each hour of compensatory time used.

Directs the Comptroller General (GAO) to report to Congress every three years on: (1) the extent to which employers provide compensatory time off and employees opt to receive it; (2) the number of complaints filed by an employee with the Secretary of Labor alleging a violation of the requirements as well as enforcement actions commenced by the Secretary on behalf of an aggrieved employee; (3) the disposition of such complaints and actions; and (4) any unpaid wages, damages, penalties, injunctive relief, or other remedies sought by the Secretary in connection with such actions.",,True,enforcement,"The bill amends the Fair Labor Standards Act to regulate private employer obligations regarding compensatory time off, including enforcement provisions against employer misconduct."
hr1691-107,107,5/2/2001,To amend the Service Contract Act of 1965 to provide for the responsibility in certain cases of a parent corporation of a Federal contractor to provide health care benefits to retired employees of the contractor if the contractor fails to provide such benefits.,Service Contract Health Security Act,Government Operations and Politics,Collective bargaining agreements|Government contractors|Government service contracts|Retiree health benefits|Subsidiary corporations,1,Wage Hour & Benefits,"Service Contract Health Security Act - Amends the Service Contract Act of 1965 to require to be included within service contract labor standards a provision specifying that if the contract or applicable collective bargaining agreement required that the contractor provide health care to contractor employees performing work under the contract and the employees retired before the contract was terminated, the parent corporation shall be responsible providing such health care coverage to such retired employees if the contractor fails to do so.",,True,other,"The bill amends the Service Contract Act to impose an obligation on parent corporations of federal contractors to provide health care benefits to retired employees if the contractor fails to do so, which relates to private employer obligations on employee benefits."
hr5068-107,107,7/8/2002,To amend title XIX of the Social Security Act to expand the current provision of medical assistance to certain uninsured women who have been screened and found to have breast or cervical cancer to also cover ovarian and uterine cancer.,Ovarian and Uterine Cancer Prevention and Treatment Act of 2002,Health,Cancer|Medicaid|Medical screening|Medical tests|Medically uninsured|Ovarian cancer|Welfare eligibility|Women|Women's health,1,Wage Hour & Benefits,Ovarian and Uterine Cancer Prevention and Treatment Act of 2002 - Amends title XIX (Medicaid) of the Social Security Act to allow State plans for medical assistance the option to provide medical treatment for ovarian or uterine cancer to certain individuals who have been screened for such cancer under an appropriate program of the Centers for Disease Control and Prevention.,,False,,"The bill amends Medicaid provisions to expand medical assistance for certain cancers, which involves government healthcare programs rather than private employer obligations."
hr351-109,109,1/25/2005,To repeal the sunset on the increased assistance pursuant to the dependent care tax credit provisions of the Economic Growth and Tax Relief Reconciliation Act of 2001 and to make the credit refundable.,,Taxation,Adult day care|Caregivers|Costs|Day care|Disabled|Income tax|Married people|Sunset legislation|Tax credits|Tax refunds,1,Wage Hour & Benefits,Amends the Economic Growth and Tax Relief Reconciliation Act of 2001 to make permanent the increases in assistance pursuant to the dependent care tax credit. Amends the Internal Revenue Code to make such credit refundable.,,False,,"The bill focuses on making the dependent care tax credit permanent and refundable, which is related to individual tax benefits rather than private employer obligations on employee wages, hours, or benefits."
s2461-113,113,6/11/2014,"A bill to amend title XXI of the Social Security Act to extend and improve the Children's Health Insurance Program, and for other purposes.",CHIP Extension Act of 2014,Health,"Adoption and foster care|Advisory bodies|Appropriations|Child health|Congressional oversight|Dental care|Disability and paralysis|Employee benefits and pensions|Foreign language and bilingual programs|Government employee pay, benefits, personnel management|Government trust funds|Health care costs and insurance|Health care coverage and access|Health care quality|Health information and medical records|Health programs administration and funding|Health promotion and preventive care|Immunology and vaccination|Juvenile crime and gang violence|Medicaid|Medical tests and diagnostic methods|Performance measurement|Poverty and welfare assistance|State and local government operations|Women's health",1,Wage Hour & Benefits,"CHIP Extension Act of 2014 - Revises and extends through FY2019 at generally increased levels the program under title XXI (State Children's Health Insurance) (CHIP) of the Social Security Act (SSA), and adjusts CHIP allotment requirements accordingly, including the rebasing and growth factor update rules for computing state allotments.

Sets forth new requirements for the enrollment and retention of children for fiscal years after FY2014. Establishes in the Treasury the CHIP Shortfall Fund, which shall be available without further appropriations for payments to shortfall states whose projected CHIP expenditures for the fiscal year will exceed a specified amount.

Gives states the option to increase up to 26 the upper age limit for CHIP-eligible children with special health care needs.

Requires a state to establish procedures to eliminate gaps in coverage and to assist a child's and pregnant woman's transition: (1)  from coverage under the state plan under SSA title XIX (Medicaid) or the state CHIP plan to coverage under a qualified health plan offered through an Exchange, and (2) from coverage under a qualified health plan to coverage under a state Medicaid or CHIP plan.

Directs the Secretary to develop comparability standards with respect to affordability, benefits, and network adequacy which qualified health plans offered by a state-established Exchange must meet to be certified for such transitions.

Amends the Internal Revenue Code, with respect to minimum essential coverage for a targeted pregnant low-income woman under CHIP, to exclude from such coverage, at a woman's option, pregnancy-related assistance.

Provides automaticenrollment under CHIP for newborns.

Amends SSA title XIX (Medicaid) to give states the option to extend express lane eligibility to pregnant women.

Makes permanent the express lane option and the CHIP outreach and enrollment grant program.

Requires a national campaign to increase enrollment in CHIP or Medicaid of children from families that speak a language other than English.

Limits to 5% of family income the total annual aggregate amount of any premium, enrollment fee, deduction or other cost sharing imposed under a Medicaid plan with respect to individuals and their families..

Amends SSA title XXI to prohibit cost-sharing for pregnancy-related assistance. Imposes under CHIP a certain limit on cost-sharing for dental-only supplemental coverage.

Amends SSA titles XIX and XXI to cover preventive services for children or pregnant women without cost-sharing.

Amends SSA title XIX to cover newly approved vaccines within 30 days after the Advisory Committee on Immunization Practices approves them.

Treats CHIP-eligible children as federally vaccine-eligible children.

Makes permanent the program for the distribution of pediatric vaccines.

Amends SSA title XI to extend the pediatric quality measures program. Requires the Secretary to establish a program to continue and enhance pediatric quality measures program centers of excellence.

Revises requirements for initial core measures.

Directs the Secretary to convene a panel of health experts to establish priorities and goals for child health as recommended in a specified report by the Institute of Medicine.

Modifies and extends the Demonstration Projects for Improving the Quality of Children's Health Care and the Use of Health Information Technology.

Extends funding for Childhood Obesity Demonstration Projects and maternal, infant, and early childhood home visiting programs.

Directs the Comptroller General (GAO) to study each state in which individuals eligible for Medicaid or CHIP are provided such assistance through enrollment in a qualified health plan or employer-sponsored insurance.",,False,,"The bill primarily focuses on extending and improving the Children's Health Insurance Program (CHIP) and related Medicaid provisions, which are government programs, not obligations owed by private employers to their employees."
hr476-108,108,1/29/2003,To provide that service of the members of the organization known as the United States Cadet Nurse Corps during World War II constituted active military service for purposes of laws administered by the Secretary of Veterans Affairs.,United States Cadet Nurse Corps Equity Act of 2003,Armed Forces and National Security,History|Military discharges|Military medicine|Nurses|Veterans' benefits|Women|Women veterans|World War II,1,Wage Hour & Benefits,"United States Cadet Nurse Corps Equity Act of 2003 - Deems service of a person as a member of the United States Cadet Nurse Corps between July 1, 1943, and December 15, 1945 (qualified service), to be active military service for purposes of all laws administered by the Department of Veterans Affairs.Requires: (1) the Secretary of Defense to issue an honorable discharge to each person whose qualified service warrants one; and (2) the discharge to be issued before the end of the one-year period beginning on the enactment of this Act.Prohibits benefits from being paid to persons as a result of such enactment for any period before the enactment date.",,False,,"The bill pertains to recognizing service in the United States Cadet Nurse Corps as active military service for veterans' benefits purposes, which involves government obligations, not private employer obligations."
s1781-112,112,11/2/2011,"A bill to amend the Internal Revenue Code of 1986 to exclude from gross income amounts received on account of claims based on certain unlawful discrimination and to allow income averaging for backpay and frontpay awards received on account of such claims, and for other purposes.",Civil Rights Tax Relief Act of 2011,Taxation,"Civil actions and liability|Employment discrimination and employee rights|Income tax exclusion|Tax administration and collection, taxpayers|Wages and earnings",1;2,Wage Hour & Benefits;Employment Discrimination,"Civil Rights Tax Relief Act of 2011 - Amends the Internal Revenue Code to allow: (1) an exclusion from gross income for amounts received on account of an unlawful discrimination claim, (2) income averaging for backpay and frontpay amounts received from such claims, and (3) an exemption from the alternative minimum tax (AMT) for any tax benefit resulting from the income averaging of amounts received from an unlawful discrimination claim.",,False,,"The bill focuses on tax treatment of compensation received from discrimination claims, not on private employer obligations regarding wages, hours, or benefits."
hr1312-112,112,4/1/2011,"To amend the Internal Revenue Code of 1986 to allow an increased work opportunity credit with respect to recent veterans, and for other purposes.",Jobs for Veterans Act of 2011,Armed Forces and National Security,"Income tax credits|Veterans' education, employment, rehabilitation",1,Wage Hour & Benefits,"Jobs for Veterans Act of 2011 - Amends the Internal Revenue Code to allow an increased work opportunity tax credit for the hiring in 2011 or 2012 of veterans discharged or released from active military duty after September 11, 2001. Reduces amounts authorized to be appropriated to the Department of Veterans Affairs for general administration in FY2011 and FY2012 to offset the cost of the increased credit allowed by this Act.",,True,tax_credit_introduction,"The bill introduces an increased work opportunity tax credit for hiring veterans, which incentivizes private employer behavior related to employee wages or employment status."
hr1462-108,108,3/27/2003,"To authorize assistance for individuals with disabilities in foreign countries, including victims of warfare and civil strife, and for other purposes.",International Disability and Victims of Warfare and Civil Strife Assistance Act of 2003,International Affairs,Civil War|Communication in medicine|Counseling|Data banks|Disabled|Economic assistance|Elementary and secondary education|Emergency medicine|Employee training|Epidemiology|Health education|Health information systems|Health planning|Higher education|Land mines|Medical education|Medical research|Medical supplies|Mental health services|Minesweeping|Nongovernmental organizations|Physical therapy|Post-traumatic stress disorder|Prosthesis|Rehabilitation of the disabled|Surgery|Technical assistance|Trauma care|Vocational and technical education|War relief,1,Wage Hour & Benefits,"International Disability and Victims of Warfare and Civil Strife Assistance Act of 2003 - Amends the Foreign Assistance Act of 1961 to authorize the President to furnish medical, rehabilitation, prosthetic, orthotic, and other specified kinds of assistance to individuals with disabilities, including victims of civil strife and warfare, in foreign countries. Requires such assistance, to the maximum extent feasible, to be provided through nongovernmental organizations (NGOs), and, as appropriate, through governments to establish appropriate norms, standards, and policies related to rehabilitation and issues affecting such individuals. Authorizes the Secretary of Health and Human Services, acting through the Director of the Centers for Disease Control and Prevention, to: (1) conduct programs in foreign countries related to individuals with disabilities, including victims of landmines and other victims of civil strife and warfare; and (2) provide grants to NGOs to carry out research, prevention, public awareness, and assistance programs in foreign countries related to such individuals. Requires any such programs in foreign countries to be carried out only in coordination with the Administrator of the United States Agency for International Development (USAID), and upon approval by the Secretary of State. Authorizes the Secretary of Veterans Affairs to provide: (1) advice and expertise on prosthetics, orthotics, physical and psychological rehabilitation and treatment, and disability assistance to other Federal agencies for implementation of assistance programs under this Act; and (2) technical assistance on a reimbursable basis to private voluntary organizations for planning, development, operation, and evaluation of such landmine assistance, research, and prevention programs.",,False,,"The bill focuses on providing assistance to individuals with disabilities in foreign countries, primarily through NGOs and government agencies, and does not address private employer obligations on employee wages, hours, or benefits."
hr6304-109,109,9/29/2006,To amend title II of the Social Security Act to provide that the eligibility requirement for disability insurance benefits under which an individual must have 20 quarters of Social Security coverage in the 40 quarters preceding a disability shall not be applicable in the case of a disabled individual suffering from a covered terminal disease.,Claire Collier Social Security Disability Insurance Fairness Act,Social Welfare,"Disabled|Nervous system diseases|Old age, survivors and disability insurance|Terminally ill",1,Wage Hour & Benefits,"Claire Collier Social Security Disability Insurance Fairness Act - Amends title II (Old Age, Survivors and Disability Insurance) of the Social Security Act to provide that the eligibility requirement for disability insurance benefits under which an individual must have 20 quarters of Social Security coverage in the 40 quarters preceding a disability shall not apply in the case of a disabled individual suffering from a covered terminal disease.",,False,,"The bill amends Social Security eligibility requirements for disability insurance benefits, which is a public assistance program, not a private employer obligation."
hr1499-108,108,3/27/2003,To require health insurance coverage for certain reconstructive surgery.,Reconstructive Surgery Act of 2003,Health,Employee health benefits|Health insurance|Plastic surgery,1,Wage Hour & Benefits,Reconstructive Surgery Act of 2003 - Amends the Public Health Service Act to require a group health plan and a health insurance issuer offering group health insurance coverage in connection with a plan providing surgical coverage to provide coverage for reconstructive surgery.Amends the Public Health Service Act to provide similar coverage for reconstructive surgery offered by a health insurance issuer in the individual market. Sets forth related provisions with respect to collective bargaining agreements.,,True,enforcement,"The bill mandates that group health plans and health insurance issuers provide coverage for reconstructive surgery, which affects private employer obligations regarding employee health benefits."
hr6097-112,112,7/10/2012,To exempt employers from any excise tax and certain suits and penalties in the case of a failure of a group health plan to provide coverage to which an employer objects on the basis of religious belief or moral conviction.,Religious Freedom Tax Repeal Act of 2012,Health,Civil actions and liability|Comprehensive health care|Employee benefits and pensions|First Amendment rights|Health care costs and insurance|Health care coverage and access|Health promotion and preventive care|Religion|Sales and excise taxes|Women's health,1,Wage Hour & Benefits,Religious Freedom Tax Repeal Act of 2012 - Amends the Internal Revenue Code to exempt an employer opposed by reason of adherence to a religious belief or moral conviction from the tax penalty imposed for failure of a group health plan to cover required women's preventive care and screenings. Amends the Employee Retirement Income Security Act of 1974 (ERISA) to prohibit the Secretary of Labor from bringing an action against a plan to enforce any requirement to provide such coverage to which an employer is opposed by reason of adherence to a religious belief or moral conviction. Exempts group health plans from penalties under state and federal enforcement provisions of the Public Health Service Act for failure to meet such women's health requirements insofar as they concern coverage to which an employer is opposed on the basis of religious belief or moral conviction.,,True,enforcement,"The bill modifies enforcement of existing laws by exempting employers from penalties and suits related to group health plan coverage requirements, based on religious or moral objections, thus affecting private employer obligations on employee benefits."
hr2013-108,108,5/7/2003,"To amend title II of the Social Security Act to increase to $1,000 the maximum amount of the lump-sum death benefit and to allow for payment of such a benefit, in the absence of an eligible surviving spouse or child, to the legal representative of the estate of the deceased individual.",,Social Welfare,"Estates (Law)|Old age, survivors and disability insurance|Survivors' benefits",1,Wage Hour & Benefits,"Amends title II (Old Age, Survivors and Disability Insurance) (OASDI) of the Social Security Act (SSA) to: (1) increase from $255 to $1,000 the maximum amount of the lump-sum death benefit; and (2) allow for payment of such a benefit, in the absence of an eligible surviving spouse or child, to the legal representative of the estate of the deceased individual.",,False,,"The bill amends the Social Security Act to increase the lump-sum death benefit, which is a public assistance program, not a private employer obligation."
hr84-113,113,1/3/2013,"To amend title 49, United States Code, to establish an Ombudsman Office within the Transportation Security Administration for the purpose of enhancing transportation security by providing confidential, informal, and neutral assistance to address work-place related problems of Transportation Security Administration employees, and for other purposes.",Transportation Security Administration Ombudsman Act of 2013,Transportation and Public Works,"Congressional oversight|Department of Homeland Security|Executive agency funding and structure|Government employee pay, benefits, personnel management|Government information and archives|Government studies and investigations|Labor-management relations|Transportation employees|Transportation safety and security",1,Wage Hour & Benefits,"Transportation Security Administration Ombudsman Act of 2013 - Establishes in the Transportation Security Administration (TSA) of the Department of Homeland Security (DHS) an Office of the Ombudsman to assist TSA employees who have complaints about TSA, including publicizing a toll-free telephone number to report such complaints. Directs the Ombudsman to ensure that each TSA region has a regional ombudsman.",,False,,"The bill focuses on establishing an Ombudsman Office within the TSA to address workplace-related problems of TSA employees, which involves government employee management rather than private employer obligations."
s658-112,112,3/28/2011,"A bill to provide for the preservation by the Department of Defense of documentary evidence of the Department of Defense on incidents of sexual assault and sexual harassment in the military, and for other purposes.",Support for Survivors Act,Armed Forces and National Security,"Advisory bodies|Congressional oversight|Crime victims|Crimes against women|Department of Defense|Department of Veterans Affairs|Employment discrimination and employee rights|Evidence and witnesses|Government information and archives|Military personnel and dependents|Right of privacy|Sex offenses|Sex, gender, sexual orientation discrimination",1;2,Wage Hour & Benefits;Employment Discrimination,"Support for Survivors Act - Directs the Secretary of Defense to identify the most appropriate and effective means for the preservation by the Department of Defense (DOD) of documentary evidence of incidents of sexual assault or harassment in which a member of the Armed Forces is the victim (covered incidents), which shall be a single means to be used by all the military departments. Requires the means identified to be in electronic form and to include the full protection of the victim's privacy and lifetime access to such evidence. Directs the Secretary and the Secretary of Veterans Affairs (VA) to establish a joint task force to determine whether to establish a documentary evidence form, report, or document in lieu of forms, reports, and documents currently generated by DOD. Requires the Secretary to: (1) report to Congress on the means of preservation identified; and (2) provide for the implementation of such means by the military departments within 18 months after the enactment of this Act.",,False,,"The bill focuses on the preservation of documentary evidence of sexual assault and harassment incidents within the military, which involves government obligations rather than private employer obligations."
hr4912-115,115,2/2/2018,"To award a Congressional Gold Medal, collectively, to the American women who joined the workforce during World War II, providing the vehicles, weaponry, and ammunition to win the war, that were referred to as ""Rosie the Riveter"", in recognition of their contributions to the Nation and the inspiration they have provided to ensuing generations.",Rosie the Riveter Congressional Gold Medal Act,Labor and Employment,"Conflicts and wars|Congressional tributes|District of Columbia|Manufacturing|Museums, exhibitions, cultural centers|Smithsonian Institution|Social work, volunteer service, charitable organizations|U.S. history|Women's employment",1,Wage Hour & Benefits,"Rosie the Riveter Congressional Gold Medal Act

This bill directs the President pro tempore of the Senate and the Speaker of the House of Representatives to make appropriate arrangements for the award of a single Congressional Gold Medal to Rosie the Riveters (i.e., any female individual who held employment or volunteered in support of the war efforts during World War II), in recognition of their contributions to the nation and the inspiration they have provided to ensuing generations.

The medal shall be displayed at the National Museum of American History, which is urged to make the medal available for display at other locations associated with the Rosie the Riveters.",,False,,"The bill awards a Congressional Gold Medal to honor women who worked during WWII, but it does not address private employer obligations on employee wages, hours, or benefits."
hr4182-108,108,4/21/2004,"To provide for the reduction of adolescent pregnancy, HIV rates, and other sexually transmitted diseases, and for other purposes.",Family Life Education Act,Health,AIDS (Disease)|Alcohol and youth|Child development|Congressional reporting requirements|Contraceptives|Drug abuse|Drug abuse prevention|Drugs and youth|Educational accountability|Elementary and secondary education|Ethnic relations|Federal aid to education|Health education|Human immunodeficiency viruses|Job hunting|Lifestyle|Marriage|Minorities|Parent and child|Preventive medicine|Sex education|Sexual abstinence|Sexual harassment|Sexual orientation|Sexually transmitted diseases|Social life and customs|Stress (Psychology)|Teenage pregnancy|Women|Youth|Youth employment|Youth services,1,Wage Hour & Benefits,"Family Life Education Act - Requires the Secretary of Health and Human Services to make grants to States for family life education, including education on abstinence and contraception, to prevent teenage pregnancy and sexually transmitted diseases. Expresses the sense of Congress that States are encouraged but not required to provide matching funds. Requires the Secretary to provide for a national evaluation of a representative sample of such programs for effectiveness in changing adolescent sexual behavior, including delaying sexual and high-risk activity, preventing pregnancy and disease (including HIV/AIDS), and increasing contraceptive knowledge. Requires States receiving such grants to provide for an individual evaluation of the State's program by an external, independent entity.",,False,,"The bill focuses on health education and prevention of adolescent pregnancy and sexually transmitted diseases, not on private employer obligations related to employee wages, hours, or benefits."
hr4025-109,109,10/7/2005,"To amend title 38, United States Code, to eliminate the deductible and change the method of determining the mileage reimbursement rate under the beneficiary travel program administered by the Secretary of Veterans Affairs, and for other purposes.",Disabled Veterans Fairness Act,Armed Forces and National Security,Access to health care|Disabled|Government travel|Travel costs|Veterans' benefits|Veterans' medical care,1,Wage Hour & Benefits,"Disabled Veterans Fairness Act - Eliminates a $3 per round trip deductible charged by the Secretary of Veterans Affairs in connection with the veterans beneficiary travel program (a program authorizing a travel allowance or reimbursement for beneficiaries providing transportation for veterans to obtain medical care). Directs the Secretary, in determining the amount of such allowance or reimbursement, to use the mileage reimbursement rates for the use of privately owned vehicles by government employees traveling on official business.",,False,,"The bill pertains to veterans' benefits and travel reimbursements administered by the Department of Veterans Affairs, not obligations owed by private employers to their employees."
hr4219-115,115,11/2/2017,To amend the Employee Retirement Income Security Act of 1974 to include a voluntary option for qualified flexible workplace arrangements.,Workflex in the 21st Century Act,Labor and Employment,Employee benefits and pensions|Employee leave|Employment discrimination and employee rights|Federal preemption|Labor-management relations|State and local government operations|Temporary and part-time employment,1,Wage Hour & Benefits,"Workflex in the 21st Century Act 

This bill amends the Employee Retirement Income Security Act of 1974 (ERISA) to establish a voluntary workflex option under which employers who provide flexible workplace arrangement plans that include a combination of paid leave and flexible work options are exempt from certain state and local laws regarding employee benefits.

A flexible workplace arrangement plan must provide all employees with a minimum amount of paid leave per year that ranges from 12-20 days, depending on the size of the employer and the tenure of the employee.

The plan must also provide employees that meet certain service requirements with at least one of the following flexible work options:

 a biweekly work program, a compressed work schedule, a telework program, a job sharing program, flexible scheduling, or predictable scheduling. The bill also specifies various requirements for paid leave and the flexible work options.",,True,other,"The bill establishes a voluntary compliance framework for private employers to offer flexible workplace arrangements, affecting employee benefits and work hours, and exempts them from certain state and local laws."
hr3820-115,115,9/25/2017,To permit occupational therapists to conduct the initial assessment visit and complete the comprehensive assessment under a Medicare home health plan of care for certain rehabilitation cases.,Medicare Home Health Flexibility Act of 2017,Health,"Allied health services|Hearing, speech, and vision care|Home and outpatient care|Medicare",1,Wage Hour & Benefits,"Medicare Home Health Flexibility Act of 2017

This bill establishes circumstances under which an occupational therapist may conduct an initial or comprehensive assessment for an individual who is eligible for home health services under Medicare. Specifically, an occupational therapist may conduct the assessment if the physician's referral order does not include skilled nursing care but does include: (1) occupational therapy, and (2) physical therapy or speech language pathology.",,False,,"The bill pertains to Medicare home health services and the role of occupational therapists, not private employer obligations on employee wages, hours, or benefits."
s2097-114,114,9/29/2015,A bill to amend title XIX of the Social Security Act to provide for payment for Medicaid services furnished by Ryan White part C grantees under a cost-based prospective payment system.,HIV Clinical Services Improvement Act,Health,HIV/AIDS|Health care quality|Health information and medical records|Health programs administration and funding|Home and outpatient care|Medicaid,1,Wage Hour & Benefits,"HIV Clinical Services Improvement Act

This bill amends title XIX (Medicaid) of the Social Security Act to require payment under the Medicaid program for services furnished by recipients of Ryan White Part C grants, which support comprehensive primary care in outpatient settings for individuals living with HIV.

Providers must be paid an amount equivalent to the prior average costs of providing these services. However, a state plan may establish an alternative payment methodology that: (1) is agreed to by the state and the grantee, and (2) results in payment to the grantee that at least equals the amount otherwise required to be paid to the grantee under the bill.

As a condition of receiving payment under the bill, a grantee shall be subject to specified quality management and reporting requirements.",,False,,"The bill pertains to Medicaid payment rates for services provided by Ryan White Part C grantees, which are healthcare providers, not private employers. It does not address private employer obligations on employee wages, hours, or benefits."
hr4151-110,110,11/9/2007,"To expand the public awareness of science, technology, engineering, and math and encourage Americans to study and enter those fields as a matter of strategic importance for the United States.",STEM Promotion Act of 2007,Education,Blacks|Elementary and secondary education|Elementary education|Engineering|Engineers|Higher education|Hispanic Americans|Indian education|Mathematics|Minorities|Minority education|Public service advertising|Recruiting of employees|Scientific education|Scientists|Secondary education|Teacher supply and demand|Teachers|Technical education|Women|Women's education,1,Wage Hour & Benefits,"STEM Promotion Act of 2007 - Authorizes the Secretary of Education to contract with successful advertising firms to implement a campaign to expand the population of qualified individuals in STEM (science, technology, engineering, and mathematics) fields by encouraging young Americans to enter those fields. Requires that such a campaign be designed to: (1) enhance the image of education and professions in the STEM fields and promote participation in such fields; (2) hold as a high priority making specific appeals to Latinos, Native Americans, African-Americans, and women in order to increase their numbers in STEM fields; and (3) include a narrowly focused effort to attract current professionals in STEM fields into teaching in elementary and secondary schools.",,False,,"The bill focuses on promoting STEM education and careers, not on private employer obligations related to employee wages, hours, or benefits."
hr2381-113,113,6/14/2013,"To provide for youth jobs, and for other purposes.",Youth Jobs Act,Labor and Employment,Adult education and literacy|Education of the disadvantaged|Employee hiring|Employment and training programs|Government trust funds|Performance measurement|State and local government operations|Temporary and part-time employment|Unemployment|Youth employment and child labor,1,Wage Hour & Benefits,"Youth Jobs Act - Establishes in the Treasury the Youth Jobs Fund, with an initial appropriation of $3 billion for FY2014.

Requires the Secretary of Labor to make certain Fund allocations to each state with an approved workforce investment system plan modification, other specified requests for funds, and Native American program grantees to provide summer and year-round employment opportunities to low-income youth.

Requires the Secretary to award allocations and competitive grants to local entities for work-based training and other work-related and educational strategies and activities of demonstrated effectiveness to provide unemployed, low-income young adults and low-income youths with skills that will lead to employment.

Subjects activities funded under this Act to federal labor standards and nondiscrimination protections.",,False,,"The bill primarily focuses on government-funded employment and training programs for youth, not on private employer obligations related to employee wages, hours, or benefits."
hr4798-107,107,5/22/2002,"To amend title 38, United States Code, to provide an increase in the maximum annual rates of pension payable to surviving spouses of veterans of a period of war, and for other purposes.",Widows of Wartime Veterans Assistance Act,Armed Forces and National Security,Cost of living adjustments|Medicaid|Survivors' benefits|Veterans' pensions|Welfare eligibility,1,Wage Hour & Benefits,Widows of Wartime Veterans Assistance Act - Increases the maximum annual rates of pensions for surviving spouses of veterans of a period of war. Amends the Social Security Act to require that the amount of such rate increases not be included in a surviving spouse's income for purposes of Medicaid (title XIX) eligibility.,,False,,"The bill pertains to increasing pensions for surviving spouses of veterans, which is a government obligation, not a private employer obligation."
hr531-112,112,2/8/2011,To amend the Public Health Service Act to direct the Secretary of Health and Human Services to establish a Frontline Providers Loan Repayment Program.,Access to Frontline Health Care Act of 2011,Health,Education programs funding|Health personnel|Health programs administration and funding|Medical education|Student aid and college costs,1,Wage Hour & Benefits,"Access to Frontline Health Care Act of 2011 - Amends the Public Health Service Act to direct the Secretary of Health and Human Services (HHS) to establish and carry out a Frontline Providers Loan Repayment Program under which the Secretary agrees to make student loan repayments in exchange for a health professional providing frontline care services for two years in a frontline care scarcity area. Defines ""frontline care services"" as health care services in the fields of general surgery, optometry, ophthalmology, chiropractic, physical therapy, audiology, speech language pathology, pharmacies, public health, podiatric medicine, dietetics, occupational therapy, general pediatrics, respiratory therapy, medical technology, otolaryngology, or radiologic technology.",,False,,"The bill establishes a loan repayment program for health professionals, which is not related to private employer obligations on employee wages, hours, or benefits."
hr3971-111,111,10/29/2009,"To amend the Internal Revenue Code of 1986 to expand the permissible use of health savings accounts to include health insurance payments and to increase the dollar limitation for contributions to health savings accounts, and for other purposes.",Health Savings Account Expansion Act of 2009,Taxation,Employee benefits and pensions|Health care costs and insurance|Income tax deductions|Income tax exclusion|Self-employed,1,Wage Hour & Benefits,"Health Savings Account Expansion Act of 2009 - Amends Internal Revenue Code provisions relating to health savings accounts (HSAs) to: (1) eliminate the high deductible health plan coverage requirement for HSA participants; (2) eliminate the prohibition against purchasing health insurance from an HSA; and (3) increase to $8,000 the maximum dollar amount of the tax deduction for payments to an HSA. Eliminates after 2009 the tax exclusions for employee benefits under an employer-provided accident or health plan and the tax deductions for the health insurance costs of self-employed individuals, for medical and dental expenses, and for employer payments for employee medical care.",,False,,"The bill primarily addresses tax provisions related to health savings accounts and does not directly involve private employer obligations on employee wages, hours, or benefits."
hr1067-111,111,2/13/2009,"To amend title II of the Social Security Act to allow workers who attain age 65 after 1981 and before 1992 to choose either lump sum payments over four years totalling $5,000 or an improved benefit computation formula under a new 10-year rule governing the transition to the changes in benefit computation rules enacted in the Social Security Amendments of 1977, and for other purposes.",Notch Fairness Act of 2009,Social Welfare,Social security and elderly assistance,1,Wage Hour & Benefits,"Notch Fairness Act of 2009 - Amends title II (Old Age, Survivors and Disability Insurance) (OASDI) of the Social Security Act to revise the formula for the computation of minimum Old Age Insurance benefits for individuals who reached age 65 in or after 1979, and to whom applies the 15-year transition period for the changes in benefit computation rules enacted in the Social Security Amendments of 1977. Sets forth a schedule of additional benefit increases for such beneficiaries (and related beneficiaries), with percentages declining from 55% to 5% and keyed to the year an individual became eligible for such benefits between 1979 and 1988. Allows such beneficiaries, in the alternative, to receive lump sum payments over four years totaling $5,000.",,False,,"The bill pertains to amendments in the Social Security Act affecting benefit computations for individuals, which is a public assistance program, not obligations owed by private employers."
hr2500-116,116,5/2/2019,"To authorize appropriations for fiscal year 2020 for military activities of the Department of Defense and for military construction, to prescribe military personnel strengths for such fiscal year, and for other purposes.",National Defense Authorization Act for Fiscal Year 2020,Armed Forces and National Security,"Administrative law and regulatory procedures|Administrative remedies|Advisory bodies|Air quality|Alternative and renewable resources|Arkansas|Armed Forces Retirement Home|Arms control and nonproliferation|Asia|Assault and harassment offenses|Aviation and airports|Blood and blood diseases|California|Caribbean area|Cemeteries and funerals|Chemical and biological weapons|Child care and development|Child health|Climate change and greenhouse gases|Conflicts and wars|Congressional oversight|Congressional tributes|Correctional facilities and imprisonment|Crime victims|Crimes against women|Criminal investigation, prosecution, interrogation|Criminal justice information and records|Criminal procedure and sentencing|Defense Nuclear Facilities Safety Board|Defense spending|Department of Defense|Department of Energy|Department of Transportation|Department of Veterans Affairs|Diego Garcia|Diplomacy, foreign officials, Americans abroad|Disaster relief and insurance|Drug trafficking and controlled substances|Educational facilities and institutions|Electric power generation and transmission|Elementary and secondary education|Employee hiring|Employee performance|Employment discrimination and employee rights|Energy efficiency and conservation|Environmental assessment, monitoring, research|Evidence and witnesses|Executive agency funding and structure|Family planning and birth control|Federal-Indian relations|Fires|Floods and storm protection|Foreign language and bilingual programs|General Services Administration|Government employee pay, benefits, personnel management|Government ethics and transparency, public corruption|Government studies and investigations|Guam|Hazardous wastes and toxic substances|Health care costs and insurance|Health personnel|Higher education|Historic sites and heritage areas|Human rights|Immigration status and procedures|Indian lands and resources rights",1;12;24,"Wage Hour & Benefits;Fraud, Corruption & Criminal Conduct;Government Reporting & Compliance","National Defense Authorization Act for Fiscal Year 2020

This bill authorizes FY2020 appropriations and sets forth policies for Department of Defense (DOD) programs and activities, including military personnel strengths. It does not provide budget authority, which is provided in subsequent appropriations legislation.

The bill authorizes appropriations to DOD for

 Procurement, including aircraft, weapons and tracked combat vehicles, shipbuilding and conversion, missiles, and space procurement; Research, Development, Test, and Evaluation; Operation and Maintenance; Working Capital Funds; Chemical Agents and Munitions Destruction; Drug Interdiction and Counter-Drug Activities; the Defense Inspector General; the Defense Health Program; the Armed Forces Retirement Home; Overseas Contingency Operations; and Military Construction. The bill authorizes the FY2020 personnel strength for active duty and reserve forces and sets forth policies regarding military personnel, acquisition policy and management, international programs, and National Guard and Reserve Forces facilities.

The bill also authorizes appropriations for base realignment and closure activities.",,False,,"The bill primarily involves appropriations and policies for military activities and personnel, which do not relate to private employer obligations on employee wages, hours, or benefits."
s2632-107,107,6/18/2002,"A bill to provide an equitable formula for computing the annuities of surviving spouses of members of the uniformed services who died entitled to retired or retainer pay but before the  Survivor Benefit Plan existed or applied to the members, and for other purposes.",Forgotten Widows' Benefit Equity Act of 2002,Armed Forces and National Security,Annuities|Military dependents|Military pensions|Survivors' benefits|Widowers|Widows|Women,1,Wage Hour & Benefits,"Forgotten Widows' Benefit Equity Act of 2002 - Amends the National Defense Authorization Act for Fiscal Year 1998 to increase the monthly annuity payable to the qualified (not remarried and not otherwise annuity-eligible) surviving spouse of each member of the armed forces who: (1) died before March 21, 1974, and was entitled to retired or retainer pay on the date of death; or (2) was a member of a reserve component before October 1, 1978, and at the time of death would have been entitled to retired pay but for being under 60 years of age. Makes such amount the higher of $186 or the amount computed under the Survivor Benefit Plan for surviving spouses of members who died before or after specified dates.",,False,,"The bill pertains to annuities for surviving spouses of military members, which involves government obligations rather than private employer obligations."
hr1850-110,110,3/29/2007,"To amend the Internal Revenue Code of 1986 to provide incentives for employer-provided employee housing assistance, and for other purposes.",Housing America's Workforce Act,Taxation,Congressional investigations|Corporation taxes|Cost of living adjustments|Employee benefit plans|Federal aid to housing|Government publicity|Home ownership|Housing finance|Housing subsidies|Income tax|Indexing (Economic policy)|Mortgages|Rent|Tax credits|Tax exclusion,1,Wage Hour & Benefits,"Housing America's Workforce Act - Amends the Internal Revenue Code to allow employers a business tax credit for up to 50 percent of the qualified housing expenses paid for the benefit of their employees. Defines ""qualified housing expenses"" to include homeownership assistance and rental assistance. Limits the amount of such credit to the lesser of $10,000 or six percent of an employee's home purchase price, or up to $2,000 for rental assistance. Excludes from employee gross income the value of employer-paid housing assistance.Authorizes the Secretary of Housing and Urban Development to award grants in FY2008-FY2010, on a competitive basis, to nonprofit housing organizations or local governments for certain costs, including operating costs and technical assistance costs, of employer-assisted housing programs. Requires the Secretary to establish a national clearinghouse, including a website, to provide information about employer-assisted housing programs to federal, state, and local governments and other interested entities. Directs the Comptroller General to conduct a national evaluation of employer-assisted housing programs and provide to the Secretary an interim report by January 1, 2011, and final report by December 31, 2012.",,True,tax_credit_introduction,"The bill introduces a new tax credit for employers who provide housing assistance to employees, which is a form of employee benefit."
s138-109,109,1/24/2005,A bill to make improvements to the microenterprise programs administered by the Small Business Administration.,SBA Microenterprise Improvements Act,Commerce,Business education|Congressional reporting requirements|Employee training|Entrepreneurs|Government and business|Government lending|Government paperwork|Grants-in-aid|Indian education|Minorities|Minority business enterprises|Nonprofit organizations|Performance measurement|Poverty|Small business|Subsidies|Women|Women in business,1,Wage Hour & Benefits,"SBA Microenterprise Improvements Act - Amends the Small Business Act to revise the Small Business Administration's (SBA's) microloan program (a program under which SBA loans and grants are made to intermediaries, who then make loans to small businesses and provide to borrowers technical assistance, such as managerial and strategic advice) to: (1) revise eligibility requirements for microloan intermediaries; (2) increase from $7,500 to $10,000 the microloan small loan limit; (3) increase from 25 to 30 the percentage of a microloan grant that an intermediary may use to contract-out the provision of technical assistance by a third party; (4) remove the requirement that intermediaries make only short-term loans to small businesses; (5) require an annual report from the SBA to Congress on microloan amounts transferred to cover administrative expenses of technical assistance grants; (6) require the Administrator to develop a subsidy microloan program model that is more accurate than the current model; and (7) increase from 25 to 30 the percentage of technical assistance that an intermediary may provide to potential (rather than actual) borrowers. Amends the Riegle Community Development and Regulatory Improvement Act of 1994 to revise the Program for Investment in Microentrepreneurs (PRIME), a program to provide SBA assistance for the benefit of disadvantaged entrepreneurs through grants to qualified organizations. Authorizes a qualified organization to use grants to provide training and technical assistance to disadvantaged Native American entrepreneurs and prospective entrepreneurs. Requires each organization receiving assistance under PRIME to: (1) submit an annual activities report to the SBA; and (2) collect data on individuals counseled or trained and related information. Extends through FY 2007 the authorization of appropriations for PRIME.",,False,,"The bill focuses on improving microenterprise programs administered by the Small Business Administration, which involves loans, grants, and technical assistance to small businesses, not private employer obligations on employee wages, hours, or benefits."
hr1656-115,115,3/21/2017,To amend the Internal Revenue Code of 1986 to provide incentives for employers to establish student loan repayment programs and to make contributions to qualified tuition programs on behalf of children of employees.,HELP for Students and Parents Act,Taxation,"Bank accounts, deposits, capital|Employee benefits and pensions|Higher education|Income tax credits|Income tax exclusion|Student aid and college costs",1,Wage Hour & Benefits,"Higher Education Loan Payments for Students and Parents Act or the HELP for Students and Parents Act 

This bill amends the Internal Revenue Code to expand the tax exclusion for employer-provided educational assistance programs to exclude from the gross income of an employee: (1) employer payments of principal or interest on loans for higher education expenses incurred by an employee, and (2) any qualified dependent 529 contributions made by the employer. (Under current law, the maximum exclusion for educational assistance programs is $5,250 per year.)

A ""qualified dependent 529 contribution"" is any amount contributed by an employer to a qualified tuition program the designated beneficiary of which is an employee's child who: (1) has not attained the age of 19 at the time of the contribution, or (2) is a student who has not attained the age of 24 at the time of the contribution.

The bill also allows a business tax credit for employer-provided higher education assistance, including: (1) 50% of the student loan repayment expenditures of the taxpayer for the year, and (2) 50% of the qualified dependent 529 contributions made by the taxpayer for the year. The amount taken into account for each expenditure with respect to any employee for any taxable year may not exceed $5,250.",,True,tax_credit_introduction,"The bill introduces a new tax credit for employers who provide higher education assistance, including student loan repayments and contributions to qualified tuition programs for employees' children, which relates to private employer obligations on employee benefits."
hr4032-107,107,3/20/2002,"To amend titles V and XIX of the Social Security Act and chapter 89 of title 5, United States Code, to provide coverage for domestic violence screening and treatment under the maternal and child health block grant program, the Medicaid Program, and the Federal employees health benefits program.",Domestic Violence Screening and Treatment Act of 2002,Health,Block grants|Family violence|Federal aid to maternal health services|Federal employees|Government employees' health insurance|Government paperwork|Health counseling|Health education|Maternal health services|Medicaid|Medical records|Medical screening|Pregnant women|Wife abuse|Women|Women's health,1,Wage Hour & Benefits,"Domestic Violence Screening and Treatment Act of 2002 - Amends title XIX (Medicaid) of the Social Security Act (SSA) to require that health benefits provided include coverage of domestic violence screening and treatment.Amends Federal civil service law to require the Office of Personal Management to require all contracted carriers of health coverage for Federal employees to include coverage for domestic violence screening and treatment services.Amends SSA title V (Maternal and Child Health Services) to require States to set aside a reasonable portion of maternal and child health services block grant funds to provide for domestic violence screening and treatment services. Authorizes the Secretary of Health and Human Services, with respect to such funds retained for certain projects, to provide preference to State applicants who include training of providers in how to screen for, and treat, domestic violence.Requires the Secretary to allot funds to States to provide for a separate program for domestic violence screening and treatment.",,False,,"The bill primarily involves amendments to Medicaid, maternal and child health block grants, and federal employee health benefits, which are government programs, not obligations owed by private employers."
hr1541-113,113,4/12/2013,"To establish limitations, for fiscal years 2013, 2014, and 2015 on the total amount in awards or other discretionary monetary payments which may be paid to any Federal employee.",Common Sense in Compensation Act,Government Operations and Politics,"Government employee pay, benefits, personnel management",1,Wage Hour & Benefits,"Common Sense in Compensation Act - Prohibits any discretionary monetary payment to an employee of a federal executive agency during the period beginning on the enactment of this Act and the close of FY2013, or during FY2014 or FY2015, to the extent that such payment would cause the employee's total covered compensation (i.e., basic pay and discretionary monetary payment) to exceed 105% of the total amount of such employees basic pay (before the application of any step-increase). Defines ""discretionary monetary payment"" as any award or other monetary payment and any step-increase.",,False,,"The bill pertains to limitations on discretionary monetary payments to federal employees, not private employer obligations on employee wages, hours, or benefits."
s3397-112,112,7/18/2012,"A bill to prohibit waivers relating to compliance with the work requirements for the program of block grants to States for temporary assistance for needy families, and for other purposes.",Preserving Work Requirements for Welfare Programs Act of 2012,Social Welfare,Administrative law and regulatory procedures|Department of Health and Human Services|Employment and training programs|Intergovernmental relations|Poverty and welfare assistance,1,Wage Hour & Benefits,"Preserving Work Requirements for Welfare Programs Act of 2012 - Prohibits the Secretary of Health and Human Services (HHS) from finalizing, implementing, enforcing, or otherwise taking any action to give effect to the Information Memorandum dated July 12, 2012 (Transmittal No. TANF-ACF-IM-2012-03), or to any administrative action relating to the same subject matter or that reflects the same or similar policies. Prohibits the Secretary also from authorizing, approving, modifying, or extending any experimental, pilot, or demonstration project under the Social Security Act (SSA) that: (1) waives compliance with mandatory work requirements of SSA title IV part A (Temporary Assistance for Needy Families) (TANF), or (2) authorizes an expenditure not otherwise allowable under a state TANF program with respect to compliance with such work requirements. Rescinds and nullifies any waiver relating to the subject matter of the Information Memorandum granted before the enactment of this Act.",,False,,"The bill focuses on prohibiting waivers related to work requirements for the Temporary Assistance for Needy Families (TANF) program, which is a public assistance program, not a private employer obligation."
s863-113,113,5/6/2013,"A bill to amend title 38, United States Code, to repeal time limitations on the eligibility for use of educational assistance under All-Volunteer Force Educational Assistance Program, to improve veterans education outreach, and for other purposes.",Veterans Back to School Act of 2013,Armed Forces and National Security,"Education programs funding|Higher education|Veterans' education, employment, rehabilitation",1,Wage Hour & Benefits,"Veterans Back to School Act of 2013 - Provides that an individual's entitlement to educational assistance under the all-volunteer force veterans' educational assistance program shall not end until 10 years after the individual begins using such benefit. (Under current law, there are several more stringent time limits on the use of such assistance.)

Requires the Secretary of Veterans Affairs (VA), under specified conditions, to fund offices of veterans affairs at eligible institutions of higher learning (institutions with at least 50 veteran-enrollees) for veterans' certification, outreach, recruitment, and special education programs. Limits payments to $15,000 per institution per fiscal year.

Directs the Secretary to annually collect information about exemplary veterans educational outreach programs, and to disseminate such information to other institutions offering such programs.",,False,,"The bill focuses on veterans' educational assistance and outreach, which are government benefits, not obligations owed by private employers to their employees."
s1637-114,114,6/18/2015,"A bill to promote permanent families for children, privacy and safety for unwed mothers, responsible fatherhood, and security for adoptive parents by establishing a National Responsible Father Registry and encouraging States to enter into agreements to contribute the information contained in the State's Responsible Father Registry to the National Responsible Father Registry, and for other purposes.",Protecting Adoption and Promoting Responsible Fatherhood Act of 2015,Families,"Adoption and foster care|Family relationships|Government information and archives|Marriage and family status|Separation, divorce, custody, support|State and local government operations",1,Wage Hour & Benefits,"Protecting Adoption and Promoting Responsible Fatherhood Act of 2015 

 Amends part B (Child and Family Services) of title IV of the Social Security Act to direct the Secretary of Health and Human Services to establish and maintain an automated National Responsible Father Registry.

Requires the Registry to: (1) contain specified kinds of information sufficient to identify a possible father, and (2) provide a mechanism for men to register such identifying information directly with the Registry.

Limits access to Registry information to eligible parties, including: (1) public and licensed private adoption or child placement agencies, (2) licensed attorneys representing a party in a planned or pending adoption or in the termination of rights of one or more possible fathers, (3) state agencies or entities responsible for the placement of children, and (4) state courts.

Directs the Secretary to establish a nationwide campaign designed to inform possible fathers, unwed mothers, possible adoptive parents, and eligible parties of the National Registry, the advantages of possible fathers registering either in the National Registry or State Responsible Father Registries, or both, the rights and responsibilities of such parties with regard to a proceeding, and the role of such Registries in a proceeding.

Directs the Secretary to use all reasonable efforts to encourage states to enter into agreements to establish automated State Responsible Father Registries and centers that make registration forms easily accessible to possible fathers.

Authorizes the Secretary to make a grant to a state to establish a State Registry or modify an existing one to meet the requirements of this Act.",,False,,"The bill focuses on establishing a National Responsible Father Registry and encouraging state participation, which pertains to family law and adoption processes, not private employer obligations on employee wages, hours, or benefits."
s20-109,109,1/24/2005,"A bill to expand access to preventive health care services that help reduce unintended pregnancy, reduce the number of abortions, and improve access to women's health care.",Prevention First Act,Health,AIDS (Disease)|Access to health care|Ambulatory care|Child development|Child health|Church and social problems|Civics education|Coinsurance|Community health services|Condoms|Congressional reporting requirements|Consumer discounts|Consumer education|Contraceptives|Discrimination in insurance|Discrimination in medical care|Drugs|Elementary and secondary education|Emergency medicine|Employee health benefits|Evaluation research (Social action programs)|Family planning and birth control|Federal aid to health facilities|Generic drugs|Government publicity|Grants-in-aid|Health education|Health insurance|Hospital care|Hospitals|Human immunodeficiency viruses|Immigrant health|Insurance companies|Language and languages|Marriage|Medicaid|Medical fees|Medically uninsured|Nonprofit organizations|Prescription pricing|Preventive medicine|Public service advertising|Rebates|Religion|School health programs|School-age child care|Service learning|Sex|Sex education|Sexual abstinence|Teenage pregnancy|Victims of crimes|Welfare eligibility|Women|Youth services,1;14;23,Wage Hour & Benefits;Consumer Protection;Healthcare Fraud & Compliance,"Prevention First Act - Title X Family Planning Services Act of 2005 - Authorizes appropriations for family planning services grants and contracts under the Public Health Service Act (PHSA). Family Planning State Empowerment Act - Amends title XIX (Medicaid) of the Social Security Act to allow States to provide family planning services and supplies to certain individuals not otherwise eligible for Medicaid. Equity in Prescription Insurance and Contraceptive Coverage Act - Amends the Employee Retirement Income Security Act of 1974 (ERISA) and PHSA to prohibit a group health plan, and a health insurance issuer providing group coverage, from excluding or restricting benefits in any way for prescription contraceptive drugs, devices, and outpatient services if the plan provides benefits for other outpatient prescription drugs, devices, or outpatient services. Amends PHSA to apply those prohibitions to coverage offered in the individual market. Emergency Contraception Education Act - Directs the Secretary of Health and Human Services to develop and disseminate information on emergency contraception to the public and to health care providers. Compassionate Assistance for Rape Emergencies Act - Requires hospitals, as a condition of receiving Federal funds, to offer and to provide, upon request, emergency contraception to victims of sexual assault. Preventing Teen Pregnancy Act - Amends PHSA to authorize the Secretary to award grants to public and private entities to establish or expand teenage pregnancy prevention programs. Truth in Contraception Act - Requires that any information concerning the use of a contraceptive provided through specified federally funded education programs be medically accurate and include health benefits and failure rates.",,True,enforcement,"The bill amends ERISA to prohibit group health plans from excluding contraceptive coverage, which directly affects private employer obligations regarding employee health benefits."
hr6162-112,112,7/19/2012,"To amend the Internal Revenue Code of 1986 to permit health plans without a deductible for prenatal, labor and delivery, and postpartum care to be treated as high deductible plans with respect to health savings accounts.",Ensuring Women's Access to Free-Market Healthcare Act of 2012,Taxation,Child health|Health care costs and insurance|Income tax deductions|Sex and reproductive health|Women's health,1,Wage Hour & Benefits,"Ensuring Women's Access to Free-Market Healthcare Act of 2012 - Amends the Internal Revenue Code, with respect to the tax treatment of health savings accounts (HSAs), to allow a health plan which does not have a deductible for prenatal, labor and delivery, and postpartum care to be treated as a high deductible health plan.",,False,,"The bill modifies tax treatment for health savings accounts related to health plans, but does not directly address private employer obligations on employee wages, hours, or benefits."
hr30-114,114,1/6/2015,To amend the Internal Revenue Code of 1986 to repeal the 30-hour threshold for classification as a full-time employee for purposes of the employer mandate in the Patient Protection and Affordable Care Act and replace it with 40 hours.,Save American Workers Act of 2015,Taxation,Employee benefits and pensions|Health care costs and insurance|Health care coverage and access|Sales and excise taxes,1,Wage Hour & Benefits,"(This measure has not been amended since it was introduced. The summary of that version is repeated here.)

Save American Workers Act of 2015 

This bill amends the Internal Revenue Code to change the definition of ""full-time employee"" for purposes of the employer mandate to provide minimum essential health care coverage under the Patient Protection and Affordable Care Act from an employee who is employed on average at least 30 hours of service a week to an employee who is employed on average at least 40 hours of service a week.",,True,enforcement,"The bill changes the definition of 'full-time employee' under the employer mandate of the Affordable Care Act, affecting private employer obligations to provide health care coverage."
s157-114,114,1/13/2015,A bill to repeal the medical device tax and the employer and individual responsibility requirements of the Patient Protection and Affordable Care Act.,No Obamacare Mandate Act,Health,"Business records|Comprehensive health care|Employee benefits and pensions|Government information and archives|Health care costs and insurance|Health care coverage and access|Health technology, devices, supplies|Sales and excise taxes|Wages and earnings",1,Wage Hour & Benefits,"No Obamacare Mandate Act 

This bill repeals provisions of the Patient Protection and Affordable Care Act that impose: (1) an excise tax on medical devices, (2) a requirement that individuals obtain minimum essential health care coverage, and (3) a penalty on large employers who fail to offer health care coverage to their eligible employees.",,True,enforcement,"The bill repeals the employer mandate under the ACA, which is an enforcement mechanism requiring large employers to provide health care coverage to employees, thus directly affecting private employer obligations on employee benefits."
s1467-115,115,6/28/2017,"A bill to require the Secretary of Veterans Affairs to award grants to establish, or expand upon, master's degree programs in orthotics and prosthetics, and for other purposes.",Wounded Warrior Workforce Enhancement Act,Armed Forces and National Security,"Allied health services|Congressional oversight|Disability and paralysis|Education programs funding|Educational facilities and institutions|Health technology, devices, supplies|Higher education|Medical education|Medical research|Military medicine|Research administration and funding|Teaching, teachers, curricula|Veterans' education, employment, rehabilitation|Veterans' medical care",1,Wage Hour & Benefits,"Wounded Warrior Workforce Enhancement Act

This bill directs the Department of Veterans Affairs (VA) to award grants to eligible institutions to: (1) establish a master's degree program in orthotics and prosthetics, or (2) expand upon an existing master's degree program in such area. The VA shall give grant priority to institutions that have entered into a partnership with a medical center administered by the VA or a facility administered by the Department of Defense. An ""eligible institution"" is an educational institution that is either accredited by the National Commission on Orthotic and Prosthetic Education or that demonstrates an ability to meet such accreditation requirements if it receives a grant.

The bill requires the VA to award a grant to an institution with orthotic and prosthetic research and education experience to: (1) establish the Center of Excellence in Orthotic and Prosthetic Education; and (2) improve orthotic and prosthetic outcomes for veterans, members of the Armed Forces, and civilians by conducting orthotic and prosthetic research.",,False,,"The bill focuses on grants for educational programs in orthotics and prosthetics, primarily benefiting veterans and military personnel, and does not address private employer obligations on employee wages, hours, or benefits."
hr2180-115,115,4/26/2017,"To amend title 10, United States Code, to ensure that women members of the Armed Forces and their families have access to the contraception they need in order to promote the health and readiness of all members of the Armed Forces, and for other purposes.",Access to Contraception for Women Servicemembers and Dependents Act of 2017,Armed Forces and National Security,Assault and harassment offenses|Crime victims|Crimes against women|Emergency medical services and trauma care|Family planning and birth control|HIV/AIDS|Health care costs and insurance|Health facilities and institutions|Health information and medical records|Health promotion and preventive care|Military facilities and property|Military medicine|Military personnel and dependents|Sex offenses|Sexually transmitted diseases|Women's health,1,Wage Hour & Benefits,"Access to Contraception for Women Servicemembers and Dependents Act of 2017

This bill expands the TRICARE health care program to entitle additional female beneficiaries and dependents to care related to the prevention of pregnancy. (Currently, such care is limited to certain female members of the uniformed service or a reserve component performing active duty or certain servicewomen performing inactive-duty training.)

 Cost-sharing may not be imposed or collected for such pregnancy prevention care, including for any method of contraception provided through a facility of the uniformed services, the TRICARE retail pharmacy program, or the national mail-order pharmacy program.

 Such pregnancy prevention care shall include: (1) all methods of contraception approved by the Food and Drug Administration (FDA), (2) contraceptive care, (3) sterilization procedures, and (4) patient education and counseling.

 The Department of Defense shall establish a uniform standard curriculum to be used in family planning education programs for all men and women members of the Armed Forces.

 Every military treatment facility, upon request, shall provide emergency contraception, information about FDA-approved methods of emergency contraception, and notification of confidentiality rights to any woman who: (1) states, or is accompanied by another individual who states, that the woman is a victim of sexual assault; or (2) is reasonably believed to be a survivor of sexual assault.",,False,,"The bill primarily addresses healthcare benefits and services provided by the Department of Defense to military personnel and their dependents, not obligations of private employers."
hr5543-111,111,6/16/2010,"To amend title 38, United States Code, to repeal the prohibition on collective bargaining with respect to matters and questions regarding compensation of employees of the Department of Veterans Affairs other than rates of basic pay, and for other purposes.",,Armed Forces and National Security,"Administrative law and regulatory procedures|Department of Veterans Affairs|Employee benefits and pensions|Government employee pay, benefits, personnel management|Labor-management relations",1,Wage Hour & Benefits,"Prohibits collective bargaining with respect to matters and questions concerning rates of basic pay (under current law, concerning compensation) of employees of the Department of Veterans Affairs (VA). (Permits collective bargaining concerning compensation, other than basic rates of pay, with respect to such employees.)",,False,,"The bill pertains to collective bargaining rights for employees of the Department of Veterans Affairs, which involves government employee pay and benefits, not private employer obligations."
s1396-108,108,7/11/2003,"A bill to require equitable coverage of prescription contraceptive drugs and devices , and contraceptive services under health plans.",Equity in Prescription Insurance and Contraceptive Coverage Act of 2003,Health,Ambulatory care|Coinsurance|Contraceptives|Discrimination in insurance|Discrimination in medical care|Employee health benefits|Health insurance|Physicians|Rebates|Standards,1,Wage Hour & Benefits,"Equity in Prescription Insurance and Contraceptive Coverage Act of 2003 - Amends the Employee Retirement Income Security Act of 1974 and the Public Health Service Act to prohibit a group health plan, and a health insurance issuer providing group coverage, from: (1) excluding or restricting benefits for prescription contraceptive drugs, devices, and outpatient services if the plan provides benefits for other outpatient prescription drugs, devices, or outpatient services; (2) denying eligibility based on use or potential use of such items or services; (3) providing monetary payments or rebates to a covered individual to encourage acceptance of less than the minimum protections available; (4) penalizing, reducing, or limiting a professional's reimbursement because the professional prescribed such drugs or devices or provided such services; or (5) providing incentives to a professional to induce the professional to withhold drugs, devices, or services. Amends the Public Health Service Act to apply those prohibitions to coverage offered in the individual market.",,True,enforcement,"The bill amends ERISA to prohibit group health plans from excluding or restricting benefits for contraceptive drugs and services, thereby strengthening enforcement of private employer obligations regarding employee health benefits."
s557-112,112,3/10/2011,A bill to amend the Internal Revenue Code of 1986 to expand tax-free distributions from individual retirement accounts for charitable purposes.,Public Good IRA Rollover Act of 2011,Taxation,"Employee benefits and pensions|Income tax exclusion|Social work, volunteer service, charitable organizations",1,Wage Hour & Benefits,Public Good IRA Rollover Act of 2011- Amends the Internal Revenue Code to exclude from gross income distributions from individual retirement accounts for certain charitable purposes.,,False,,"The bill pertains to tax-free distributions from individual retirement accounts for charitable purposes, not to private employer obligations on employee wages, hours, or benefits."
s857-113,113,5/6/2013,"A bill to amend the Family and Medical Leave Act of 1993 to permit leave to care for a same-sex spouse, domestic partner, parent-in-law, adult child, sibling, grandchild, or grandparent who has a serious health condition.",Family and Medical Leave Inclusion Act,Labor and Employment,"Employee leave|Government employee pay, benefits, personnel management|Home and outpatient care|Marriage and family status|Sex, gender, sexual orientation discrimination",1,Wage Hour & Benefits,"Family and Medical Leave Inclusion Act - Amends the Family and Medical Leave Act of 1993 to provide for employee leave to care for a domestic partner (including a same-sex spouse) or his or her child, parent-in-law, adult child, sibling, grandparent, grandchild, son-in-law, or daughter-in-law (as well as for a spouse, child, or parent), if such person has a serious health condition.

Amends federal civil service law to apply the same leave allowance to federal employees.",,True,enforcement,"The bill amends the Family and Medical Leave Act to expand the categories of family members for whom private employers must provide protected leave, thus changing the stringency of rules governing private employer obligations."
hr154-107,107,1/3/2001,To amend the Internal Revenue Code of 1986 to increase to 100 percent the amount of the deduction for the health insurance costs of self-employed individuals.,Self-Employed Health Affordability Act of 2001,Taxation,Business income tax|Health insurance|Income tax|Insurance premiums|Medical economics|Personal income tax|Self-employed|Tax deductions,1,Wage Hour & Benefits,Self-Employed Health Affordability Act of 2001 - Amends the Internal Revenue Code to increase the deduction allowed for the health insurance costs of self-employed individuals to 100 percent.,,False,,"The bill pertains to tax deductions for self-employed individuals' health insurance costs, not private employer obligations on employee wages, hours, or benefits."
hr297-111,111,1/8/2009,"To amend title 38, United States Code, to provide for an increase in the amount of subsistence allowance payable by the Secretary of Veterans Affairs to veterans participating in vocational rehabilitation programs, and for other purposes.",Veteran Vocational Rehabilitation and Employment Subsistence Allowance Improvement Act of 2009,Armed Forces and National Security,"Disability and paralysis|Veterans' education, employment, rehabilitation|Veterans' pensions and compensation",1,Wage Hour & Benefits,"Veteran Vocational Rehabilitation and Employment Subsistence Allowance Improvement Act of 2009 - Increases the amount of monthly subsistence allowance payable to veterans participating in the veterans' vocational rehabilitation program (a program of training and rehabilitation for veterans with service-connected disabilities). Directs the Secretary of Veterans Affairs, in the case of a veteran who has reached a point of employability and is participating only in a program of employment services, to pay such veteran a subsistence allowance for three months while the veteran is satisfactorily pursuing such program.",,False,,"The bill pertains to increasing subsistence allowances for veterans in vocational rehabilitation programs, which are government benefits, not obligations owed by private employers."
s354-116,116,2/6/2019,"A bill to avoid duplicative annual reporting under the Internal Revenue Code of 1986 and the Employee Retirement Income Security Act of 1974, and for other purposes.",,Taxation,"Employee benefits and pensions|Income tax deferral|Tax administration and collection, taxpayers",1,Wage Hour & Benefits,"This bill requires the Department of the Treasury and the Department of Labor to cooperate to modify specified returns required for deferred compensation plans and other employee benefit plans to permit all members of a group of plans to file a single aggregated annual return or report satisfying the requirements of both the Internal Revenue Code and the Employee Retirement Income Security Act of 1974 (ERISA).

The requirement applies to a group in which all of the plans

 are individual account plans or defined contribution plans; have the same trustee, the same one or more named fiduciaries, the same administrator, and plan years beginning on the same date; and provide the same investments or investment options to participants and beneficiaries. The bill also specifies that, for the purposes of applying the numerical limitations related to the electronic filing of returns for deferred compensation plans, each plan for which information is provided on the return must be treated as a separate return.",,True,other,"The bill modifies reporting requirements for private employer-sponsored employee benefit plans under ERISA, which relates to private employer obligations on employee benefits."
hr5269-107,107,7/26/2002,"To guarantee for all Americans quality, affordable, and comprehensive health insurance coverage.",Health Security for All Americans Act,Health,Abortion|Abortion procedures|Access to health care|Accreditation (Medical care)|Administrative fees|Administrative procedure|Administrative remedies|Alaska|Bankruptcy|Breast cancer|Budget surpluses|Case management|Cesarean section|Child health|Childbirth|Civil actions and liability|Class actions (Civil procedure)|Clinical trials|Collective bargaining agreements|Communication in medicine|Competitive bidding|Comprehensive health care|Confidential communications|Conflict of interests|Congressional reporting requirements|Consumer complaints|Consumer education|Consumer protection|Contracts|Corporate mergers|Cost control|Customs administration|Damages|Department of Health and Human Services|Department of Labor|Department of the Treasury|Disciplining of employees|Discrimination in employment|Discrimination in insurance|Discrimination in medical care|Dismissal of employees|Drug abuse|Drug abuse treatment|Drug approvals|Drug utilization|Drugs|Emergency medical services|Employee health benefits|Employee rights|Employee training|Employers' liability|Evidence (Law)|Executive reorganization|Federal advisory bodies|Federal aid to Indians|Federal aid to child health services|Federal budgets|Federal employees|Federal preemption|Federal-state relations|Fines (Penalties)|Freedom of speech|Genetic counseling|Genetic screening|Government employees' health insurance|Government paperwork,1,Wage Hour & Benefits,"Health Security for All Americans Act - Amends the Social Security Act (SSA) to add a new title XXII (Health Security For All Americans) with a part A (Expansion Phase) and a part B (Universal Phase) providing funds to States for universal health insurance coverage through State administered systems which offer at least the benefits provided under the Federal Employees Health Benefits program standard Blue Cross-Blue Shield preferred provider option service benefit plan.Adds a part C (Consumer Protections) listing home care standards and providing for consumer protection.Establishes within the Agency for Healthcare Research and Quality, the Health Care Quality, Patient Safety, and Workforce Standards Institute.Establishes a Health Care Quality, Patient Safety, and Workforce Standards Committee to advise the Director of the Health Care Quality, Patient Safety, and Workforce Standards Institute.Requires that each individual entitled to benefits under Medicare part A (Hospital Insurance) or enrolled under Medicare part B (Supplementary Medical Insurance) be provided full mental health and substance abuse treatment parity under Medicare consistent with SSA title XXII (as added by this Act).Directs the Secretary of Health and Human Services to conduct studies and demonstration projects that are designed to identify model programs for the provision of long-term and home health care services.Makes specified provisions of the Employee Retirement Income Security Act of 1974 (ERISA) inapplicable to health benefits provided under a group health plan qualified to offer such benefits under an expansion phase (phase I) plan or a universal phase (phase II) plan under SSA title XXII.",,False,,"The bill primarily focuses on expanding health insurance coverage and consumer protections, not on private employer obligations related to employee wages, hours, or benefits."
hr2478-112,112,7/8/2011,To amend the Internal Revenue Code of 1986 to exclude from gross income amounts received for services by a student at a work-college.,,Taxation,Higher education|Income tax exclusion|Student aid and college costs|Wages and earnings|Youth employment and child labor,1,Wage Hour & Benefits,Amends the Internal Revenue Code to exclude from gross income payments received by a student under a comprehensive student work-learning-service program operated by a work college.,,False,,"The bill focuses on excluding certain student earnings from taxable income, which does not directly relate to private employer obligations on employee wages, hours, or benefits."
hr2341-112,112,6/23/2011,"To amend the Fair Labor Standards Act with regard to certain exemptions under that Act for direct care workers and to improve the systems for the collection and reporting of data relating to the direct care workforce, and for other purposes.",Direct Care Job Quality Improvement Act of 2011,Labor and Employment,"Allied health services|Census and government statistics|Employment and training programs|Government information and archives|Health personnel|Home and outpatient care|Labor standards|Long-term, rehabilitative, and terminal care|Medicaid|Wages and earnings",1,Wage Hour & Benefits,"Direct Care Job Quality Improvement Act of 2011 - Amends the Fair Labor Standards Act of 1938 with respect to the exemption from minimum wage and maximum hour requirements of any employee employed on a casual basis in domestic service employment to provide companionship services for individuals who because of age or infirmity are unable to care for themselves. Extends the same exemption to a casual employee in domestic service employment to provide companionship services for disabled individuals unable to care for themselves. Directs the Secretary of Health and Human Services (HHS) to develop a direct care workforce monitoring program. Amends title XIX (Medicaid) of the Social Security Act (SSA) to require a state Medicaid plan to require the state to report annually to the Secretary on the adequacy of its direct care workforce to provide long-term care (LTC) services. Amends the Patient Protection and Affordable Care Act to require the National Health Care Workforce Commission, as a high priority, to review, analyze, and report annually to Congress and the Health Resources and Services Administration on the current and projected direct care workforce supply and demand. Directs the Secretary to award grants to states, Indian tribes, and tribal organizations to develop data collection and monitoring systems to assess the adequacy of a state's or tribe's direct care workforce to meet current and future demand for LTC services. Directs the Secretary to award competitive three-year grants to states and other eligible entities to improve the recruitment, retention, and education of direct care workers.",,True,enforcement,"The bill amends the Fair Labor Standards Act to address exemptions related to minimum wage and maximum hour requirements for direct care workers, which directly targets private employer obligations regarding employee wages and hours."
hr4279-112,112,3/28/2012,To amend the Internal Revenue Code of 1986 to waive the 10 percent early distribution penalty with respect to withdrawals by unemployed veterans from certain retirement accounts.,Veteran Self Relief Act of 2012,Taxation,"Employee benefits and pensions|Sales and excise taxes|Unemployment|Veterans' education, employment, rehabilitation",1,Wage Hour & Benefits,Veteran Self Relief Act of 2012 - Amends the Internal Revenue Code to allow an unemployed veteran to withdraw amounts from an individual retirement account (IRA) or thrift savings account without incurring the 10% penalty for premature distributions from pension plans if such veteran has received unemployment compensation for 12 consecutive weeks during a 1-year uninterrupted period of unemployment beginning on the date of such veteran's discharge or release from active duty.,,False,,"The bill pertains to tax penalties on early withdrawals from retirement accounts by unemployed veterans, not to private employer obligations on employee wages, hours, or benefits."
