bill_id,category_ids,category_labels,bill_type,reason
s1654-113,11;12,"Accounting Financial Reporting & Tax;Fraud, Corruption & Criminal Conduct",enforcement,"The bill prohibits tax deductions for amounts paid to governmental entities related to violations of law, effectively increasing the financial penalty for corporate misconduct and incentivizing compliance, and relates to financial reporting and potential criminal conduct."
hr2274-108,,,,This bill designates a courthouse and does not relate to any type of corporate misconduct targeted by government enforcement actions.
s471-115,,,,The bill concerns state regulation of air ambulance services and does not directly address any type of corporate misconduct targeted by government enforcement actions as defined by the Violation Tracker categories.
s675-109,1;15;22,Wage Hour & Benefits;Competition-related Offenses;Government Contracting,tax_credit_introduction,"The bill introduces multiple tax credits and incentives (loan repayment, capital gains, homestead accounts, investment credits) aimed at encouraging individuals and businesses to invest in and remain in rural areas, which indirectly relates to employer conduct by incentivizing economic activity and job creation in those areas, and includes provisions for small business investment and venture capital funding."
hr4311-114,,,,The bill concerns IRS regulations regarding charitable contribution substantiation and does not relate to any type of corporate misconduct targeted by government enforcement actions.
hr433-108,1,Wage Hour & Benefits,tax_credit_introduction,"The bill introduces a tax credit related to losses from incentive stock options, which are a form of employee compensation, and thus relates to private employer wage/benefit conduct."
hr3203-109,,,,"Bill relates to federal aid for Hispanic-Serving Institutions and does not involve any regulation or enforcement of corporate conduct, or tax incentives related to corporate misconduct."
hr6006-110,,,,The bill authorizes military departments to participate in conservation banking programs to offset environmental impacts from military activities; it does not regulate private employer conduct or introduce tax incentives related to corporate misconduct.
s2452-108,15,Competition-related Offenses,enforcement,"The bill requires labeling of ginseng country of harvest, which relates to agricultural marketing standards and could involve enforcement against companies for mislabeling or false origin claims."
hr3033-107,,,,Bill relates to funding a database of foreign students and a GAO review; it does not regulate or incentivize any corporate conduct related to the Violation Tracker categories.
hr330-114,,,,"The bill concerns presidential authority over the designation of national monuments and requires congressional approval for such designations, and does not relate to any corporate misconduct targeted by government enforcement actions."
hr3923-106,,,,This is a private bill for immigration relief for a specific individual and does not relate to any type of corporate misconduct targeted by government enforcement actions.
hr5072-115,,,,This bill concerns the adjustment of status for Liberian nationals to lawful permanent residents and does not relate to corporate misconduct targeted by government enforcement actions.
s1126-115,,,,"This bill concerns federal funding for border security and penalties for sanctuary jurisdictions, and does not directly regulate or incentivize any conduct related to corporate misconduct as defined by the Violation Tracker categories."
hr4713-106,1;3,Wage Hour & Benefits;Labor Relations,enforcement,"The bill directly relates to the financing of the United Mine Workers of America Combined Benefit Fund, which involves employer contributions to pension and retiree health benefits, and modifies obligations related to coal wage agreements, impacting collective bargaining and employer conduct."
s2285-109,1;12;24,"Wage Hour & Benefits;Fraud, Corruption & Criminal Conduct;Government Reporting & Compliance",enforcement,"The bill addresses retaliation against whistleblowers, which is directly related to violations of wage and hour laws (FLSA, WARN Act, ERISA, FMLA) and also addresses fraud and misconduct within government, and illegal corporate campaign contributions and failure to disclose political advertising."
hr1557-112,,,,The bill provides a pathway to permanent residency for spouses and children of 9/11 victims and does not relate to any type of corporate misconduct targeted by government enforcement actions.
hr6432-114,,,,The bill focuses on monitoring and developing trade deficit reduction plans with other countries and does not directly regulate or incentivize any corporate conduct related to the Violation Tracker categories.
s1605-109,12;22,"Fraud, Corruption & Criminal Conduct;Government Contracting",enforcement,"The bill increases penalties for crimes against federal officials and their families, and addresses false liens and public disclosure of personal information with intent to threaten or intimidate, which fall under the scope of fraud, corruption, and criminal conduct as well as government contracting (due to the targeting of federal officials)."
s630-110,,,,"Bill adjusts Medicare payment rates to hospitals and clinics; this sets government reimbursement rates, not employer wage obligations, and does not relate to private employer conduct."
s1639-113,1;2;14;24,Wage Hour & Benefits;Employment Discrimination;Consumer Protection;Government Reporting & Compliance,enforcement,"The bill regulates the operation of drones by private entities and law enforcement, including data collection and privacy principles, and grants enforcement authority to the FTC and a private right of action, relating to potential violations of privacy and deceptive practices."
hr1452-110,24,Government Reporting & Compliance,enforcement,"The bill requires disclosure of information by persons conducting phone banks during campaigns, relating to FEC enforcement for illegal corporate campaign contributions and failure to disclose political advertising."
hr3691-110,5;14,Consumer Safety;Consumer Protection,enforcement,"The bill directly strengthens the Consumer Product Safety Commission's (CPSC) authority to recall dangerous products, increases penalties for violations, and requires more transparent product sourcing and hazard reporting, all of which relate to corporate misconduct regarding defective or dangerous consumer products and deceptive marketing practices."
s831-107,1,Wage Hour & Benefits,tax_credit_introduction,"The bill provides a 100% deduction for business meals, which could be seen as incentivizing business activity and potentially related to employer expenses, though it does not directly regulate wage or benefit conduct."
hr823-111,2,Employment Discrimination,enforcement,"The bill requires data collection on hate crimes manifesting prejudice based on gender, which relates to employer discrimination against employees based on gender."
hr3940-110,,,,"Bill relates to Medicaid regulations and case management, which concerns government benefit programs and does not regulate private employer conduct."
s714-116,18,Earth Violation,enforcement,"The bill modifies tax deductions for hardrock mines, which relates to the environmental impact and potential improper handling or disposal of hazardous waste associated with mining operations, falling under EPA RCRA enforcement contexts."
hr2649-109,1;3;4,Wage Hour & Benefits;Labor Relations;Workplace Safety,enforcement,"The bill directly addresses private employer conduct through mandatory security training for flight attendants, requirements for background checks for airport workers, and whistleblower protections, relating to wage restitution and collective bargaining rights, and also focuses on aviation safety which is enforced by OSHA."
hr3613-108,,,,Bill relates to the disclosure of tax return information for student financial aid purposes and does not directly regulate or incentivize any corporate conduct related to the Violation Tracker categories.
hr1473-112,,,,"This is an appropriations bill for the Department of Defense and other government agencies, and does not directly regulate or enforce corporate conduct or introduce tax incentives related to any of the Violation Tracker categories."
hr4946-113,12,"Fraud, Corruption & Criminal Conduct",enforcement,"The bill incentivizes reporting of firearms recovered at crime scenes as a condition for receiving COPS grants, which could be seen as encouraging compliance with existing laws related to tracking and reporting of potential evidence in criminal investigations, and thus relates to potential fraud or obstruction of justice."
hr5230-107,5,Consumer Safety,enforcement,"The bill directly enhances enforcement mechanisms related to food safety, including authority for recalls and civil penalties, which aligns with FDA enforcement for defective or dangerous food products."
s3000-111,1,Wage Hour & Benefits,enforcement,"The bill extends the increased FMAP under Medicaid, which affects state budgets and indirectly impacts healthcare providers, but primarily relates to state funding of healthcare programs and does not directly regulate private employer wage or benefit conduct."
s61-111,1,Wage Hour & Benefits,enforcement,"The bill modifies bankruptcy law to allow for easier modification of mortgages on principal residences, potentially reducing the amount owed by debtors and impacting creditors, and it includes provisions related to consumer protection law violations, directly affecting private employer/creditor conduct."
s1508-110,16;17;18;20,Air Violation;Water Violation;Earth Violation;Energy Efficiency,tax_credit_introduction,"The bill introduces and extends various tax incentives for renewable energy production and carbon capture, which indirectly encourages better environmental practices and compliance with Clean Air Act and Clean Water Act standards, and energy efficiency standards, relating to corporate conduct targeted by EPA and DOE enforcement."
s2155-108,1,Wage Hour & Benefits,tax_credit_introduction,"The bill introduces a 'manufacturer's jobs credit' equal to a percentage of wages paid to employees, incentivizing employers to maintain domestic employment and thus relates to wage obligations."
hr4423-108,,,,Bill appropriates funds for VA hospital operations and veterans' benefits; no private employer wage or benefit obligation is involved.
s3975-111,1;11,Wage Hour & Benefits;Accounting Financial Reporting & Tax,tax_credit_removal,"The bill permanently extends certain tax relief provisions, including those related to adoption and foster care, and permanently repeals the estate tax, and it terminates provisions of the Patient Protection and Affordable Care Act increasing tax benefits for adoption, relating to employee benefits and pensions and income tax credits."
hr3823-106,1;14,Wage Hour & Benefits;Consumer Protection,enforcement,"The bill prohibits insured institutions from making high-cost payday loans and expands consumer protections related to such loans, directly regulating private lender conduct and addressing predatory lending practices."
hr5632-110,18,Earth Violation,enforcement,"The bill prohibits the importation of low-level radioactive waste, which relates to EPA RCRA enforcement for improper storage, handling, or disposal of hazardous and radioactive waste."
hr4057-111,,,,The bill concerns payments from a trust fund related to wool tariffs and does not directly regulate or incentivize any conduct related to corporate misconduct as defined by the Violation Tracker categories.
s3569-109,15,Competition-related Offenses,enforcement,"The bill implements a free trade agreement with Oman, which includes provisions related to customs administration and tariff modifications, impacting trade practices and potentially addressing unfair competition or trade violations."
s1086-113,1,Wage Hour & Benefits,enforcement,"The bill reauthorizes and improves the Child Care and Development Block Grant Act, which impacts requirements for childcare providers (non-governmental employers) regarding workforce training, background checks, health and safety standards, and consumer education, directly affecting employer conduct related to employee welfare and safety."
s1078-114,,,,The bill focuses on encouraging outdoor recreation and does not directly regulate or incentivize any conduct related to corporate misconduct as defined by the Violation Tracker categories.
hr3685-107,1,Wage Hour & Benefits,tax_credit_introduction,"The bill introduces a tax credit for educational expenses, which could indirectly relate to private employer wage or benefit conduct by potentially offsetting costs for employees with children in private schools, but does not directly regulate employer conduct or address wage/hour issues."
hr1265-110,,,,Bill relates to government contracting preferences for service-disabled veteran-owned small businesses and does not involve any direct regulation of private employer conduct or tax incentives related to corporate misconduct.
hr2587-113,1,Wage Hour & Benefits,enforcement,"The bill encourages federal employees to volunteer in STEM education and provides them with administrative leave to do so, which could indirectly relate to employer obligations regarding employee leave and benefits, though it does not directly regulate or enforce wage/hour or benefit conduct."
hr6289-111,,,,The bill concerns public access to legislative data and does not regulate or incentivize any corporate conduct related to the Violation Tracker categories.
hr6253-114,,,,The bill establishes a commission to examine licensing and certification challenges for veterans and their spouses entering the civilian workforce; it does not regulate private employer conduct or introduce tax incentives related to any Violation Tracker categories.
hr1057-108,1,Wage Hour & Benefits,tax_credit_introduction,"The bill makes permanent the expansion of the adoption credit, which is a tax incentive related to employee benefit plans and costs associated with adoption."
hr6484-112,,,,"The bill concerns water resources development and levee stability improvements related to water deliveries, and does not directly regulate or incentivize any corporate conduct related to the Violation Tracker categories."
s393-108,1,Wage Hour & Benefits,tax_credit_introduction,"The bill introduces a tax credit for employers with employees participating in the military reserve components, which relates to employee benefits and potential wage replacement during reserve duty, and thus touches on employer conduct related to FMLA and WARN Act considerations."
s1450-115,,,,"The bill prohibits cell phone voice communications on flights, which does not relate to any type of corporate misconduct targeted by government enforcement actions as defined by the Violation Tracker categories."
hr1482-112,,,,The bill focuses on recruiting and training teachers in public schools and does not directly regulate or incentivize any corporate conduct related to the Violation Tracker categories.
s1410-114,,,,Bill provides grants to improve substance use disorder treatment; it does not regulate private employer conduct or introduce tax incentives related to corporate misconduct.
hr610-113,,,,The bill establishes an advisory committee to coordinate efforts related to tick-borne diseases and does not directly regulate or incentivize any corporate conduct related to the Violation Tracker categories.
hr1449-114,27,Firearms Violation,enforcement,"The bill relates to the administration of firearms laws, potentially impacting civil litigation against firearms manufacturers for irresponsible marketing practices, and therefore falls under the Firearms Violation category."
hr5260-108,,,,Bill extends the life of an advisory committee related to veterans' business affairs; it does not regulate private employer conduct or introduce tax incentives related to any Violation Tracker categories.
hr3544-108,,,,The bill concerns a study for potential National Park System designation and does not relate to any corporate misconduct targeted by government enforcement actions.
hr4287-114,,,,"The bill prohibits states and local governments from imposing discriminatory taxes on cell phone services, providers, or property, and does not relate to any type of corporate misconduct targeted by government enforcement actions."
s2191-112,2,Employment Discrimination,enforcement,"The bill directly affects the enforcement of the Americans with Disabilities Act, which addresses employer discrimination against individuals with disabilities."
hr3896-109,,,,Bill relates to the flexibility of Community Development Block Grant (CDBG) funds for disaster relief following Hurricane Katrina and Rita; it does not regulate private employer conduct or introduce tax incentives related to corporate misconduct.
hr2313-109,,,,Bill adjusts tariff rates for a specific dye; it does not relate to corporate misconduct or enforcement actions against companies.
s915-108,1,Wage Hour & Benefits,enforcement,"The bill authorizes appropriations for the Department of Energy Office of Science, which includes funding for employee training and research grants, indirectly supporting the workforce and potentially influencing employer conduct related to scientific labor standards."
s2506-109,,,,"The bill focuses on supporting health impact assessments and improving community health, but does not directly regulate or enforce corporate conduct, nor does it introduce tax incentives related to any of the Violation Tracker categories."
s2400-113,1,Wage Hour & Benefits,tax_credit_introduction,"The bill establishes the Emergency Medical Services Trust Fund and allows taxpayers to contribute to it, which could incentivize funding for field EMS, relating to employer-provided benefits and potentially worker pay."
hr4896-111,12,"Fraud, Corruption & Criminal Conduct",enforcement,"The bill aims to interdict the import/export of items useful for arms programs, which could involve companies facilitating those transactions and potentially violating laws related to foreign bribery or criminal conduct."
hr6359-115,2,Employment Discrimination,enforcement,"The bill requires reporting on security clearances based on affiliation with hate groups, which could impact employment decisions and potentially relate to employer discrimination based on protected characteristics."
hr219-116,,,,"The bill imposes taxes on bonds used to finance abortion providers, which does not relate to corporate misconduct as defined by the Violation Tracker categories."
s2405-112,,,,Bill adjusts tariff rates on a specific product; it does not relate to corporate misconduct enforcement or tax incentives related to any of the Violation Tracker categories.
s708-109,1,Wage Hour & Benefits,enforcement,"The bill links Medicare payments to skilled nursing facility quality reporting and performance requirements, which directly affects the standards of care and conduct expected of these facilities, and thus relates to employer conduct."
hr1487-113,,,,"The bill relates to Medicare self-referral rules and antikickback sanctions, but does not directly regulate or enforce corporate misconduct, nor does it introduce tax incentives; it adjusts existing healthcare payment structures, which does not involve private employer wage or benefit conduct."
s1457-113,,,,The bill concerns the tax treatment of interest costs for distilled spirits aging and does not relate to any type of corporate misconduct targeted by government enforcement actions.
hr678-107,,,,The bill relates to student loan interest deductions and does not address any type of corporate misconduct targeted by government enforcement actions.
hr981-108,,,,This bill simply designates a post office; it does not relate to any type of corporate misconduct targeted by government enforcement actions.
hr6159-110,,,,"This bill concerns a land exchange between the federal government and local counties and a city, and does not substantively relate to any type of corporate misconduct targeted by government enforcement actions."
hr2089-113,,,,The bill prohibits the Secretary of Education from mandating or controlling state education standards and assessments; it does not regulate corporate conduct or introduce tax incentives related to any of the Violation Tracker categories.
hr3337-110,,,,The bill concerns HIV-related immigration restrictions and does not relate to corporate misconduct targeted by government enforcement actions.
hr1612-110,,,,The bill relates to the establishment and boundary adjustments of a National Historic Site commemorating the Minidoka Internment camp and land conveyance; it does not regulate or incentivize any corporate conduct related to the Violation Tracker categories.
hr1106-112,1,Wage Hour & Benefits,enforcement,"The bill addresses fair market compensation, caseloads, and social work safety, which directly relate to wage and hour issues and working conditions for non-governmental employers of social workers."
hr2507-111,,,,"The bill focuses on providing economic development assistance to Native American communities, and does not directly regulate or incentivize any corporate conduct related to the Violation Tracker categories."
hr4513-115,,,,"The bill modifies eligibility requirements for USDA farm ownership loans, which does not relate to corporate misconduct targeted by government enforcement actions."
s1193-115,1,Wage Hour & Benefits,tax_credit_introduction,"The bill introduces tax credits for employer-provided job training, which relates to private employer investment in employee skills and potentially impacts wage and benefit considerations."
hr5307-112,,,,Bill adjusts a tariff schedule; it does not relate to corporate misconduct enforcement or tax incentives related to any of the Violation Tracker categories.
hr3054-114,9;10;11,Banking AML & Sanctions;Securities & Investor Protection;Accounting Financial Reporting & Tax,enforcement,"The bill aims to reinstate Glass-Steagall Act protections, which regulate banking practices, prohibit certain conflicts of interest, and limit risky activities by banks, directly affecting the enforcement of financial regulations and accounting practices."
hr4309-107,,,,Bill adjusts a tariff schedule for a chemical; it does not relate to corporate misconduct enforcement or tax incentives related to any of the Violation Tracker categories.
hr2064-112,1,Wage Hour & Benefits,enforcement,"The bill relates to the verification of employment eligibility, which is directly tied to employer obligations under wage and hour laws and potential penalties for employing unauthorized workers."
s2940-111,6,Transportation Safety,enforcement,"The bill increases penalties for individuals circumventing airport security, which relates to transportation safety and could involve enforcement actions against private security companies or airlines for failures in screening procedures."
hr831-111,15,Competition-related Offenses,enforcement,"The bill directs a study of the Department of Transportation's policies regarding international airline alliances and antitrust exemptions, which relates to potential anti-competitive behavior and enforcement of antitrust laws involving corporations."
hr1854-107,,,,The bill concerns parental access to educational materials and consent for medical procedures for children in schools; it does not regulate private employer conduct or introduce tax incentives related to any of the Violation Tracker categories.
hjres24-114,24,Government Reporting & Compliance,enforcement,"The bill proposes a constitutional amendment relating to the regulation of political campaign contributions and expenditures, which directly affects FEC enforcement of illegal corporate campaign contributions and disclosure requirements."
hr6942-110,,,,This bill concerns the design of a five-cent coin and does not relate to any type of corporate misconduct targeted by government enforcement actions.
s3529-112,16,Air Violation,enforcement,"The bill directly relates to the Clean Air Act and seeks to clarify provisions regarding the prevention of accidental releases of hazardous air pollutants, impacting EPA enforcement against facilities for air emissions violations."
hr438-116,,,,The bill concerns federal funding conditions related to immigration detainers and does not directly regulate or incentivize any conduct related to corporate misconduct as defined by the Violation Tracker categories.
hr3755-112,,,,"The bill prohibits demonstrations at veteran funerals and memorial services, which does not relate to corporate misconduct targeted by government enforcement actions."
hr4567-111,12;22,"Fraud, Corruption & Criminal Conduct;Government Contracting",enforcement,"The bill aims to increase accountability for criminal acts committed by federal contractors and employees, which directly relates to fraud, corruption, and criminal conduct, and also falls under government contracting enforcement due to its focus on contractor misconduct."
hr407-107,,,,"The bill concerns the denial of passports to noncustodial parents with outstanding arrest warrants for child support debt, and does not relate to corporate misconduct as defined by the Violation Tracker categories."
hr2432-108,1;24,Wage Hour & Benefits;Government Reporting & Compliance,enforcement,"The bill aims to reduce the paperwork burden on small businesses related to federal regulations, which could include regulations related to wage and hour laws and reporting requirements, and also addresses illegal corporate campaign contributions and failure to disclose political advertising."
hr3382-112,1;4,Wage Hour & Benefits;Workplace Safety,enforcement,"The bill prohibits smoking in federal buildings, which impacts worker safety and health within the workplace and could be considered a regulation of working conditions for private contractors working in those buildings."
hr88-116,,,,The bill concerns the interstate transport of knives and the repeal of restrictions on switchblade knives; it does not relate to corporate misconduct targeted by government enforcement actions.
hr4705-106,11,Accounting Financial Reporting & Tax,enforcement,"The bill aims to recoup a portion of federal investment in pharmaceutical research and development based on product profits, which relates to SEC enforcement for falsifying financial statements and accurate reporting of profits."
hr803-112,1,Wage Hour & Benefits,enforcement,"The bill extends eligibility for and increases benefits related to VA vocational rehabilitation programs for veterans with service-connected disabilities, which directly affects the assistance provided to veterans and relates to employment and potential re-entry into the workforce, and increases subsistence allowances for training."
hr4883-113,1;3;15,Wage Hour & Benefits;Labor Relations;Competition-related Offenses,enforcement,"The bill mandates the use of U.S. or NATO-sourced rare earth materials in weapon systems, effectively restricting the supply chain and impacting employer sourcing practices, and relates to labor practices in mining and manufacturing."
s1838-109,,,,This bill concerns the transfer of real property between the federal government and the District of Columbia and does not directly regulate or incentivize any corporate conduct related to the Violation Tracker categories.
hr5863-109,18,Earth Violation,enforcement,"The bill concerns the regulation of polychlorinated biphenyls (PCBs) under the Toxic Substances Control Act, which relates to the improper storage, handling, and disposal of hazardous waste, falling under the scope of EPA RCRA enforcement."
s1983-108,12;27,"Fraud, Corruption & Criminal Conduct;Firearms Violation",enforcement,"The bill enhances the authority of the ATF to enforce federal firearms laws and imposes penalties for violations, relating to criminal conduct and potential illegal firearms manufacturing/sales."
hr821-113,1,Wage Hour & Benefits,enforcement,"The bill extends protections against mortgage foreclosure to surviving spouses of servicemembers, which directly relates to private financial institutions and their obligations regarding servicemembers' debts, and thus falls under the scope of regulating private employer conduct related to wage/benefit issues."
s2490-114,,,,This bill concerns the division of a federal appellate court and does not relate to corporate misconduct or enforcement actions against non-governmental employers.
hr2733-109,,,,Bill concerns the closure of military facilities and does not regulate private employer conduct or introduce tax incentives related to any of the Violation Tracker categories.
hr4423-111,,,,"Bill addresses compensation for Members of Congress, which are not non-governmental employers under the Violation Tracker framework."
hr3132-111,,,,"The bill reauthorizes a grant program for school security, which does not directly regulate or incentivize corporate conduct related to any of the Violation Tracker categories."
hr3809-114,,,,The bill concerns public-private agreements for federal real property management and does not directly regulate or incentivize any conduct related to corporate misconduct as defined by the Violation Tracker categories.
hr793-114,1,Wage Hour & Benefits,enforcement,"The bill aims to ensure equal access of Medicare beneficiaries to community pharmacies, which indirectly relates to the obligations of pharmacies (non-governmental employers) regarding prescription drug coverage and network participation."
hr2380-111,1,Wage Hour & Benefits,tax_credit_introduction,"The bill reduces social security payroll taxes, which directly relates to private employer wage obligations, and does so by offsetting the cost with revenues from a carbon tax, effectively incentivizing a shift away from carbon-based energy sources and indirectly impacting employer costs."
hr4822-106,1;15,Wage Hour & Benefits;Competition-related Offenses,enforcement,"The bill aims to increase capital available for community and economic development projects, which could indirectly affect employer conduct related to housing finance and lending practices, and it includes provisions related to community lending by banks, potentially impacting responsible lending standards."
hr5080-114,12,"Fraud, Corruption & Criminal Conduct",enforcement,"The bill criminalizes gun trafficking, which involves fraudulent activity and false statements in connection with the purchase and transfer of firearms, aligning with the definition of fraud and criminal conduct under Violation Tracker."
hr1978-112,,,,The bill concerns disclosure of tax information to aid in investigations of missing or exploited children and does not directly regulate or incentivize any corporate conduct related to the Violation Tracker categories.
hr3214-114,6,Transportation Safety,enforcement,"The bill mentions drug trafficking and migrant interdiction, which can involve enforcement actions against private companies involved in transportation or logistics."
s2827-110,,,,"The bill concerns the procurement of alternative fuels by federal agencies and repeals a lifecycle greenhouse gas emissions requirement, which does not directly relate to corporate misconduct as defined by the Violation Tracker categories."
hr395-115,,,,The bill addresses legislative procedure regarding the scope of bills considered by Congress and does not directly regulate or incentivize any specific corporate conduct related to the Violation Tracker categories.
hr4573-112,,,,Bill adjusts tariff rates on a specific chemical; it does not relate to corporate misconduct enforcement or tax incentives related to any of the Violation Tracker categories.
hr4900-108,16;17,Air Violation;Water Violation,enforcement,"The bill establishes national standards to protect marine ecosystems and restore degraded ecosystems, and addresses air pollution control and discharging pollutants into waterways, which directly relates to EPA enforcement actions under the Clean Air Act and Clean Water Act."
hr4873-108,,,,The bill relates to the naturalization process for service members and does not address any type of corporate misconduct targeted by government enforcement actions.
s2597-107,,,,The bill authorizes a grant program to recruit and train physicians in rural areas and does not relate to any type of corporate misconduct targeted by government enforcement actions.
hr5124-112,,,,Bill adjusts a tariff schedule; it does not relate to corporate misconduct or enforcement actions against companies.
hr1884-114,,,,Bill designates a post office building in honor of a postal worker; it does not regulate private employer conduct or introduce tax incentives related to any of the Violation Tracker categories.
hr1126-113,,,,Bill concerns the completion of a memorial to Dwight D. Eisenhower and does not relate to any corporate misconduct targeted by government enforcement actions.
s3539-112,1,Wage Hour & Benefits,tax_credit_introduction,"The bill incentivizes the adoption and use of certified electronic health record technology by safety net providers and clinics, which relates to employer conduct regarding employee benefits and potentially impacts the efficiency of wage and benefit administration."
s2433-115,,,,Bill expands eligibility for veterans' benefits administered by the VA; it does not regulate private employer conduct or introduce tax incentives related to employer behavior.
hr524-114,,,,The bill prohibits the federal government from mandating educational standards; it does not regulate corporate conduct or introduce tax incentives related to any of the Violation Tracker categories.
hr3128-107,,,,Bill establishes a National Guard for the Northern Mariana Islands; it does not regulate private employer conduct or introduce tax incentives related to any of the Violation Tracker categories.
s2161-106,,,,Bill provides a temporary tax moratorium on diesel fuel excise taxes and transfers funds to the Highway Trust Fund; it does not directly regulate corporate conduct or introduce tax incentives related to any of the Violation Tracker categories.
hr5046-107,,,,Bill appropriates funds for a cultural center at Mesa Verde National Park; it does not regulate private employer conduct or introduce tax incentives related to corporate misconduct.
s2516-113,24,Government Reporting & Compliance,enforcement,"The bill amends the Federal Election Campaign Act of 1971 to increase disclosure requirements for corporations and other entities regarding political spending, directly affecting corporate reporting obligations and relating to FEC enforcement contexts."
s1990-107,,,,The bill focuses on public education and dissemination of information regarding emergency contraception and does not regulate or incentivize any corporate conduct related to the Violation Tracker categories.
s1228-112,12,"Fraud, Corruption & Criminal Conduct",enforcement,"The bill imposes criminal penalties on trafficking in counterfeit military goods or services, which constitutes fraud and criminal conduct, specifically relating to the falsification of goods intended for use by the Armed Forces."
hr3282-115,4,Workplace Safety,enforcement,"The bill delays the implementation of regulations related to electronic logging devices, which are used to track hours of service for commercial motor vehicle drivers, directly impacting workplace safety standards and OSHA enforcement."
s513-110,,,,"The bill relates to the use of the Armed Forces to enforce laws, which does not involve misconduct by non-governmental employers and therefore does not align with any Violation Tracker categories."
hr5391-106,,,,This bill establishes a commission to coordinate Memorial Day commemorations and does not relate to any type of corporate misconduct targeted by government enforcement actions.
s524-110,1;22,Wage Hour & Benefits;Government Contracting,enforcement,"The bill provides disaster assistance to agricultural producers and workers, including unemployment assistance and temporary mortgage rental assistance to agricultural workers, which relates to wage and hour issues and potential False Claims Act violations related to disaster relief funding."
hr2455-107,,,,The bill concerns the conveyance of a vessel to a museum and does not regulate or incentivize any corporate conduct related to the Violation Tracker categories.
hr70-109,17,Water Violation,enforcement,"The bill authorizes states to regulate the disposal of out-of-state municipal solid waste, which directly relates to EPA Clean Water Act enforcement for discharging pollutants into waterways and state enforcement for solid waste management failures."
s389-111,19,Lead Violation,enforcement,"The bill directly relates to the allowable limits on lead in children's products, which falls under enforcement actions related to product safety and potential violations of consumer product safety standards."
s2761-113,,,,The bill relates to the structure and funding of metropolitan planning organizations and does not directly regulate or incentivize any corporate conduct related to the Violation Tracker categories.
hr435-111,,,,"The bill extends a tax credit for renewable energy production, which does not directly relate to any of the defined corporate misconduct categories involving employer obligations or enforcement actions."
hr5104-111,,,,"The bill adjusts a tax deduction based on company size within the oil and gas industry, but does not regulate or incentivize any conduct related to corporate misconduct as defined by the Violation Tracker categories."
hr1354-110,1,Wage Hour & Benefits,enforcement,"The bill expands eligibility for mental health evaluations and care for veterans, which indirectly relates to employer obligations to accommodate veterans' disabilities and provide benefits, and requires post-deployment screenings which could uncover issues related to workplace safety and health."
hr7318-115,,,,"The bill concerns the administrative structure and timeline of the Public Buildings Reform Board, and does not relate to any corporate misconduct targeted by government enforcement actions."
hr492-109,,,,This bill concerns the transfer of a warship to a port authority and does not relate to any corporate misconduct targeted by government enforcement actions.
s307-110,17,Water Violation,enforcement,"The bill establishes a minimum rate of water release from a dam, which relates to Clean Water Act regulations regarding discharging pollutants into waterways."
s1204-107,1,Wage Hour & Benefits,enforcement,"The bill expands Medicare coverage for immunosuppressive drugs for transplant recipients, directly regulating the health insurance obligations of private employers offering group health plans and impacting their benefit provisions."
s688-112,,,,"Bill adjusts Medicare payment rates to hospitals in Puerto Rico; this sets government reimbursement rates, not employer wage obligations."
hr2615-110,,,,The bill concerns the granting of security clearances by the Department of Defense and does not relate to corporate misconduct targeted by government enforcement actions.
s2625-114,1;2,Wage Hour & Benefits;Employment Discrimination,enforcement,"The bill mandates criminal background checks for school employees and prohibits the employment of individuals convicted of certain crimes, directly regulating the hiring practices of non-governmental employers and relating to potential discrimination and wage/hour issues if background checks are used improperly or result in unfair dismissal."
s352-111,,,,The bill delays the DTV transition date and extends related FCC licenses and coupon programs; it does not regulate or incentivize any corporate conduct related to the Violation Tracker categories.
hr3601-106,,,,This bill concerns the transfer of a lighthouse to a historical society and environmental remediation; it does not regulate or incentivize any corporate conduct related to the Violation Tracker categories.
hr1869-114,,,,"The bill requires transparency in reporting environmental compliance costs for federal power administrations, but does not regulate corporate conduct or introduce tax incentives related to any of the Violation Tracker categories."
hr3342-108,,,,The bill concerns the designation of additional segments of the Trail of Tears National Historic Trail and does not relate to any type of corporate misconduct targeted by government enforcement actions.
hr4966-112,1,Wage Hour & Benefits,,"The bill relates to veterans' medical care, pensions, and compensation, which are government benefits and do not involve regulating private employer conduct."
hr3152-116,,,,This bill designates a post office building and does not relate to any corporate misconduct targeted by government enforcement actions.
hr6537-112,,,,"This bill relates to the Generalized System of Preferences, a trade program, and does not directly regulate or incentivize any corporate conduct related to the Violation Tracker categories."
hr4152-111,2,Employment Discrimination,enforcement,"The bill aims to assist schools in discontinuing the use of derogatory or discriminatory names and depictions, which relates to employer-side discrimination based on racial and ethnic relations."
hr4102-106,,,,The bill concerns international finance and attempts to influence IMF lending practices based on oil production policies; it does not directly regulate or incentivize any corporate conduct related to the Violation Tracker categories.
hr3341-112,3,Labor Relations,enforcement,"The bill revises the visa waiver program and introduces new visa categories (W and X visas) which, while focused on tourism and investment, relate to the regulation of non-immigrant workers and their employment status, falling under the scope of Labor Relations legislation."
hr372-116,1,Wage Hour & Benefits,,"The bill relates to benefits paid to government employees (TSA), not to regulating the conduct of non-governmental employers regarding wages, benefits, or other misconduct."
hr4201-109,1,Wage Hour & Benefits,enforcement,"The bill increases compensation for disabled federal employees requiring attendant services, which relates to benefits provided to employees and could be considered an adjustment to wage/benefit obligations, although it pertains to federal employees and not non-governmental employers."
s148-108,,,,Bill relates to the order of presidential succession and does not address any corporate misconduct targeted by government enforcement actions.
hr13-110,,,,Bill directs a feasibility study for a water supply project; it does not regulate or incentivize any conduct related to corporate misconduct as defined by the Violation Tracker categories.
hr2432-112,17,Water Violation,,"The bill concerns a feasibility study related to the Chicago Area Water System and potential impacts on commerce, but does not directly regulate or enforce any corporate conduct related to water pollution or environmental violations, nor does it introduce any tax credits."
s3602-112,1,Wage Hour & Benefits,enforcement,"The bill establishes a food stamp block grant program with work requirements and mandatory drug testing for recipients, which indirectly affects employer conduct related to employment and potential benefits eligibility."
hr5620-114,1;22,Wage Hour & Benefits;Government Contracting,enforcement,"The bill focuses on removing or demoting VA employees based on performance or misconduct, and establishes expedited appeals processes, directly relating to government employee performance and potential fraud/misconduct within the VA, which, while not a private employer, involves accountability measures for individuals handling federal programs and funds."
s1308-109,,,,"The bill establishes an office to administer trade adjustment assistance to firms adversely affected by import competition, which does not relate to corporate misconduct as defined by the Violation Tracker categories."
s1357-108,,,,"This bill is a military construction appropriations act, funding government operations and does not directly regulate or incentivize private employer conduct related to any of the Violation Tracker categories."
s514-115,,,,Bill appropriates funds for a VA pilot program to provide a specific therapy to veterans; no private employer conduct is involved.
hr3731-110,,,,Bill adjusts a tariff schedule; it does not relate to corporate misconduct targeted by government enforcement actions.
hr5513-109,,,,Bill adjusts Medicare payment rules for oxygen equipment ownership; this sets government reimbursement rates and does not relate to private employer wage or benefit conduct.
s1275-110,,,,Bill expands access to prostate cancer screening and treatment programs through grants and Medicaid funding; it does not regulate private employer conduct or introduce tax incentives related to employer behavior.
hr3216-112,,,,Bill establishes a new service and director within the Department of Veterans Affairs to improve ophthalmologic care for veterans; it does not regulate private employer conduct or introduce tax incentives related to corporate misconduct.
s1055-112,1,Wage Hour & Benefits,tax_credit_introduction,"The bill introduces a tax credit for teachers, which, while not directly regulating employer conduct, incentivizes them to pursue STEM education, potentially impacting the quality of the workforce and indirectly relating to employer benefits and skills."
hr5275-110,,,,Bill adjusts tariff rates on herbicides; it does not relate to corporate misconduct enforcement or tax incentives related to any of the Violation Tracker categories.
s3266-112,,,,Bill resets interest rates for student loans and does not relate to corporate misconduct targeted by government enforcement actions.
hjres84-110,,,,"This bill expresses Congressional commitment to fighting antisemitism and promoting tolerance, and does not regulate or incentivize any specific corporate conduct related to the Violation Tracker categories."
hr5264-110,,,,This bill extends a trade preference program and adjusts corporate estimated tax installments; it does not directly regulate or incentivize any of the corporate misconducts covered by the Violation Tracker categories.
hr4915-113,10,Securities & Investor Protection,enforcement,"The bill directly relates to Regulation D under the Securities Act of 1933, which governs securities offerings and is enforced by the SEC, impacting investor protection and potential securities fraud."
s2439-110,21,Animal Welfare,enforcement,"The bill requires the listing of cruelty to animals as a separate offense category, which relates to enforcement of the Animal Welfare Act against research facilities, breeders, and animal dealers."
s381-109,1,Wage Hour & Benefits,tax_credit_introduction,"The bill introduces a tax exclusion for guaranteed payments from annuities and life insurance contracts, which relates to retirement benefit plans and could incentivize employers to offer these plans."
s2845-114,9,Banking AML & Sanctions,enforcement,"The bill extends sanctions against individuals in Venezuela, which involves financial restrictions and potential enforcement actions related to anti-money-laundering and prohibited transactions, aligning with banking and sanctions enforcement practices."
s571-114,4,Workplace Safety,enforcement,"The bill relates to the regulations governing pilot medical certifications and enforcement actions by the FAA, which directly impacts transportation safety and the conduct of pilots and aviation-related employers."
hr5524-112,,,,"Bill adjusts tariff rates, which is routine policy and does not relate to enforcement actions against a company for misconduct."
hjres89-107,,,,This bill is a commemorative resolution honoring Andrei Sakharov and does not relate to any type of corporate misconduct targeted by government enforcement actions.
hr5810-110,1,Wage Hour & Benefits,tax_credit_introduction,"The bill introduces student loan forgiveness for mentors participating in school-based teen pregnancy prevention programs, which incentivizes individuals to serve in a role that supports at-risk teenage girls, indirectly relating to potential future wage and benefit considerations."
s2007-109,,,,"The bill establishes a commission to study healthcare issues and does not directly regulate or enforce any corporate conduct related to the Violation Tracker categories, nor does it introduce any tax credits or incentives."
hr6469-110,,,,Bill appropriates funds for the Organ Procurement and Transplantation Network; it does not regulate private employer conduct or introduce tax incentives related to any Violation Tracker categories.
hr6056-111,1,Wage Hour & Benefits,tax_credit_introduction,"The bill relates to employee-funded pensions and increases contribution limits, which directly affects private employer benefit plans and incentivizes contributions, though it does not directly regulate or enforce conduct."
hr4645-108,17,Water Violation,enforcement,"The bill authorizes federal assistance for wastewater treatment and water supply projects, which directly relates to EPA Clean Water Act enforcement and water quality standards, impacting non-Federal interests' compliance with water pollution control requirements."
hr3428-107,,,,The bill relates to loan guarantees for steel companies and does not directly regulate or enforce any type of corporate misconduct as defined by the Violation Tracker categories.
s2258-112,13,Intellectual Property & Trade Secrets,,"The bill relates to expenses incurred in creating or acquiring music copyrights, which falls under the umbrella of intellectual property and potential trade secret issues, but does not involve enforcement or tax credits related to corporate misconduct."
hr5378-112,,,,Bill adjusts tariff rates on a specific chemical; it does not relate to corporate misconduct enforcement or tax incentives related to any of the Violation Tracker categories.
hr5544-111,,,,"The bill concerns land transfers and redevelopment in Washington, D.C., and does not relate to any type of corporate misconduct targeted by government enforcement actions."
s3730-110,1,Wage Hour & Benefits,enforcement,"The bill expands training requirements and coverage for assessments related to family caregiver support needs under Medicaid, directly affecting private employer obligations related to employee family leave and caregiving responsibilities."
s1292-110,1;12,"Wage Hour & Benefits;Fraud, Corruption & Criminal Conduct",enforcement,"The bill aims to improve the safety of meat and poultry products through enhanced recordkeeping and audit systems, which could uncover fraud related to the origin and handling of these products, and directly regulates private employer conduct related to food safety and traceability."
hr1438-113,,,,"Bill adjusts how veteran pension income is calculated by excluding reimbursements for accidents, theft, loss, or medical expenses; it does not regulate private employer conduct or introduce tax incentives related to employer behavior."
s1229-108,1;24,Wage Hour & Benefits;Government Reporting & Compliance,enforcement,"The bill strengthens protections for federal employee whistleblowers reporting waste, fraud, and abuse, and clarifies disclosure requirements in nondisclosure policies, which indirectly relates to employer conduct and potential retaliation, and addresses reporting requirements related to FEC and political contributions."
hr3786-110,1,Wage Hour & Benefits,enforcement,"The bill allows servicemembers to terminate telecommunications contracts without penalty upon receiving deployment orders, which relates to protections for employees called to military service and indirectly affects employer contract obligations."
hjres33-111,16;17;18,Air Violation;Water Violation;Earth Violation,enforcement,"The bill proposes a constitutional amendment granting a right to a clean, safe, and sustainable environment, which would likely lead to increased enforcement of existing environmental laws (Clean Air Act, Clean Water Act, RCRA) against companies causing pollution or environmental damage."
hjres9-116,,,,This bill proposes a constitutional amendment related to voting rights and does not directly regulate or incentivize any corporate conduct related to the Violation Tracker categories.
hr1745-108,,,,"The bill encourages states to impound vehicles of DWI suspects and study the effects of such laws, but does not directly regulate or incentivize any corporate conduct related to the Violation Tracker categories."
s691-114,7;18,Infrastructure & Nuclear Safety;Earth Violation,enforcement,"The bill regulates the construction of a nuclear waste repository and requires consent from state and local governments, relating to NRC enforcement for nuclear facility safety violations and EPA enforcement for environmental damage from mining operations."
s109-116,1,Wage Hour & Benefits,enforcement,"The bill prohibits the use of federal funds for abortions and health coverage that includes abortions, which impacts employer-provided health insurance benefits and potentially ERISA obligations."
hr1078-113,,,,"The bill relates to making the American Community Survey voluntary, which is a statistical data collection effort and does not involve regulating or incentivizing any type of corporate misconduct as defined by the Violation Tracker categories."
hr5556-110,1,Wage Hour & Benefits,tax_credit_introduction,"The bill introduces a tax incentive (removal of the 10% penalty) for individuals accessing retirement funds while unemployed, which indirectly relates to private employer wage and benefit conduct by potentially reducing financial hardship for those who have lost employment."
hr2641-116,,,,This bill concerns press briefings by the President and does not relate to any type of corporate misconduct targeted by government enforcement actions.
hr4200-109,18,Earth Violation,enforcement,"The bill focuses on recovery treatments for Federal lands damaged by catastrophic events, including the removal of dead and damaged trees and reforestation, which relates to EPA RCRA enforcement for improper handling or disposal of hazardous and radioactive waste and environmental damage from mining operations."
hr3412-113,,,,"The bill focuses on reducing college costs through regulatory reform and experimental sites, and does not directly address or incentivize any type of corporate misconduct targeted by the Violation Tracker categories."
s2279-106,,,,The bill concerns land transfer for Sequoia National Park and does not relate to any corporate misconduct targeted by government enforcement actions.
hr7144-110,,,,The bill establishes a national biological data center and does not directly regulate or incentivize any corporate conduct related to the Violation Tracker categories.
hr3522-115,,,,The bill focuses on coordinating and improving the use of geospatial data within the federal government and does not directly regulate or incentivize any corporate conduct related to the Violation Tracker categories.
hr2197-111,1,Wage Hour & Benefits,enforcement,"The bill relates to the determination of employer affiliation for SBA purposes in the temporary employee services industry, which impacts wage and hour obligations under the FLSA and other labor laws."
hr4667-108,7,Infrastructure & Nuclear Safety,enforcement,"The bill directly relates to the licensing of a hydroelectric project under FERC jurisdiction, which falls under the scope of infrastructure and nuclear safety enforcement related to dam safety and hydroelectric license violations."
hr4165-109,,,,"The bill modifies a map related to the Coastal Barrier Resources System, which does not relate to any type of corporate misconduct targeted by government enforcement actions."
s2049-106,,,,Bill extends authorization for a trust fund used for crime prevention and federal aid to law enforcement; it does not regulate private employer conduct or introduce tax incentives related to corporate misconduct.
s2598-114,,,,This bill concerns the minting of commemorative coins and does not relate to any type of corporate misconduct targeted by government enforcement actions.
hr2077-110,,,,Bill designates a post office building; it does not relate to any type of corporate misconduct targeted by government enforcement actions.
hr24-108,12;27,"Fraud, Corruption & Criminal Conduct;Firearms Violation",enforcement,"The bill imposes requirements and penalties on firearms manufacturers and importers, and could lead to criminal investigations and prosecutions related to violations of those requirements, relating to fraud and criminal conduct as well as firearms violations."
s2680-106,,,,This bill concerns international affairs and a Balkan stabilization conference; it does not relate to any corporate misconduct targeted by government enforcement actions.
sjres21-114,,,,This bill proposes a constitutional amendment regarding flag desecration and does not relate to any type of corporate misconduct targeted by government enforcement actions.
hr5990-110,14,Consumer Protection,enforcement,"The bill prohibits the sale of adult-rated video games to minors and requires labeling, which relates to consumer protection and deceptive marketing practices enforced by the FTC."
hr4414-115,,,,The bill concerns the repayment of Pell Grants by students who do not complete their programs of study and does not relate to any corporate misconduct targeted by government enforcement actions.
s273-113,1,Wage Hour & Benefits,enforcement,"The bill modifies ERISA fiduciary duties related to ESOPs, directly affecting the obligations of private employers managing employee retirement plans."
hr375-109,,,,Bill focuses on naval force structure and does not relate to corporate misconduct targeted by government enforcement actions.
s1145-107,1,Wage Hour & Benefits,tax_credit_introduction,"The bill introduces a tax credit to encourage the hiring of certain veterans, which relates to private employer wage and benefit conduct by incentivizing employment."
hr5603-110,,,,This bill focuses on the structure and capabilities of the National Guard and coordination with state governments; it does not regulate private employer conduct or introduce tax incentives related to corporate misconduct.
hr4290-114,,,,The bill provides a debt stay for Puerto Rico and does not directly regulate or incentivize any corporate conduct related to the Violation Tracker categories.
s545-108,1,Wage Hour & Benefits,enforcement,"The bill amends ERISA to revise provisions relating to access and choice for small business employers with respect to medical care, and establishes rules governing association health plans, which directly regulates private employer-sponsored health benefits and solvency requirements."
hr6726-112,1,Wage Hour & Benefits,enforcement,"The bill directly regulates government employee pay, which, while related to compensation, does not involve misconduct by a non-governmental employer as defined by Violation Tracker."
s1811-107,12;24,"Fraud, Corruption & Criminal Conduct;Government Reporting & Compliance",enforcement,"The bill amends the Ethics in Government Act, focusing on financial disclosure requirements for executive branch employees, which includes provisions related to potential fraud and illegal corporate campaign contributions and failure to disclose political advertising."
hr568-110,,,,Bill removes limitations on the number of reverse mortgages insured by the FHA; it does not regulate private employer conduct or introduce tax incentives related to corporate misconduct.
hr6279-111,1,Wage Hour & Benefits,enforcement,"The bill requires retention of reserve component members on active duty for reintegration following deployment, which includes allowing the use of accrued leave and paying specified pay and allowances, relating to employer obligations regarding employee leave and pay."
hr5292-115,,,,The bill establishes a task force to review census questions and their impact on response rates; it does not regulate or incentivize any corporate conduct related to the Violation Tracker categories.
hr3773-108,1,Wage Hour & Benefits,tax_credit_removal,"The bill repeals the sunset dates of provisions that reduced tax rates and increased deductions, effectively maintaining existing tax benefits that impact employer compensation and benefit plans."
s2310-114,,,,The bill allows states to consolidate federal education funds and manage them to advance state educational policy; it does not directly regulate or enforce any corporate conduct related to the Violation Tracker categories.
hr5220-109,,,,Bill establishes an advisory committee to facilitate veteran employment transitions and data collection; it does not regulate private employer conduct or introduce tax incentives related to any Violation Tracker categories.
hr204-107,15,Competition-related Offenses,enforcement,"The bill directs the Secretary of Transportation to investigate unfair methods of competition by major air carriers, which relates to antitrust enforcement and predatory pricing practices."
s635-113,9,Banking AML & Sanctions,enforcement,"The bill relates to the Gramm-Leach-Bliley Act, which governs financial institutions' handling of consumer financial information and requires annual privacy notices, thus affecting compliance with banking regulations."
hr3894-111,,,,"The bill establishes a grant program to prevent childhood obesity through nutrition and physical activity initiatives, but does not regulate private employer conduct or introduce tax incentives related to wage, benefit, or other corporate misconduct areas."
s1256-111,1,Wage Hour & Benefits,enforcement,"The bill aims to increase federal funding for states that expand home and community-based long-term services and supports for Medicaid beneficiaries, which indirectly encourages states to shift resources away from institutional care and towards more community-based care options, potentially impacting the quality and availability of services provided by non-governmental LTSS providers and their compliance with Medicaid regulations."
hr5104-113,20,Energy Efficiency,enforcement,"The bill authorizes a demonstration program for energy and water conservation improvements in multifamily housing, which could lead to enforcement of DOE energy efficiency standards for appliances and equipment."
hr4419-110,,,,Bill adjusts tariff rates on synthetic staple fibers; it does not relate to corporate misconduct targeted by government enforcement actions.
hr2127-112,,,,"Bill appropriates funds for infant mortality pilot programs and does not regulate private employer conduct or introduce tax incentives related to wage/hour, benefits, or other corporate misconduct categories."
hr2354-115,1,Wage Hour & Benefits,enforcement,"The bill clarifies the definition of 'recreational vessel' under the Longshore and Harbor Workers' Compensation Act, which directly impacts employer obligations regarding worker's compensation coverage for maritime employees."
hr3980-107,,,,This bill concerns the minting of a commemorative coin and does not relate to any corporate misconduct targeted by government enforcement actions.
hr406-113,1,Wage Hour & Benefits,enforcement,"The bill relates to the best interests of a U.S. citizen child when considering the removal of an alien parent, which could indirectly affect the parent's employment and therefore wage/hour and benefits considerations, and could be considered a factor in determining whether an employer is acting in good faith."
hr1349-113,,,,The bill establishes a National Heritage Area and focuses on the preservation of historical and cultural resources; it does not regulate or incentivize any corporate conduct related to the Violation Tracker categories.
hr3441-110,,,,The bill focuses on training school principals and incorporating instructional leadership standards into certification programs; it does not address corporate misconduct or employer obligations related to any of the Violation Tracker categories.
hr821-116,27,Firearms Violation,enforcement,"The bill relates to the National Instant Criminal Background Check System (NICS), which is used to screen individuals purchasing firearms, and affects the retention of records related to those transactions, which could be used in enforcement actions against firearms manufacturers or sellers."
hr3967-116,11,Accounting Financial Reporting & Tax,enforcement,"The bill amends the Internal Revenue Code regarding the deduction of interest expenses by financial institutions holding tax-exempt bonds, which relates to financial reporting and tax compliance."
s2209-108,17,Water Violation,enforcement,"The bill authorizes water resources projects focused on ecosystem restoration and water quality protection, which directly relates to EPA Clean Water Act enforcement for discharging pollutants into waterways."
hr2591-110,1,Wage Hour & Benefits,enforcement,"The bill addresses the penalty for late enrollment in Medicare, which relates to employer-sponsored health insurance and therefore private employer benefit conduct."
s1637-108,1;11,Wage Hour & Benefits;Accounting Financial Reporting & Tax,tax_credit_introduction,"The bill phases in a tax deduction for qualified domestic production activities income and provides transitional relief based on prior tax exclusion benefits, which directly relates to private employer tax obligations and incentivizes job preservation."
s944-116,1;3,Wage Hour & Benefits;Labor Relations,enforcement,"The bill relates to the pay, benefits, and personnel management of TSA employees, which, while government employees, involves establishing workplace protections and labor-management relations that are analogous to those governed by the FLSA and Federal Labor Relations Authority, thus impacting employer-side conduct."
hr4896-107,5,Consumer Safety,enforcement,"The bill directly relates to the Consumer Product Safety Commission's standards for children's sleepwear flammability, which falls under the enforcement of product safety regulations against companies."
s392-112,,,,The bill focuses on funding and expanding health and physical education programs in schools and does not directly regulate or incentivize any corporate conduct related to the Violation Tracker categories.
hr4809-109,24,Government Reporting & Compliance,enforcement,"The bill requires federal agencies to ensure regulations are written in plain language and to report on compliance, which relates to agency enforcement for failure to file required regulatory reports."
s245-110,,,,This bill concerns the designation of a historic site and does not relate to any corporate misconduct targeted by government enforcement actions.
hr209-108,1,Wage Hour & Benefits,enforcement,"The bill extends unemployment compensation, which directly relates to employer obligations regarding worker pay and benefits, and is a form of enforcement of existing unemployment insurance laws."
hr1982-109,1,Wage Hour & Benefits,tax_credit_introduction,"The bill introduces a housing benefit downpayment tax exclusion for veterans who served outside the United States, which relates to employer-provided benefits and financial security."
s3735-110,,,,"The bill relates to tax incentives for computer technology businesses in enterprise zones, and does not directly regulate or enforce any corporate misconduct or introduce tax credits related to wage/hour, discrimination, labor relations, safety, or other violation tracker categories."
s4-110,1;24,Wage Hour & Benefits;Government Reporting & Compliance,enforcement,"The bill addresses hours of labor and dismissal of employees, which relates to wage and hour issues and potential retaliation against employees, and also addresses government reporting requirements, specifically regarding illegal corporate campaign contributions and failure to disclose political advertising."
hr2535-109,,,,"This bill adjusts tariff rates on a specific chemical, which is a routine policy adjustment and does not relate to enforcement actions against a company for misconduct."
s636-116,,,,The bill concerns temporary protected status for Venezuelan nationals and assistance to surrounding countries; it does not regulate or incentivize any conduct by non-governmental employers related to the Violation Tracker categories.
hr6379-115,,,,This bill simply extends the National Flood Insurance Program and does not relate to corporate misconduct targeted by government enforcement actions.
hr4514-113,1,Wage Hour & Benefits,enforcement,"The bill expands benefits eligibility for rescue squad and ambulance crew members, which directly relates to worker benefits and is an enforcement-like change to the existing Dale Long Public Safety Officers' Benefits Improvements Act of 2012."
hr2391-112,,,,"The bill introduces a tax credit for renewable electricity integration, which does not directly relate to any of the defined corporate misconduct categories involving employer conduct, consumer safety, or financial violations."
s98-108,9,Banking AML & Sanctions,enforcement,"The bill prohibits financial holding companies and national banks from engaging in real estate brokerage or management activities, which relates to unsafe or deceptive banking practices and financial regulation."
s1007-114,,,,The bill simply renames a museum within a national historical park and does not relate to any type of corporate misconduct targeted by government enforcement actions.
s2162-106,22,Government Contracting,enforcement,"The bill relates to the indemnification of Department of Energy contractors, which falls under government contracting and potential False Claims Act enforcement against those contractors."
hr3560-109,5,Consumer Safety,enforcement,"The bill requires the FDA to carry out activities related to food choking hazards to children, which directly relates to FDA enforcement for defective or dangerous consumer products."
s604-109,,,,"Bill expands Medicare coverage for medical nutrition therapy; it does not regulate private employer conduct or introduce tax incentives related to wage/hour obligations, discrimination, or other corporate misconduct."
hr4322-109,11;22,Accounting Financial Reporting & Tax;Government Contracting,enforcement,"The bill focuses on reforming Indian trust asset management and resolving historical accounting claims, which directly relates to financial statement accuracy and potential fraudulent billing of federal programs, triggering enforcement actions against those responsible for mismanagement."
hr4175-110,12;24;25,"Fraud, Corruption & Criminal Conduct;Government Reporting & Compliance;National Security & Cybercrime",enforcement,"The bill expands criminal penalties for computer fraud and data breaches, authorizes civil actions by attorneys general, and increases funding for investigating and prosecuting cybercrime, all of which relate to fraud, criminal conduct, and potential violations of data privacy and security, as well as potential unauthorized access to computer systems."
hr755-115,,,,The bill concerns the privacy protections related to the REAL ID Act and does not directly regulate or incentivize any corporate conduct related to the Violation Tracker categories.
s2925-109,,,,Bill adjusts a tariff schedule; it does not relate to corporate misconduct or enforcement actions against companies.
s354-109,1;12,"Wage Hour & Benefits;Fraud, Corruption & Criminal Conduct",enforcement,"The bill regulates health care liability claims, including provisions related to fraud, attorney fees, and limitations on damages, directly affecting the conduct of health care providers and potentially impacting their financial obligations and legal compliance."
hr5123-107,17,Water Violation,enforcement,"The bill addresses water management related to the Salton Sea, which involves potential discharge of pollutants into waterways and habitat conservation, relating to Clean Water Act enforcement and water quality standards."
sjres5-107,,,,This bill concerns the appointment of a citizen regent to the Smithsonian Institution's Board of Regents and does not relate to any corporate misconduct targeted by government enforcement actions.
hr2273-110,5,Consumer Safety,enforcement,"The bill focuses on improving the safety and effectiveness of drugs and devices regulated by the FDA, including requirements for postmarket studies and labeling, which directly relates to corporate misconduct related to defective or dangerous products and failure to report defects."
hr2724-111,6;20,Transportation Safety;Energy Efficiency,enforcement,"The bill establishes national transportation objectives including reducing per capita vehicle miles traveled and transportation-generated carbon dioxide levels, which could indirectly affect automakers' compliance with NHTSA CAFE standards and incentivize energy efficiency improvements, thus relating to transportation safety and energy efficiency enforcement."
hr5946-114,1,Wage Hour & Benefits,tax_credit_introduction,"The bill provides a tax exclusion for prizes won by Olympians and Paralympians, which can be considered income, and thus relates to private employer wage/benefit conduct by affecting taxable income."
s982-112,,,,This bill concerns the continued operation of the Guantanamo Bay detention facility and restrictions on transferring detainees; it does not regulate private employer conduct or introduce tax incentives related to any of the Violation Tracker categories.
s1434-112,14;25,Consumer Protection;National Security & Cybercrime,enforcement,"The bill establishes data security procedures and preempts state law regarding data security breaches, relating to privacy breaches and potential unauthorized access to consumer information, which falls under FTC enforcement actions and potential cybercrime concerns."
s2504-114,12,"Fraud, Corruption & Criminal Conduct",enforcement,"The bill modifies the Controlled Substances Act, which involves criminal conduct related to drug trafficking and potentially fraudulent advertising, and could affect enforcement actions against companies advertising marijuana-related activities."
hr5788-112,,,,Bill designates a post office; it does not relate to any type of corporate misconduct targeted by government enforcement actions.
s3033-108,,,,This is a private bill granting permanent residency to an individual and does not relate to any corporate misconduct targeted by government enforcement actions.
s378-110,12;24,"Fraud, Corruption & Criminal Conduct;Government Reporting & Compliance",enforcement,"The bill addresses false liens against federal officers and employees, obstruction of justice, and the public disclosure of private information with intent to harm, all of which constitute criminal conduct and potential fraud, and also addresses illegal corporate campaign contributions and failure to disclose political advertising."
s3070-110,,,,This bill concerns the minting of commemorative coins and a grant program funded by surcharges on coin sales to the Boy Scouts of America Foundation; it does not regulate private employer conduct or introduce tax incentives related to any Violation Tracker category.
hr3542-107,12;25,"Fraud, Corruption & Criminal Conduct;National Security & Cybercrime",enforcement,"The bill expands the definition of 'material support' for terrorists to include scientific materials, which could lead to enforcement actions against companies that knowingly provide such materials, relating to criminal conduct and national security concerns."
hr3655-107,,,,Bill adjusts tariff rates on herbicides; it does not relate to corporate misconduct enforcement or tax incentives related to any of the Violation Tracker categories.
s3209-114,23,Healthcare Fraud & Compliance,enforcement,"The bill requires states to share prescription drug monitoring program (PDMP) data and imposes potential funding withholdings for non-compliance, relating to pharmaceutical marketing and potential fraud enforcement by DOJ and HHS."
hr4544-110,,,,This bill awards medals to Native American code talkers and does not regulate or incentivize any corporate conduct related to the Violation Tracker categories.
hr5647-107,,,,This bill concerns the duration of a Navy-Marine Corps Intranet contract and does not relate to any type of corporate misconduct targeted by government enforcement actions.
hr1418-110,1,Wage Hour & Benefits,enforcement,"The bill aims to improve access to rehabilitation and other services regarding traumatic brain injury, which could involve employer accommodations and related benefits, and requires reporting on activities to improve data collection, potentially impacting employer compliance with disability-related regulations."
s213-112,,,,This bill concerns a Congressional tribute and the posthumous awarding of a Medal of Honor to a military member; it does not relate to any corporate misconduct targeted by government enforcement actions.
hr4755-106,,,,The bill concerns the maintenance and potential replacement of the Woodrow Wilson Memorial Bridge and does not directly regulate or incentivize any corporate conduct related to the Violation Tracker categories.
hr1210-113,6,Transportation Safety,enforcement,"The bill aims to enhance the security of mass transit systems by assisting law enforcement in identifying threats, which could involve background checks and related FCRA considerations during hiring for security personnel."
hr1861-114,6,Transportation Safety,enforcement,"While seemingly focused on transportation, the bill's prohibition of funding for motorcycle helmet checkpoints could be construed as impacting potential enforcement actions related to safety standards and potentially discriminatory practices if checkpoints are applied unevenly."
hr4890-109,1;11;24,Wage Hour & Benefits;Accounting Financial Reporting & Tax;Government Reporting & Compliance,enforcement,"The bill relates to the rescission of budget authority and targeted tax benefits, which could affect employer obligations related to wages, benefits, and reporting requirements, and also touches on campaign finance disclosures."
hr4108-113,,,,The bill provides grants for nebulizers in schools and does not relate to any corporate misconduct targeted by the Violation Tracker categories.
hr6001-111,1,Wage Hour & Benefits,tax_credit_introduction,"The bill introduces tax-exempt accounts and a tax deduction to help employees afford COBRA premiums, which relates to private employer-provided health benefits and therefore falls under the scope of employer conduct related to wage/hour and benefits."
s2897-106,,,,The bill relates to tax accounting methods for naval construction contracts and does not directly regulate or incentivize any conduct associated with the Violation Tracker categories.
hr63-115,1,Wage Hour & Benefits,tax_credit_introduction,"The bill introduces a tax credit to encourage private employers to hire veterans, which relates to employer conduct regarding wages and benefits."
s2433-110,,,,The bill focuses on international poverty reduction and does not directly regulate or incentivize any conduct by non-governmental employers related to the Violation Tracker categories.
s720-108,1,Wage Hour & Benefits,enforcement,"The bill aims to improve patient safety by protecting patient safety data from disclosure, which could encourage more thorough reporting of adverse events and potentially reveal misconduct by healthcare providers (non-governmental employers) related to patient care and safety."
s854-107,1,Wage Hour & Benefits,enforcement,"The bill expands coverage for tobacco cessation counseling under Medicare and Medicaid, directly relating to private employer-provided health benefits and potentially impacting employer-sponsored health plans."
s854-108,,,,Bill appropriates funds for programs supporting torture victims and contributions to the UN Voluntary Fund for Victims of Torture; it does not regulate private employer conduct or introduce tax incentives related to corporate misconduct.
hr5309-108,,,,Bill extends a filing deadline for Medicare claims due to processing delays; it does not regulate private employer conduct or introduce tax incentives related to wage/hour obligations.
hr4239-113,1;17,Wage Hour & Benefits;Water Violation,enforcement,"The bill directs agencies to provide maximum water supplies to contractors and prioritize water projects, which relates to potential violations of water quality standards and discharge permits under the Clean Water Act, and addresses water use and supply issues impacting employers in California."
hr1230-111,,,,The bill focuses on research and outreach programs related to acquired bone marrow failure diseases and does not directly regulate or incentivize any corporate conduct related to the Violation Tracker categories.
s1925-107,,,,The bill establishes a National Heritage Area and does not relate to any type of corporate misconduct targeted by government enforcement actions.
s255-111,14,Consumer Protection,enforcement,"The bill empowers states to set maximum APRs for consumer credit transactions, which directly regulates private lenders and addresses predatory lending practices, aligning with state AG and FTC enforcement actions under the Consumer Protection category."
hr1828-113,1,Wage Hour & Benefits,enforcement,"The bill expands death benefits to fire police officers, which are individuals serving in a public safety agency but are not law enforcement officers, relating to government employee pay and benefits."
s2916-106,,,,"Bill adjusts tariff codes for animal hair clippers; it does not relate to corporate misconduct or enforcement actions, nor does it introduce or remove tax credits related to employer conduct."
s745-113,,,,"The bill focuses on forest management and treatment of insect and disease epidemics on federal land, and does not directly regulate or incentivize any corporate conduct related to the Violation Tracker categories."
hr2323-109,21,Animal Welfare,enforcement,"The bill establishes a recovery program for southern sea otters, which involves research, health assessments, and tissue analysis, potentially relating to violations of the Animal Welfare Act at research facilities, breeders, and animal dealers."
hr370-107,,,,The bill provides tax credits for charitable contributions to scholarships and school materials; it does not directly regulate employer conduct or address any of the types of corporate misconduct covered by the Violation Tracker categories.
s3385-111,18,Earth Violation,enforcement,"The bill relates to onshore oil and natural gas preleasing and leasing activity, which can involve improper storage, handling, or disposal of hazardous waste regulated under EPA RCRA enforcement, and potential environmental damage from mining operations."
hr5039-114,,,,"The bill modifies income source rules for U.S. possessions and revises tax rules for personal property sales, but does not directly regulate or enforce corporate conduct related to any of the Violation Tracker categories, nor does it introduce tax credits related to employer behavior."
hr218-111,,,,"The bill provides a tax credit to individuals for organ donation, which does not relate to corporate misconduct or employer obligations as defined by the Violation Tracker categories."
hr1096-108,3;15,Labor Relations;Competition-related Offenses,enforcement,"The bill focuses on border security and trade, including programs like the Customs-Trade Partnership Against Terrorism and cooperative trade security systems with Mexican entities (maquiladoras), which relate to potential unfair labor practices, supply chain security, and customs violations by companies involved in international trade."
hr5834-112,,,,Bill relates to tuition rates for dependents of military personnel at public institutions of higher education; it does not regulate private employer conduct or introduce tax incentives related to corporate misconduct.
hr3469-113,,,,Bill clarifies veteran status for individuals attending service academy preparatory schools and does not regulate private employer conduct or introduce tax incentives related to corporate misconduct.
hr5150-111,27,Firearms Violation,enforcement,"The bill directly addresses regulations surrounding firearms, including possession, registration, and sales, which can lead to civil litigation against firearms manufacturers for irresponsible marketing or enforcement against unlicensed manufacturers."
hr5247-109,,,,Bill provides assistance to a museum and does not relate to any type of corporate misconduct targeted by government enforcement actions.
s75-112,15,Competition-related Offenses,enforcement,"The bill directly addresses price-fixing agreements between manufacturers and retailers, which falls under antitrust enforcement and is a core component of Competition-related Offenses."
s2778-114,,,,This bill concerns the rapid acquisition of directed energy weapons by the Department of Defense and does not relate to corporate misconduct targeted by government enforcement actions.
hr6347-111,12,"Fraud, Corruption & Criminal Conduct",enforcement,"The bill prohibits entities with direct involvement in the deportation of individuals to extermination camps during the Holocaust from receiving federal contracts, representing a form of enforcement against corporate conduct related to war crimes and potentially fraud/criminal conduct."
hr3453-112,,,,The bill concerns the management of wolf populations under the Endangered Species Act and does not relate to corporate misconduct targeted by government enforcement actions.
hr2817-110,24,Government Reporting & Compliance,enforcement,"The bill amends the Federal Election Campaign Act to regulate corporate campaign contributions and disclosure requirements, directly affecting FEC enforcement contexts."
hr1015-114,22,Government Contracting,enforcement,"The bill aims to improve oversight of VA contracts awarded to veteran-owned small businesses, which includes provisions for monitoring compliance, referring violations to the Inspector General, and imposing penalties for false statements, relating to False Claims Act enforcement against contractors."
hr3342-107,1,Wage Hour & Benefits,enforcement,"The bill aims to improve the quality of life for women in Central Asia, including through funding for education and economic development programs, which indirectly relates to wage and benefit standards for employers in those regions."
s1559-114,12,"Fraud, Corruption & Criminal Conduct",enforcement,"The bill prohibits threats or acts of violence against a person's pet as part of stalking and domestic violence offenses, which constitutes criminal conduct and potentially obstruction of justice if someone attempts to conceal such acts."
hr2752-111,1,Wage Hour & Benefits,enforcement,"The bill regulates the provision of contraceptive services to minors by family planning projects, which involves requirements for parental notification and consent, directly affecting the conduct of non-governmental providers of healthcare services."
hr1105-115,17,Water Violation,enforcement,"The bill directly affects the scope of the Clean Water Act, which regulates pollutant discharges into waterways and thus relates to EPA enforcement for Clean Water Act violations."
hr876-115,3;4,Labor Relations;Workplace Safety,enforcement,"The bill focuses on enhancing security vetting of airport employees, including background checks, continuous vetting, and access controls, which directly relates to labor relations and workplace safety by addressing potential insider threats and security vulnerabilities within the transportation sector."
s539-113,,,,"The bill establishes a commission to evaluate and recommend improvements to diabetes care coordination; it does not directly regulate employer conduct or introduce tax incentives related to wage, benefit, or other corporate misconduct areas."
sjres33-111,,,,This bill concerns the proposed constitution of the U.S. Virgin Islands and does not directly regulate or incentivize any corporate conduct related to the Violation Tracker categories.
hr4542-109,3,Labor Relations,enforcement,"The bill addresses requirements prohibiting foreign interests from exercising control over U.S. airlines, which relates to labor relations and potential impacts on airline employees and collective bargaining rights."
hr4853-113,,,,Bill relates to the method of delivering Medicare statements to beneficiaries and does not regulate private employer conduct or introduce tax incentives related to employer behavior.
hr1649-110,,,,The bill concerns the closure or relocation of Farm Service Agency county offices and does not relate to any type of corporate misconduct targeted by government enforcement actions.
hr475-108,16,Air Violation,enforcement,"The bill reestablishes the Office of Noise Abatement and Control within the EPA and directs a study of airport noise, relating to EPA Clean Air Act enforcement for air emissions violations and permit non-compliance at industrial facilities."
hr5285-112,,,,Bill adjusts a tariff schedule; it does not relate to corporate misconduct or enforcement actions against companies.
s2728-108,12;14,"Fraud, Corruption & Criminal Conduct;Consumer Protection",enforcement,"The bill creates a penalty for automobile insurance fraud and directs the Department of Justice to investigate and prosecute such fraud, relating to criminal conduct and deceptive marketing practices."
hr3933-109,,,,The bill provides grants to states and nonprofits for forest land preservation and sprawl containment; it does not regulate corporate conduct or introduce tax incentives related to any of the Violation Tracker categories.
s3356-112,1;21;22,Wage Hour & Benefits;Animal Welfare;Government Contracting,enforcement,"The bill focuses on strengthening international conservation programs, which could involve addressing poaching, illegal logging, and wildlife trafficking (potentially implicating companies involved in those activities), and enhancing economic benefits from tourism, which could relate to employer conduct, and it also references performance measurement which could relate to government contracting and reporting."
hr5090-108,,,,The bill relates to a tax credit for natural gas production and does not directly regulate or enforce any corporate misconduct related to the Violation Tracker categories.
hr5086-108,,,,Bill adjusts tariff rates for a specific chemical compound; it does not relate to any type of corporate misconduct targeted by government enforcement actions.
hr1812-107,1;2;8,Wage Hour & Benefits;Employment Discrimination;Campus Safety,enforcement,"The bill authorizes grants for school counselors and safety programs, which could relate to preventing school violence and addressing potential discrimination or misconduct within schools, and could be used to address Clery Act compliance."
hr716-114,1,Wage Hour & Benefits,enforcement,"The bill requires mammography facilities to provide information about breast density to patients, which relates to healthcare access and informed consent, and could be seen as indirectly regulating the quality of information provided by healthcare facilities (non-governmental employers) to patients regarding their health."
s452-107,1,Wage Hour & Benefits,enforcement,"The bill aims to prevent the Secretary of Health and Human Services from targeting inadvertent billing errors under Medicare, and outlines provisions to allow for offset arrangements and repayment plans, directly affecting how Medicare audits and overpayment recoupment are handled with physicians and providers."
s910-114,1,Wage Hour & Benefits,enforcement,"The bill clarifies rules for accident and health plans of governmental entities, which, while focused on government entities, touches on the broader area of employee benefits and could impact how similar plans are structured and administered, potentially affecting employer conduct related to ERISA and employee benefits."
hr3823-109,,,,This is a private bill to provide immigration relief to specific individuals and does not regulate or incentivize any corporate conduct related to the Violation Tracker categories.
s2967-112,,,,Bill adjusts a tariff schedule; it does not relate to corporate misconduct enforcement or tax incentives related to any of the Violation Tracker categories.
hr2089-112,,,,"The bill encourages the use of advanced technologies in transportation projects receiving federal funding, but does not regulate corporate conduct or introduce tax incentives related to any of the Violation Tracker categories."
hr2737-111,26,Exploitation & Trafficking,enforcement,"The bill provides assistance to countries to eradicate trafficking in children, which involves civil and criminal enforcement against companies that facilitate or financially benefit from sex trafficking or sexual exploitation of minors."
s659-110,,,,"Bill relates to the payment of death gratuity to family members of deceased service members, which does not involve misconduct by a non-governmental employer."
s2034-112,12;24,"Fraud, Corruption & Criminal Conduct;Government Reporting & Compliance",enforcement,"The bill imposes sanctions on individuals and entities involved in human rights abuses and censorship in Syria, and prohibits federal contracts with those exporting sensitive technology to Syria, representing criminal conduct and illegal corporate campaign contributions/failure to disclose political advertising."
s34-108,,,,"The bill repeals the estate tax on family-owned businesses and farms, which does not relate to any specific corporate misconduct targeted by government enforcement actions as defined by the Violation Tracker categories."
s335-116,9;12,"Banking AML & Sanctions;Fraud, Corruption & Criminal Conduct",enforcement,"The bill directly relates to ensuring compliance with a settlement agreement stemming from sanctions violations by a corporation (ZTE), which falls under banking/financial regulations and potential criminal conduct (violations of export controls and related laws)."
s674-108,,,,The bill designates museums composing America's National Maritime Museum and does not relate to any corporate misconduct targeted by government enforcement actions.
s3144-114,,,,The bill concerns the right to effective counsel in criminal cases and does not relate to corporate misconduct targeted by government enforcement actions.
hr967-115,,,,This bill awards a Congressional Gold Medal to Alice Paul for her contributions to the women's suffrage movement and equal rights for women; it does not regulate or incentivize any corporate conduct related to the Violation Tracker categories.
hr4103-107,,,,The bill concerns a land transfer to a religious organization for historic preservation and education purposes and does not relate to any corporate misconduct targeted by government enforcement actions.
hr532-107,17,Water Violation,enforcement,"The bill authorizes appropriations from a trust fund to address MTBE contamination in groundwater, relating to Clean Water Act enforcement and addressing pollutants discharged into waterways."
s2042-111,,,,Bill adjusts tariff rates on reconstituted tobacco; this is a routine policy adjustment and does not relate to enforcement actions against a company for misconduct.
hr825-109,,,,The bill concerns the conditions under which the IMF may sell gold and does not relate to any type of corporate misconduct targeted by government enforcement actions.
s3668-111,1,Wage Hour & Benefits,enforcement,"The bill aims to assist patients in navigating health-related programs, which could include addressing issues related to employer-sponsored health benefits and access to care, indirectly impacting employer obligations related to providing adequate benefits."
hr4539-113,24,Government Reporting & Compliance,enforcement,"The bill requires the CFPB to disclose the data and analyses underlying its research papers, which relates to agency enforcement for failure to file required regulatory reports."
s1959-109,,,,This bill concerns the placement of a statue in the Capitol; it does not regulate or incentivize any corporate conduct related to the Violation Tracker categories.
hr5320-106,,,,"Bill relates to Medicare payment rates and plan options; it does not regulate private employer conduct or introduce tax incentives related to wage/hour, benefits, or other corporate misconduct areas."
hr4218-108,,,,This bill focuses on high-performance computing research and development and does not directly regulate or incentivize any conduct related to corporate misconduct as defined by the Violation Tracker categories.
hr4215-111,,,,The bill concerns the listing of a biological agent and toxin and does not relate to any type of corporate misconduct targeted by government enforcement actions.
s3106-110,13,Intellectual Property & Trade Secrets,enforcement,"The bill clarifies the definitions of vessel hull design protection under copyright law, which relates to the theft of proprietary business information and intellectual property."
s856-113,12;9,"Fraud, Corruption & Criminal Conduct;Banking AML & Sanctions",enforcement,"The bill authorizes sanctions against individuals and entities involved in transactions supporting the Assad regime, including those related to the sale of defense articles and petroleum, which constitutes criminal conduct and financial transactions involving prohibited countries."
hr6272-112,5,Consumer Safety,enforcement,"The bill expands reporting requirements for clinical trials to the FDA, which directly relates to enforcement of drug safety and medical device regulations against companies."
hr416-107,16;17;18,Air Violation;Water Violation;Earth Violation,enforcement,"The bill establishes a fund for environmental priorities funded by consumer savings from retail electricity choice and authorizes matching funding for state environmental programs, which relates to EPA enforcement for air and water quality violations and environmental damage from mining operations."
s246-107,,,,The bill extends a moratorium on internet taxes and does not relate to any type of corporate misconduct targeted by government enforcement actions.
hr3102-114,1;3,Wage Hour & Benefits;Labor Relations,enforcement,"The bill relates to airport employee screening and access controls, which involves employer performance and potential disqualification for criminal offenses, and also addresses labor relations through the establishment of a redress process for adverse employment decisions."
hr4718-107,,,,The bill concerns a tax provision related to the depreciation of potato storage facilities and does not directly regulate or incentivize any conduct related to corporate misconduct as defined by the Violation Tracker categories.
s80-113,,,,The bill focuses on auditing and processing sexual assault forensic evidence backlogs and does not directly regulate or incentivize corporate conduct related to any of the Violation Tracker categories.
s818-111,,,,"The bill focuses on funding for educational technology and improving technology literacy in schools, and does not relate to corporate misconduct targeted by government enforcement actions."
hr1778-107,2,Employment Discrimination,enforcement,"The bill directs the Attorney General to conduct a study of traffic stops, including data on complaints alleging racial discrimination in law enforcement, which relates to employer-side FCRA violations during hiring and potential discriminatory practices."
hr1169-112,1,Wage Hour & Benefits,enforcement,"The bill directly affects the compensation, benefits, and rights of National Guard technicians, who are non-governmental employers, by removing limitations on hiring, providing overtime pay, and revising retirement eligibility, thus relating to wage/hour and benefit obligations."
hr4078-107,18;17,Earth Violation;Water Violation,enforcement,"The bill establishes a fund for reclamation of abandoned hardrock mines and authorizes the EPA to issue permits for remediation of water pollution associated with those mines, directly addressing environmental damage and water quality issues related to mining operations."
hr2573-108,22,Government Contracting,enforcement,"The bill authorizes agreements involving federal real property and potentially government contractors, which could relate to False Claims Act enforcement if contractors are involved in mismanagement or fraud related to those agreements."
hr1164-114,14,Consumer Protection,enforcement,"The bill requires operators of video services to disclose data collection practices to consumers and offer an alternative service without data collection, which relates to consumer privacy and is enforced through the Federal Trade Commission Act as unfair or deceptive acts or practices."
s1917-111,,,,Bill adjusts tariff rates on imported footwear; it does not relate to corporate misconduct or enforcement actions against companies.
s3954-111,6,Transportation Safety,enforcement,"The bill aims to improve air cargo security, which includes ensuring the proper handling and safeguarding of cargo by transportation employees, potentially relating to background checks and hiring practices, and thus employer-side FCRA violations."
hr4980-114,,,,The bill concerns the timeliness of background checks within the NICS system and a private right of action for failures to correct records; it does not regulate corporate conduct related to any of the Violation Tracker categories.
hr1077-107,1,Wage Hour & Benefits,enforcement,"The bill directly regulates the pay schedules and rates for prevailing rate employees in Pasquotank County, North Carolina, effectively setting wage obligations for non-governmental employers."
hr2198-110,22,Government Contracting,enforcement,"The bill requires federal agencies to report on contractor oversight and fulfillment of obligations, which relates to potential False Claims Act violations and government contracting misconduct."
hr2470-110,1,Wage Hour & Benefits,tax_credit_introduction,"The bill introduces tax credits for investment in public school modernization bonds, and includes labor standards applicable to the construction projects financed by those bonds, relating to employer wage obligations."
hr4426-112,,,,Bill adjusts tariff rates on a specific product; it does not relate to corporate misconduct enforcement or tax incentives related to any of the Violation Tracker categories.
s1332-113,,,,Bill relates to Medicare reimbursement for home health services and does not involve any regulation of private employer conduct or tax incentives related to employer wage/benefit obligations.
hr3003-109,12;24,"Fraud, Corruption & Criminal Conduct;Government Reporting & Compliance",enforcement,"The bill establishes a commission to investigate detainee abuses, which could involve uncovering criminal conduct (kickbacks, false statements, obstruction of justice) by government contractors and failures to file required regulatory reports related to the operations, thus relating to categories 12 and 24."
hr5207-111,1,Wage Hour & Benefits,tax_credit_introduction,"The bill aims to improve the operation of Employee Stock Ownership Plans (ESOPs) through various tax provisions, which indirectly relate to employee benefits and pensions by incentivizing their use."
hr3744-109,1,Wage Hour & Benefits,tax_credit_introduction,"The bill introduces a tax credit to incentivize individuals to provide housing support to those displaced by Hurricane Katrina, which indirectly relates to private individuals providing support, and could be seen as encouraging actions that alleviate burdens on employers or social services related to displaced workers."
hr3941-106,,,,This bill suspends duty on a specific imported product; it is a routine tariff adjustment and does not relate to enforcement actions against corporate misconduct.
hr483-110,18,Earth Violation,,"The bill concerns land exchanges within a National Forest, and while it mentions 'mines and mineral resources,' it does not regulate or incentivize conduct related to hazardous waste handling, improper disposal, or environmental damage, and therefore does not directly relate to EPA RCRA enforcement or other Earth Violation categories."
hr1262-111,17,Water Violation,enforcement,"The bill authorizes appropriations for state water pollution control revolving funds under the Clean Water Act, directly relating to EPA enforcement for discharging pollutants into waterways."
s3009-114,1,Wage Hour & Benefits,enforcement,"The bill revises conditions for extending disaster loan assistance to small businesses affected by essential employee deployment, which relates to private employer wage and benefit obligations under the FLSA and related laws."
s640-112,7,Infrastructure & Nuclear Safety,enforcement,"The bill encourages international cooperation on nuclear safety and increased public reporting of safety information, which relates to enforcement of safety standards at nuclear facilities."
hr72-114,,,,"The bill provides grants for nebulizers in schools, which does not relate to any type of corporate misconduct targeted by government enforcement actions."
s2380-110,,,,The bill relates to international taxation of corporate income and does not directly regulate or incentivize any of the corporate misconduct types covered by the Violation Tracker categories.
hr4326-115,,,,Bill designates a post office in honor of a military member; it does not regulate or incentivize any corporate conduct related to the Violation Tracker categories.
s2827-109,24,Government Reporting & Compliance,enforcement,"The bill expands the investigative authorities of the DHS Privacy Officer, including subpoena power, which relates to enforcement of reporting requirements and potential illegal corporate campaign contributions and failure to disclose political advertising."
s225-112,12,"Fraud, Corruption & Criminal Conduct",enforcement,"The bill facilitates access to IRS information for investigations into kidnapping or exploitation of minors, which could involve uncovering fraudulent activity or criminal conduct related to such cases."
hr2831-109,1,Wage Hour & Benefits,enforcement,"The bill amends ERISA to require all defined benefit pension plans to comply with certain rules regarding age discrimination in accrued benefits, directly regulating private employer pension plan obligations."
hr5313-110,,,,Bill adjusts tariff rates on a specific polymer; it does not relate to corporate misconduct enforcement or tax incentives related to any of the Violation Tracker categories.
s613-112,1,Wage Hour & Benefits,enforcement,"The bill relates to enforcement of the Individuals with Disabilities Education Act (IDEA) by allowing prevailing parties to recover expert witness fees and expenses, which can impact the cost of litigation against school districts and potentially encourage greater compliance with IDEA requirements."
hr2395-112,1,Wage Hour & Benefits,,"The bill relates to employment and training programs, specifically permitting Job Corps centers in U.S. territories, but does not directly regulate or enforce wage/hour or benefits obligations, nor does it introduce tax incentives related to employer conduct."
hr3397-110,19,Lead Violation,enforcement,"The bill directly relates to lead poisoning, which involves enforcement actions against companies for products containing excessive lead levels, aligning with the Lead Violation category."
s58-107,,,,Bill grants a federal charter to a medical association; it does not regulate corporate conduct or introduce tax incentives related to any of the Violation Tracker categories.
s2583-114,17,Water Violation,enforcement,"The bill reauthorizes the Clean Water State Revolving Fund and the Drinking Water State Revolving Fund, which are used to enforce the Clean Water Act and Safe Drinking Water Act, respectively, against entities discharging pollutants into waterways and ensuring safe drinking water, thus relating to EPA enforcement for water quality violations."
s2436-108,1;22,Wage Hour & Benefits;Government Contracting,enforcement,"The bill reauthorizes the Native American Programs Act, which includes provisions for Indian law enforcement and federal aid to Indians, potentially impacting government contracting and oversight of funds provided to tribal entities, which could relate to False Claims Act enforcement."
hr1085-115,18,Earth Violation,enforcement,"The bill withdraws land from mineral development, which relates to EPA enforcement for environmental damage from mining operations and RCRA enforcement for improper handling or disposal of hazardous waste associated with mining."
s1814-112,,,,Bill reauthorizes funding for the National Disaster Medical System and allows for reimbursement of health-related social services during public health emergencies; it does not regulate private employer conduct or introduce tax incentives related to corporate misconduct.
hr747-112,,,,"The bill extends the Build America Bonds program, which relates to state and local finance and securities, but does not directly regulate or incentivize any corporate conduct related to the Violation Tracker categories."
hr842-113,,,,This bill focuses on expanding NIH research into functional gastrointestinal and motility disorders and does not regulate or incentivize any conduct related to corporate misconduct as defined by the Violation Tracker categories.
hr4059-114,,,,Bill establishes a voluntary advance directive certification program for Medicare beneficiaries and provides an incentive payment for registration; it does not regulate private employer conduct or introduce tax credits related to employer wage/benefit obligations.
s2947-106,12,"Fraud, Corruption & Criminal Conduct",enforcement,"The bill prohibits imports from Iran, which could be seen as a form of economic pressure intended to deter support for terrorism and weapons programs, and thus relates to criminal conduct and potentially foreign bribery if Iranian entities are involved in such activities."
hr4931-107,1,Wage Hour & Benefits,enforcement,"The bill makes permanent provisions relating to pension and retirement plans, which directly regulates private employer obligations under ERISA and related laws."
hr5797-115,,,,Bill expands Medicaid coverage for individuals with opioid use disorders in institutions for mental diseases; it does not regulate private employer conduct or introduce tax incentives related to corporate misconduct.
hr24-111,,,,Bill only redesignates the Department of the Navy and Marine Corps and makes corresponding changes to titles; it does not regulate or incentivize any corporate conduct related to the Violation Tracker categories.
hr5722-115,1,Wage Hour & Benefits,,"The bill directs a study on improving non-opioid pain management for Medicare beneficiaries, but does not directly regulate or enforce employer wage/benefit conduct, nor does it introduce tax incentives related to such conduct."
s1015-107,6,Transportation Safety,enforcement,"The bill addresses railroad safety, which can involve enforcement actions against private companies for safety violations related to traffic accidents and potentially negligent operations."
hr2449-112,12,"Fraud, Corruption & Criminal Conduct",enforcement,"The bill allows for the expungement of nonviolent criminal records, which could include offenses related to fraud, kickbacks, or false statements, and increases grant funding to states that implement expungement procedures, relating to criminal conduct."
s817-116,27,Firearms Violation,enforcement,"The bill relates to firearms regulation, and potential civil litigation against firearms manufacturers for irresponsible marketing, which falls under the Firearms Violation category."
s3738-110,1,Wage Hour & Benefits,enforcement,"The bill directly affects private employer conduct by establishing a right to defer foreclosure and requiring advance notice of mortgage interest rate resets, relating to consumer protection and private mortgage obligations."
s2480-114,1;2,Wage Hour & Benefits;Employment Discrimination,enforcement,"The bill extends discrimination protections to unpaid interns in the federal government, directly regulating private employer conduct by prohibiting discrimination based on protected characteristics and workplace harassment, relating to FLSA and equal employment opportunity laws."
hr2378-108,1;3;4,Wage Hour & Benefits;Labor Relations;Workplace Safety,enforcement,"The bill revises hours of duty limitations for railroad employees, prohibits discrimination against employees reporting safety concerns, and strengthens employee protection requirements, directly affecting private employer wage/hour obligations and labor practices."
s2284-106,1,Wage Hour & Benefits,enforcement,"The bill directly affects the Federal minimum wage, which is a core component of FLSA wage obligations for non-governmental employers."
s2273-113,20,Energy Efficiency,enforcement,"The bill aims to improve energy savings within the Department of Defense, which includes research and development efforts to increase fuel economy and reduce fuel consumption of military vehicles, and establishes a fund to support alternative fuel infrastructure, indirectly relating to CAFE standards and energy efficiency enforcement."
hr4322-107,,,,Bill adjusts tariff rates; it does not relate to corporate misconduct enforcement or tax incentives related to any of the Violation Tracker categories.
hr3235-114,1,Wage Hour & Benefits,,"The bill focuses on grants to states for screening and treatment of maternal depression, which does not directly regulate or enforce private employer wage, hour, or benefit obligations, nor does it introduce tax incentives related to such obligations."
hr670-107,,,,This bill simply designates a post office building and does not relate to any corporate misconduct targeted by government enforcement actions.
s641-112,,,,This bill focuses on providing international aid for access to clean water and sanitation and does not regulate or incentivize the conduct of non-governmental employers within the United States.
s3383-110,,,,This bill establishes national parks and authorizes grant funding for their preservation and maintenance; it does not regulate private employer conduct or introduce tax incentives related to corporate misconduct.
s1541-113,,,,Bill appropriates funds to ensure military personnel and contractors continue to receive pay during a government shutdown; it does not regulate private employer conduct or introduce tax incentives related to corporate misconduct.
hr5487-113,11,Accounting Financial Reporting & Tax,enforcement,"The bill relates to tax administration and collection, specifically regarding REITs and foreign investment in U.S. real property, which can involve scrutiny of financial reporting and compliance with tax regulations."
s998-110,11,Accounting Financial Reporting & Tax,enforcement,"The bill relates to the accounting treatment of interest costs during the production period for distilled spirits, which falls under the purview of SEC enforcement for falsifying financial statements and tax compliance failures."
hr4015-108,,,,This bill concerns the timing of daylight saving time and does not relate to any type of corporate misconduct targeted by government enforcement actions.
s1151-115,1,Wage Hour & Benefits,tax_credit_introduction,"The bill introduces a tax credit for working family caregivers, which relates to the financial burden of long-term care expenses and indirectly incentivizes support for family members, touching on the broader context of employee benefits and potential wage/hour implications related to caregiving responsibilities."
hr5569-111,,,,Bill extends the National Flood Insurance Program; it does not regulate private employer conduct or introduce tax incentives related to any of the Violation Tracker categories.
s1265-113,,,,"Bill delays a Medicare competitive bidding program and imposes penalties on the program implementer, but does not directly regulate or incentivize the conduct of private employers regarding wages, benefits, or any other corporate misconduct covered by the Violation Tracker categories."
hr2435-108,,,,The bill concerns compensation to states for incarcerating undocumented aliens and does not relate to corporate misconduct targeted by government enforcement actions.
hr808-113,1;2;3;12;26,"Wage Hour & Benefits;Employment Discrimination;Labor Relations;Fraud, Corruption & Criminal Conduct;Exploitation & Trafficking",enforcement,"The bill establishes a Department of Peacebuilding with offices addressing employment discrimination and employee rights, crime prevention, and human rights, which could involve enforcement actions against non-governmental employers for misconduct related to these issues."
hr2200-114,,,,The bill focuses on intelligence gathering and information sharing related to CBRN threats and does not directly regulate or incentivize any corporate conduct related to the Violation Tracker categories.
s142-107,15,Competition-related Offenses,enforcement,"The bill amends the Packers and Stockyards Act, which regulates the meatpacking industry and aims to prevent unfair, deceptive, and anti-competitive practices, thus directly affecting corporate conduct related to competition and market manipulation."
hr2798-107,17,Water Violation,enforcement,"The bill relates to citizen suits under the Clean Water Act, which are enforcement mechanisms for violations of water pollution control regulations against non-governmental entities."
hr3198-114,1,Wage Hour & Benefits,tax_credit_introduction,"The bill introduces a tax credit to small employers for hiring new employees, which is directly related to private employer wage obligations and incentivizes hiring practices."
s52-115,12,"Fraud, Corruption & Criminal Conduct",enforcement,"The bill focuses on deporting individuals associated with criminal gangs, which involves potential racketeering, fraud, and other criminal conduct, and expands the definition of 'criminal gang' for enforcement purposes."
hr6095-114,,,,The bill focuses on funding computer science education and teacher training; it does not regulate private employer conduct or introduce tax incentives related to any of the Violation Tracker categories.
hr2237-109,4;16,Workplace Safety;Air Violation,enforcement,"The bill requires chemical facilities to assess vulnerability to attacks and prepare prevention plans, and authorizes the EPA to order compliance and impose penalties for violations, directly affecting workplace safety and potentially air emissions standards."
hr5502-114,,,,Bill relates to the application process for federal student aid and does not involve any corporate misconduct targeted by government enforcement actions.
hr4132-112,5,Consumer Safety,enforcement,"The bill aims to expedite the approval of drugs for serious or life-threatening diseases, which directly relates to FDA enforcement of drug safety and efficacy standards and the reporting of defects or recalls."
hr5987-109,17,Water Violation,,"The bill directs a feasibility study for augmenting water supplies, which does not directly relate to enforcement of corporate misconduct or introduce tax credits related to water pollution or water management violations."
hr3384-112,1,Wage Hour & Benefits,tax_credit_introduction,"The bill introduces a tax credit for the employment of wounded warriors, incentivizing private employers to hire a specific group of veterans, which relates to employer wage and benefit conduct."
s1206-114,9;10,Banking AML & Sanctions;Securities & Investor Protection,enforcement,"The bill aims to break up large financial entities and restrict their access to federal financial assistance, directly regulating banking and financial institutions and addressing potential systemic risk, which falls under the scope of banking regulator enforcement and securities fraud prevention."
hr4664-114,,,,The bill directs the President to submit a report on the issue of Jewish refugees from Arab countries and Iran and does not regulate or incentivize any corporate conduct related to the Violation Tracker categories.
s3509-111,18,Earth Violation,enforcement,"The bill focuses on the safe development and extraction of natural gas and other petroleum resources, which relates to EPA RCRA enforcement for improper storage, handling, or disposal of hazardous and radioactive waste associated with those activities."
s2886-107,24,Government Reporting & Compliance,enforcement,"The bill relates to the political activities of churches and other houses of worship, and specifically addresses whether such activities could jeopardize their tax-exempt status, which is a matter of FEC enforcement and disclosure requirements."
hr6645-110,,,,"Bill appropriates funds for benefits to Filipino WWII veterans; no private employer conduct is involved, and the benefits are directed to individuals, not regulated by employer obligations."
hr3895-113,16;17;18,Air Violation;Water Violation;Earth Violation,enforcement,"The bill aims to increase energy exploration and production on federal lands and waters, which has the potential to increase EPA enforcement actions related to Clean Air Act violations, Clean Water Act violations, and RCRA violations at industrial facilities."
hr6274-110,,,,This bill concerns habeas corpus rights for individuals held by the military in Cuba and does not relate to corporate misconduct targeted by government enforcement actions.
hr6096-110,,,,"The bill focuses on international agreements and reporting requirements related to child abduction cases and extradition, and does not directly regulate or incentivize any type of corporate conduct targeted by the Violation Tracker."
s1242-109,,,,Bill adjusts tariff rates on a specific chemical; it does not relate to corporate misconduct enforcement or tax incentives related to any of the Violation Tracker categories.
hr4834-110,,,,This bill awards a congressional gold medal to Ossie Davis; it does not regulate or incentivize any corporate conduct related to the Violation Tracker categories.
hr4501-110,,,,Bill adjusts tariff rates on Christmas tree lamps; it does not relate to corporate misconduct targeted by government enforcement actions.
hjres41-115,10;11,Securities & Investor Protection;Accounting Financial Reporting & Tax,enforcement,"The bill disapproves of a SEC rule requiring disclosure of payments by resource extraction issuers, which relates to financial reporting and potential fraud/corruption in the oil and gas/mining industries, and therefore affects SEC enforcement of securities regulations."
hr3748-106,,,,"Bill adjusts tariff rates on organic pigments and dyes, which is a routine policy adjustment and does not relate to enforcement actions against a company for corporate misconduct."
hr3809-111,,,,"The bill provides a tax deduction for funeral homes for unreimbursed expenses for indigent individuals' funerals, which does not relate to any type of corporate misconduct targeted by government enforcement actions."
s1215-112,,,,This bill concerns a land exchange within a National Historical Park and adjustments to loan maturities for preservation efforts; it does not relate to any type of corporate misconduct targeted by government enforcement actions.
hr1226-110,,,,Bill expands eligibility for VA educational assistance benefits; it does not regulate private employer conduct or introduce tax incentives related to corporate misconduct.
s2816-106,22,Government Contracting,enforcement,"The bill authorizes the collection of fees and challenge cost-share agreements, which could be used to address fraudulent billing or mismanagement of federal programs involving contractors."
hr6394-111,,,,The bill concerns the sale of otter pelts taken for subsistence purposes and does not relate to corporate misconduct targeted by government enforcement actions.
hr2668-111,1,Wage Hour & Benefits,enforcement,"The bill establishes a new health plan and conditions Medicare participation on participation in the plan, which affects health benefits coverage and potentially employer-provided benefits, directly regulating private employer conduct."
hr642-107,,,,"Bill authorizes appropriations for the Chesapeake Bay Office and revises its functions, focusing on environmental monitoring and restoration; it does not relate to corporate misconduct targeted by government enforcement actions."
hr6399-110,,,,"Bill addresses the display of Social Security numbers on Medicare cards, which does not involve any private employer conduct or government enforcement actions related to corporate misconduct."
hr2863-112,,,,"Bill expands Medicare coverage to include physical therapy provided under the care of a dentist; it does not regulate private employer conduct or introduce tax incentives related to wage/hour obligations, discrimination, or other corporate misconduct."
hr868-114,1,Wage Hour & Benefits,tax_credit_introduction,"The bill allows individuals eligible for TRICARE to contribute to a health savings account, which could be seen as incentivizing individuals to seek alternative healthcare options and potentially impacting employer-provided health benefits, relating to employer conduct around benefits."
hr3852-108,,,,"The bill extends an existing energy assistance program to Puerto Rico and the US Virgin Islands, and does not regulate or incentivize any private employer conduct related to the Violation Tracker categories."
hr598-108,,,,The bill establishes a commission to study a national education museum and archive and does not relate to any corporate misconduct targeted by government enforcement actions.
hr5995-111,17,Water Violation,enforcement,"The bill denies a tax deduction for damages paid under the Oil Pollution Act of 1990, which relates to discharging pollutants into waterways, directly affecting corporate conduct under the Clean Water Act."
hr1208-114,,,,This bill establishes a National Heritage Area and does not regulate or incentivize any conduct related to corporate misconduct as defined by the Violation Tracker categories.
hr6351-112,1,Wage Hour & Benefits,enforcement,"The bill directly affects private employer conduct by prohibiting pre-dispute arbitration agreements with nursing home residents, relating to potential wage and benefit disputes and ERISA obligations."
hr2996-109,,,,"Bill relates to the liquidation of drawback claims, which are refunds of duties paid on imported goods used in the production of exported products; it does not relate to corporate misconduct as defined by the Violation Tracker categories."
hr5326-111,,,,The bill simply repeals a cost-share program for organic certification; it does not regulate or incentivize any conduct related to corporate misconduct as defined by the Violation Tracker categories.
hr462-113,,,,The bill concerns a land transfer to support the Utah National Guard and does not regulate private employer conduct or introduce tax incentives related to any of the Violation Tracker categories.
hr4629-115,6;12,"Transportation Safety;Fraud, Corruption & Criminal Conduct",enforcement,"The bill requires enhanced security measures for shipments of 'security sensitive material,' which could include explosives, and aims to reduce the risk of terrorist attacks, potentially involving criminal conduct related to the transportation of hazardous materials and firearms."
hr2107-115,6,Transportation Safety,enforcement,"The bill relates to FAA orders and decisions regarding airman certificates, which could involve enforcement actions against pilots and potentially impact their employment, and allows for judicial review of those actions."
hr4309-110,,,,"The bill requires reports on border wait times and economic impact, but does not regulate any corporate conduct related to the Violation Tracker categories."
s3259-111,15,Competition-related Offenses,enforcement,"The bill extends provisions related to limiting civil damages in antitrust enforcement actions, directly affecting the stringency of laws governing competition-related offenses and DOJ enforcement."
hr2404-114,1,Wage Hour & Benefits,enforcement,"The bill expands Medicare coverage for obesity treatment, including intensive behavioral therapy, which relates to employer-provided health benefits and potentially impacts employer healthcare costs and plan design."
hr2804-107,,,,Bill designates a courthouse; it does not relate to any type of corporate misconduct targeted by government enforcement actions.
hr6623-112,12,"Fraud, Corruption & Criminal Conduct",enforcement,"The bill prohibits human cloning, which could be considered a form of fraud or criminal conduct if performed for illicit purposes or without proper oversight, and establishes criminal penalties for violations."
s2509-115,,,,Bill establishes a fund for National Park Service maintenance and does not regulate or incentivize any corporate conduct related to the Violation Tracker categories.
hr4457-106,,,,This bill simply redesignates a post office and does not relate to any corporate misconduct targeted by government enforcement actions.
hr2190-110,,,,Bill establishes an advisory committee to study the needs of rural veterans and advise the VA; it does not regulate private employer conduct or introduce tax incentives related to corporate misconduct.
hr3189-107,,,,This bill extends existing export control authority and does not relate to corporate misconduct targeted by government enforcement actions as defined by the Violation Tracker categories.
s3168-107,14,Consumer Protection,enforcement,"The bill establishes consumer protections relating to funeral service contracts and deceptive trade practices by funeral homes, which falls under state AG and FTC enforcement for deceptive marketing and consumer protection."
s1231-108,14,Consumer Protection,enforcement,"The bill addresses deceptive marketing practices related to unsolicited commercial electronic mail (spam), which falls under the purview of state AG and FTC enforcement actions for consumer protection."
s1021-108,,,,"Bill relates to funding and administration of the summer food service program for children, which does not involve corporate misconduct or regulation of private employer conduct."
s1997-111,,,,Bill adjusts a tariff schedule; it does not relate to corporate misconduct enforcement or tax incentives related to any of the Violation Tracker categories.
hr1061-111,,,,This bill concerns land transfers and trust establishment for the Hoh Indian Tribe and does not relate to corporate misconduct targeted by government enforcement actions.
hjres15-108,,,,"The bill proposes a constitutional amendment to abolish income, estate, and gift taxes and prohibit the government from competing with citizens, which does not directly relate to enforcement actions against corporate misconduct as defined by the Violation Tracker categories."
s654-112,,,,This is a private bill for the relief of a specific individual and does not relate to any type of corporate misconduct targeted by government enforcement actions.
s1318-111,,,,"The bill prohibits the use of stimulus funds for signage, which does not relate to any type of corporate misconduct targeted by government enforcement actions."
s2766-111,1,Wage Hour & Benefits,enforcement,"The bill mandates coverage of medically necessary food and vitamins/amino acids under Medicare, Medicaid, CHIP, TRICARE, and private insurance plans, directly regulating what non-governmental health plans must cover, which relates to employer-provided benefits."
hr2058-111,,,,Bill relates to mental health screenings for members of the Armed Forces and continuity of care with the VA; it does not regulate private employer conduct or introduce tax incentives related to corporate misconduct.
hr5165-114,1,Wage Hour & Benefits,enforcement,"The bill amends the FMLA to lower the service hour requirements for veterans to qualify for medical leave, directly affecting private employer obligations under the Act."
sjres47-115,14,Consumer Protection,enforcement,"The bill directly affects the Consumer Financial Protection Bureau's (CFPB) regulation of arbitration agreements in consumer financial contracts, which relates to deceptive marketing and consumer protection practices enforced by the CFPB."
hr2234-109,1,Wage Hour & Benefits,enforcement,"The bill amends the Social Security Act to exclude the provision of equipment or services for the development of regional health information plans from illegal remuneration provisions and limitations on physician compensation arrangements, which relates to employer conduct regarding benefits and compensation."
hr3593-114,,,,The bill concerns shared cost flights for private pilots and does not directly regulate or incentivize any corporate conduct related to the Violation Tracker categories.
hr1102-114,12,"Fraud, Corruption & Criminal Conduct",enforcement,"The bill establishes a federal penalty for homicide or assault committed by state or local law enforcement officers, which constitutes criminal conduct and could involve obstruction of justice if officers falsify reports or engage in cover-ups."
hr4792-115,10,Securities & Investor Protection,enforcement,"The bill requires the SEC Advocate for Small Business Capital Formation to report on issues encountered by small businesses affected by natural disasters, which relates to investor protection and securities offerings."
s144-116,,,,The bill simply designates a name for a mountain within a national monument; it does not regulate or incentivize any corporate conduct related to the Violation Tracker categories.
hr5418-113,,,,"The bill prohibits IRS employees from using personal email, which does not relate to any type of corporate misconduct targeted by government enforcement actions."
hr5287-107,1,Wage Hour & Benefits,enforcement,"The bill relates to military retired pay and forgiveness of overpayments to survivors, which, while involving a pension, concerns the proper administration of payments to beneficiaries following the death of a retired member, and thus relates to the management of retirement benefit plans."
s2992-110,1,Wage Hour & Benefits,enforcement,"The bill directly affects veterans' housing loans, including loan guaranty amounts, refinancing options, and protections against foreclosure, which relate to private financial institutions and their obligations to veterans as borrowers."
hr4937-109,,,,Bill addresses Medicare prescription drug coverage for dual-eligible individuals and does not regulate private employer conduct or introduce tax incentives related to corporate misconduct.
hr2547-114,5,Consumer Safety,enforcement,"The bill relates to the FDA approval process for drugs and biological products, which directly affects corporate conduct regarding drug safety and potential defects, aligning with the Consumer Safety category."
hr3476-107,,,,The bill concerns the condemnation of land held by a Native American tribe and a pending fee-to-trust application; it does not relate to any type of corporate misconduct targeted by government enforcement actions.
s3010-108,1,Wage Hour & Benefits,enforcement,"The bill authorizes grants to firefighting task forces that can be used for salary and benefits, which directly relates to employer wage and benefit obligations."
hr2846-107,,,,The bill concerns the tax treatment of S corporations held by tax-exempt organizations and does not directly regulate or incentivize any conduct associated with corporate misconduct as defined by the Violation Tracker categories.
hr4793-114,17,Water Violation,enforcement,"The bill directs land acquisition for flood damage reduction and water storage, which relates to Clean Water Act enforcement for discharging pollutants into waterways and EPA enforcement for environmental damage."
s2257-113,1,Wage Hour & Benefits,tax_credit_introduction,"The bill provides a tax exemption for early distributions from retirement plans for Bureau of Prisons correctional officers, which relates to employee benefits and pensions, though it does not directly regulate employer conduct but incentivizes retention through a tax benefit."
s1105-114,,,,Bill relates to VA per diem payments for care of dependents of homeless veterans; it does not regulate private employer conduct or introduce tax incentives related to employer wage/benefit obligations.
hr5249-113,9;12,"Banking AML & Sanctions;Fraud, Corruption & Criminal Conduct",enforcement,"The bill imposes sanctions on a Russian arms exporter, prohibiting U.S. persons from engaging in financial transactions with the company and authorizing legal action against those who violate the sanctions, relating to criminal money laundering and foreign bribery."
s793-115,21,Animal Welfare,enforcement,"The bill prohibits the sale of shark fins, which relates to violations of the Animal Welfare Act regarding the treatment and trade of animals, and imposes penalties for violations under the Magnuson-Stevens Act."
hr2623-113,,,,The bill concerns the public notice of excess federal real property and does not relate to any type of corporate misconduct targeted by government enforcement actions.
hr1211-113,24,Government Reporting & Compliance,enforcement,"The bill focuses on increasing transparency and access to government information, including requirements for agencies to make records publicly accessible and report on FOIA compliance, which relates to agency enforcement for failure to file required regulatory reports."
hr3279-109,,,,Bill appropriates funds for a program to assist homeless veterans with job reintegration; it does not regulate private employer conduct or introduce tax incentives related to corporate misconduct.
s3401-110,12,"Fraud, Corruption & Criminal Conduct",enforcement,"The bill concerns the detention of individuals at Guantanamo Bay, which has been subject to legal challenges alleging violations of due process and potential criminal conduct related to treatment of detainees, falling under the scope of fraud, corruption, and criminal conduct."
s2499-114,1,Wage Hour & Benefits,tax_credit_introduction,"The bill expands eligibility for Health Savings Accounts (HSAs) to more individuals and allows for more flexible use of HSA funds, which relates to private employer-provided health benefits and incentivizes participation in these accounts."
hr183-109,,,,"Bill permanently repeals the estate tax, which does not relate to any type of corporate misconduct targeted by government enforcement actions."
hr6657-115,1,Wage Hour & Benefits,enforcement,"The bill amends the Fair Labor Standards Act of 1938 to permit Border Patrol agents to receive overtime pay, directly affecting private employer wage obligations."
hr4779-112,,,,Bill adjusts a tariff schedule; it does not relate to corporate misconduct or enforcement actions against companies.
hr31-115,1,Wage Hour & Benefits,,"The bill mentions 'Government employee pay, benefits, personnel management' but focuses on the abolishment or reorganization of federal agencies, not regulating private employer conduct related to wages, benefits, or other misconduct."
s211-107,1;22,Wage Hour & Benefits;Government Contracting,enforcement,"The bill revises requirements relating to education programs funded by the Bureau of Indian Affairs, including fiscal and accounting standards, recruitment of Indian educators, and audits of BIA-funded schools, which relates to employer conduct and potential fraud or mismanagement of funds."
hr522-112,4,Workplace Safety,enforcement,"The bill requires the Secretary of Labor to issue an occupational safety and health standard regarding worker exposure to combustible dust, directly affecting OSHA enforcement and hazardous working conditions."
hr2465-114,,,,"Bill relates to veterans' educational benefits and housing stipends, and does not involve any regulation of private employer conduct or tax incentives related to corporate misconduct."
hr1018-112,,,,"The bill permanently extends a tax deduction for mortgage insurance premiums, which does not relate to corporate misconduct targeted by government enforcement actions."
hr2518-107,,,,"The bill establishes a grant program for alternative fuel school buses and a fuel cell bus development program; it does not directly regulate or enforce any corporate misconduct, nor does it introduce tax incentives related to employer wage, benefit, or other Violation Tracker categories."
hr4444-113,,,,The bill concerns CBO scoring estimates and does not directly regulate or incentivize any corporate conduct related to the Violation Tracker categories.
s535-110,2,Employment Discrimination,enforcement,"The bill focuses on investigating and prosecuting violations of criminal civil rights statutes, which directly relates to employer discrimination and potential misconduct."
hr5153-107,,,,Bill designates a post office building; it does not relate to any type of corporate misconduct targeted by government enforcement actions.
hr1719-111,,,,The bill focuses on modernizing voter registration processes and does not relate to any type of corporate misconduct targeted by government enforcement actions.
hr3262-113,,,,The bill addresses the debt ceiling and does not regulate or incentivize any specific corporate conduct related to the Violation Tracker categories.
s1498-115,1,Wage Hour & Benefits,,"The bill mentions 'women's employment' as a subject, but it focuses on establishing a museum and does not directly regulate or incentivize any private employer wage, benefit, or employment practice."
s624-114,,,,"Bill adjusts Medicare reimbursement rates for colorectal cancer screening tests; this sets government reimbursement rates, not employer wage or benefit obligations."
hr4994-107,1,Wage Hour & Benefits,enforcement,"The bill relates to unemployment assistance paid to individuals participating in worker training programs, which is directly tied to state unemployment compensation laws and employer conduct regarding dislocated workers and plant shutdowns, and could affect the requirements for special unemployment assistance."
hr5046-109,,,,The bill focuses on funding and establishing programs for financial literacy education in schools and teacher training; it does not regulate private employer conduct or introduce tax incentives related to corporate misconduct.
s1617-108,1,Wage Hour & Benefits,enforcement,"The bill amends ERISA to require spousal consent for distributions from defined contribution plans, similar to existing requirements for defined benefit plans, and strengthens rules around division of pension benefits upon divorce, directly regulating private employer pension conduct."
hr6659-115,2,Employment Discrimination,enforcement,"The bill directs the TSA to develop procedures to respectfully screen transgender passengers, which addresses employer-side discrimination based on gender identity and potentially impacts hiring practices and workplace accommodations."
hr4810-111,,,,Bill appropriates funds for VA programs assisting homeless veterans; it does not regulate private employer conduct or introduce tax incentives related to employer wage/benefit obligations.
hr2499-115,,,,This bill focuses on voting access standards and does not directly regulate or incentivize any type of corporate misconduct covered by the Violation Tracker categories.
s1653-110,7,Infrastructure & Nuclear Safety,enforcement,"The bill relates to liability for nuclear damages and insurance requirements for nuclear power plants, directly addressing safety violations and potential enforcement actions within the nuclear facility context."
hr3589-110,1,Wage Hour & Benefits,enforcement,"The bill expands eligibility for Trade Adjustment Assistance to service workers, which could include workers who lost jobs due to companies shifting services overseas, potentially impacting wage and benefit obligations of those companies."
hr4464-113,,,,The bill concerns tax treatment of payments between related controlled foreign corporations and does not relate to any type of corporate misconduct targeted by government enforcement actions.
hr2581-112,,,,Bill guarantees timely payment of Social Security benefits; it does not regulate private employer conduct or introduce tax incentives related to corporate misconduct.
hr1318-116,,,,This bill concerns the installation of a stained glass panel in the Library of Congress and does not relate to any corporate misconduct targeted by government enforcement actions.
hr7171-110,,,,"The bill concerns the importation of polar bear trophies and funding for a conservation fund, and does not relate to corporate misconduct targeted by government enforcement actions."
s177-107,1;3,Wage Hour & Benefits;Labor Relations,enforcement,"The bill relates to pay policies, schedules, and fringe benefit programs for postmasters, which are non-governmental employers, and grants them collective bargaining rights, directly affecting employer-employee relations and wage/benefit conduct."
s2704-107,,,,Bill focuses on disclosure of information regarding past DOD testing of chemical and biological agents on military personnel and does not regulate private employer conduct or introduce tax incentives related to corporate misconduct.
s3066-111,1,Wage Hour & Benefits,enforcement,"The bill amends the Non-Foreign Area Retirement Equity Assurance Act of 2009, which concerns employee benefits and pensions, and requires adjustments to saved or retained rates of pay for federal employees, directly relating to employer (in this case, the federal government as an employer) benefit obligations."
hr3484-108,21,Animal Welfare,enforcement,"The bill amends the Animal Welfare Act to improve standards for the care and treatment of animals, directly regulating the conduct of animal breeders, dealers, and exhibitors, which constitutes corporate misconduct under the Act."
s1710-111,,,,The bill prohibits TARP recipients from funding a specific organization (ACORN) and does not relate to any type of corporate misconduct targeted by government enforcement actions.
s89-111,1,Wage Hour & Benefits,enforcement,"The bill exempts charter contracts from certain requirements of the United States Housing Act of 1937, except those for payment of prevailing wages, which directly relates to private employer wage obligations under the FLSA."
s502-107,,,,The bill focuses on assessments and evaluations of federal programs for Native Americans and does not directly regulate or incentivize any corporate conduct related to the Violation Tracker categories.
hr5672-111,,,,The bill concerns restrictions on hunting and fishing equipment on federal lands and does not relate to corporate misconduct targeted by government enforcement actions.
s1243-110,,,,Bill adjusts the age for receipt of military retired pay; it does not regulate private employer conduct or introduce tax incentives related to corporate misconduct.
hr4541-109,17,Water Violation,enforcement,"The bill directly relates to the Clean Water Act, which governs the discharge of pollutants into waterways, and by repealing an exemption for oil and gas operations, it expands the scope of enforcement actions against companies potentially violating water pollution standards."
s500-114,,,,"The bill concerns the conveyance of mineral royalty payments to states, and does not directly regulate or incentivize any corporate conduct related to the Violation Tracker categories."
hr1650-115,,,,The bill focuses on establishing a standardized home study process for prospective foster and adoptive parents and does not relate to corporate misconduct or employer obligations targeted by the Violation Tracker categories.
hr6373-111,1,Wage Hour & Benefits,enforcement,"The bill expands access to advanced practice nurses and physician assistants under Medicaid, which affects the scope of healthcare coverage and potentially the demand for primary care services, indirectly relating to employer-provided health benefits and access to care for employees."
hr5673-113,,,,The bill concerns reimbursement to states for expenses related to undocumented aliens and does not directly regulate or incentivize any corporate conduct related to the Violation Tracker categories.
hr4936-107,,,,"Bill provides a dislocation allowance to retired members of the uniformed services; it funds government services and benefits to service members and veterans, not regulate private employer conduct."
hr4838-106,,,,The bill concerns waivers for the naturalization oath based on disability and does not relate to any type of corporate misconduct targeted by government enforcement actions.
hr6267-109,20,Energy Efficiency,tax_credit_introduction,"The bill permanently extends tax credits for residential energy efficient property and new energy efficient homes, incentivizing behavior related to energy efficiency standards enforced by the DOE."
hr2292-111,1,Wage Hour & Benefits,enforcement,"The bill requires group health plans to provide coverage for preventive care for children, directly regulating employer-provided health benefits and potentially impacting employer costs and obligations related to employee health coverage."
s2935-115,1,Wage Hour & Benefits,enforcement,"The bill supports programs aimed at helping transportation workers (flight crewmembers and flight attendants) get treatment for substance abuse and return to work, which relates to ensuring a safe working environment and addressing potential violations of regulations related to employee health and fitness for duty, and indirectly addresses employer obligations related to employee well-being."
hr4626-110,10;12,"Securities & Investor Protection;Fraud, Corruption & Criminal Conduct",enforcement,"The bill revises CFTC jurisdiction, increases penalties for market manipulation and securities fraud, and addresses deceptive practices in futures and derivatives markets, directly relating to SEC and DOJ enforcement areas."
hr3968-110,,,,"Bill expands Medicare coverage for respiratory therapist services; it does not regulate private employer conduct or introduce tax incentives related to wage, benefits, or any other corporate misconduct category."
hjres124-115,1;23,Wage Hour & Benefits;Healthcare Fraud & Compliance,enforcement,"The bill extends the Children's Health Insurance Program (CHIP) and modifies Medicaid funding, which affects healthcare coverage and access and alters payment rules for hospitals, indirectly impacting employer-provided health benefits and potentially incentivizing better coverage options."
hr1654-108,,,,The bill concerns congressional oversight of agency rulemaking and does not directly regulate or incentivize any specific corporate conduct related to the Violation Tracker categories.
hr2663-111,,,,"The bill relates to transportation infrastructure financing and loan guarantees, and does not directly regulate or incentivize any conduct associated with corporate misconduct as defined by the Violation Tracker categories."
s4091-109,,,,Bill appropriates funds to restore amounts to Social Security Trust Funds due to a clerical error; it does not regulate private employer conduct or introduce tax incentives related to corporate misconduct.
s312-111,,,,The bill provides a tax credit to first-time homebuyers and does not relate to any corporate misconduct targeted by government enforcement actions.
hr2083-114,1,Wage Hour & Benefits,enforcement,"The bill requires Medicare participating hospitals to implement safe nurse staffing plans and establishes penalties for violations, directly regulating private employer (hospital) conduct related to wage and benefit obligations and working conditions."
hr3526-111,12,"Fraud, Corruption & Criminal Conduct",enforcement,"The bill aims to reduce gang-related crime through community intervention programs, which could involve investigating and prosecuting criminal activity (e.g., racketeering, fraud, false statements) associated with gangs, thus relating to the Fraud, Corruption & Criminal Conduct category."
hr1553-110,,,,"The bill focuses on research, data collection, and information dissemination related to pediatric cancer; it does not regulate private employer conduct or introduce tax incentives related to any Violation Tracker categories."
hr2518-111,15,Competition-related Offenses,enforcement,"The bill limits liability for sellers in the stream of commerce, which could affect enforcement actions related to product safety and quality, and potentially impact antitrust enforcement if it shields companies from responsibility for defective products."
hr6145-110,,,,"The bill requires schools and libraries receiving discounted internet rates to educate minors about online safety, which does not relate to corporate misconduct targeted by government enforcement actions."
s1841-113,,,,Bill adjusts defense spending and sequestration cuts; it does not regulate private employer conduct or introduce tax incentives related to any of the Violation Tracker categories.
hr342-114,,,,Bill extends commissary and exchange store privileges to veterans with service-connected disabilities and their dependents; it does not regulate private employer conduct or introduce tax incentives related to corporate misconduct.
hr4609-107,17,Water Violation,,"The bill directs a study of an aquifer, which relates to groundwater resources and potential water contamination, but does not directly enforce Clean Water Act provisions or introduce tax credits related to water pollution or discharge."
s3171-112,,,,Bill adjusts a tariff schedule; it does not relate to corporate misconduct or enforcement actions against companies.
hr6365-110,,,,This bill focuses on coordinating Medicare and Medicaid benefits for dual-eligible individuals and does not directly regulate or incentivize private employer conduct related to any of the Violation Tracker categories.
hr1557-108,,,,"The bill concerns the IRS disclosing taxpayer information to notify individuals of tax refunds, which does not relate to corporate misconduct or employer obligations as defined by the Violation Tracker categories."
hr908-111,,,,The bill reauthorizes a grant program to assist in locating missing patients with Alzheimer's disease; it does not regulate private employer conduct or introduce tax incentives related to corporate misconduct.
s460-108,,,,Bill appropriates funds for the State Criminal Alien Assistance Program; it does not regulate private employer conduct or introduce tax incentives related to corporate misconduct.
hr6556-115,,,,This bill designates a post office and does not relate to any corporate misconduct targeted by government enforcement actions.
hr4374-115,5,Consumer Safety,enforcement,"The bill amends the Federal Food, Drug, and Cosmetic Act to allow the FDA to authorize the emergency use of unapproved medical products during a military emergency, which directly relates to FDA enforcement for defective or dangerous drugs and medical devices."
hr5203-112,,,,Bill adjusts tariff rates on a specific imported product; it does not relate to corporate misconduct enforcement or tax incentives related to any of the Violation Tracker categories.
hr5556-113,,,,Bill addresses Medicare requirements for electronic health records in ambulatory surgical centers and does not relate to any type of corporate misconduct targeted by government enforcement actions.
s3413-109,,,,This bill concerns the reliquidation of tariffs on educational toys and does not relate to any type of corporate misconduct targeted by government enforcement actions.
hr436-108,,,,"The bill suspends tax reductions enacted in 2001 during times of war, and does not directly regulate or incentivize any corporate conduct related to the Violation Tracker categories."
hr6324-115,10,Securities & Investor Protection,enforcement,"The bill directs the SEC to study underwriting fees for IPOs, which relates to SEC enforcement of securities regulations and investor protection."
hr2745-108,1,Wage Hour & Benefits,enforcement,"The bill attempts to influence the conduct of sports franchises by tying a tax benefit (the presumption of a 50% allocation of value to player contracts) to whether they make games available for local television broadcasting, which indirectly relates to player compensation and labor contracts."
s93-109,15,Competition-related Offenses,enforcement,"The bill relates to the enforcement of the Merchant Marine Act of 1936, specifically the cargo preference requirements, which involves regulations on companies transporting government-generated cargoes on U.S.-flag vessels."
hr2947-115,,,,The bill modifies Coastal Barrier Resources System boundaries in Florida and does not relate to any type of corporate misconduct targeted by government enforcement actions.
hr1630-108,18,Earth Violation,,"The bill concerns land acquisition and management within a National Park, and while it mentions grazing, it does not relate to corporate misconduct or enforcement actions regarding hazardous waste, pollution, or environmental damage."
hr3156-113,,,,"The bill relates to the National Flood Insurance Program and adjustments to premium rates, and does not directly regulate or incentivize corporate conduct related to any of the Violation Tracker categories."
hr4497-113,1,Wage Hour & Benefits,tax_credit_introduction,"The bill provides tax deductions for disaster-related charitable contributions made by corporations, which can incentivize positive employer conduct related to employee welfare during and after disasters."
hr3838-109,12;22,"Fraud, Corruption & Criminal Conduct;Government Contracting",enforcement,"The bill focuses on preventing fraud and abuse in government contracting related to Hurricane Katrina recovery, including allegations of price gouging and profiteering, which fall under the scope of fraud and false claims against the government."
s2503-108,,,,"The bill permanently extends existing tax cuts on dividends and capital gains, which does not relate to enforcement of corporate misconduct or the introduction/removal of tax credits tied to specific employer conduct."
s1894-109,,,,"Bill relates to foster care maintenance payments to private agencies, which does not involve corporate misconduct targeted by the Violation Tracker categories."
hr4349-109,1;2,Wage Hour & Benefits;Employment Discrimination,enforcement,"The bill requires Medicare providers to publicly disclose staffing and performance data and prohibits adverse employment actions against employees who report dangerous conditions, directly relating to employer wage/hour issues (hours of labor) and potential discrimination/retaliation for whistleblowing."
hr4863-107,,,,This is a private bill granting immigration relief to specific individuals and does not relate to any type of corporate misconduct targeted by government enforcement actions.
hr217-115,,,,"The bill restricts funding to entities performing abortions, and does not relate to corporate misconduct targeted by government enforcement actions."
hr3833-107,26,Exploitation & Trafficking,enforcement,"The bill aims to create a safe online environment for children and prevent exposure to harmful material, which could be seen as addressing potential corporate misconduct related to exploitation and trafficking of minors online."
s3207-106,17,Water Violation,enforcement,"The bill authorizes grants to assist individuals with household water well systems, which relates to access to clean water and potentially addresses EPA Clean Water Act issues regarding water quality in rural areas."
s2586-107,25,National Security & Cybercrime,enforcement,"The bill relates to the Foreign Intelligence Surveillance Act and modifies definitions related to international terrorism, which could involve corporate payments to designated terrorist organizations and thus falls under the scope of National Security & Cybercrime enforcement."
hr3306-108,,,,This bill concerns immigration procedures for temporary stays due to family illness or death and does not relate to corporate misconduct targeted by government enforcement actions.
hr816-110,,,,The bill concerns the release of land from a wilderness study area and granting a right-of-way for a flood control project; it does not regulate or incentivize any conduct related to corporate misconduct as defined by the Violation Tracker categories.
hr4120-113,,,,The bill extends the authority to construct a museum; it does not regulate or incentivize any corporate conduct related to the Violation Tracker categories.
s3431-110,,,,The bill focuses on expanding learning time in schools and does not relate to corporate misconduct targeted by government enforcement actions.
s2323-112,1;3;12;22,"Wage Hour & Benefits;Labor Relations;Fraud, Corruption & Criminal Conduct;Government Contracting",enforcement,"The bill appropriates funds for the Department of Justice and Department of Commerce, which includes funding for enforcement of wage and hour laws (FLSA), WARN Act, and potentially fraud-related investigations (kickbacks, contract fraud) and False Claims Act enforcement against contractors."
hr3148-110,12;26,"Fraud, Corruption & Criminal Conduct;Exploitation & Trafficking",enforcement,"The bill increases penalties for crimes related to child pornography and human trafficking, including fines for internet service providers and expanding restitution requirements, which directly relates to criminal conduct and exploitation."
hr4537-113,,,,"Bill excludes from gross income amounts received for personal injuries or sickness resulting from service as a qualified public safety employee; this relates to government employee compensation, not private employer conduct."
s2792-115,6,Transportation Safety,enforcement,"While the bill does not directly address hiring discrimination, modernizing training programs at aviation maintenance technician schools could impact the qualifications and skillsets of applicants, potentially influencing hiring practices and compliance with FCRA regulations regarding background checks and fair hiring processes."
hr2686-112,1,Wage Hour & Benefits,enforcement,"The bill excludes child care assistance from the five-year limit on TANF assistance and increases funding for child care, which relates to employer-provided benefits and potentially impacts employer obligations related to employee support."
hr598-116,9;12,"Banking AML & Sanctions;Fraud, Corruption & Criminal Conduct",enforcement,"The bill directs sanctions against foreign persons involved in human rights abuses and complicit in Russian actions, which could involve criminal financial conduct and foreign bribery, and relates to reporting on security assistance and combating disinformation, which could involve financial flows."
hr3099-114,,,,Bill focuses on establishing a national strategy to support family caregivers and does not directly regulate or incentivize any corporate conduct related to the Violation Tracker categories.
s2839-114,,,,The bill extends the authorization of a cultural heritage commission and does not relate to any type of corporate misconduct targeted by government enforcement actions.
hr295-113,12;24,"Fraud, Corruption & Criminal Conduct;Government Reporting & Compliance",enforcement,"The bill aims to prevent and investigate tax fraud, including identity theft, by increasing information sharing between the IRS and law enforcement agencies and improving coordination, which relates to fraud offenses and illegal corporate campaign contributions."
s2896-109,,,,Bill adjusts a tariff schedule; it does not relate to corporate misconduct enforcement or tax incentives related to any of the Violation Tracker categories.
hr5116-106,,,,"Bill appropriates funds for the National Health Service Corps, a government program; no private employer wage or benefit obligation is involved."
s3136-106,,,,This is a private bill granting permanent residency to specific individuals and does not relate to any type of corporate misconduct targeted by government enforcement actions.
s3119-114,,,,The bill focuses on reducing the cost of federal regulations generally and does not specifically target any of the corporate misconduct areas covered by the Violation Tracker categories.
hr2445-109,15,Competition-related Offenses,,"The bill adjusts a tariff schedule, which is a routine policy adjustment rather than an enforcement action against a company."
hr4259-111,1,Wage Hour & Benefits,enforcement,"The bill permanently reauthorizes the EB-5 regional center program, which involves investment requirements and potential impacts on employment, and expands eligibility criteria, directly relating to employer conduct and obligations under immigration law."
hr3365-110,16,Air Violation,enforcement,"The bill directly relates to the Clean Air Act and EPA enforcement of air emissions standards at industrial facilities, impacting corporate conduct related to air pollution control."
hr4582-114,,,,This bill concerns the management of striped bass populations in the Central Valley Project and does not relate to any type of corporate misconduct targeted by government enforcement actions.
hr719-108,15,Competition-related Offenses,enforcement,"The bill amends the Packers and Stockyards Act, which regulates the meatpacking industry and aims to prevent unfair business practices, thus relating to competition-related offenses and enforcement against companies."
s79-107,,,,"The bill focuses on school discipline and drug-free schools, and does not directly regulate or incentivize corporate conduct related to any of the Violation Tracker categories."
s2558-107,,,,The bill focuses on data collection for cancer registries and does not regulate or incentivize any conduct related to corporate misconduct as defined by the Violation Tracker categories.
hr757-111,,,,This bill solely concerns the renaming of a federal building and does not relate to any corporate misconduct targeted by government enforcement actions.
s1944-113,23,Healthcare Fraud & Compliance,enforcement,"The bill directs the HHS Office of Inspector General and the Attorney General to report on and combat health care fraud schemes targeted to seniors, which falls under DOJ and HHS enforcement for Medicare billing violations and pharmaceutical fraud."
hr2302-111,,,,Bill relates to military retired pay and recoupments of benefits for service members; it does not involve non-governmental employer conduct or any of the types of corporate misconduct targeted by the Violation Tracker.
hr4544-106,12;24,"Fraud, Corruption & Criminal Conduct;Government Reporting & Compliance",enforcement,"The bill establishes requirements for Federal law enforcement impact statements before increasing Federal law enforcement responsibilities, which could relate to investigations of fraud, corruption, and criminal conduct, and requires reporting requirements that could relate to corporate campaign contributions and disclosure."
hr2092-114,14;24,Consumer Protection;Government Reporting & Compliance,enforcement,"The bill regulates the collection and use of student data by operators of online services used by schools, and grants the FTC enforcement authority over violations of student privacy, relating to deceptive marketing and data security practices."
s1623-113,1,Wage Hour & Benefits,enforcement,"The bill directly relates to the FLSA and modifies the rules surrounding compensatory time off for private sector employees, affecting employer wage and hour obligations."
hr3540-111,18,Earth Violation,enforcement,"The bill involves modifying a land grant patent and reviewing undertakings related to Whitefish Point, which could relate to environmental damage from mining operations or improper handling of hazardous waste, falling under EPA RCRA enforcement contexts."
hr1691-107,1;3,Wage Hour & Benefits;Labor Relations,enforcement,"The bill directly relates to employer obligations regarding retiree health benefits under service contracts and collective bargaining agreements, impacting private employer wage and benefit conduct."
hr1226-109,9;10,Banking AML & Sanctions;Securities & Investor Protection,enforcement,"The bill aims to establish a committee to develop uniform U.S. positions on banking supervision proposals, impacting financial institutions and potentially affecting compliance with anti-money laundering regulations and securities standards."
s980-109,,,,The bill provides funding to state and local governments for sex offender monitoring programs and does not directly regulate or incentivize any corporate conduct related to the Violation Tracker categories.
s3192-110,,,,The bill concerns lease authority for tribal lands and does not relate to any corporate misconduct targeted by government enforcement actions.
hr147-114,,,,This bill concerns disclosure of costs related to congressional travel arranged by the Department of Defense and does not regulate or incentivize any private employer conduct related to the Violation Tracker categories.
hr2354-107,,,,"The bill relates to tax deductions for crop losses due to casualty, and does not directly regulate or incentivize any corporate conduct related to the Violation Tracker categories."
hr4325-113,14,Consumer Protection,enforcement,"The bill prohibits marketing electronic cigarettes to children, which is considered deceptive marketing and falls under the purview of state AG and FTC enforcement actions for deceptive marketing practices."
s781-109,,,,The bill concerns access to federal lands for livestock and does not relate to any type of corporate misconduct targeted by government enforcement actions.
hr1960-115,12,"Fraud, Corruption & Criminal Conduct",enforcement,"The bill aims to establish a code of ethics for Supreme Court Justices, which could address potential instances of corruption or improper conduct, aligning with the definition of 'public corruption' under the Fraud, Corruption & Criminal Conduct category."
hr5068-107,,,,"Bill expands Medicaid coverage for uninsured women with breast, cervical, ovarian, or uterine cancer; it does not regulate private employer conduct or introduce tax incentives related to employer wage/benefit obligations."
hr596-116,,,,This bill concerns U.S. foreign policy regarding recognition of Russian sovereignty over Crimea and does not relate to any type of corporate misconduct targeted by government enforcement actions.
hr1301-109,,,,This bill concerns support for the Boy Scouts of America by the Department of Defense and does not relate to any corporate misconduct targeted by government enforcement actions.
hjres130-113,,,,"This bill is a continuing appropriations resolution, extending funding to federal agencies; it does not regulate private employer conduct or introduce tax incentives related to corporate misconduct."
hr2740-113,11;12,"Accounting Financial Reporting & Tax;Fraud, Corruption & Criminal Conduct",enforcement,"The bill increases penalties for tax evasion and underpayment of taxes involving foreign financial assets and transactions, which relates to fraudulent financial reporting and potential criminal conduct by corporations."
s2702-108,24,Government Reporting & Compliance,enforcement,"The bill directly addresses FEC enforcement by repealing reporting requirements for electioneering communications and prohibitions on corporate and labor organization disbursements, relating to illegal corporate campaign contributions and disclosure failures."
hr351-109,1,Wage Hour & Benefits,tax_credit_introduction,"The bill makes the dependent care tax credit permanent and refundable, which relates to private employer wage and benefit conduct by incentivizing assistance with childcare expenses."
hr3336-109,6,Transportation Safety,enforcement,"The bill mandates safety equipment requirements for commercial aircraft, which relates to enforcement of safety standards in the aviation industry and could lead to penalties for non-compliance."
hr2700-108,,,,"Bill adjusts Medicare payment rates for orphan drugs; this sets government reimbursement rates, not employer wage obligations."
hr6409-112,1;3,Wage Hour & Benefits;Labor Relations,enforcement,"The bill strengthens protections for private sector employees who report violations of federal law, directly impacting employer conduct related to retaliation and discrimination, and potentially implicating FLSA, OSHA, and Sarbanes-Oxley Act-related issues."
hr4328-106,,,,"Bill provides a tax deduction for reservists' expenses, which does not relate to corporate misconduct or enforcement actions against non-governmental employers."
hjres20-107,,,,This bill proposes a constitutional amendment regarding the right to life and does not directly regulate or incentivize any corporate conduct related to the Violation Tracker categories.
hr3840-109,,,,This is a private bill providing relief to a specific individual and does not regulate or incentivize any corporate conduct related to the Violation Tracker categories.
hr4112-114,,,,"The bill provides a tax refund for motor fuel excise taxes on fuels used in mobile mammography vehicles, which does not relate to any type of corporate misconduct targeted by government enforcement actions."
s15-107,1;12,"Wage Hour & Benefits;Fraud, Corruption & Criminal Conduct",enforcement,"The bill sets forth principles for U.S. firms operating in countries affected by the HIV/AIDS pandemic, which could relate to corporate accountability and ethical conduct, and it addresses the potential for exploitation of vulnerable populations, which falls under fraud and corruption concerns."
s2461-113,1,Wage Hour & Benefits,enforcement,"The bill revises and extends the Children's Health Insurance Program (CHIP), which involves state plans and requirements for enrollment and retention of children, directly relating to employer-provided benefits and potential obligations to cover dependents."
hr3807-114,,,,This bill addresses the debt ceiling and procedures for increasing the debt limit; it does not regulate corporate conduct or introduce tax incentives related to any of the Violation Tracker categories.
hr246-115,,,,The bill repeals an existing fee on health insurance providers and does not regulate or incentivize any corporate conduct related to the Violation Tracker categories.
hr4135-114,27,Firearms Violation,enforcement,"The bill modifies the eligibility of foreign nationals under the Visa Waiver Program to purchase firearms, which relates to civil litigation against firearms manufacturers for irresponsible marketing and enforcement against unlicensed manufacturers."
hr6348-112,17,Water Violation,enforcement,"The bill directs the Secretary of the Army to prevent the spread of Asian carp in the Great Lakes, which could involve actions related to discharging pollutants into waterways, thus relating to Clean Water Act enforcement."
s2781-106,13,Intellectual Property & Trade Secrets,enforcement,"The bill relates to charitable contributions of literary, musical, artistic, or scholarly compositions, which involves copyright and intellectual property, potentially impacting the enforcement of copyright laws and the protection of proprietary business information."
hr2390-116,,,,"The bill authorizes grants for neighborhood revitalization and blight elimination, which does not directly relate to corporate misconduct targeted by government enforcement actions as defined by the Violation Tracker categories."
hr476-108,,,,Bill relates to veterans' benefits and retroactively classifying service in the Cadet Nurse Corps as active military service; it does not regulate private employer conduct or introduce tax incentives related to corporate misconduct.
s1903-113,14,Consumer Protection,enforcement,"The bill aims to provide greater fee disclosures for prepaid cards, which directly relates to deceptive marketing and consumer protection practices enforced by state AGs and the FTC."
s2128-108,,,,The bill defines 'natural born citizen' for presidential eligibility and does not relate to any type of corporate misconduct targeted by government enforcement actions.
s734-108,,,,Bill appropriates funds for a governmental investigation (the 9/11 Commission); it does not regulate private employer conduct or introduce tax incentives related to corporate misconduct.
hr1418-114,,,,"Bill adjusts Medicare enrollment rules for residents of Puerto Rico; it does not regulate private employer conduct or introduce tax incentives related to wage/hour obligations, discrimination, or other corporate misconduct."
s494-113,,,,"The bill relates to bonus depreciation for livestock, which is a tax provision and does not directly regulate or enforce any corporate misconduct related to the Violation Tracker categories."
s266-111,,,,"Bill relates to Medicare prescription drug costs and negotiation of drug prices; it does not directly regulate or enforce corporate conduct related to any of the Violation Tracker categories, nor does it introduce tax incentives for employers."
s1781-112,1;2,Wage Hour & Benefits;Employment Discrimination,tax_credit_introduction,"The bill allows an income exclusion and income averaging for amounts received on account of unlawful discrimination claims, effectively providing a tax benefit related to settlements or judgments in employment discrimination cases and relating to employer conduct covered by category 1 and 2."
hr1312-112,1,Wage Hour & Benefits,tax_credit_introduction,"The bill introduces an increased work opportunity tax credit for hiring recent veterans, incentivizing private employers to hire from a specific group and thus relating to employer wage/benefit conduct."
hr6637-112,9,Banking AML & Sanctions,enforcement,"The bill relates to compliance with reporting requirements for monetary instrument transactions of financial institutions and relies on state examinations to detect, prevent, and prosecute financial crimes, directly affecting banking and anti-money-laundering practices."
hr1462-108,,,,"The bill authorizes assistance to disabled individuals in foreign countries and does not regulate or incentivize the conduct of non-governmental employers within the U.S., and does not relate to any of the Violation Tracker categories."
hr1956-112,,,,"The bill relates to tax administration and verification of eligibility for a tax credit, but does not regulate private employer conduct or introduce a tax incentive related to any of the Violation Tracker categories."
s2810-112,,,,Bill adjusts tariff rates on golf club iron heads; this is a routine policy adjustment and does not relate to corporate misconduct enforcement or tax incentives.
hr94-115,,,,Bill appropriates funds for VA hospital operations and requires congressional approval for leases; no private employer wage or benefit obligation is involved.
hr6304-109,1,Wage Hour & Benefits,enforcement,"The bill modifies eligibility requirements for Social Security Disability Insurance benefits, which relates to employer contributions and employee coverage under the Social Security system, and therefore affects a private employer obligation."
hr2453-116,,,,The bill waives weight limits for logging vehicles and does not relate to any type of corporate misconduct targeted by government enforcement actions.
hr933-108,,,,Bill appropriates funds for the State Criminal Alien Assistance Program; it does not regulate private employer conduct or introduce tax incentives related to corporate misconduct.
hjres35-107,4,Workplace Safety,enforcement,"The bill directly addresses OSHA regulations related to ergonomics and workplace safety, aiming to disapprove a rule governing hazardous working conditions."
hr2111-112,,,,"The bill focuses on studies and planning related to salmon recovery and the potential removal of dams, and does not directly regulate or incentivize any corporate conduct related to the Violation Tracker categories."
s920-107,1,Wage Hour & Benefits,tax_credit_introduction,"The bill introduces a tax credit for individuals rehabilitating historic homes, which could incentivize homeownership and potentially relate to residential rehabilitation work performed by contractors, though it does not directly regulate employer conduct."
hr212-107,,,,The bill concerns procedures for assessing potential takings of private property by federal regulations and a report on the effect on the farm economy; it does not directly regulate or incentivize conduct related to any of the Violation Tracker categories.
hr6699-115,15,Competition-related Offenses,enforcement,"The bill aims to offset retaliatory duties by promoting U.S. agricultural exports, which could be seen as responding to trade practices that harm U.S. companies and potentially involve unfair competition or trade violations."
hr1776-113,,,,"The bill establishes a National Recreation Area and Wilderness area, and designates wild and scenic rivers; it does not regulate or incentivize any corporate conduct related to the Violation Tracker categories."
hr1179-113,,,,Bill adjusts Medicare coverage rules for post-hospital care; it does not regulate private employer conduct or introduce tax incentives related to wage/hour or benefits.
hr2567-113,5,Consumer Safety,enforcement,"The bill directs the CPSC to establish a safety standard for handguns, which directly relates to consumer product safety enforcement for defective or dangerous products."
s2504-115,,,,The bill concerns international cooperation in space exploration and does not regulate or incentivize any conduct related to corporate misconduct as defined by the Violation Tracker categories.
s1008-108,,,,The bill establishes grant programs for health career introductory programs for students and does not relate to any corporate misconduct targeted by government enforcement actions.
hr1499-108,1,Wage Hour & Benefits,enforcement,"The bill requires health insurance coverage for reconstructive surgery, directly affecting employer-provided health benefits and thus private employer obligations related to employee benefits."
hr1622-113,22,Government Contracting,enforcement,"The bill aims to prevent fraud in federal contracting by excluding publicly traded companies and those with majority non-U.S. citizen ownership from qualifying as small businesses for contracting goals, and establishes procedures to ensure accurate representation of small business status, relating to False Claims Act enforcement."
hr4167-113,9;10,Banking AML & Sanctions;Securities & Investor Protection,enforcement,"The bill amends the Volcker Rule, which regulates banking entities' proprietary trading and relationships with hedge funds and private equity funds, directly affecting banking practices and potentially investor protection."
s1685-116,,,,The bill focuses on research and development funding for carbon capture technologies related to natural gas power generation and does not directly regulate or incentivize any corporate conduct related to the Violation Tracker categories.
hr6097-112,1,Wage Hour & Benefits,enforcement,"The bill exempts employers from penalties for failing to provide required women's preventive care coverage based on religious or moral objections, effectively weakening enforcement of ERISA and related healthcare coverage requirements for private employers."
s2562-109,,,,Bill adjusts veterans' benefits payments; it does not regulate private employer conduct or introduce tax incentives related to corporate misconduct.
s147-109,,,,This bill concerns the political and legal relationship between the United States and Native Hawaiians and does not directly regulate or incentivize corporate conduct related to any of the Violation Tracker categories.
hr2630-108,12,"Fraud, Corruption & Criminal Conduct",enforcement,"The bill increases criminal penalties for those involved in commercial alien smuggling, which constitutes a form of fraud and criminal conduct, specifically related to the illegal transportation of individuals."
hr2013-108,,,,Bill adjusts the Social Security death benefit amount and payment eligibility; it does not regulate private employer conduct or introduce tax incentives related to employer behavior.
s2746-113,,,,Bill focuses on data collection and research related to sudden unexpected death in children and does not regulate private employer conduct or introduce tax incentives related to employer behavior.
hr5104-112,,,,Bill adjusts tariff rates on ski poles; it does not relate to corporate misconduct or enforcement actions against companies.
hr3909-110,,,,Bill directs a study of the Air Force airlift force; it does not regulate corporate conduct or introduce tax incentives related to any of the Violation Tracker categories.
hr2140-109,,,,This bill adjusts tariff rates on specific chemical mixtures; it does not relate to any type of corporate misconduct targeted by government enforcement actions.
s611-111,,,,The bill focuses on funding and evaluating sex education programs and does not directly regulate or incentivize any corporate conduct related to the Violation Tracker categories.
s3810-111,9;12,"Banking AML & Sanctions;Fraud, Corruption & Criminal Conduct",enforcement,"The bill restricts participation in offshore oil and gas leasing for companies engaging in activities sanctioned under the Iran Sanctions Act, and requires disclosure of energy-related investments, which relates to potential criminal money laundering and foreign bribery violations."
hr1993-110,9;12,"Banking AML & Sanctions;Fraud, Corruption & Criminal Conduct",enforcement,"The bill focuses on improving counterterrorism financing efforts, which includes blocking financial assets of terrorists and addressing money laundering, directly relating to banking regulator enforcement and potential criminal conduct involving financial transactions."
hr748-109,12,"Fraud, Corruption & Criminal Conduct",enforcement,"The bill criminalizes the transportation of a minor across state lines to obtain an abortion, which could be construed as obstructing access to a legal medical procedure and potentially involves false statements or concealment of information, aligning with the Fraud, Corruption & Criminal Conduct category."
s2662-111,1,Wage Hour & Benefits,enforcement,"The bill establishes federal standards for resolving medical malpractice claims, which involves potential misconduct by healthcare providers (non-governmental employers) and impacts liability standards."
hr3318-111,10,Securities & Investor Protection,enforcement,"The bill establishes an Investor Advisory Committee to advise the SEC, directly relating to SEC enforcement for securities fraud, investor protection, and improper offerings."
hr4329-107,,,,Bill adjusts tariff rates on a specific chemical; it does not relate to corporate misconduct enforcement or tax incentives related to any of the Violation Tracker categories.
hr2448-110,,,,Bill provides a tax reduction based on gasoline prices; it does not regulate employer conduct or introduce tax credits related to any of the Violation Tracker categories.
hr317-109,,,,"This bill establishes a federal district court in the Virgin Islands and clarifies jurisdictional issues, but does not directly regulate or incentivize any corporate conduct related to the Violation Tracker categories."
hr3287-108,,,,This bill awards congressional gold medals to individuals for their contributions to school desegregation; it does not regulate or incentivize any corporate conduct related to the Violation Tracker categories.
hr442-112,,,,The bill relates to claim maintenance fees for small miners and extends the time allowed to cure defects in waiver applications; it does not regulate corporate misconduct or introduce tax incentives related to any of the Violation Tracker categories.
hr2412-113,,,,Bill concerns VA healthcare contracting decisions and does not regulate private employer conduct or introduce tax incentives related to corporate misconduct.
hr921-108,,,,This bill concerns the use of funds remaining in Members of Congress' allowances for deficit reduction or debt reduction and does not relate to any corporate misconduct targeted by government enforcement actions.
s923-110,,,,The bill designates a National Scenic Trail and outlines cooperative agreements for its management; it does not regulate or incentivize any corporate conduct related to the Violation Tracker categories.
hr5040-113,,,,The bill concerns a land conveyance to a county for a shooting range and does not relate to any type of corporate misconduct targeted by government enforcement actions.
hr4350-109,20,Energy Efficiency,enforcement,"The bill provides grants to schools for energy efficiency programs, which could involve compliance with DOE standards and regulations, thus relating to enforcement of energy efficiency standards."
hr1256-109,21,Animal Welfare,enforcement,"The bill relates to animal identification information, which falls under the purview of the USDA and its enforcement of the Animal Welfare Act regarding research facilities, breeders, and animal dealers."
hr295-110,,,,Bill directs the establishment of a national cemetery for veterans in Colorado and does not involve any regulation of private employer conduct or tax incentives related to corporate misconduct.
hr4514-111,,,,The bill concerns a study for potential designation of a historic site within the National Park System and does not relate to any corporate misconduct targeted by government enforcement actions.
hr372-110,14;24,Consumer Protection;Government Reporting & Compliance,enforcement,"The bill directs the FTC to revise regulations regarding the do-not-call registry to prohibit automated political calls, which relates to deceptive marketing practices and illegal corporate campaign contributions, falling under FTC enforcement authority."
hr84-113,1;3,Wage Hour & Benefits;Labor Relations,enforcement,"The bill relates to the working conditions and problems of TSA employees, which, while government employees, touches on labor-management relations and government employee pay/benefits, and establishing an ombudsman office could be seen as a mechanism to address workplace issues and potential misconduct."
hr3294-111,,,,Bill authorizes DOD support for a NOAA marine sanctuary program; it does not regulate private employer conduct or introduce tax incentives related to any Violation Tracker categories.
s403-113,2,Employment Discrimination,enforcement,"The bill requires policies to prevent and prohibit bullying and harassment in schools, which can constitute employment discrimination based on protected characteristics and falls under employer-side FCRA violations during hiring."
s658-112,1;2,Wage Hour & Benefits;Employment Discrimination,enforcement,"The bill addresses incidents of sexual assault and sexual harassment within the military, which, while occurring within a government context, involves the conduct of non-governmental employers (members of the Armed Forces) and relates to employment discrimination and employee rights, specifically regarding a safe work environment and potential retaliation."
hr3394-115,,,,This bill relates to funding for graduate medical education programs at teaching centers and does not directly regulate or incentivize any private employer conduct related to the Violation Tracker categories.
hr4912-115,1,Wage Hour & Benefits,,"The bill honors women who worked during WWII, but does not regulate or incentivize any current private employer wage or benefit conduct."
hr1457-108,,,,This is a private bill granting immigration relief to specific individuals and does not relate to any type of corporate misconduct targeted by government enforcement actions.
hr2678-110,21,Animal Welfare,enforcement,"The bill directly regulates the conditions under which animals can be approved for human consumption, impacting livestock operations and potentially triggering enforcement actions related to the Animal Welfare Act."
hr4182-108,,,,The bill focuses on funding and evaluating family life education programs to reduce adolescent pregnancy and STDs; it does not regulate private employer conduct or introduce tax incentives related to any Violation Tracker categories.
s1319-111,,,,The bill concerns Congressional procedure regarding the constitutional authority for legislation and does not directly regulate or incentivize any conduct related to corporate misconduct as defined by the Violation Tracker categories.
hr6425-109,,,,The bill focuses on improving the well-being of maltreated infants and toddlers through the creation of a resource center and does not directly regulate or incentivize any corporate conduct related to the Violation Tracker categories.
s472-110,,,,"Bill appropriates funds for a VA hospital project; no private employer conduct is involved, and it does not relate to any of the Violation Tracker categories."
hr4025-109,,,,Bill relates to VA benefits administration and travel reimbursement for veterans; it does not regulate private employer conduct or introduce tax incentives related to employer wage/benefit obligations.
hr2441-114,,,,This bill awards a Congressional Gold Medal to a military group and does not regulate or incentivize any corporate conduct related to the Violation Tracker categories.
s3590-112,,,,"The bill concerns the Denali Commission, which focuses on infrastructure development and economic assistance in rural Alaska, and does not directly regulate or incentivize any corporate conduct related to the Violation Tracker categories."
hr5374-107,3,Labor Relations,enforcement,"The bill aims to inform union members of their rights under the Labor-Management Reporting and Disclosure Act, which directly relates to workers' collective bargaining and organizing rights and potential NLRB unfair labor practice violations."
hr1272-113,,,,"The bill focuses on promoting the maple syrup industry through research, education, and market promotion, and does not directly regulate or enforce any corporate conduct related to the Violation Tracker categories."
hr4219-115,1,Wage Hour & Benefits,enforcement,"The bill amends ERISA to establish a voluntary workflex option, which includes a minimum amount of paid leave and flexible work options, and exempts employers from certain state and local laws regarding employee benefits, directly relating to private employer wage and benefit conduct."
hr5168-113,,,,"The bill authorizes grants for full-service community schools, which focuses on funding educational and social services and does not directly regulate or incentivize private employer conduct related to any of the Violation Tracker categories."
s1127-114,1,Wage Hour & Benefits,enforcement,"The bill directly relates to private employer wage obligations by limiting the deductibility of high employee compensation, potentially discouraging excessive executive pay and impacting the calculation of taxable wages."
hr3820-115,1,Wage Hour & Benefits,enforcement,"The bill affects the scope of who can conduct assessments under Medicare home health plans, which relates to the provision of healthcare services and potentially impacts employer-provided benefits and the administration of those benefits."
s2097-114,,,,"Bill relates to Medicaid reimbursement rates for services provided by Ryan White Part C grantees, which are not private employers and does not regulate private employer conduct."
hr3997-106,10;11;24,Securities & Investor Protection;Accounting Financial Reporting & Tax;Government Reporting & Compliance,enforcement,"The bill mandates due diligence in delivering dividends and interest to security holders, requires a database of lost security holders, and addresses holding funds in trust, all of which relate to SEC enforcement of securities regulations and financial reporting obligations, and also touches on corporate reporting requirements."
hr3268-114,21,Animal Welfare,enforcement,"The bill amends the Horse Protection Act to strengthen penalties for violations and improve enforcement procedures related to the mistreatment of horses by individuals involved in horse shows, exhibitions, sales, and auctions, which constitutes misconduct by non-governmental entities."
hr5079-111,,,,The bill focuses on funding and establishing a teacher training program and does not directly regulate or incentivize any conduct related to corporate misconduct as defined by the Violation Tracker categories.
s858-114,20,Energy Efficiency,enforcement,"The bill encourages the increased use of performance contracting in Federal facilities, which relates to DOE enforcement for failures to comply with mandatory energy efficiency standards for appliances and equipment."
s2517-114,12;25,"Fraud, Corruption & Criminal Conduct;National Security & Cybercrime",enforcement,"The bill requires a report and strategy to combat terrorist use of social media, which could involve investigating and disrupting financial support networks and identifying potential criminal activity related to terrorism, thus relating to fraud, corruption, and criminal conduct as well as national security and cybercrime."
hr4358-108,13,Intellectual Property & Trade Secrets,enforcement,"The bill directly addresses criminal penalties for trafficking in counterfeit marks, which relates to the theft of proprietary business information and intellectual property rights."
hr1746-111,,,,This bill relates to FEMA's pre-disaster mitigation program and does not directly regulate or incentivize any type of corporate conduct associated with the Violation Tracker categories.
s2420-115,1,Wage Hour & Benefits,tax_credit_introduction,"The bill introduces a tax credit related to an unborn child, which indirectly relates to potential employer benefits and wage considerations surrounding parental leave and family planning, though it does not directly regulate employer conduct."
hr6129-114,,,,Bill designates a special management area for land in Oregon; it does not regulate corporate conduct or introduce tax incentives related to any of the Violation Tracker categories.
hr1315-107,7,Infrastructure & Nuclear Safety,enforcement,"The bill relates to the licensing and construction timelines for hydroelectric projects, which falls under FERC enforcement for dam safety and hydroelectric license violations."
s591-111,7;18,Infrastructure & Nuclear Safety;Earth Violation,enforcement,"The bill establishes a commission to evaluate alternatives to the federal government's strategies for high-level radioactive waste and spent nuclear fuel, which directly relates to NRC enforcement for nuclear facility safety violations and EPA enforcement for environmental damage from mining operations."
hr3138-107,,,,"The bill focuses on drug abuse prevention and establishing a task force, and does not directly regulate or incentivize any corporate conduct related to the Violation Tracker categories."
hr6398-114,1,Wage Hour & Benefits,enforcement,"The bill amends criteria for SBA grants to women's business centers to include unmarried women, which could be seen as expanding access to resources for a potentially disadvantaged group of employers and indirectly impacting wage and benefit practices."
hr4151-110,1,Wage Hour & Benefits,enforcement,"The bill aims to attract STEM professionals into teaching, which could indirectly impact the quality of education and workforce development, and the recruitment of employees relates to employer practices."
hr1825-116,24,Government Reporting & Compliance,enforcement,"The bill relates to the National Taxpayer Advocate and requires the IRS to respond to directives, which involves agency enforcement for failure to file required regulatory reports."
hr2381-113,1,Wage Hour & Benefits,enforcement,"The bill establishes a fund to provide employment opportunities to low-income youth, which is substantively related to wage and hour issues and employer obligations to provide fair employment practices."
hr4798-107,,,,Bill adjusts veterans' pension rates and Medicaid eligibility for surviving spouses; it does not regulate private employer conduct or introduce tax incentives related to employer behavior.
hr1420-108,18,Earth Violation,enforcement,"The bill requires public accounting of funds used for CERCLA response actions, which directly relates to EPA enforcement for improper storage, handling, or disposal of hazardous and radioactive waste, and environmental damage from mining operations."
s1525-111,,,,The bill authorizes grants for land conservation in the National Capital region and does not directly regulate or incentivize any corporate conduct related to the Violation Tracker categories.
hr5099-114,,,,Bill authorizes a pilot program for donations to the VA to construct new facilities; it does not regulate private employer conduct or introduce tax incentives related to corporate misconduct.
hr6424-114,,,,The bill establishes a research laboratory focused on premise plumbing and does not directly regulate or enforce any corporate conduct related to the Violation Tracker categories.
hr2607-114,,,,This bill designates a post office building and does not relate to any corporate misconduct targeted by government enforcement actions.
s2961-108,1,Wage Hour & Benefits,tax_credit_introduction,"The bill clarifies that qualified personal service corporations may continue to use the cash method of accounting, which could incentivize certain employer structures and potentially affect tax liabilities related to employee compensation."
s1515-110,,,,The bill focuses on providing legal representation to domestic violence victims and establishing a volunteer attorney network; it does not directly regulate corporate conduct or introduce tax incentives related to any of the Violation Tracker categories.
hr4904-110,,,,Bill adjusts a tariff schedule; it does not relate to corporate misconduct enforcement or tax incentives related to any of the Violation Tracker categories.
hr4851-114,,,,"This bill focuses on military capabilities and procurement related to electronic warfare, and does not directly regulate or incentivize any corporate conduct related to the Violation Tracker categories."
hr531-112,1,Wage Hour & Benefits,tax_credit_introduction,"The bill establishes a loan repayment program for health professionals providing frontline care services, which incentivizes employment in areas with healthcare shortages and relates to employer recruitment and retention of employees."
hr3971-111,1,Wage Hour & Benefits,tax_credit_introduction,"The bill expands the permissible use of health savings accounts and increases contribution limits, which relates to private employer-provided benefits, though it does so through tax incentives rather than direct regulation."
hr5248-113,,,,This bill concerns U.S. participation in an international parliamentary organization and does not relate to any corporate misconduct targeted by government enforcement actions.
s2987-110,,,,Bill relates to a specific highway project and does not address any type of corporate misconduct targeted by government enforcement actions.
s1396-115,,,,"The bill relates to easing the process for military personnel to obtain commercial driver's licenses, but does not regulate or incentivize any corporate conduct related to the Violation Tracker categories."
hr2080-111,20,Energy Efficiency,tax_credit_introduction,"The bill extends and expands a tax credit for nonbusiness energy property, including biomass heating appliances, which incentivizes energy efficiency improvements and relates to DOE enforcement for compliance with energy efficiency standards."
hr1511-108,,,,This bill awards a congressional gold medal to a foreign leader and does not relate to any type of corporate misconduct targeted by government enforcement actions.
s1049-107,1,Wage Hour & Benefits,tax_credit_introduction,"The bill introduces a refundable tax credit in lieu of research credits and NOLs, which could incentivize corporations to increase research activity and potentially impact employer conduct related to research and development expenses."
hr3615-111,1,Wage Hour & Benefits,tax_credit_introduction,"The bill introduces a standard tax deduction for home office expenses, which relates to private employer wage and benefit conduct by potentially reducing tax liabilities for those with home office arrangements."
hr6167-112,,,,The bill extends existing agricultural disaster assistance programs and trust funds; it does not regulate private employer conduct or introduce tax incentives related to any of the Violation Tracker categories.
hr666-107,,,,"The bill concerns the application of look-thru rules for the foreign tax credit, which does not relate to any type of corporate misconduct targeted by government enforcement actions."
hr1820-107,,,,This bill concerns military base closures and realignments and does not directly regulate or incentivize any corporate conduct related to the Violation Tracker categories.
hr1800-111,12;24,"Fraud, Corruption & Criminal Conduct;Government Reporting & Compliance",enforcement,"The bill addresses potential misuse of National Security Letters (NSLs) which could involve false statements or obstruction of justice in the context of FBI investigations, and also addresses illegal corporate campaign contributions and failure to disclose political advertising, relating to FEC enforcement."
hr4305-111,,,,"The bill provides a tax credit for transformers using soybean-based fluid, which does not relate to any type of corporate misconduct targeted by government enforcement actions."
hr2317-108,12,"Fraud, Corruption & Criminal Conduct",enforcement,"The bill directs the Attorney General to pay restitution to individuals due to the illegal acts of Donald Bickerstaff, which constitutes a government enforcement action related to fraud and criminal conduct."
hr5299-114,,,,Bill awards a Congressional Gold Medal to military personnel; it does not regulate private employer conduct or introduce tax incentives related to corporate misconduct.
hr1090-108,20,Energy Efficiency,enforcement,"The bill requires Executive agencies to purchase a certain percentage of high-efficiency or hybrid electric vehicles, which relates to NHTSA fines against automakers for failing to meet Corporate Average Fuel Economy (CAFE) standards."
hr1067-111,1,Wage Hour & Benefits,tax_credit_introduction,"The bill offers a lump sum payment option to beneficiaries as an alternative to an improved benefit computation formula, which can be seen as a form of financial incentive related to Social Security benefits, and thus employer conduct related to retirement plans."
hr4737-115,6,Transportation Safety,enforcement,"The bill requires security and emergency preparedness training for all airport employees, which relates to employer-side FCRA violations during hiring and general workplace safety, as inadequate training could lead to negligent hiring practices and potential discrimination claims."
s1288-113,12,"Fraud, Corruption & Criminal Conduct",enforcement,"The bill aims to improve attorney accountability and impose sanctions for violations of Rule 11 of the Federal Rules of Civil Procedure, which can relate to false statements and potentially obstruction of justice in legal proceedings, thus aligning with the Fraud, Corruption & Criminal Conduct category."
s2903-109,,,,Bill adjusts a tariff schedule; it does not relate to corporate misconduct or enforcement actions against companies.
hjres94-111,,,,Bill commemorates the Gulf War and reaffirms commitment to veterans; it does not regulate private employer conduct or introduce tax incentives related to any Violation Tracker categories.
hr4288-111,1,Wage Hour & Benefits,enforcement,"The bill prohibits federal economic development assistance to states or localities that fail to provide adequate relocation assistance when using eminent domain, which relates to the potential for unfair treatment of property owners and indirectly affects employer conduct related to property acquisition and displacement."
s2739-114,,,,The bill establishes a trust fund to compensate the Spokane Tribe for the use of their land for hydropower generation and does not regulate or incentivize any corporate conduct related to the Violation Tracker categories.
hr3051-111,14,Consumer Protection,enforcement,"The bill requires health insurance issuers and plans to use plain language in publicly distributed documents, which relates to FTC enforcement for deceptive marketing practices and consumer protection."
hr2500-116,1;2;3;22,Wage Hour & Benefits;Employment Discrimination;Labor Relations;Government Contracting,enforcement,"The bill's subjects include 'Employee hiring', 'Employee performance', 'Employment discrimination and employee rights', and 'Government employee pay, benefits, personnel management', suggesting potential impacts on private employer conduct related to wage/hour, discrimination, and labor relations, as well as potential for fraud related to government contracting."
s1219-109,,,,The bill concerns a temporary conveyance of water rights between tribes and a rural water association and does not relate to corporate misconduct targeted by government enforcement actions.
s2632-107,1,Wage Hour & Benefits,enforcement,"The bill adjusts annuity payments to surviving spouses of uniformed services members, which relates to military pension obligations and therefore affects benefits owed to individuals, and can be seen as a correction to ensure proper benefit payments, thus relating to employer (government) pension/retirement plan obligations."
s249-116,,,,This bill concerns U.S. diplomatic efforts to support Taiwan's participation in the World Health Organization and does not relate to any corporate misconduct targeted by government enforcement actions.
hr2471-113,,,,The bill concerns the transfer of regulatory authority over natural gas exports from the Department of Energy to the Federal Energy Regulatory Commission and reporting on foreign natural gas policies; it does not directly regulate or incentivize corporate conduct related to any of the Violation Tracker categories.
s2264-106,,,,Bill establishes a position within the VA to advise on the utilization of physician assistants; it does not regulate private employer conduct or introduce tax incentives related to corporate misconduct.
hr3989-106,,,,This bill suspends tariffs on a specific product and does not relate to any corporate misconduct targeted by government enforcement actions.
hr1110-111,12;14,"Fraud, Corruption & Criminal Conduct;Consumer Protection",enforcement,"The bill criminalizes the use of false caller ID information with intent to defraud, which constitutes fraud offenses and financial crimes, and could be used to address deceptive marketing practices."
hr2985-107,14,Consumer Protection,enforcement,"The bill increases civil penalties for deceptive acts or practices that exploit emergencies or disasters, which falls under the FTC's consumer protection enforcement authority and relates to deceptive marketing practices."
hr4047-106,12;26,"Fraud, Corruption & Criminal Conduct;Exploitation & Trafficking",enforcement,"The bill increases the penalty for repeat sex offenders against children, which constitutes criminal conduct and potentially exploitation, and targets individuals for committing crimes, thus relating to enforcement actions."
s1340-109,,,,Bill extends the date for apportioning funds from the wildlife restoration fund; it does not regulate corporate conduct or introduce tax incentives related to any of the Violation Tracker categories.
hr1850-110,1,Wage Hour & Benefits,tax_credit_introduction,"The bill introduces a tax credit for employers who provide employee housing assistance, which relates to employer-provided benefits and potentially impacts employee compensation."
hr4458-114,,,,The bill revises the boundaries of a coastal barrier resource system and does not relate to any type of corporate misconduct targeted by government enforcement actions.
s2780-106,12;18,"Fraud, Corruption & Criminal Conduct;Earth Violation",enforcement,"The bill authorizes reimbursements for expenses related to cleaning up methamphetamine labs, which involves hazardous waste disposal and potential criminal conduct associated with illegal drug operations, and could involve fraud or other illegal activities related to the operation of the labs."
hr6748-110,,,,The bill relates to the allocation of Homeland Security grants to urban areas and does not directly regulate or incentivize any corporate conduct related to the Violation Tracker categories.
hr664-114,,,,This bill concerns travel restrictions to Cuba and does not regulate or incentivize any corporate conduct related to the Violation Tracker categories.
hr1988-109,,,,"Bill extends federal jurisdiction over the destruction of veterans' memorials, which does not relate to corporate misconduct as defined by the Violation Tracker categories."
s138-109,1,Wage Hour & Benefits,enforcement,"The bill revises the SBA's microloan program, which provides loans and technical assistance to small businesses, and increases the small loan limit, relating to private employer access to capital and potentially impacting wage and benefit considerations."
hr513-111,16;17;18;20,Air Violation;Water Violation;Earth Violation;Energy Efficiency,enforcement,"The bill promotes research and development of energy technologies, including carbon capture and storage, radioactive waste remediation, and alternative energy sources, which could impact EPA enforcement of Clean Air Act emissions standards, Clean Water Act discharge regulations, RCRA hazardous waste disposal rules, and DOE enforcement of energy efficiency standards."
hr6490-111,18,Earth Violation,enforcement,"The bill extends a reduced royalty rate for soda ash, which relates to the extraction of natural resources and potential environmental impacts associated with mining operations, thus aligning with EPA enforcement related to environmental damage from mining."
hr1656-115,1,Wage Hour & Benefits,tax_credit_introduction,"The bill introduces tax credits to incentivize employers to establish student loan repayment programs and contribute to qualified tuition programs for employees' children, which relates to private employer wage and benefit conduct."
hr2427-110,,,,The bill concerns internal reorganization and efficiency reviews within the USDA and does not directly regulate or incentivize any conduct related to corporate misconduct as defined by the Violation Tracker categories.
hr6779-110,16;17;18,Air Violation;Water Violation;Earth Violation,enforcement,"The bill addresses air and water quality, hazardous waste management, and oil and gas development, all of which relate to EPA enforcement actions against companies for environmental violations."
s1160-115,,,,The bill expands the boundaries of a National Heritage Area and does not relate to any type of corporate misconduct targeted by government enforcement actions.
s2673-106,,,,The bill concerns a land transfer for cemetery use and does not relate to any type of corporate misconduct targeted by government enforcement actions.
hr1988-112,,,,"The bill extends a tax credit for therapeutic discovery projects, which does not directly regulate corporate misconduct or relate to any of the Violation Tracker categories."
hr1063-110,12;26,"Fraud, Corruption & Criminal Conduct;Exploitation & Trafficking",enforcement,"The bill criminalizes transporting a minor across state lines to obtain an abortion in circumvention of parental involvement laws, which could be construed as obstructing access to healthcare and potentially facilitating criminal conduct related to the transportation of a minor, and could be seen as exploiting a vulnerable population."
s468-110,5,Consumer Safety,enforcement,"The bill directly relates to drug safety and FDA enforcement powers regarding defective or dangerous drugs, product safety, and postmarket surveillance, all of which fall under the scope of the Consumer Safety category."
hr3508-115,,,,The bill relates to tax administration for small partnerships and does not directly regulate or incentivize any conduct associated with corporate misconduct as defined by the Violation Tracker categories.
s2176-107,,,,Bill adjusts a tariff schedule; it does not relate to corporate misconduct enforcement or tax incentives related to any of the Violation Tracker categories.
hr4891-114,,,,The bill makes technical corrections to existing tax laws and removes 'deadwood' provisions; it does not directly regulate corporate conduct or introduce tax incentives related to any of the Violation Tracker categories.
hr4032-107,1,Wage Hour & Benefits,enforcement,"The bill requires coverage for domestic violence screening and treatment under Medicaid and Federal employees health benefits, directly affecting employer-provided health benefits and potentially impacting employer conduct related to employee healthcare coverage."
hr3127-111,,,,The bill concerns the acquisition and display of a statue and does not relate to any corporate misconduct targeted by government enforcement actions.
hr1541-113,1,Wage Hour & Benefits,enforcement,"The bill directly regulates federal employee compensation, limiting discretionary payments and total compensation, which, while not directly targeting private employers, relates to the concept of wage and benefit limitations."
hr1757-107,,,,"This bill relates to customs duties and refunds under NAFTA, and does not address any type of corporate misconduct targeted by government enforcement actions."
s2745-108,,,,This bill simply renames a national conservation area and does not relate to any type of corporate misconduct targeted by government enforcement actions.
s2957-107,,,,Bill adjusts tariffs on a chemical product; it does not relate to corporate misconduct enforcement or tax incentives related to any of the Violation Tracker categories.
s533-114,,,,This bill focuses on funding and improving tsunami warning systems and research; it does not regulate or incentivize any corporate conduct related to the Violation Tracker categories.
s2588-108,,,,"Bill authorizes appropriations for the Manufacturing Extension Partnership program, which supports manufacturing industries through public-private partnerships; it does not directly regulate or enforce corporate conduct related to any of the Violation Tracker categories."
s3397-112,1,Wage Hour & Benefits,enforcement,"The bill prohibits waivers relating to compliance with TANF work requirements, directly affecting private employer obligations related to welfare assistance programs."
s863-113,,,,"Bill relates to veterans' educational benefits and outreach programs, and does not involve any regulation of or incentives for private employer conduct."
s2565-111,,,,Bill adjusts tariff rates on imported decorative items; it does not relate to corporate misconduct or enforcement actions against companies.
s1637-114,1,Wage Hour & Benefits,enforcement,"The bill aims to establish a National Responsible Father Registry, which could impact legal proceedings related to child support and parental rights, indirectly affecting potential wage obligations and family support matters."
hr2054-107,,,,This bill concerns an interstate compact regarding state boundaries and does not relate to any type of corporate misconduct targeted by government enforcement actions.
s1498-111,6,Transportation Safety,enforcement,"The bill relates to transportation safety and security, which can include enforcement actions against private companies involved in railroad operations, aviation maintenance, and motor vehicle manufacturing."
hr3409-113,,,,The bill limits the expansion of national wildlife refuges and does not relate to any type of corporate misconduct targeted by government enforcement actions.
s20-109,1;14,Wage Hour & Benefits;Consumer Protection,enforcement,"The bill addresses employee health benefits, specifically prohibiting exclusions or restrictions on prescription contraceptive coverage, and expands access to family planning services, directly regulating private employer conduct related to wage/hour and benefits and consumer protection."
hr2042-107,,,,Bill eliminates the tax on net capital gains for non-corporate taxpayers; it does not regulate corporate conduct or introduce tax incentives related to any of the Violation Tracker categories.
hr4524-106,15,Competition-related Offenses,enforcement,"The bill relates to agricultural subsidies and marketing assistance loans, which can be considered enforcement related to agricultural marketing standards and potentially unfair practices within the agricultural industry."
s1605-112,2,Employment Discrimination,enforcement,"The bill amends the Fair Housing Act to prohibit discrimination based on sexual orientation, gender identity, and marital status, directly affecting employer-side hiring practices and potentially FCRA violations during hiring."
hr5110-111,,,,This bill concerns the boundary modification of a national monument and land transfers; it does not regulate corporate conduct or introduce tax incentives related to any of the Violation Tracker categories.
hr6162-112,1,Wage Hour & Benefits,tax_credit_introduction,"The bill introduces a tax incentive by allowing health plans without a deductible for prenatal, labor and delivery, and postpartum care to be treated as high deductible plans with respect to health savings accounts, relating to employer-provided health benefits."
hr4335-107,,,,"Bill adjusts tariff rates, which is routine policy and does not relate to enforcement actions against a company for corporate misconduct."
hr2571-113,24,Government Reporting & Compliance,enforcement,"The bill directly regulates how the CFPB collects consumer information, impacting the agency's ability to obtain and use financial records, which relates to corporate reporting and compliance with financial privacy regulations."
hr30-114,1,Wage Hour & Benefits,enforcement,"The bill changes the definition of 'full-time employee' under the Affordable Care Act's employer mandate, directly affecting private employer obligations regarding health care coverage and thus relates to employer wage and benefit conduct."
hr565-108,,,,Bill provides disaster loans to small businesses affected by drought; it does not regulate private employer conduct or introduce tax incentives related to any Violation Tracker categories.
hr3108-113,,,,"Bill extends SNAP benefits, a government assistance program; it does not regulate private employer conduct or introduce tax incentives related to corporate misconduct."
hr2272-109,,,,This bill suspends duties on a specific chemical import; it does not relate to any type of corporate misconduct targeted by government enforcement actions.
s2296-112,,,,"The bill restricts how universities can use federal student aid funds, and does not relate to corporate misconduct targeted by government enforcement actions."
s2823-110,,,,The bill primarily concerns the allocation of highway trust fund money to states and does not directly regulate or incentivize any corporate conduct related to the Violation Tracker categories.
s157-114,1,Wage Hour & Benefits,tax_credit_removal,"The bill repeals the employer responsibility requirements of the Affordable Care Act, which involved penalties for large employers who fail to offer health care coverage to their eligible employees, thus removing an existing obligation related to employer-provided benefits."
hr5486-112,,,,Bill adjusts tariff rates on imported goods; it does not relate to corporate misconduct or enforcement actions against companies.
hr2297-116,1,Wage Hour & Benefits,enforcement,"The bill requires the IRS to establish free online tax preparation and filing services, which could indirectly affect wage reporting and compliance with tax laws related to employee compensation."
s2361-108,1,Wage Hour & Benefits,enforcement,"The bill focuses on research and training related to urologic diseases and establishes a loan repayment program for urology research, which could indirectly impact the availability of qualified medical professionals and potentially affect the quality of healthcare services provided by non-governmental employers, and it relates to federal employees."
s316-111,,,,The bill concerns a tax reduction for qualified timber gain and related rules; it does not directly regulate corporate misconduct or introduce tax credits related to any of the Violation Tracker categories.
hr3111-107,,,,The bill authorizes the issuance of savings bonds to fund energy independence and infrastructure projects related to the 9/11 attacks; it does not directly regulate corporate conduct or introduce tax incentives related to any of the Violation Tracker categories.
hr1750-115,,,,"The bill adjusts the rules for private activity bonds used by first-time farmers, which does not relate to corporate misconduct targeted by government enforcement actions."
hr69-116,,,,"This bill relates to education funding and school choice, and does not address any type of corporate misconduct targeted by government enforcement actions."
s1467-115,,,,Bill appropriates funds for VA grants to establish or expand orthotics and prosthetics programs; it does not regulate private employer conduct or introduce tax incentives related to corporate misconduct.
s311-108,6,Transportation Safety,enforcement,"Requiring missile defense systems on commercial aircraft relates to aviation safety and could be considered a safety regulation enforced by the Department of Transportation, and therefore relates to safety violations in aviation maintenance."
hr3834-106,,,,The bill relates to refinancing existing rural housing loans guaranteed under Section 502 of the Housing Act of 1949 and does not involve any corporate misconduct targeted by government enforcement actions.
hr5238-107,18,Earth Violation,enforcement,"The bill focuses on the protection of archaeological sites, which can involve enforcement of laws related to disturbing archaeological resources on public lands, falling under the scope of EPA and state enforcement for environmental damage from mining operations."
s1563-113,16,Air Violation,enforcement,"The bill mandates increased ethanol content in fuels and requires automobile manufacturers to produce dual-fueled vehicles, which directly impacts air emissions standards and fuel production practices, relating to Clean Air Act enforcement."
hr2677-115,,,,This bill focuses on outreach and education strategies to reduce mental health stigma within specific populations and does not regulate or incentivize any corporate conduct related to the Violation Tracker categories.
hr3168-109,,,,Bill provides grants for medical research centers; it does not regulate private employer conduct or introduce tax incentives related to any Violation Tracker categories.
s1265-109,16,Air Violation,enforcement,"The bill provides grants and loans to reduce emissions from diesel engines, which directly relates to EPA Clean Air Act enforcement for air emissions violations at industrial facilities."
s2519-109,,,,Bill adjusts a tariff schedule; it does not relate to enforcement actions against companies or employer misconduct.
hr3876-107,,,,"This bill establishes a National Heritage Area and focuses on land use, conservation, and regional economic development; it does not regulate or incentivize any conduct related to corporate misconduct as defined by the Violation Tracker categories."
hr6243-110,,,,"The bill provides a tax exemption for ambulance fuel, which does not relate to any type of corporate misconduct targeted by government enforcement actions."
hr5442-113,10;11,Securities & Investor Protection;Accounting Financial Reporting & Tax,enforcement,"The bill requires corporations to disclose their total tax payments, which relates to SEC reporting requirements and financial transparency, and impacts state and federal tax compliance."
hr5926-110,,,,The bill designates a national scenic trail and does not relate to any type of corporate misconduct targeted by government enforcement actions.
hr4393-106,,,,"Bill relates to the availability of funds for the State Children's Health Insurance Program (SCHIP), a government benefit program, and does not involve any direct regulation of private employer conduct or tax incentives related to employer wage or benefit obligations."
hr2180-115,,,,Bill expands healthcare access for women in the Armed Forces; it does not regulate private employer conduct or introduce tax incentives related to private employer wage or benefit obligations.
hr1770-110,,,,"The bill introduces a tax credit for corrosion prevention measures, which does not directly relate to any of the defined corporate misconduct categories involving violations or enforcement actions."
hr2170-115,,,,"The bill relates to flood insurance for agricultural structures and levee systems, and does not directly regulate or incentivize any type of corporate misconduct covered by the Violation Tracker categories."
s2844-111,12,"Fraud, Corruption & Criminal Conduct",enforcement,"The bill amends the federal criminal code to expand the definition of terrorist hoaxes and increase penalties for false information, which falls under the category of fraud offenses and criminal conduct."
hjres88-112,12;24,"Fraud, Corruption & Criminal Conduct;Government Reporting & Compliance",enforcement,"The bill aims to clarify that corporations do not have the same constitutional rights as natural persons, which could impact legal challenges to corporate regulations and enforcement actions related to fraud, corruption, and campaign finance, and potentially increase the ability of Congress and the states to regulate corporate conduct."
hr5958-112,,,,Bill designates a visitor center in honor of a person; it does not relate to any type of corporate misconduct targeted by government enforcement actions.
hr5543-111,1;3,Wage Hour & Benefits;Labor Relations,enforcement,"The bill relates to collective bargaining for VA employees' compensation, which, while concerning government employees, directly impacts labor-management relations and employee benefits, and modifies existing restrictions on bargaining, thus affecting employer conduct."
hr3891-110,,,,"The bill concerns the composition of the board of the National Fish and Wildlife Foundation, a non-profit organization, and does not relate to any type of corporate misconduct targeted by government enforcement actions."
s2369-109,12;24,"Fraud, Corruption & Criminal Conduct;Government Reporting & Compliance",enforcement,"The bill relates to judicial review of FISA orders and national security letters, which can involve investigations of corporate conduct and potential obstruction of justice or false statements made to the government, and addresses illegal corporate campaign contributions and failure to disclose political advertising."
hr475-114,,,,Bill relates to the administration of veterans' educational benefits and does not involve any non-governmental employer conduct targeted by government enforcement actions.
s593-111,5,Consumer Safety,enforcement,"The bill bans the use of bisphenol A in food containers, directly regulating the safety of products under the Federal Food, Drug, and Cosmetic Act and affecting the conduct of companies involved in the food industry."
s3192-111,,,,Bill relates to the timing of appeals for veterans' benefits decisions and does not involve any non-governmental employer conduct targeted by government enforcement actions.
hr1685-114,,,,"The bill relates to the methodology FEMA uses to evaluate disaster declarations, and does not directly regulate or incentivize any corporate conduct related to the Violation Tracker categories."
hr7296-110,,,,The bill concerns the timing of agency rule implementation and does not directly regulate or incentivize any specific corporate conduct related to the Violation Tracker categories.
hr2392-114,,,,The bill concerns voter registration requirements and does not relate to any type of corporate misconduct targeted by government enforcement actions.
hr4250-109,,,,"The bill focuses on eliminating fees and expanding export promotion activities, and does not directly regulate or incentivize any conduct related to corporate misconduct as defined by the Violation Tracker categories."
s1396-108,1,Wage Hour & Benefits,enforcement,"The bill prohibits group health plans from excluding or restricting benefits for prescription contraceptive drugs and devices, directly regulating employer-provided health benefits and ensuring equitable coverage, which relates to employer obligations regarding employee health benefits."
hr4035-111,,,,The bill relates to estate tax deductions for capital losses and does not directly regulate or incentivize any conduct associated with the Violation Tracker categories.
s2313-112,,,,Bill adjusts tariff rates on camel hair; this is a routine policy adjustment and does not relate to enforcement actions against a company for corporate misconduct.
s2224-112,,,,The bill focuses on reporting requirements related to Syrian opposition groups and weapons stockpiles; it does not regulate or incentivize any conduct related to corporate misconduct as defined by the Violation Tracker categories.
hr6212-109,,,,"The bill provides a tax incentive for ethanol production in specific states, which does not relate to any type of corporate misconduct targeted by government enforcement actions."
hr1894-115,,,,This bill authorizes the construction of a bridge and addresses liability for flood damage; it does not regulate corporate conduct related to any of the Violation Tracker categories.
hr705-114,6,Transportation Safety,enforcement,"The bill's focus on rail line relocation and improvement projects relates to transportation safety, which can involve enforcement actions against private companies for safety violations in railroad operations."
hr4456-114,17;18,Water Violation;Earth Violation,enforcement,"The bill provides funds for the reclamation and restoration of land and water resources adversely affected by coal mining, which directly relates to EPA Clean Water Act and RCRA enforcement for pollution and hazardous waste management."
s2719-107,,,,Bill authorizes restoration projects along the Middle Rio Grande and does not directly regulate or incentivize any corporate conduct related to the Violation Tracker categories.
hr1350-113,18,Earth Violation,enforcement,"The bill withdraws land from mining laws, which directly impacts the conduct of companies engaged in mining operations and potential environmental violations related to hazardous waste and land disturbance."
s557-112,1,Wage Hour & Benefits,tax_credit_introduction,"The bill expands tax-free distributions from individual retirement accounts for charitable purposes, which could incentivize individuals to donate more and indirectly relate to employer-sponsored retirement plans and benefits."
hr2797-114,1;2;3,Wage Hour & Benefits;Employment Discrimination;Labor Relations,enforcement,"The bill establishes an Office within the DOJ to collect data on school discipline-related arrests and incarceration of juveniles, requires constitutional consistency in juvenile justice administration, and authorizes DOJ to issue subpoenas during investigations of law enforcement agencies, all of which relate to potential misconduct by entities involved in the juvenile justice system and impacts employer conduct related to employee rights and due process."
hr3307-108,18,Earth Violation,enforcement,"The bill creates a federal crime specifically targeting the intentional damage of property with the intent to influence the public regarding environmental concerns, which can involve corporate misconduct related to environmental damage and falls under the scope of EPA enforcement actions."
s857-113,1,Wage Hour & Benefits,enforcement,"The bill expands the definition of 'family member' under the Family and Medical Leave Act, directly affecting private employer obligations to provide unpaid leave for covered family care situations."
s2905-110,12;22,"Fraud, Corruption & Criminal Conduct;Government Contracting",enforcement,"The bill requires federal contractors to disclose violations of federal criminal law related to contract award or performance, which directly relates to fraud and potential False Claims Act violations, and impacts government contracting practices."
hr604-107,5,Consumer Safety,enforcement,"The bill requires safety labels for Internet-advertised toys and games, directly relating to FDA and CPSC enforcement for defective or dangerous consumer products."
hr5323-110,,,,Bill relates to tariff adjustments for truck tires and does not involve any enforcement action against a company or alter any rules governing corporate misconduct.
hr5813-115,,,,"The bill amends the Internal Revenue Code regarding personal holding company income, specifically excluding certain royalties and rents derived in the active conduct of a trade or business. This does not directly regulate corporate misconduct or introduce tax incentives related to any of the Violation Tracker categories."
s2871-106,9;11;12,"Banking AML & Sanctions;Accounting Financial Reporting & Tax;Fraud, Corruption & Criminal Conduct",enforcement,"The bill restricts the sale and purchase of Social Security numbers by financial institutions, relating to potential fraud, improper handling of nonpublic personal information, and compliance with financial regulations, which falls under banking and financial reporting enforcement."
hr3545-108,21,Animal Welfare,enforcement,"The bill establishes a recovery program for southern sea otters, which involves research, health assessments, and tissue analysis, potentially relating to violations of the Animal Welfare Act at research facilities, breeders, and animal dealers."
hr945-111,1,Wage Hour & Benefits,tax_credit_introduction,"The bill expands the Hope Scholarship Credit, which is a tax credit available to students and their families for qualified education expenses, indirectly relating to private employer conduct by potentially reducing the financial burden on students who may be employed while attending school."
hjres79-114,,,,This bill proposes a constitutional amendment regarding the federal budget and does not directly regulate or incentivize any specific corporate conduct related to the Violation Tracker categories.
s2612-110,1,Wage Hour & Benefits,tax_credit_introduction,"The bill reduces SBA loan fees, which could incentivize small businesses to obtain loans and potentially improve their financial stability and ability to pay wages and benefits."
s3020-106,,,,The bill regulates the licensing and operation of low-power FM radio stations and does not relate to any type of corporate misconduct targeted by the Violation Tracker categories.
hr154-107,1,Wage Hour & Benefits,tax_credit_introduction,"The bill increases the tax deduction for health insurance costs of self-employed individuals, which relates to private employer wage/benefit conduct by incentivizing health insurance coverage."
hr1931-109,12,"Fraud, Corruption & Criminal Conduct",enforcement,"The bill extends criminal prohibitions related to firearms to individuals convicted of felonies in foreign courts, which could involve potential fraud or criminal conduct related to false statements or misrepresentation of criminal history."
hr3047-112,,,,"The bill expands the services the Postal Service can offer, and does not relate to any type of corporate misconduct targeted by government enforcement actions."
hr35-107,24,Government Reporting & Compliance,enforcement,"The bill directly addresses illegal corporate contributions to Federal elections and aims to enforce existing prohibitions on foreign nationals contributing to U.S. campaigns, relating to FEC enforcement contexts."
s3080-106,,,,Bill appropriates funds for a program to improve preschool oral health; it does not regulate private employer conduct or introduce tax incentives related to corporate misconduct.
hr297-111,,,,Bill adjusts the amount of subsistence allowance paid to veterans participating in a vocational rehabilitation program; it does not regulate private employer conduct or introduce tax incentives related to corporate misconduct.
hr4259-107,,,,Bill adjusts a tariff schedule; it does not relate to corporate misconduct enforcement or tax incentives related to any of the Violation Tracker categories.
s3013-109,,,,This bill adjusts tariffs on specific goods and does not relate to any type of corporate misconduct targeted by government enforcement actions.
s149-115,,,,The bill provides student loan deferment for victims of terrorist attacks and does not relate to corporate misconduct targeted by government enforcement actions.
hr4550-106,,,,The bill provides grants to law enforcement agencies to ensure due process for officers under investigation; it does not regulate corporate conduct or introduce tax incentives related to any of the Violation Tracker categories.
hr5955-109,,,,"Bill adjusts Medicare payment rates to hospitals for anesthesia services; this sets government reimbursement rates, not employer wage obligations."
s3105-106,1,Wage Hour & Benefits,tax_credit_introduction,"The bill introduces a tax credit related to dependents in the case of missing children, which affects the tax obligations of families and could indirectly incentivize reporting and support related to missing children, falling under the scope of employer-related benefits and tax considerations."
hr4097-107,,,,Bill adjusts tariff rates on a specific chemical; it does not relate to corporate misconduct enforcement or tax incentives related to any of the Violation Tracker categories.
hr5080-107,,,,This bill establishes a National Heritage Area and provides funding for its management and conservation; it does not regulate or incentivize any corporate conduct related to the Violation Tracker categories.
s1271-113,24,Government Reporting & Compliance,enforcement,"The bill directs the President to require the Secretary of State to revise the Department of State's website to make publicly available comprehensive information on U.S. foreign assistance programs, which relates to government reporting and compliance with disclosure requirements."
s2024-110,,,,The bill concerns the process of presidential primary elections and does not relate to any type of corporate misconduct targeted by government enforcement actions.
hr531-109,,,,"Bill adjusts the allowance for burial expenses of veterans, which funds government services and does not regulate private employer conduct."
hr2482-114,1,Wage Hour & Benefits,enforcement,"The bill relates to the distribution of surplus cash generated by low-income housing properties and limits rent increases upon refinancing, directly affecting affordability requirements and compliance with use agreements, which are related to private employer obligations regarding housing affordability."
hr2300-112,,,,Bill appropriates funds for a veteran's assistance allowance; it does not regulate private employer conduct or introduce tax incentives related to employer behavior.
hr2542-115,,,,The bill regulates the design and materials used in federal buildings to prevent bird collisions; it does not address any type of corporate misconduct targeted by the Violation Tracker.
hr5282-109,17,Water Violation,enforcement,"The bill authorizes the Secretary of the Interior to participate in water management projects, which could relate to Clean Water Act compliance and discharge permitting, thus affecting private entities' water pollution conduct."
hr6310-111,12;22,"Fraud, Corruption & Criminal Conduct;Government Contracting",enforcement,"The bill aims to restore accountability in the defense contracting process by increasing Congressional oversight and prohibiting indemnification for contractor misconduct like gross negligence, willful misconduct, and fraud, which fall under the scope of FCPA and False Claims Act enforcement."
hr5666-107,,,,Bill expands Medicare coverage for diabetes screening tests and services; it does not regulate private employer conduct or introduce tax incentives related to employer wage/benefit obligations.
hr6122-110,,,,Bill appropriates funds for VA healthcare services and establishes policies for pain management within the VA system; no private employer conduct is regulated or incentivized.
hr6169-110,,,,Bill designates a post office building; it does not relate to any type of corporate misconduct targeted by government enforcement actions.
hr3459-113,,,,"This bill concerns preliminary hearings under the Uniform Code of Military Justice and does not regulate or incentivize the conduct of non-governmental employers, and therefore does not relate to any Violation Tracker categories."
s3098-107,,,,Bill relates to Medicare payment systems and competitive acquisition of medical items and services; it does not regulate private employer conduct or introduce tax incentives related to corporate misconduct.
s1298-114,3,Labor Relations,enforcement,"The bill requires reporting on port performance indicators, including labor-related metrics, and reporting before and during maritime labor agreement expirations, which directly relates to workers' collective bargaining and organizing rights and potential labor disputes."
hr3480-108,,,,Bill concerns the construction of a memorial at Arlington National Cemetery and does not regulate private employer conduct or introduce tax incentives related to any Violation Tracker categories.
hr3299-108,1;23,Wage Hour & Benefits;Healthcare Fraud & Compliance,enforcement,"The bill directly regulates prescription drug pricing for Medicare, and includes penalties (government contracting exclusion) for non-compliance, relating to private pharmaceutical manufacturer conduct and healthcare billing practices."
s3158-109,,,,"This bill adjusts tariffs, which are routine policy adjustments rather than enforcement actions against a company."
hr6658-115,17;12,"Water Violation;Fraud, Corruption & Criminal Conduct",enforcement,"The bill denies tax benefits to companies responsible for oil spills and hazardous substance discharges, effectively increasing the financial consequences of pollution and relating to corporate misconduct under the Clean Water Act and potentially other environmental laws, and the denial of tax benefits can be seen as a penalty for illegal conduct."
s2145-114,,,,Bill appropriates funds for refugee assistance; it does not regulate private employer conduct or introduce tax incentives related to corporate misconduct.
hr4967-109,24,Government Reporting & Compliance,enforcement,"The bill strengthens financial disclosure requirements for Members of Congress and requires precertification of privately-funded travel, relating to FEC enforcement for illegal corporate campaign contributions and failure to disclose political advertising."
hr1658-111,,,,Bill prohibits the VA from recovering charges from third parties for care furnished to veterans for service-connected disabilities; this does not involve regulating private employer conduct or introducing tax incentives related to corporate misconduct.
hr7003-110,1;2,Wage Hour & Benefits;Employment Discrimination,enforcement,"The bill prohibits employment discrimination and reprisal against individuals with service-related injuries or disabilities, directly regulating private employer conduct related to discrimination and employee rights, and potentially impacting obligations under laws like the Americans with Disabilities Act (ADA) and USERRA."
s866-111,,,,The bill focuses on environmental education funding and standards within schools and does not directly regulate or incentivize any corporate conduct related to the Violation Tracker categories.
s354-116,1,Wage Hour & Benefits,enforcement,"The bill aims to streamline reporting requirements for employee benefit plans under ERISA, which directly relates to the management and compliance of private employer pension and retirement benefit plans, and therefore falls under the scope of employer conduct targeted by government enforcement actions."
s373-111,,,,The bill regulates the importation of specific snake species and does not relate to any type of corporate misconduct targeted by government enforcement actions.
hr5269-107,1;2;23,Wage Hour & Benefits;Employment Discrimination;Healthcare Fraud & Compliance,enforcement,"The bill aims to guarantee comprehensive health insurance coverage for all Americans, which includes provisions related to employee health benefits, discrimination in insurance, and consumer protections, directly regulating private employer conduct and healthcare provision."
hr1636-109,17,Water Violation,enforcement,"The bill directly regulates the discharge of pollutants from cruise vessels into U.S. waters, relating to Clean Water Act enforcement and private company conduct."
hr2478-112,1,Wage Hour & Benefits,tax_credit_introduction,"The bill excludes from gross income amounts received for services by a student at a work-college, which functions as a tax incentive related to student wages and earnings."
hr1243-109,,,,This bill concerns interstate reciprocity for concealed firearms permits and does not relate to any type of corporate misconduct targeted by government enforcement actions.
hr1166-110,,,,This bill relates to flexibility in Title I funding for rural school districts and does not address any corporate misconduct targeted by government enforcement actions.
hr4216-114,10,Securities & Investor Protection,enforcement,"The bill amends the Investment Company Act of 1940 and relates to SEC regulation of money market funds, which are subject to SEC enforcement actions for securities fraud and investor protection violations."
hr2341-112,1,Wage Hour & Benefits,enforcement,"The bill amends the Fair Labor Standards Act regarding exemptions for direct care workers, directly affecting private employer wage and hour obligations."
hr169-115,18,Earth Violation,enforcement,"The bill prohibits offshore drilling, which relates to EPA enforcement for environmental damage from mining operations and DOT/PHMSA enforcement for pipeline safety failures, as offshore drilling involves potential for oil spills and environmental contamination."
hr4889-112,,,,Bill adjusts a tariff schedule; it does not relate to corporate misconduct or enforcement actions against companies.
hr1672-115,1,Wage Hour & Benefits,enforcement,"The bill aims to improve the competitiveness of U.S. manufacturing through investments in workforce training and infrastructure, which indirectly relates to wage and benefit standards by supporting employer-provided training programs and potentially influencing employment opportunities."
s3172-107,,,,The bill concerns the calculation of the Federal subsidy rate for small business loans and does not directly regulate or incentivize any conduct related to corporate misconduct as defined by the Violation Tracker categories.
hr4279-112,1,Wage Hour & Benefits,tax_credit_introduction,"The bill waives a penalty for unemployed veterans withdrawing from retirement accounts, effectively incentivizing access to funds and relating to employer-sponsored retirement plans and employee benefits."
