bill_id,official_title,short_title,policy_area,subjects,category_qwen,bill_type_qwen,reason_qwen,category_4o,bill_type_4o,reason_4o,category_sonnet,bill_type_sonnet,reason_sonnet
s792-115,"A bill to amend the Immigration and Nationality Act to establish an H-2B temporary non-agricultural work visa program, and for other purposes.",Save Our Small and Seasonal Businesses Act of 2017,Immigration,Administrative remedies|Congressional oversight|Department of Homeland Security|Foreign labor|Government information and archives|Government studies and investigations|Immigration status and procedures|Temporary and part-time employment|Visas and passports,1.0,enforcement,"The bill establishes specific wage, housing, and recruitment obligations for private employers utilizing H-2B visas, directly regulating private employer conduct regarding worker compensation and conditions.",,,"The bill primarily addresses immigration procedures and the administration of the H-2B visa program, not private employer wage or benefit obligations.",1,enforcement,"The bill establishes wage requirements, U.S. worker protections, and housing obligations for private employers hiring H-2B temporary workers, directly regulating employer wage and benefit conduct under immigration law."
s273-113,A bill to modify the definition of fiduciary under the Employee Retirement Income Security Act of 1974 to exclude appraisers of employee stock ownership plans.,,Labor and Employment,Accounting and auditing|Employee benefits and pensions|Securities,1.0,enforcement,"The bill amends ERISA to modify the definition of fiduciary for ESOP appraisers, directly regulating the scope of private employer and plan fiduciary obligations regarding employee retirement benefits.",,,"The bill modifies the definition of fiduciary under ERISA to exclude appraisers of ESOPs, but does not impose new obligations on private employers regarding wage, hour, or benefit compliance.",1,enforcement,"Amends ERISA to narrow the definition of fiduciary by excluding ESOP appraisers, thereby weakening fiduciary obligations that private employers as plan sponsors must ensure are met in managing employee retirement plans."
hr2234-112,To amend the Fair Labor Standards Act of 1938 to strengthen the provisions relating to child labor.,CARE Act of 2011,Labor and Employment,"Administrative law and regulatory procedures|Crimes against children|Department of Labor|Hazardous wastes and toxic substances|Labor standards|Migrant, seasonal, agricultural labor|Worker safety and health|Youth employment and child labor",1.0,enforcement,"The bill amends the Fair Labor Standards Act to strengthen child labor prohibitions and increase civil and criminal penalties for violations, directly regulating private employer conduct regarding the employment of minors.",1,enforcement,"The bill strengthens child labor provisions under the FLSA, directly affecting private employer obligations regarding youth employment and safety.",1,enforcement,"Strengthens FLSA child labor provisions by expanding hazardous occupation restrictions, eliminating agricultural exemptions, increasing penalties for violations, and prohibiting pesticide-related duties for minors—all directly tightening private employer wage and hour obligations regarding youth employment."
hr2782-116,To amend the Internal Revenue Code of 1986 to repeal the 30-hour threshold for classification as a full-time employee for purposes of the employer mandate in the Patient Protection and Affordable Care Act and replace it with 40 hours.,Employee Flexibility Act of 2019,Taxation,Employee benefits and pensions|Health care costs and insurance|Health care coverage and access|Sales and excise taxes,1.0,enforcement,"The bill modifies the definition of a full-time employee under the ACA employer mandate, directly altering the threshold at which private employers are obligated to provide health benefits to their workforce.",1,enforcement,"The bill modifies the employer mandate under the ACA by changing the definition of a full-time employee, affecting employer obligations to provide health benefits.",1,enforcement,"The bill modifies the full-time employee threshold under the ACA employer mandate, directly affecting private employers' obligations to provide health coverage to employees, which falls under ERISA-related employer-sponsored group health plan requirements."
hr4143-112,To amend the Internal Revenue Code of 1986 to extend the period during which transfers of excess pension assets may be made to retiree health accounts and to provide for the transfer of such assets to retiree group term life insurance accounts.,Extension of Section 420 and Retiree Life Insurance Act of 2012,Taxation,"Employee benefits and pensions|Income tax exclusion|Life, casualty, property insurance",1.0,enforcement,"The bill regulates the management and transfer of assets within private employer-sponsored defined benefit pension plans and retiree health/life insurance accounts, directly impacting ERISA obligations regarding the maintenance of employee benefit plans.",,,"The bill addresses tax treatment of pension asset transfers to retiree health and life insurance accounts, not private employer wage or benefit obligations.",,,"This bill modifies optional tax treatment rules for pension asset transfers to retiree benefit accounts, but does not impose new mandatory employer conduct obligations regarding wages, hours, or benefit plan maintenance that would constitute the type of employer misconduct targeted by enforcement actions."
hr4598-114,"To amend the Immigration and Nationality Act to improve the H-1B visa program, to repeal the diversity visa lottery program, and for other purposes.",American Jobs First Act of 2016,Immigration,Administrative remedies|Civil actions and liability|Department of Labor|Employment and training programs|Foreign labor|Government information and archives|Higher education|Judicial review and appeals|Labor-management relations|Unemployment|Visas and passports|Wages and earnings,1.0,enforcement,"The bill imposes specific wage obligations on private employers sponsoring H-1B visas, requiring them to pay the greater of the prevailing wage or $110,000, and establishes enforcement mechanisms for violations of these wage and employment conditions.",1,enforcement,"The bill imposes wage requirements on employers hiring H-1B visa holders, directly affecting private employer wage obligations.",1,enforcement,"The bill imposes mandatory minimum wage requirements ($110,000+) on private employers hiring H-1B workers and prohibits employers from requiring employees to sign nondisclosure agreements that prevent reporting H-1B program misuse, directly regulating private employer wage and retaliation conduct."
s893-115,"A bill to repeal the current Internal Revenue Code and replace it with a flat tax, thereby guaranteeing economic growth and fairness for all Americans.","Simplified, Manageable, And Responsible Tax Act",Taxation,Employee benefits and pensions|Income tax credits|Income tax deductions|Income tax exclusion|Income tax rates|Legislative rules and procedure|Tax reform and tax simplification|Transfer and inheritance taxes,1.0,enforcement,"The bill repeals specific ERISA rules relating to non-discrimination, contribution limits, and restrictions on distributions for pension plans, directly altering the regulatory obligations of private employers regarding employee retirement benefits.",,,"The bill primarily addresses tax reform and simplification, including changes to income tax rates and deductions, and does not impose new obligations on private employers regarding wage, hour, or benefit compliance.",,,"This comprehensive tax reform bill repeals most existing tax credits and restructures the entire tax code with a flat rate, but does not directly regulate private employer wage, hour, or benefit obligations; the pension rule changes modify optional plan features and tax treatment rather than imposing new mandatory employer conduct obligations."
s68-113,A bill to enhance the security of chemical facilities and for other purposes.,Secure Chemical Facilities Act,Emergency Management,Administrative law and regulatory procedures|Administrative remedies|Civil actions and liability|Congressional oversight|Department of Homeland Security|Emergency planning and evacuation|Employment discrimination and employee rights|Evidence and witnesses|Executive agency funding and structure|Fires|Government information and archives|Hazardous wastes and toxic substances|Higher education|Homeland security|Industrial facilities|Performance measurement|Personnel records|Solid waste and recycling|Terrorism|Water quality|Water use and supply,1.0,enforcement,"The bill establishes whistleblower protections for employees of covered chemical facilities who report safety violations, which aligns with the category's inclusion of statutes protecting employees who report unsafe working conditions or other protected activities.",,,"The bill focuses on enhancing security at chemical facilities and does not address private employer wage, hour, or benefit obligations.",1,enforcement,"Establishes whistleblower protections for employees of covered chemical facilities who report safety violations, directly regulating private employer retaliation obligations under workplace safety and whistleblower statutes."
s974-112,A bill to amend the Internal Revenue Code of 1986 to expand the tip tax credit to employers of cosmetologists and to promote tax compliance in the cosmetology sector.,Small Business Tax Equalization and Compliance Act of 2011,Taxation,"Employment taxes|Income tax credits|Self-employed|Small business|Tax administration and collection, taxpayers|Wages and earnings",1.0,tax_credit_introduction,"The bill extends an existing tax credit for social security taxes paid on employee tips to employers of cosmetologists, incentivizing tax compliance regarding tip reporting and wage obligations for private employers.",,,"The bill primarily addresses tax compliance and reporting requirements for employers of cosmetologists, not private employer wage or benefit obligations.",1,tax_credit_introduction,"Extends an existing tax credit for social security taxes paid on employee cash tips to a new category of employers (those employing cosmetologists), thereby incentivizing tip-related wage compliance in the cosmetology sector."
hr515-113,To amend the Family and Medical Leave Act of 1993 to provide leave because of the death of a son or daughter.,Parental Bereavement Act of 2013,Labor and Employment,"Employee leave|Family relationships|Government employee pay, benefits, personnel management|Teaching, teachers, curricula",1.0,enforcement,"The bill amends the Family and Medical Leave Act (FMLA) to expand leave entitlements for private sector employees, directly regulating employer obligations regarding protected leave and preventing retaliation for taking such leave.",1,enforcement,"Amends the FMLA to include bereavement leave for the death of a child, directly affecting private employer obligations under FMLA.",1,enforcement,"Expands FMLA protections by creating a new mandatory leave entitlement for private employers when an employee experiences the death of a son or daughter, directly strengthening employer obligations under federal leave law."
s1076-115,"A bill to amend the Employee Retirement Income Security Act of 1974 and the Internal Revenue Code of 1986 to modify certain provisions relating to multiemployer pensions, and for other purposes.",Keep Our Pension Promises Act,Labor and Employment,"Art, artists, authorship|Bankruptcy|Employee benefits and pensions|Income tax deferral|Income tax exclusion|Pension Benefit Guaranty Corporation",1.0,enforcement,"The bill strengthens ERISA protections by reinstating anti-cutback provisions for multiemployer pension plans and assigning priority to pension obligations in bankruptcy, directly regulating private employer obligations regarding employee retirement benefits.",1,enforcement,"The bill strengthens ERISA protections by repealing the elimination of pension anti-cutback provisions, directly affecting private employer obligations regarding multiemployer pension plans.",1,enforcement,"The bill strengthens ERISA protections by repealing benefit cutback provisions, expanding partition procedures for troubled multiemployer pension plans, and elevating pension obligations in bankruptcy priority—all directly tightening private employer obligations regarding employee retirement benefits."
s3462-112,A bill to provide anti-retaliation protections for antitrust whistleblowers.,Criminal Antitrust Anti-Retaliation Act,Commerce,"Administrative remedies|Civil actions and liability|Competition and antitrust|Criminal investigation, prosecution, interrogation|Employment discrimination and employee rights",1.0,enforcement,"The bill establishes anti-retaliation protections for whistleblowers reporting antitrust violations, which falls under the category of retaliating against employees for reporting protected activities covered by whistleblower statutes.",,,"The bill provides protections for antitrust whistleblowers, which does not directly relate to private employer wage, hour, or benefit obligations.",,,"This bill addresses antitrust whistleblower retaliation protections, which concern competition law violations rather than wage, hour, or benefit obligations that private employers owe their employees under FLSA, WARN, ERISA, or FMLA."
s4012-111,A bill to improve the employability of older Americans.,Incentives for Older Workers Act,Labor and Employment,Aging|Employee benefits and pensions|Employment and training programs|Employment discrimination and employee rights|Social security and elderly assistance|Wages and earnings,1.0,enforcement,"The bill amends ERISA to prohibit private employers from reducing pension benefits for employees in phased retirement, directly regulating employer obligations regarding retirement benefit plans.",,,"The bill primarily addresses retirement benefits and employment incentives for older workers, but does not impose new mandatory obligations on private employers regarding wage, hour, or benefit compliance under ERISA or related statutes.",1,tax_credit_introduction,"The bill introduces a new Work Opportunity Tax Credit for hiring older workers and modifies ERISA pension plan rules governing phased retirement benefits, combining tax incentives with direct employer benefit obligations under private pension plans."
hr4064-113,To amend the Internal Revenue Code of 1986 to provide that the individual health insurance mandate not apply until the employer health insurance mandate is enforced without exceptions.,FAIR Act of 2014,Taxation,"Comprehensive health care|Employee benefits and pensions|Health care costs and insurance|Health care coverage and access|Sales and excise taxes|Tax administration and collection, taxpayers",1.0,enforcement,"The bill directly addresses the enforcement of the employer mandate to provide health care coverage, which imposes obligations on private employers regarding their employee benefit plans under the Affordable Care Act.",,,"The bill addresses the timing of the enforcement of the individual and employer health insurance mandates, but does not impose new obligations on private employers regarding wage, hour, or benefit compliance under ERISA or related statutes.",,,"Bill addresses the timing of individual and employer health insurance mandate enforcement under the ACA but does not impose new wage, hour, or benefit obligations on private employers; it merely delays individual mandate enforcement pending employer mandate implementation."
hr1-113,To amend the Internal Revenue Code of 1986 to provide for comprehensive tax reform.,Tax Reform Act of 2014,Taxation,"Accidents|Accounting and auditing|Administrative law and regulatory procedures|Adoption and foster care|Advisory bodies|Air quality|Alternative and renewable resources|Aviation and airports|Bank accounts, deposits, capital|Books and print media|Building construction|Business expenses|Business investment and capital|Capital gains tax|Caribbean area|Charitable contributions|Child care and development|Civil actions and liability|Coal|Competition and antitrust|Contracts and agency|Corporate finance and management|Department of the Treasury|Economic development|Electric power generation and transmission|Employee benefits and pensions|Employee hiring|Employment taxes|Endangered and threatened species|Energy efficiency and conservation|Environmental technology|Farmland|Foreign and international corporations|Foreign labor|Forests, forestry, trees|Gambling|General taxation matters|Government employee pay, benefits, personnel management|Government studies and investigations|Government trust funds|Great Plains|Hazardous wastes and toxic substances|Health care costs and insurance|Health technology, devices, supplies|Higher education|Housing finance and home ownership|Hybrid, electric, and advanced technology vehicles|Income tax credits|Income tax deductions|Income tax exclusion|Income tax rates|Indian social and development programs|Industrial facilities|Inflation and prices|Insurance industry and regulation|Intellectual property|Interest, dividends, interest rates|Internal Revenue Service (IRS)|Judges|Land transfers|Land use and conservation|Lawyers and legal services|Life, casualty, property insurance|Low- and moderate-income housing|Marine and inland water transportation|Marketing and advertising",1.0,enforcement,"The bill revises the tax treatment of employer-provided retirement plans and prohibits employers from establishing new SIMPLE 401(k) plans, directly regulating private employer obligations regarding employee pension and retirement benefits under ERISA-related frameworks.",,,"The bill primarily addresses comprehensive tax reform, including individual and corporate tax rates, deductions, and credits, without imposing new obligations on private employers regarding wage, hour, or benefit compliance.",1,enforcement,"The bill modifies employer obligations under ERISA by prohibiting new SIMPLE 401(k) plans and revising retirement plan rules, directly affecting private employer pension and benefit plan sponsorship requirements."
hr5727-112,"To rebuild the American middle class by creating jobs, investing in our future, building opportunity for working families, and restoring balance to the tax code.",Rebuild America Act,Economics and Public Finance,"Administrative law and regulatory procedures|Advanced technology and technological innovations|Advisory bodies|Aging|Alternative and renewable resources|Army Corps of Engineers|Aviation and airports|Bankruptcy|Business investment and capital|Capital gains tax|Census and government statistics|Child care and development|Civil actions and liability|Community life and organization|Competitiveness, trade promotion, trade deficits|Congressional agencies|Congressional officers and employees|Congressional oversight|Contracts and agency|Corporate finance and management|Department of Labor|Department of the Treasury|Disability and paralysis|Domestic violence and child abuse|Economic development|Education programs funding|Educational facilities and institutions|Elementary and secondary education|Emergency planning and evacuation|Employee benefits and pensions|Employee hiring|Employee leave|Employment and training programs|Employment discrimination and employee rights|Employment taxes|Energy assistance for the poor and aged|Energy efficiency and conservation|Environmental health|Environmental regulatory procedures|Financial crises and stabilization|Financial services and investments|First responders and emergency personnel|Government Accountability Office (GAO)|Government employee pay, benefits, personnel management|Government information and archives|Government lending and loan guarantees|Government liability|Government studies and investigations|Government trust funds|Housing and community development funding|Human rights|Income tax credits|Income tax rates|Inflation and prices|Infrastructure development|International monetary system and foreign exchange|Labor-management relations|Law enforcement administration and funding|Law enforcement officers|Library of Congress|Manufacturing|Pension Benefit Guaranty Corporation|Poverty and welfare assistance|Preschool education|Public transit|Research and development",1.0,enforcement,"The bill amends the Fair Labor Standards Act to increase the minimum wage and revise salary thresholds for overtime pay, directly regulating private employer wage obligations.",1,enforcement,"The bill amends the Fair Labor Standards Act to increase the minimum wage and revise salary thresholds for overtime pay, directly affecting private employer wage obligations.",1,enforcement,"The bill expands FLSA overtime protections by revising salary thresholds for overtime pay and increases the minimum wage, directly tightening private employer wage obligations."
hr1534-112,"To amend the Internal Revenue Code of 1986 to encourage retirement savings by modifying requirements with respect to employer-established IRAs, and for other purposes.",SAVE Act of 2011,Taxation,"Administrative law and regulatory procedures|Consumer affairs|Department of Labor|Department of the Treasury|Elementary and secondary education|Employee benefits and pensions|Financial literacy|Income tax credits|Income tax deductions|Income tax deferral|Sales and excise taxes|Small business|Teaching, teachers, curricula",1.0,enforcement,"The bill amends ERISA to require disclosures relating to lifetime income from pension plans and permits payroll deduction plans for IRAs, directly regulating private employer obligations regarding retirement benefits.",1,enforcement,"Amends ERISA to require disclosures relating to lifetime income from pension plans and annuities, directly affecting private employer obligations as plan sponsors.",1,enforcement,"Establishes automatic deferral IRAs and multiple small employer retirement plans with automatic employee contributions, directly imposing new mandatory obligations on private employers regarding retirement plan arrangements under ERISA and the Internal Revenue Code."
hr557-114,"To amend the Internal Revenue Code of 1986 to modify safe harbor requirements applicable to automatic contribution arrangements, and for other purposes.",Retirement Security Act of 2015,Taxation,"Administrative law and regulatory procedures|Department of the Treasury|Employee benefits and pensions|Financial services and investments|Income tax credits|Small business|Tax administration and collection, taxpayers",1.0,enforcement,"The bill amends ERISA and the Internal Revenue Code to modify requirements for employer pension benefit plans, including allowing multiple employer plans and adjusting nondiscrimination rules, which directly regulates private employer obligations regarding retirement benefits.",1,enforcement,"The bill amends ERISA to modify requirements for employer pension benefit plans, directly affecting private employer obligations as plan sponsors.",1,enforcement,"Amends ERISA and the Internal Revenue Code to modify mandatory employer obligations regarding automatic contribution arrangements in pension plans, including nondiscrimination requirements and employer matching contribution standards, directly affecting private employer retirement benefit plan sponsor obligations."
s305-114,A bill to protect American job creation by striking the Federal mandate on employers to offer health insurance.,American Job Protection Act,Health,Business records|Comprehensive health care|Employee benefits and pensions|Government information and archives|Health care costs and insurance|Health care coverage and access|Sales and excise taxes|Wages and earnings,1.0,enforcement,"The bill repeals the employer mandate and associated reporting requirements under the Affordable Care Act, directly altering the regulatory obligations of private employers regarding the provision of health insurance benefits to their employees.",1,enforcement,"The bill repeals the mandate for large private employers to offer health insurance, directly affecting employer obligations under ERISA-related health benefit provisions.",1,enforcement,"Repeals the ACA employer mandate requiring large private employers to offer minimum essential health insurance coverage to full-time employees, directly weakening employer-sponsored group health benefit plan obligations under ERISA-adjacent provisions."
s150-112,"A bill to promote labor force participation of older Americans, with the goals of increasing retirement security, reducing the projected shortage of experienced workers, maintaining future economic growth, and improving the Nation's fiscal outlook.",Health Care and Training for Older Workers Act,Health,Aging|Disability assistance|Employment and training programs|Health care costs and insurance|Health care coverage and access|Performance measurement,1.0,enforcement,"The bill amends ERISA to extend COBRA continuation coverage obligations for older workers, directly regulating private employer responsibilities regarding employee health benefits.",1,enforcement,"Extends COBRA continuation coverage under ERISA for older workers, directly affecting private employer obligations regarding group health benefit plans.",1,enforcement,"Extends COBRA continuation coverage requirements for older workers, directly expanding private employer obligations under ERISA regarding employer-sponsored group health benefit plans."
hr4254-114,"To prohibit employers from requiring grocery store employees to enter into covenants not to compete, and for other purposes.",Freedom for Workers to Seek Opportunity Act,Labor and Employment,Civil actions and liability|Contracts and agency|Employee hiring|Employment discrimination and employee rights|Food industry and services|Labor-management relations|Retail and wholesale trades,1.0,enforcement,"The bill imposes direct obligations on private grocery store employers regarding employee seniority and benefits during acquisitions and prohibits non-compete covenants, with enforcement mechanisms modeled after the Fair Labor Standards Act.",1,enforcement,"Prohibits non-compete agreements for grocery store employees and mandates recognition of seniority and benefits, directly affecting private employer obligations related to employee rights and benefits.",,,"This bill regulates non-compete agreements and hiring restrictions for grocery store employees, which relates to employment mobility and labor-management relations rather than employer wage, hour, or benefit obligations covered by FLSA, WARN, ERISA, or FMLA."
s2301-115,A bill to strengthen parity in mental health and substance use disorder benefits.,Behavioral Health Coverage Transparency Act of 2018,Health,"Accounting and auditing|Administrative law and regulatory procedures|Congressional oversight|Consumer affairs|Department of Health and Human Services|Department of Labor|Department of the Treasury|Drug, alcohol, tobacco use|Employee benefits and pensions|Executive agency funding and structure|Government information and archives|Health care costs and insurance|Health care coverage and access|Health care quality|Health information and medical records|Health programs administration and funding|Mental health",1.0,enforcement,"The bill strengthens enforcement of mental health parity laws under ERISA by requiring private group health plans to disclose compliance analyses and undergo random audits, directly regulating employer-sponsored benefit plan obligations.",1,enforcement,"The bill amends ERISA to require group health plans to disclose compliance analyses and undergo audits, directly imposing obligations on private employers as plan sponsors, thus relating to employer-sponsored group health benefit obligations.",1,enforcement,"The bill strengthens ERISA obligations on private employers as sponsors of group health plans by requiring annual disclosure of mental health parity compliance analyses and subjecting plans to random audits, directly tightening employer-sponsored benefit plan requirements."
hr2942-115,"To permit employees to request changes to their work schedules without fear of retaliation and to ensure that employers consider these requests, and to require employers to provide more predictable and stable schedules for employees in certain occupations with evidence of unpredictable and unstable scheduling practices that negatively affect employees, and for other purposes.",Schedules That Work Act,Labor and Employment,Civil actions and liability|Employee leave|Employment and training programs|Employment discrimination and employee rights|Food industry and services|Labor standards|Labor-management relations|Retail and wholesale trades|Wages and earnings|Worker safety and health,1.0,enforcement,"The bill imposes direct obligations on private employers regarding work scheduling, advance notice, and reporting time pay, and prohibits retaliation for exercising these rights, which aligns with wage and hour enforcement issues.",1,enforcement,"The bill enforces new requirements on private employers to provide predictable work schedules and prohibits retaliation against employees requesting schedule changes, directly impacting employer wage and hour obligations.",1,enforcement,"The bill directly regulates private employer wage and hour practices by requiring reporting time pay, split shift pay, advance schedule notice, and establishing a process for schedule change requests—all core wage-and-hour obligations enforceable against non-governmental employers."
s1651-113,A bill to amend the Internal Revenue Code of 1986 to allow manufacturing businesses to establish tax-free manufacturing reinvestment accounts to assist them in providing for new equipment and facilities and workforce training.,Manufacturing Reinvestment Account Act of 2013,Taxation,Business investment and capital|Income tax deductions|Income tax exclusion|Manufacturing,1.0,tax_credit_introduction,"The bill introduces a tax deduction (functioning as a tax incentive) for manufacturing businesses to fund employee job training and workforce development, which qualifies under the exception for credits specifically tied to employer-provided job training.",,,"The bill provides tax benefits for manufacturing reinvestment accounts, focusing on business investment and workforce training, but does not directly regulate or enforce private employer wage, hour, or benefit obligations.",1,tax_credit_introduction,"Introduces a tax-advantaged account allowing manufacturers to make tax-deductible contributions for workforce training and development, incentivizing private employers to invest in employee training programs related to wage and hour obligations."
s2617-113,A bill to repeal the wage rate requirements commonly known as the Davis-Bacon Act.,Davis-Bacon Repeal Act,Labor and Employment,"Building construction|Government buildings, facilities, and property|Labor standards|Public contracts and procurement|Wages and earnings",1.0,enforcement,"The bill repeals the Davis-Bacon Act, which imposes prevailing wage obligations on private contractors working on federally funded construction projects, thereby directly altering the regulatory framework governing private employer wage compliance.",1,enforcement,"Repeals the Davis-Bacon Act, which imposes prevailing wage requirements on private contractors, directly affecting private employer wage obligations on federally-funded projects.",1,enforcement,"Repeals the Davis-Bacon Act's prevailing wage requirements that impose direct wage obligations on private contractors and subcontractors working on federally-funded construction projects, thereby weakening private employer wage compliance standards."
hr2654-114,"To eliminate discrimination and promote women's health and economic security by ensuring reasonable workplace accommodations for workers whose ability to perform the functions of a job are limited by pregnancy, childbirth, or a related medical condition.",Pregnant Workers Fairness Act,Labor and Employment,"Administrative law and regulatory procedures|Child care and development|Civil actions and liability|Employee hiring|Employee leave|Employment discrimination and employee rights|Equal Employment Opportunity Commission (EEOC)|Government employee pay, benefits, personnel management|Government liability|Sex and reproductive health|Sex, gender, sexual orientation discrimination|State and local government operations|Women's employment|Women's health",1.0,enforcement,"The bill imposes direct obligations on private employers to provide reasonable accommodations for pregnancy-related limitations, addressing employer conduct related to leave and employment conditions under civil rights and labor laws.",1,enforcement,"The bill mandates reasonable workplace accommodations for pregnant workers, directly affecting private employer obligations under employment discrimination and employee rights laws.",1,enforcement,"The bill creates new mandatory obligations for private employers to provide reasonable accommodations for pregnancy-related limitations and prohibits retaliation, directly regulating employer conduct regarding workplace benefits and conditions under anti-discrimination law."
s2122-115,A bill to amend the Fair Labor Standards Act of 1938 regarding reasonable break time for nursing mothers.,Supporting Working Moms Act of 2017,Labor and Employment,Labor standards|Wages and earnings|Women's employment|Women's health|Worker safety and health,1.0,enforcement,"The bill amends the Fair Labor Standards Act to extend mandatory break time requirements for nursing mothers to exempted employees, directly imposing new obligations on private employers regarding worker benefits and hours.",1,enforcement,"Extends FLSA break time requirements to additional categories of employees, directly affecting private employer obligations regarding worker health and benefits.",1,enforcement,"Expands FLSA break time requirements for nursing mothers to cover previously exempt employees, directly strengthening private employer obligations regarding working conditions and accommodations."
hr6544-111,"To amend title 18, United States Code, to provide for the protection of the general public, and for other purposes.",Dangerous Products Warning Act,Crime and Law Enforcement,Employment discrimination and employee rights|Product safety and quality|Worker safety and health,1.0,enforcement,"The bill imposes criminal penalties on private employers for failing to warn employees of serious dangers and explicitly prohibits retaliation against employees who report such dangers, which aligns with whistleblower protections under wage and hour/benefit statutes.",,,"The bill focuses on criminal penalties for failing to report product dangers and for retaliating against whistleblowers, but it does not directly address private employer wage, hour, or benefit obligations.",1,enforcement,"The bill criminalizes retaliation against employees who report serious product or workplace dangers, directly strengthening whistleblower protections related to worker safety—a form of employer misconduct covered under wage, hour, and benefits enforcement when employees face adverse employment actions for protected reporting activities."
s1908-112,"A bill to amend the Internal Revenue Code of 1986 to clarify the employment tax treatment and reporting of wages paid by professional employer organization, and for other purposes.",,Taxation,"Accounting and auditing|Contracts and agency|Employment taxes|Licensing and registrations|Social security and elderly assistance|Tax administration and collection, taxpayers|User charges and fees|Wages and earnings",1.0,enforcement,"The bill imposes specific financial and reporting obligations on Professional Employer Organizations (PEOs), including a mandatory bond to guarantee the payment of employment taxes, thereby strengthening enforcement mechanisms for private employer wage and tax compliance.",,,"The bill addresses the tax treatment and reporting of wages by professional employer organizations, focusing on tax administration rather than private employer wage or benefit obligations.",,,"Bill addresses tax administration and reporting procedures for professional employer organizations (PEOs) regarding employment taxes, but does not regulate private employer wage, hour, or benefit obligations such as minimum wage, overtime, pension management, or leave protections."
hr1619-114,"To amend the Fair Labor Standards Act of 1938 to provide more effective remedies to victims of discrimination in the payment of wages on the basis of sex, and for other purposes.",Paycheck Fairness Act,Labor and Employment,"Administrative law and regulatory procedures|Civil actions and liability|Employment discrimination and employee rights|Equal Employment Opportunity Commission (EEOC)|Government information and archives|Government studies and investigations|Public contracts and procurement|Racial and ethnic relations|Sex, gender, sexual orientation discrimination|Small business|Wages and earnings|Women's employment",1.0,enforcement,"The bill amends the Fair Labor Standards Act to strengthen prohibitions against sex-based wage discrimination, restrict employer retaliation for wage discussions, and enhance civil remedies, directly regulating private employer wage obligations.",1,enforcement,"The bill amends the Fair Labor Standards Act to enhance remedies and enforcement against sex-based wage discrimination, directly affecting private employer wage obligations.",1,enforcement,"This bill directly strengthens FLSA enforcement against sex-based wage discrimination by private employers, narrowing affirmative defenses, expanding remedies including punitive damages, prohibiting wage secrecy policies, and enhancing EEOC enforcement mechanisms."
hr3344-113,To ensure that the provision of foreign assistance does not contribute to human trafficking and to combat human trafficking by requiring greater transparency in the recruitment of foreign workers.,Fraudulent Overseas Recruitment and Trafficking Elimination Act of 2013,International Affairs,Administrative law and regulatory procedures|Administrative remedies|Business records|Civil actions and liability|Contracts and agency|Criminal justice information and records|Department of Labor|Employment discrimination and employee rights|Foreign aid and international relief|Foreign labor|Fraud offenses and financial crimes|Government information and archives|Human rights|Human trafficking|Labor standards|Legal fees and court costs|Licensing and registrations|User charges and fees|Visas and passports,1.0,enforcement,"The bill imposes direct regulatory obligations and enforcement mechanisms on foreign labor contractors (private employers/recruiters) regarding worker recruitment practices, contract transparency, and fee prohibitions, which aligns with preventing wage theft and exploitation under labor standards.",,,"The bill focuses on preventing human trafficking and ensuring transparency in foreign labor recruitment, not on private employer wage or benefit obligations.",1,enforcement,"The bill imposes direct obligations on foreign labor contractors (private employers/intermediaries) regarding worker recruitment fees, disclosure requirements, and registration, addressing wage-related misconduct such as fraudulent recruitment practices and prohibited fees that affect workers' compensation and working conditions."
s3060-114,A bill to provide an exception from certain group health plan requirements for qualified small employer health reimbursement arrangements.,Small Business Health Care Relief Act of 2016,Taxation,"Employee benefits and pensions|Health care costs and insurance|Health care coverage and access|Income tax exclusion|Small business|Tax administration and collection, taxpayers",1.0,enforcement,"The bill regulates private employer conduct by exempting qualified small employer health reimbursement arrangements (HRAs) from certain group health plan requirements under ERISA and the ACA, thereby defining the scope of employer obligations regarding employee health benefits.",,,"The bill provides tax-related exemptions for small employer HRAs, but does not impose new obligations on private employers regarding wage, hour, or benefit compliance under ERISA or similar statutes.",1,enforcement,"The bill modifies ERISA-related obligations for small employers by creating an exemption from group health plan requirements for qualified small employer HRAs, directly affecting private employer obligations regarding employee health benefits."
s3680-111,"A bill to amend the Family and Medical Leave Act of 1993 to permit leave to care for a same-sex spouse, domestic partner, parent-in-law, adult child, sibling, or grandparent who has a serious health condition.",Family and Medical Leave Inclusion Act,Labor and Employment,"Employee leave|Government employee pay, benefits, personnel management|Home and outpatient care|Marriage and family status|Sex, gender, sexual orientation discrimination",1.0,enforcement,"The bill amends the Family and Medical Leave Act (FMLA) to expand the definition of family members eligible for leave, thereby directly regulating private employer obligations regarding protected leave and preventing retaliation for taking such leave.",1,enforcement,"Expands FMLA leave eligibility to include care for additional family members, directly affecting private employer obligations under FMLA.",1,enforcement,"Expands FMLA coverage to protect employees taking leave to care for additional family members including same-sex spouses and domestic partners, directly strengthening private employer obligations under federal leave law."
hr2750-116,To amend title 9 of the United States Code to prohibit predispute arbitration agreements that force arbitration of certain disputes arising from claims of servicemembers and veterans.,Justice for Servicemembers Act,Law,"Alternative dispute resolution, mediation, arbitration|Civil actions and liability|Employment discrimination and employee rights|Government employee pay, benefits, personnel management|Labor-management relations|Military personnel and dependents|Veterans' education, employment, rehabilitation",1.0,enforcement,"The bill prohibits predispute arbitration agreements for disputes regarding the employment or reemployment rights of uniformed service members, directly regulating private employer conduct under statutes like USERRA which impose obligations on non-governmental employers to reinstate and maintain benefits for returning service members.",,,"The bill addresses arbitration agreements related to servicemembers' employment rights, but does not impose new wage, hour, or benefit obligations on private employers.",1,enforcement,"The bill strengthens protections for servicemembers' employment and reemployment rights (likely under USERRA) by prohibiting forced arbitration clauses, thereby making it easier for servicemembers to enforce their rights against private employers in court rather than through arbitration."
s1145-113,A bill to amend the Employee Retirement Income Security Act of 1974 to require a lifetime income disclosure.,Lifetime Income Disclosure Act,Labor and Employment,Administrative law and regulatory procedures|Department of Labor|Employee benefits and pensions|Government information and archives,1.0,enforcement,"The bill amends ERISA to impose new disclosure requirements on private employers sponsoring individual account pension plans, directly regulating employer obligations regarding retirement benefits.",1,enforcement,"The bill amends ERISA to require lifetime income disclosures in pension benefit statements, directly imposing new administrative obligations on private employers as plan sponsors.",1,enforcement,"Amends ERISA to impose new mandatory disclosure obligations on private employers as pension plan sponsors, requiring them to provide lifetime income stream equivalents on participant benefit statements."
hr4611-113,"To amend the Fair Labor Standards Act of 1938 to ensure that employees are not misclassified as non-employees, and for other purposes.",Payroll Fraud Prevention Act of 2014,Labor and Employment,"Administrative law and regulatory procedures|Department of Labor|Employment discrimination and employee rights|Government information and archives|Government studies and investigations|Labor standards|Performance measurement|Personnel records|Tax administration and collection, taxpayers|Unemployment|Wages and earnings",1.0,enforcement,"The bill amends the Fair Labor Standards Act to prohibit the misclassification of employees as non-employees, thereby enforcing private employer obligations regarding wage, hour, and benefit coverage.",1,enforcement,"The bill amends the FLSA to prevent misclassification of employees, directly affecting private employer wage obligations and enforcement of labor standards.",1,enforcement,"This bill strengthens FLSA enforcement by requiring accurate employee classification, doubling liquidated damages for wage violations, imposing civil penalties for misclassification, and enhancing reporting mechanisms—all directly tightening private employer wage and hour obligations."
hr5858-115,To amend the Internal Revenue Code of 1986 to require coverage without a deductible of certain primary care services by high deductible health plans.,Primary Care Patient Protection Act of 2018,Taxation,,1.0,enforcement,"The bill imposes specific coverage requirements on employer-sponsored high deductible health plans, directly regulating the terms of private employer welfare benefit plans under ERISA.",,,"The bill modifies tax code requirements for high deductible health plans related to health savings accounts, not private employer wage or benefit obligations.",,,"This bill modifies tax-advantaged health savings account rules by changing what high deductible health plans must cover, but does not impose new mandatory obligations on private employers as ERISA plan sponsors regarding their group health plans."
hr366-114,"To reauthorize the VOW to Hire Heroes Act of 2011, to provide assistance to small businesses owned by veterans, to improve enforcement of employment and reemployment rights of members of the uniformed services, and for other purposes.",Putting Our Veterans Back to Work Act of 2015,Armed Forces and National Security,"Administrative law and regulatory procedures|Civil actions and liability|Congressional oversight|Disability and paralysis|Employee hiring|Employment and training programs|Employment discrimination and employee rights|Evidence and witnesses|Fires|First responders and emergency personnel|Government information and archives|Government studies and investigations|Law enforcement officers|Military procurement, research, weapons development|Office of Management and Budget (OMB)|Public contracts and procurement|Unemployment|Veterans' education, employment, rehabilitation",1.0,enforcement,"The bill strengthens enforcement mechanisms for the Uniformed Services Employment and Reemployment Rights Act (USERRA), which protects private and state employers from retaliating against or failing to reinstate employees returning from military service, a conduct type explicitly included in the Wage Hour & Benefits category.",1,enforcement,"Improves enforcement of employment and reemployment rights under USERRA, directly affecting private employer obligations regarding veterans' employment rights.",1,enforcement,"The bill strengthens USERRA enforcement by allowing veterans to intervene in AG actions, imposing AG notification deadlines, authorizing contractor debarment for USERRA violations, and granting investigative subpoena powers—all directly tightening private employer obligations regarding reemployment rights of uniformed service members."
s2048-115,A bill to amend the Internal Revenue Code of 1986 to provide a credit for employer-provided worker training.,Investing in American Workers Act,Taxation,Employment and training programs|Employment taxes|Higher education|Income tax credits|Income tax rates|Licensing and registrations|Small business|Tax-exempt organizations,1.0,tax_credit_introduction,"Introduces a new tax credit for employer-provided worker training, which qualifies under the exception for credits specifically tied to employer-provided job training.",1,tax_credit_introduction,"Introduces a new tax credit incentivizing private employers to increase worker training expenditures, which relates to employer obligations for employee development and benefits.",1,tax_credit_introduction,"Introduces a new tax credit for private employers who increase qualified worker training expenditures for non-highly compensated employees, incentivizing employer-provided training programs that relate to wage and hour employer conduct."
hr170-115,"To amend the Immigration and Nationality Act to modify the definition of ""exempt H-1B nonimmigrant"".",Protect and Grow American Jobs Act,Immigration,Employee hiring|Foreign labor|Inflation and prices|Visas and passports|Wages and earnings,1.0,enforcement,"The bill raises the salary threshold for H-1B visa exemptions, directly regulating private employer wage obligations for specialty occupation workers to prevent wage suppression.",,,"The bill modifies the definition of 'exempt H-1B nonimmigrant' by adjusting salary thresholds, which relates to immigration policy rather than private employer wage or benefit obligations.",1,enforcement,"The bill modifies H-1B visa requirements by raising the salary threshold that H-1B dependent employers must meet to hire exempt workers, directly affecting private employer wage obligations under immigration law."
hr1625-116,"To amend the Internal Revenue Code of 1986 to provide a safe harbor for determinations of worker classification, to require increased reporting, and for other purposes.",New Economy Works to Guarantee Independence and Growth Act of 2019,Taxation,"Contracts and agency|Employment taxes|Self-employed|Tax administration and collection, taxpayers|Wages and earnings",1.0,enforcement,"The bill establishes a statutory test for worker classification, directly regulating whether private employers must treat service providers as employees subject to wage and tax obligations, thereby affecting employer compliance with wage and hour laws.",,,"The bill addresses tax classification of workers as independent contractors versus employees, which affects tax obligations rather than private employer wage or benefit obligations.",1,enforcement,"Establishes a safe harbor test for classifying workers as independent contractors versus employees, directly affecting private employer wage and hour obligations under the FLSA by determining which workers receive employee protections like minimum wage and overtime."
s1204-113,"A bill to amend the Patient Protection and Affordable Care Act to protect rights of conscience with regard to requirements for coverage of specific items and services, to amend the Public Health Service Act to prohibit certain abortion-related discrimination in governmental activities, and for other purposes.",Health Care Conscience Rights Act,Health,Abortion|Civil actions and liability|Comprehensive health care|Employee benefits and pensions|Health care costs and insurance|Health care coverage and access|Health personnel|Health programs administration and funding|Legal fees and court costs|Medical education|Religion|Sales and excise taxes,1.0,enforcement,"The bill directly regulates private employer obligations regarding group health plans under ERISA by prohibiting the requirement to cover specific services (abortion) based on conscience rights, thereby imposing specific coverage restrictions on employer-sponsored benefit plans.",,,"The bill primarily addresses health insurance coverage and religious objections, not private employer wage or benefit obligations.",1,enforcement,"The bill amends ERISA-related provisions by allowing employer-sponsored group health plans to exclude abortion and other services based on moral or religious objections, directly modifying private employer obligations under the ACA's employer mandate framework."
s1358-112,A bill to amend the Family and Medical Leave Act of 1993 to provide leave because of the death of a son or daughter.,Parental Bereavement Act of 2011,Labor and Employment,"Employee leave|Family relationships|Government employee pay, benefits, personnel management|Teaching, teachers, curricula",1.0,enforcement,"The bill amends the Family and Medical Leave Act (FMLA) to expand leave entitlements for private sector employees, directly regulating employer obligations regarding protected leave and preventing retaliation for taking such leave.",1,enforcement,"Amends the FMLA to include leave for the death of a child, directly affecting private employer obligations under FMLA leave provisions.",1,enforcement,"Amends the FMLA to create a new mandatory leave entitlement for private employers when an employee experiences the death of a son or daughter, directly expanding employer obligations under federal labor law."
hr2341-112,"To amend the Fair Labor Standards Act with regard to certain exemptions under that Act for direct care workers and to improve the systems for the collection and reporting of data relating to the direct care workforce, and for other purposes.",Direct Care Job Quality Improvement Act of 2011,Labor and Employment,"Allied health services|Census and government statistics|Employment and training programs|Government information and archives|Health personnel|Home and outpatient care|Labor standards|Long-term, rehabilitative, and terminal care|Medicaid|Wages and earnings",1.0,enforcement,"The bill amends the Fair Labor Standards Act to modify exemptions from minimum wage and overtime requirements for direct care workers, directly regulating private employer wage obligations.",1,enforcement,"Amends the Fair Labor Standards Act to address exemptions for direct care workers, directly affecting private employer wage obligations under the FLSA.",1,enforcement,"Amends the FLSA's companionship services exemption from minimum wage and overtime requirements for direct care workers, directly affecting private employer wage and hour obligations under federal labor law."
hr364-112,"To repeal the Patient Protection and Affordable Care Act and to take meaningful steps to lower health care costs and increase access to health insurance coverage without raising taxes, cutting Medicare benefits for seniors, adding to the national deficit, intervening in the doctor-patient relationship, or instituting a government takeover of health care.",Common Sense Health Reform Americans Actually Want Act,Health,Abortion|Administrative law and regulatory procedures|Administrative remedies|Child health|Civil actions and liability|Comprehensive health care|Department of Health and Human Services|Disability and health-based discrimination|Emergency medical services and trauma care|Employee benefits and pensions|Evidence and witnesses|Executive agency funding and structure|Family relationships|Federal preemption|Government information and archives|Health care costs and insurance|Health care coverage and access|Health care quality|Health facilities and institutions|Health information and medical records|Health personnel|Health promotion and preventive care|Income tax deductions|Intergovernmental relations|Judicial procedure and administration|Judicial review and appeals|Jurisdiction and venue|Medicaid|Medical ethics|Medical research|Medicare|Small business|State and local government operations,1.0,enforcement,"The bill amends ERISA to establish governance rules for small business health plans and mandates dependent coverage until age 26 for group health plans, directly imposing obligations on private employers regarding their employee benefit plans.",,,"The bill primarily addresses health care reform, insurance coverage, and tax deductions related to health insurance, without imposing new obligations on private employers regarding wage, hour, or benefit obligations under ERISA or related statutes.",1,enforcement,"The bill amends ERISA to establish and govern small business health plans and modifies group health plan requirements regarding dependent coverage and preexisting condition exclusions, directly imposing obligations on private employers as plan sponsors under ERISA."
s2833-114,"A bill to amend section 214(c)(8) of the Immigration and Nationality Act to modify the data reporting requirements relating to nonimmigrant employees, and for other purposes.",Visa Transparency Anti-Trafficking Act of 2016,Immigration,Congressional oversight|Cultural exchanges and relations|Foreign labor|Government information and archives|Immigration status and procedures|Visas and passports,1.0,enforcement,"The bill expands data reporting requirements for private employers regarding compensation and other details of nonimmigrant workers, which serves as an enforcement mechanism to detect and prevent wage theft, trafficking, and other violations of wage and hour obligations.",,,"The bill focuses on expanding data reporting requirements for nonimmigrant visas and does not directly regulate or enforce private employer wage, hour, or benefit obligations.",,,"This bill addresses immigration data reporting requirements for nonimmigrant workers and visa classifications, not private employer wage, hour, or benefit obligations under statutes like FLSA, ERISA, FMLA, or WARN."
hr1311-112,To provide for the coverage of medically necessary food under Federal health programs and private health insurance.,Medical Foods Equity Act of 2011,Health,Child health|Digestive and metabolic diseases|Food assistance and relief|Health care costs and insurance|Health care coverage and access|Medicare|Nutrition and diet|Poverty and welfare assistance,1.0,enforcement,"The bill amends ERISA and the Internal Revenue Code to mandate that private employer-sponsored health plans cover medically necessary food and related supplies, directly imposing obligations on non-governmental employers regarding their group health benefit plans.",1,enforcement,"Amends ERISA to require employer-sponsored health plans to cover medically necessary food and related supplies, directly imposing new obligations on private employers as plan sponsors.",1,enforcement,"The bill amends ERISA to impose new mandatory coverage requirements on employer-sponsored group health plans for medically necessary foods and related treatments, directly expanding private employer obligations as plan sponsors."
hr6854-115,"To provide tax relief for the victims of Hurricane Florence, and for other purposes.",Hurricane Florence Tax Relief Act,Taxation,"Charitable contributions|Disaster relief and insurance|Employee benefits and pensions|Income tax credits|Income tax deductions|Income tax exclusion|Natural disasters|North Carolina|Poverty and welfare assistance|South Carolina|Tax administration and collection, taxpayers|Tax treatment of families|Virginia|Wages and earnings",1.0,tax_credit_introduction,"The bill introduces an employee retention tax credit for wages paid to employees in disaster zones, which incentivizes private employers to retain workers and relates to wage obligations.",,,"The bill provides tax relief measures for individuals and businesses affected by Hurricane Florence, including tax credits and deductions, but does not impose or modify private employer wage, hour, or benefit obligations.",,,"This is a disaster relief tax bill providing general tax benefits to individuals and businesses affected by Hurricane Florence; while it mentions retirement plan distributions and employee retention credits, these are tax relief measures for disaster victims rather than regulations of private employer wage, hour, or benefit obligations."
hr711-113,"To amend titles 23 and 49, United States Code, to repeal wage requirements applicable to laborers and mechanics employed on Federal-aid highway and public transportation construction projects.",Highway Trust Fund Reform Act of 2013,Transportation and Public Works,Public contracts and procurement|Public transit|Roads and highways|Transportation programs funding|Wages and earnings,1.0,enforcement,"The bill repeals the Davis-Bacon Act requirements for prevailing wages on federal-aid construction projects, directly altering the wage obligations imposed on private contractors and employers working on these projects.",1,enforcement,"Repeals the Davis-Bacon Act, removing prevailing wage requirements for private contractors on federally-funded projects, directly affecting private employer wage obligations.",1,enforcement,"Repeals Davis-Bacon Act prevailing wage requirements for private contractors on federally-funded highway and transit projects, directly weakening private employer wage obligations to their workers."
hr5535-114,"To amend the Family and Medical Leave Act of 1993 and title 5, United States Code, to allow employees to take, as additional leave, parental involvement leave to participate in or attend their children's and grandchildren's educational and extracurricular activities and for other purposes.",Family Leave for Parental Involvement in Education Act,Labor and Employment,"Community life and organization|Elementary and secondary education|Employee leave|Family relationships|Government employee pay, benefits, personnel management",1.0,enforcement,"The bill amends the Family and Medical Leave Act (FMLA) to expand leave entitlements for private sector employees, directly regulating employer obligations regarding protected leave.",1,enforcement,"Expands FMLA leave provisions to include parental involvement leave, directly affecting private employer obligations under FMLA.",1,enforcement,"Amends the FMLA to create a new protected leave category for parental involvement in children's educational activities, directly expanding private employer leave obligations under federal labor law."
s124-116,A bill to amend the Fair Labor Standards Act of 1938 to prevent employers from using non-compete agreements in employment contracts for certain non-exempt employees.,Freedom to Compete Act,Labor and Employment,Competition and antitrust|Contracts and agency|Employment discrimination and employee rights|Labor standards|Labor-management relations,1.0,enforcement,"The bill amends the Fair Labor Standards Act to prohibit private employers from enforcing non-compete agreements against certain non-exempt employees, directly regulating employer conduct related to wage and hour protections.",1,enforcement,"Prohibits enforcement of non-compete agreements for certain lower wage workers, directly affecting private employer conduct under the FLSA.",1,enforcement,"The bill prohibits employers from enforcing non-compete agreements against certain non-exempt employees under the FLSA, directly regulating private employer conduct regarding employment contract terms and worker mobility rights."
hr631-112,To amend the Fair Labor Standards Act of 1938 to establish a base minimum wage for tipped employees.,WAGES Act,Labor and Employment,Wages and earnings,1.0,enforcement,"The bill amends the Fair Labor Standards Act to establish a mandatory base minimum wage for tipped employees, directly regulating private employer wage obligations.",1,enforcement,"Establishes a base minimum wage for tipped employees under the FLSA, directly affecting private employer wage obligations.",1,enforcement,"The bill amends the FLSA to raise the base minimum wage for tipped employees, directly strengthening private employer wage obligations under federal wage and hour law."
s479-113,"A bill to amend the Internal Revenue Code of 1986 to clarify the employment tax treatment and reporting of wages paid by professional employer organizations, and for other purposes.",Small Business Efficiency Act,Taxation,"Accounting and auditing|Contracts and agency|Employment taxes|Licensing and registrations|Social security and elderly assistance|Tax administration and collection, taxpayers|User charges and fees|Wages and earnings",1.0,enforcement,"The bill clarifies the employment tax treatment and reporting obligations for wages paid by professional employer organizations (PEOs), directly regulating how private employers and PEOs handle payroll taxes and wage reporting to ensure compliance with federal tax laws.",,,"The bill addresses the tax treatment and reporting of wages by professional employer organizations, focusing on tax administration rather than private employer wage or benefit obligations.",,,"This bill addresses tax administration and reporting procedures for professional employer organizations (PEOs) but does not regulate private employer wage, hour, or benefit obligations; it clarifies which entity remits payroll taxes rather than imposing substantive wage or benefit requirements on employers."
s3462-114,"A bill to provide for a 6-month delay in the effective date of a rule of the Department of Labor relating to income thresholds for determining overtime pay for executive, administrative, professional, outside sales, and computer employees.","Regulatory Relief for Small Businesses, Schools, and Nonprofits Act",Labor and Employment,,1.0,enforcement,"The bill delays the effective date of a Department of Labor rule revising income thresholds for overtime pay exemptions under the FLSA, directly affecting private employer wage and hour obligations.",1,enforcement,"Delays the implementation of a Department of Labor rule that revises income thresholds for overtime pay, affecting private employer wage obligations under the FLSA.",1,enforcement,"The bill delays implementation of a DOL rule that would expand overtime eligibility by raising salary thresholds for white-collar exemptions, directly affecting private employer wage and hour obligations under the FLSA."
s1248-113,"A bill to permit employees to request, and to ensure employers consider requests for, flexible work terms and conditions, and for other purposes.",Flexibility for Working Families Act,Labor and Employment,"Administrative remedies|Civil actions and liability|Congressional agencies|Congressional officers and employees|Department of Labor|Employment discrimination and employee rights|Government Accountability Office (GAO)|Government employee pay, benefits, personnel management|Government information and archives|Judicial review and appeals|Labor standards|Labor-management relations|Library of Congress|State and local government operations",1.0,enforcement,"The bill imposes new obligations on private employers to consider employee requests for flexible work terms and prohibits retaliation for such requests, directly regulating employer conduct regarding work schedules and hours under the oversight of the Department of Labor.",1,enforcement,"The bill enforces employer obligations to consider employee requests for flexible work terms, impacting private employer wage and hour conditions under labor standards.",1,enforcement,"Establishes new employer obligations regarding consideration of employee requests for flexible work arrangements and creates enforcement mechanisms through the Department of Labor, directly regulating private employer conduct related to work terms and conditions."
s1341-115,A bill to amend the Fair Labor Standards Act of 1938 to prohibit employment of children in tobacco-related agriculture by deeming such employment as oppressive child labor.,Children Don't Belong on Tobacco Farms Act,Labor and Employment,"Drug, alcohol, tobacco use|Labor standards|Migrant, seasonal, agricultural labor|Worker safety and health|Youth employment and child labor",1.0,enforcement,"The bill amends the Fair Labor Standards Act to prohibit private employers from engaging in oppressive child labor in tobacco agriculture, directly regulating employer conduct regarding youth employment.",1,enforcement,"Amends the FLSA to classify employment of minors in tobacco-related agriculture as oppressive child labor, directly affecting private employer labor standards.",1,enforcement,"Amends the FLSA to expand the definition of oppressive child labor by prohibiting employment of minors under 18 in tobacco-related agriculture, directly strengthening private employer child labor obligations under federal wage and hour law."
s1656-113,A bill to clarify that volunteers at a children's consignment event are not employees under the Fair Labor Standards Act of 1938.,Children's Consignment Event Recognition Act of 2013,Labor and Employment,"Labor standards|Retail and wholesale trades|Social work, volunteer service, charitable organizations",1.0,enforcement,"The bill amends the Fair Labor Standards Act to clarify the definition of 'employee,' thereby directly regulating private employer obligations regarding minimum wage and overtime exemptions for volunteers at consignment events.",1,enforcement,"Amends the FLSA to exclude certain volunteers from being classified as employees, affecting wage and hour obligations of private entities hosting children's consignment events.",1,enforcement,"The bill amends the FLSA to create a new exemption from minimum wage and overtime requirements for volunteers at children's consignment events, thereby weakening private employer wage obligations under federal labor standards."
s1386-115,"A bill to permit employees to request changes to their work schedules without fear of retaliation and to ensure that employers consider these requests, and to require employers to provide more predictable and stable schedules for employees in certain occupations with evidence of unpredictable and unstable scheduling practices that negatively affect employees, and for other purposes.",Schedules That Work Act,Labor and Employment,Civil actions and liability|Employee leave|Employment and training programs|Employment discrimination and employee rights|Food industry and services|Labor standards|Labor-management relations|Retail and wholesale trades|Wages and earnings|Worker safety and health,1.0,enforcement,"The bill imposes direct obligations on private employers regarding work schedules, advance notice, and reporting time pay, and prohibits retaliation for exercising these rights, thereby regulating private employer wage and hour conduct.",1,enforcement,"The bill enforces private employer obligations by requiring them to consider employee requests for schedule changes and to provide predictable work schedules, directly addressing wage and hour issues.",1,enforcement,"The bill directly regulates private employer wage and hour obligations by requiring reporting time pay, split shift pay, advance notice of work schedules, and mandating good faith consideration of employee schedule change requests, all of which are FLSA-adjacent wage and hour requirements imposed on non-governmental employers."
hr3910-115,To amend the Internal Revenue Code of 1986 to make lifetime income and managed account options of defined contribution retirement savings plans portable.,,Taxation,Employee benefits and pensions|Financial services and investments|Income tax deferral,1.0,enforcement,"The bill amends the Internal Revenue Code to regulate the portability and distribution mechanisms of employer-sponsored defined contribution retirement plans, directly affecting private employer obligations regarding employee pension benefits under ERISA.",,,"The bill addresses the portability of investment options within employer-sponsored retirement plans, focusing on tax treatment and investment management rather than imposing new mandatory obligations on private employers as plan sponsors.",,,"This bill modifies optional portability features for lifetime income and managed account investments in defined contribution plans, but does not impose new mandatory employer obligations regarding plan sponsorship, funding, fiduciary duties, or participant rights under ERISA."
s1188-113,A bill to amend the Internal Revenue Code of 1986 to modify the definition of full-time employee for purposes of the individual mandate in the Patient Protection and Affordable Care Act.,Forty Hours Is Full Time Act of 2013,Taxation,Employee benefits and pensions|Health care costs and insurance|Health care coverage and access|Sales and excise taxes,1.0,enforcement,"The bill modifies the definition of a full-time employee for the ACA employer mandate, directly altering the obligations of private employers to provide health coverage under ERISA-related provisions.",1,enforcement,"Modifies the definition of 'full-time employee' for employer health coverage mandates, affecting employer obligations under ERISA-related health benefit provisions.",1,enforcement,"Modifies the full-time employee threshold under the ACA employer mandate from 30 to 40 hours per week, directly altering private employer obligations regarding provision of health benefits to employees."
hr397-112,"To repeal the Patient Protection and Affordable Care Act and the Health Care and Education Reconciliation Act of 2010 and to take meaningful steps to lower health care costs and increase access to health insurance coverage without raising taxes, cutting Medicare benefits for seniors, adding to the national deficit, intervening in the doctor-patient relationship, or instituting a government takeover of health care.",Reform Americans Can Afford Act of 2011,Health,"Abortion|Administrative law and regulatory procedures|Administrative remedies|Advisory bodies|Bankruptcy|Civil actions and liability|Comprehensive health care|Consumer affairs|Department of Health and Human Services|Disability and health-based discrimination|Drug safety, medical device, and laboratory regulation|Employee benefits and pensions|Executive agency funding and structure|Family relationships|Federal-Indian relations|Government information and archives|Government lending and loan guarantees|Health care costs and insurance|Health care coverage and access|Health care quality|Health programs administration and funding|Health promotion and preventive care|Higher education|Income tax credits|Intellectual property|Judicial procedure and administration|Licensing and registrations|Medicaid|Medical research|Medicare|Small business|State and local government operations|State and local taxation|Student aid and college costs|User charges and fees",1.0,enforcement,"The bill amends ERISA to establish governance rules for association health plans and mandates that group health plans continue dependent coverage until age 25, directly imposing obligations on private employers regarding their employee benefit plans.",,,"The bill primarily focuses on repealing the Affordable Care Act and modifying health insurance regulations, which do not directly impose new obligations on private employers regarding wage, hour, or benefit obligations under ERISA or related statutes.",1,enforcement,"The bill amends ERISA to impose new requirements on employer-sponsored group health plans, including dependent coverage mandates until age 25 and association health plan certification standards, directly affecting private employer benefit plan obligations."
hr1423-114,"To amend the Public Health Service Act, the Employee Retirement Income Security Act of 1974, and the Internal Revenue Code of 1986 to exclude from the definition of health insurance coverage certain medical stop-loss insurance obtained by certain plan sponsors of group health plans.",Self-Insurance Protection Act,Health,Employee benefits and pensions|Health care costs and insurance|Insurance industry and regulation,1.0,enforcement,"The bill amends ERISA to clarify the regulatory status of stop-loss insurance for self-insured group health plans, directly affecting the compliance obligations and risk management structures of private employers sponsoring these benefit plans.",,,"The bill modifies the definition of health insurance coverage under ERISA and related statutes but does not impose new obligations on private employers regarding wage, hour, or benefit compliance.",,,"This bill clarifies the regulatory treatment of stop-loss insurance for self-insured health plans but does not impose new wage, hour, or benefit obligations on private employers as plan sponsors."
s959-114,"A bill to establish a tax credit for on-site apprenticeship programs, and for other purposes.",Apprenticeship and Jobs Training Act of 2015,Taxation,Congressional oversight|Employee benefits and pensions|Employment and training programs|Government studies and investigations|Income tax credits|Income tax exclusion|Military education and training|Wages and earnings,1.0,tax_credit_introduction,"Introduces a tax credit for employer-provided job training through qualified apprenticeship programs, which qualifies under the exception for credits specifically tied to employer-provided job training.",1,tax_credit_introduction,"Introduces a new tax credit for employers who provide on-site apprenticeship programs, incentivizing private employer investment in employee training and development.",1,tax_credit_introduction,"Introduces a new tax credit for private employers who provide on-site apprenticeship training programs, directly incentivizing employer-provided job training which qualifies as a wage and hour/benefits-related employer obligation."
s2784-113,"A bill to direct the Secretary of Transportation to carry out activities to improve rail safety, and for other purposes.",Rail Safety Improvement Act of 2014,Transportation and Public Works,Accidents|Administrative law and regulatory procedures|Civil actions and liability|Commuting|Congressional oversight|Connecticut|Department of Transportation|Emergency planning and evacuation|Fires|Government information and archives|Government studies and investigations|Hazardous wastes and toxic substances|New Jersey|New York City|New York State|Oil and gas|Railroads|Roads and highways|Technology assessment|Telephone and wireless communication|Transportation employees|Transportation programs funding|Transportation safety and security|Worker safety and health,1.0,enforcement,"The bill revises and increases civil penalties for violations of employee hours of service and sleeping quarters requirements for railroad employees, directly regulating private employer obligations regarding worker hours and safety conditions.",,,"The bill focuses on rail safety improvements and transportation safety regulations, which do not directly relate to private employer wage, hour, or benefit obligations.",,,"This bill primarily regulates railroad safety, technology requirements, and operational standards for rail carriers; while it mentions transportation employees and worker safety incidentally, it does not address private employer wage, hour, overtime, benefits, pension obligations, or retaliation for protected leave under statutes like FLSA, ERISA, FMLA, or WARN."
s180-115,"A bill to amend the Immigration and Nationality Act to reform and reduce fraud and abuse in certain visa programs for aliens working temporarily in the United States, and for other purposes.",H-1B and L-1 Visa Reform Act of 2017,Immigration,"Administrative law and regulatory procedures|Administrative remedies|Civil actions and liability|Congressional oversight|Department of Labor|Foreign labor|Government employee pay, benefits, personnel management|Government studies and investigations|Immigration status and procedures|Science and engineering education|User charges and fees|Visas and passports|Wages and earnings",1.0,enforcement,"The bill strengthens enforcement mechanisms for private employers sponsoring H-1B and L-1 visas, including increased penalties for displacing U.S. workers, mandatory audits, and liability for lost wages and benefits, directly addressing private employer wage and benefit obligations.",1,enforcement,"The bill increases employer penalties for displacing U.S. workers and holds employers liable for lost wages and benefits, directly affecting private employer wage obligations.",1,enforcement,"The bill strengthens wage and hour protections for H-1B and L-1 visa workers by making employers liable to harmed employees for lost wages and benefits, prohibiting displacement of U.S. workers, prescribing wage rates and working conditions, and increasing penalties for violations—all direct private employer wage obligations under immigration labor law."
s852-115,"A bill to amend the Internal Revenue Code of 1986 to protect older, longer service and grandfathered participants in defined benefit plans.",Retirement Security Preservation Act of 2017,Taxation,Employee benefits and pensions|Income tax deferral,1.0,enforcement,"The bill modifies Internal Revenue Code nondiscrimination and participation requirements for defined benefit pension plans, directly regulating private employer obligations under ERISA to prevent discriminatory plan design and ensure compliance with retirement benefit standards.",,,"The bill modifies nondiscrimination requirements for defined benefit retirement plans, focusing on tax code adjustments rather than imposing new mandatory obligations on private employers as plan sponsors under ERISA.",1,enforcement,"Modifies ERISA-related nondiscrimination and minimum participation requirements that private employers must satisfy when sponsoring defined benefit pension plans, directly affecting employer obligations as plan sponsors."
hr1848-114,To amend the Fair Labor Standards Act of 1938 to prohibit employment of children in tobacco-related agriculture by deeming such employment as oppressive child labor.,,Labor and Employment,"Drug, alcohol, tobacco use|Labor standards|Migrant, seasonal, agricultural labor|Worker safety and health|Youth employment and child labor",1.0,enforcement,"The bill amends the Fair Labor Standards Act to prohibit private employers from employing children in tobacco-related agriculture, directly regulating private employer conduct regarding child labor violations.",1,enforcement,"The bill amends the FLSA to prohibit child labor in tobacco-related agriculture, directly regulating private employer conduct regarding youth employment.",1,enforcement,"The bill amends the FLSA to expand the definition of oppressive child labor by prohibiting employment of minors under 18 in tobacco-related agriculture, directly strengthening private employer wage and hour obligations regarding child labor protections."
hr628-115,"To amend the Public Health Service Act to prohibit application of preexisting condition exclusions and to guarantee availability of health insurance coverage in the individual and group market, contingent on the enactment of legislation repealing the Patient Protection and Affordable Care Act, and for other purposes.",Guaranteed Health Coverage for Pre-Existing Conditions Act of 2017,Health,Disability and health-based discrimination|Employee benefits and pensions|Genetics|Health care costs and insurance|Health care coverage and access|Insurance industry and regulation,1.0,enforcement,"The bill imposes obligations on private employers sponsoring group health plans by mandating guaranteed availability of coverage and prohibiting preexisting condition exclusions, directly regulating employer-sponsored benefit plan terms under ERISA-related statutes.",,,"The bill addresses health insurance coverage requirements for preexisting conditions, which primarily involves insurance market regulations rather than private employer wage or benefit obligations under ERISA.",1,enforcement,"The bill maintains ERISA-related requirements that employer-sponsored group health plans must cover preexisting conditions and accept all applicants, directly imposing coverage obligations on private employers as plan sponsors."
hr3595-115,"To amend the Internal Revenue Code of 1986 to provide a credit to employers who provide paid family and medical leave, and for other purposes.",Strong Families Act,Taxation,Congressional oversight|Employee benefits and pensions|Employee leave|Government studies and investigations|Income tax credits|Wages and earnings,1.0,tax_credit_introduction,"Introduces a new tax credit incentivizing private employers to provide paid family and medical leave, which relates to employer obligations regarding protected leave under FMLA.",1,tax_credit_introduction,"Introduces a new tax credit incentivizing private employers to provide paid family and medical leave, relating to FMLA-adjacent employer conduct.",1,tax_credit_introduction,"Introduces a new tax credit incentivizing private employers to voluntarily provide paid family and medical leave, directly relating to FMLA-adjacent employer conduct regarding employee leave benefits."
hr3460-112,To amend the Internal Revenue Code of 1986 to allow temporarily a reduced rate of tax with respect to repatriated foreign earnings.,American Jobs First Act of 2011,Taxation,"Foreign and international corporations|Income tax deductions|Interest, dividends, interest rates|Taxation of foreign income|Wages and earnings",1.0,tax_credit_introduction,"The bill introduces a tax deduction (functioning as a tax credit) for domestic corporations that increase their payroll, directly incentivizing private employer hiring and wage expenditure behavior.",,,"The bill primarily addresses tax deductions related to repatriated foreign earnings and does not impose or modify private employer wage, hour, or benefit obligations.",,,"This bill provides tax incentives for domestic corporations to repatriate foreign earnings based on payroll increases, but does not directly regulate or enforce private employer wage, hour, or benefit obligations covered by FLSA, WARN, ERISA, or FMLA."
hr100-113,"To amend title 11, United States Code, to improve protections for employees and retirees in business bankruptcies.",Protecting Employees and Retirees in Business Bankruptcies Act of 2013,Finance and Financial Sector,Bankruptcy|Corporate finance and management|Employee benefits and pensions|Health care costs and insurance|Labor-management relations|Securities|Unemployment|Wages and earnings,1.0,enforcement,"The bill strengthens protections for private employer obligations regarding wages, severance, and retiree benefits during bankruptcy proceedings, directly impacting the enforcement of wage and benefit claims against non-governmental employers.",1,enforcement,"The bill strengthens protections for employees and retirees in business bankruptcies, directly impacting employer obligations related to wages, benefits, and pensions under ERISA and related statutes.",1,enforcement,"This bill strengthens protections for employees and retirees in corporate bankruptcies by increasing priority wage claim limits, requiring severance pay as administrative expenses, imposing stricter standards for rejecting collective bargaining agreements, mandating consideration of job preservation in asset sales, and restricting executive compensation while protecting worker benefits—all of which directly regulate private employer obligations regarding wages, benefits, and pension plans under bankruptcy law."
hr2656-112,"To amend the Internal Revenue Code of 1986 and the Employee Retirement Income Security Act of 1974 to make technical modifications relating to the Worker, Retiree, and Employer Recovery Act of 2008 and the Preservation of Access to Care for Medicare Beneficiaries and Pension Relief Act of 2010.",Pension Technical Modifications Act,Labor and Employment,Employee benefits and pensions,1.0,enforcement,"The bill amends ERISA and the Internal Revenue Code to modify minimum funding standards, contribution formulas, and eligibility requirements for single-employer defined benefit pension plans, directly regulating private employer obligations regarding retirement benefits.",,,"The bill makes technical modifications to pension funding rules under ERISA and the Internal Revenue Code, but does not impose new mandatory obligations on private employers regarding wage, hour, or benefit compliance.",1,enforcement,"Amends ERISA and the Internal Revenue Code to modify mandatory employer obligations for defined benefit pension plans, including minimum funding requirements, contribution calculations, and benefit accrual limits—directly regulating private employer conduct as pension plan sponsors."
hr4505-115,"To amend the Fair Labor Standards Act of 1938 to establish a minimum salary threshold for bona fide executive, administrative, and professional employees exempt from Federal overtime compensation requirements, and automatically update such threshold every 3 years.",Restoring Overtime Pay Act of 2017,Labor and Employment,Administrative law and regulatory procedures|Department of Labor|Labor standards|Wages and earnings,1.0,enforcement,"The bill amends the Fair Labor Standards Act to establish and update the salary threshold for overtime exemptions, directly regulating private employer obligations regarding overtime pay.",1,enforcement,"Establishes and updates a minimum salary threshold for overtime exemption under the FLSA, directly affecting private employer wage obligations.",1,enforcement,"The bill directly strengthens FLSA overtime protections by raising and automatically updating the salary threshold for white-collar overtime exemptions, thereby expanding the number of employees entitled to overtime pay from private employers."
hr2095-115,"To amend the Fair Labor Standards Act of 1938 to prohibit discrimination in the payment of wages on account of sex, race, or national origin, and for other purposes.",Fair Pay Act of 2017,Labor and Employment,"Civil actions and liability|Employment discrimination and employee rights|Government information and archives|Government studies and investigations|Legal fees and court costs|Racial and ethnic relations|Sex, gender, sexual orientation discrimination|Wages and earnings",1.0,enforcement,"The bill amends the Fair Labor Standards Act to prohibit wage discrimination based on sex, race, or national origin and establishes penalties for violations, directly regulating private employer wage obligations.",1,enforcement,"The bill amends the FLSA to prohibit wage discrimination based on sex, race, or national origin, directly affecting private employer wage obligations.",1,enforcement,"Amends the FLSA to strengthen wage discrimination protections and expand remedies for violations, directly tightening private employer wage obligations regarding equal pay."
hr5006-114,"To amend section 214(c)(8) of the Immigration and Nationality Act to modify the data reporting requirements relating to nonimmigrant employees, and for other purposes.",Visa Transparency Anti-Trafficking Act of 2016,Immigration,Congressional oversight|Cultural exchanges and relations|Foreign labor|Government information and archives|Immigration status and procedures|Visas and passports,1.0,enforcement,"The bill expands data reporting requirements for private employers sponsoring nonimmigrant workers to include compensation details, thereby enhancing transparency and enforcement capabilities regarding wage obligations and potential trafficking or exploitation under the Immigration and Nationality Act.",,,"The bill focuses on expanding data reporting requirements for nonimmigrant visas and does not directly address private employer wage, hour, or benefit obligations.",,,"This bill addresses immigration data reporting requirements for nonimmigrant workers and visa classifications, not private employer wage, hour, or benefit obligations under statutes like FLSA, ERISA, FMLA, or WARN."
s2124-114,"A bill to establish a Federal tax credit approximation matching program for State new jobs training tax credits, and for other purposes.",New Skills for New Jobs Act,Taxation,Education programs funding|Employment and training programs|Higher education|Income tax credits|Licensing and registrations|State and local taxation,1.0,tax_credit_introduction,"The bill introduces a federal tax credit mechanism tied to employer-provided job training, which qualifies under the exception for credits specifically linked to employer-provided training obligations.",,,"The bill establishes a tax credit program for state new jobs training, which relates to education and training incentives, not private employer wage or benefit obligations.",1,tax_credit_introduction,"Introduces a federal tax credit matching program tied to employer-provided job training for new hires, incentivizing private employers to invest in qualified training programs that develop employee skills and credentials."
s254-114,A bill to lower health premiums and increase choice for small businesses.,Small Business Health Relief Act of 2015,Health,Comprehensive health care|Employee benefits and pensions|Health care costs and insurance|Health care coverage and access|Income tax deductions|Sales and excise taxes|Small business|Wages and earnings,1.0,enforcement,"The bill repeals the employer mandate and associated reporting requirements under the Affordable Care Act, directly altering the statutory obligations of private employers regarding the provision of employer-sponsored group health benefit plans.",,,"The bill primarily addresses health insurance market rules and tax provisions, not private employer wage or benefit obligations under ERISA or FLSA.",1,enforcement,"Repeals employer mandate penalties and reporting requirements under the ACA that impose obligations on large private employers regarding health insurance coverage for full-time employees, directly affecting employer-sponsored group health benefit obligations under ERISA-related provisions."
hr5802-113,"To amend the Employee Retirement Income Security Act of 1974 to permit multiemployer plans in critical status to modify plan rules relating to withdrawal liability, and for other purposes.",,Labor and Employment,Corporate finance and management|Employee benefits and pensions,1.0,enforcement,"The bill amends ERISA to modify rules regarding employer withdrawal liability from multiemployer pension plans, directly regulating private employer obligations related to retirement benefit plans.",1,enforcement,"Amends ERISA to allow multiemployer plans in critical status to modify withdrawal liability rules, directly affecting employer obligations under pension plan management.",,,"This bill modifies ERISA withdrawal liability rules for multiemployer pension plans in critical status, addressing plan funding mechanics rather than imposing new mandatory employer conduct obligations regarding wage, hour, or benefit provision."
hr3628-115,To amend the Internal Revenue Code of 1986 to allow employers a credit against income tax for employees who participate in qualified apprenticeship programs.,LEAP Act,Taxation,Employment and training programs|Income tax credits,1.0,tax_credit_introduction,"Introduces a tax credit for employers who hire employees into qualified apprenticeship programs, which qualifies as a credit specifically tied to employer-provided job training.",,,"The bill provides a tax credit for hiring apprentices, which incentivizes employment but does not directly relate to private employer wage, hour, or benefit obligations.",1,tax_credit_introduction,"Introduces a new tax credit incentivizing private employers to hire apprenticeship employees, directly relating to employer-provided job training programs which qualify under wage and hour employer obligations."
s868-115,A bill to amend the Employee Retirement Income Security Act of 1974 to require a lifetime income disclosure.,Lifetime Income Disclosure Act,Labor and Employment,Administrative law and regulatory procedures|Department of Labor|Employee benefits and pensions|Government information and archives,1.0,enforcement,"The bill amends ERISA to impose new disclosure obligations on private employer-sponsored pension plans, directly regulating how retirement benefits are communicated to participants.",1,enforcement,"The bill imposes new disclosure requirements on private employers as plan sponsors under ERISA, directly affecting employer obligations related to employee pension benefit statements.",1,enforcement,"Amends ERISA to impose new mandatory disclosure obligations on private employers as pension plan sponsors, requiring them to provide lifetime income stream equivalents on benefit statements to participants."
hr2109-112,"To provide for each American the opportunity to provide for his or her retirement through a S.A.F.E. account, and for other purposes.",Savings Account for Every American Act of 2011,Labor and Employment,"Employee benefits and pensions|Government employee pay, benefits, personnel management|Government information and archives|Government studies and investigations|Health care costs and insurance|Income tax deductions|Income tax exclusion|Life, casualty, property insurance|Long-term, rehabilitative, and terminal care|Self-employed|Social security and elderly assistance|Veterans' pensions and compensation",1.0,enforcement,"The bill imposes direct obligations on private employers to establish payroll deduction programs and make matching contributions to employee retirement accounts, including penalties for non-compliance, which aligns with ERISA-related employer benefit obligations.",1,enforcement,"The bill mandates private employers to establish payroll deduction programs for employee contributions to S.A.F.E. accounts and imposes penalties for non-compliance, directly affecting employer obligations related to employee benefits.",1,enforcement,"Imposes mandatory obligations on private employers to establish payroll deduction programs for employee S.A.F.E. account contributions and to make matching contributions after 15 years, with penalties for noncompliance—directly creating new employer wage and benefit obligations under ERISA-adjacent retirement plan requirements."
hr5325-113,"To amend the Internal Revenue Code of 1986 to provide tax incentives to meet the needs of the American manufacturing workforce, and for other purposes.",American Manufacturing Workforce Act of 2014,Taxation,Adult education and literacy|Employee benefits and pensions|Employment and training programs|Income tax credits|Industrial policy and productivity|Manufacturing|Student aid and college costs|Vocational and technical education,1.0,tax_credit_introduction,"Introduces a tax credit for employer-provided job training expenses, which qualifies under the exception for credits specifically tied to employer-provided job training.",1,tax_credit_introduction,"Introduces tax credits for employer-provided job training programs in the manufacturing sector, incentivizing private employers to enhance workforce skills, which relates to employer obligations under wage and hour laws.",1,tax_credit_introduction,"Introduces new tax credits specifically for employer-provided job training expenses to develop manufacturing workforce skills, directly incentivizing private employers to invest in employee training programs."
hr5272-114,"To amend the Religious Freedom Restoration Act of 1993 to protect civil rights and otherwise prevent meaningful harm to third parties, and for other purposes.",Do No Harm Act,"Civil Rights and Liberties, Minority Issues","Crimes against women|Disability and health-based discrimination|Employee leave|Employment discrimination and employee rights|First Amendment rights|Health care coverage and access|Housing discrimination|Labor-management relations|Religion|Sex, gender, sexual orientation discrimination|Wages and earnings|Youth employment and child labor",1.0,enforcement,"The bill prevents employers from using the Religious Freedom Restoration Act as a defense against federal laws requiring them to provide wages, compensation, benefits, or leave, thereby strengthening enforcement of private employer obligations under statutes like the FLSA and FMLA.",1,enforcement,"The bill limits the application of RFRA in cases involving employer obligations to provide wages, benefits, or leave, thereby reinforcing enforcement of wage and hour laws and employee rights under FMLA and other statutes.",1,enforcement,"The bill restricts the application of RFRA to prevent religious exemptions from federal laws requiring private employers to provide wages, compensation, benefits, and leave, thereby strengthening enforcement of employer wage and benefit obligations under statutes like FLSA and FMLA."
s1777-115,A bill to amend the Internal Revenue Code of 1986 to impose an excise tax on employers with low-wage employees.,Corporate Responsibility Fee Act of 2017,Taxation,Corporate finance and management|Employee benefits and pensions|Health care costs and insurance|Health care coverage and access|Poverty and welfare assistance|Sales and excise taxes|Wages and earnings,1.0,tax_credit_introduction,"The bill imposes an excise tax on employers with low-wage employees but reduces the tax liability for those who provide health and retirement benefits, effectively functioning as a tax incentive (credit) for private employers to offer these benefits.",1,enforcement,"Imposes an excise tax on employers with low-wage employees, incentivizing them to provide better wages and benefits, thus indirectly enforcing wage and benefit obligations.",1,enforcement,"Imposes an excise tax on private employers who pay wages below 218% of the federal poverty line, directly penalizing low-wage employer conduct and thereby strengthening wage-related obligations."
hr3162-112,"To prohibit the Secretary of Labor from implementing certain rules relating to employment of aliens described in section 101(a)(15)(H)(ii)(b) of the Immigration and Nationality Act, and for other purposes.",,Labor and Employment,Administrative law and regulatory procedures|Department of Labor|Foreign labor|Temporary and part-time employment|Wages and earnings,1.0,enforcement,"The bill regulates the methodology for computing prevailing occupational wage levels for H-2B temporary workers and other alien labor certifications, directly affecting private employer wage obligations and compliance requirements under federal labor laws.",,,"The bill addresses regulatory procedures for foreign labor wage determinations under the H-2B program, which does not directly impose new wage or benefit obligations on private employers.",1,enforcement,"The bill weakens wage protections by prohibiting the Secretary of Labor from implementing rules that would establish prevailing wage methodologies for H-2B temporary workers, directly affecting private employer wage obligations under labor certification requirements."
hr1121-115,"To amend the Public Health Service Act to prohibit application of pre-existing condition exclusions and to guarantee availability of health insurance coverage in the individual and group market, contingent on the enactment of legislation repealing the Patient Protection and Affordable Care Act, and for other purposes.",Pre-existing Conditions Protection Act of 2017,Health,Disability and health-based discrimination|Employee benefits and pensions|Genetics|Health care costs and insurance|Health care coverage and access|Health information and medical records|Health promotion and preventive care|Insurance industry and regulation|Medical tests and diagnostic methods,1.0,enforcement,"The bill amends ERISA and the Public Health Service Act to mandate that private employer-sponsored group health plans cover pre-existing conditions and prohibit discrimination based on health status, directly regulating private employer benefit obligations.",,,"The bill primarily addresses health insurance market rules and consumer protections, not private employer wage or benefit obligations under ERISA.",1,enforcement,"The bill maintains ERISA obligations on private employers as plan sponsors by preserving requirements that employer-sponsored group health plans cover preexisting conditions, accept all applicants, and comply with workplace wellness program standards."
s818-116,A bill to exempt certain 16- and 17-year-old individuals employed in logging operations from child labor laws.,Future Logging Careers Act,Labor and Employment,"Child safety and welfare|Family relationships|Forests, forestry, trees|Labor standards|Worker safety and health|Youth employment and child labor",1.0,enforcement,"The bill modifies child labor provisions under the Fair Labor Standards Act by creating an exemption for minors working in family-owned logging operations, directly regulating private employer obligations regarding youth employment.",1,enforcement,"Exempts certain 16- and 17-year-olds from child labor laws in logging operations, directly affecting labor standards and employer obligations under the FLSA.",1,enforcement,"The bill weakens FLSA child labor protections by creating a new exemption allowing 16- and 17-year-olds to work in hazardous logging operations under parental ownership, directly reducing private employer obligations under federal child labor laws."
hr2443-113,To amend the Internal Revenue Code of 1986 to exempt certain educational institutions from the employer health insurance mandate.,Safeguarding Children Harmed by Obamacare's Onerous Levies Act,Taxation,"Comprehensive health care|Elementary and secondary education|Employee benefits and pensions|Health care costs and insurance|Health care coverage and access|Higher education|Sales and excise taxes|Teaching, teachers, curricula",1.0,enforcement,"The bill modifies the definition of 'applicable large employer' under the Internal Revenue Code, directly altering the scope of private employers subject to the employer health insurance mandate, which is a core employer benefit obligation.",,,"The bill exempts certain educational institutions from the employer health insurance mandate, which does not directly impose new obligations on private employers regarding wage, hour, or benefit compliance.",1,enforcement,"The bill amends the employer mandate under the Affordable Care Act to exempt certain educational institutions from the requirement to provide health insurance coverage to employees, directly weakening private employer obligations under ERISA-related health benefit provisions."
s42-113,A bill to provide anti-retaliation protections for antitrust whistleblowers.,Criminal Antitrust Anti-Retaliation Act of 2013,Commerce,"Administrative remedies|Civil actions and liability|Competition and antitrust|Criminal investigation, prosecution, interrogation|Employment discrimination and employee rights",1.0,enforcement,"The bill prohibits private employers from retaliating against employees who report antitrust violations, directly addressing employer misconduct related to whistleblower retaliation protections.",,,"The bill addresses anti-retaliation protections for antitrust whistleblowers, which is not directly related to private employer wage, hour, or benefit obligations.",,,"Bill protects antitrust whistleblowers from employer retaliation but does not address wage, hour, overtime, pension, health benefits, or leave obligations covered by FLSA, ERISA, FMLA, or WARN Act."
hr1981-114,To amend the Fair Labor Standards Act of 1938 to provide that an employee's `regular rate' for purposes of calculating overtime compensation will not be affected by certain additional payments.,Employee Bonus Protection Act,Labor and Employment,Labor standards|Wages and earnings,1.0,enforcement,"The bill amends the Fair Labor Standards Act to define which payments are excluded from the 'regular rate' used to calculate overtime compensation, directly regulating private employer wage obligations regarding overtime pay.",1,enforcement,"Amends the FLSA to exclude certain bonus payments from the regular rate for overtime calculation, affecting private employer wage obligations.",1,enforcement,"Amends the FLSA's overtime calculation rules by excluding certain bonus payments from the regular rate, directly affecting how private employers calculate overtime compensation owed to employees."
s38-114,A bill to ensure that long-term unemployed individuals are not taken into account for purposes of the employer health care coverage mandate.,Helping Individuals Regain Employment Act,Taxation,Employee benefits and pensions|Health care costs and insurance|Health care coverage and access|Sales and excise taxes|Unemployment,1.0,enforcement,"The bill modifies the definition of 'full-time employee' under the employer shared responsibility payment provisions of the Internal Revenue Code, directly altering the scope of private employer obligations to provide health coverage under the Affordable Care Act.",,,"The bill modifies the definition of 'full-time employee' for the employer health care coverage mandate, but does not impose new obligations on private employers regarding wage, hour, or benefit compliance.",1,enforcement,"Amends the employer mandate under the Affordable Care Act to exclude long-term unemployed individuals from full-time employee counts, thereby weakening private employers' obligations to provide health coverage under ERISA-related provisions."
hr4763-114,"To amend the Fair Labor Standards Act of 1938 and the Portal-to-Portal Act of 1947 to prevent wage theft and assist in the recovery of stolen wages, to authorize the Secretary of Labor to administer grants to prevent wage and hour violations, and for other purposes.",Wage Theft Prevention and Wage Recovery Act,Labor and Employment,"Alternative dispute resolution, mediation, arbitration|Civil actions and liability|Community life and organization|Congressional oversight|Criminal investigation, prosecution, interrogation|Employment discrimination and employee rights|Government studies and investigations|Labor standards|Personnel records|Wages and earnings",1.0,enforcement,"The bill amends the Fair Labor Standards Act to strengthen private employer obligations regarding wage payments, overtime compensation, and whistleblower protections, directly addressing wage theft and enforcement mechanisms.",1,enforcement,"The bill strengthens enforcement of wage and hour laws by increasing penalties for violations, requiring employer disclosures, and enhancing employee rights under the FLSA, directly addressing private employer wage obligations.",1,enforcement,"This bill directly strengthens FLSA enforcement by increasing damages for wage violations, extending statutes of limitations, requiring detailed wage disclosures, prohibiting arbitration waivers for wage claims, and funding wage-hour enforcement programs—all tightening private employer wage and hour obligations."
hr4591-111,"To promote labor force participation of older Americans, with the goals of increasing retirement security, reducing the projected shortage of experienced workers, maintaining future economic growth, and improving the Nation's fiscal outlook.",Older Worker Opportunity Act of 2010,Taxation,Advisory bodies|Aging|Employee benefits and pensions|Executive agency funding and structure|Health care costs and insurance|Health care coverage and access|Income tax credits|Wages and earnings,1.0,tax_credit_introduction,"The bill introduces a tax credit for private employers who provide health and retirement benefits to older workers, directly incentivizing employer conduct related to benefit obligations.",1,tax_credit_introduction,"Introduces a tax credit for employers providing health and retirement benefits to older workers, incentivizing private employer benefit obligations.",1,tax_credit_introduction,"Introduces a new tax credit for private employers who pay wages to older workers participating in flexible work programs, incentivizing employment practices related to worker compensation and benefits."
hr2654-113,"To prohibit discrimination on the basis of military service, and for other purposes.",Veterans and Servicemembers Employment Rights and Housing Act of 2013,Armed Forces and National Security,"Employee hiring|Employment and training programs|Employment discrimination and employee rights|Evidence and witnesses|Housing discrimination|Labor-management relations|Marketing and advertising|National Guard and reserves|Veterans' education, employment, rehabilitation",1.0,enforcement,"The bill prohibits private employers from discriminating against employees based on military service, which aligns with the category's inclusion of obligations regarding reinstatement and non-retaliation for service members (e.g., under USERRA), thereby enforcing private employer conduct standards.",1,enforcement,"Prohibits employment discrimination based on military service, directly affecting private employer obligations under employment rights statutes.",1,enforcement,"The bill prohibits private employers from discriminating against employees or applicants based on military service and grants EEOC enforcement powers, directly imposing new employment obligations on non-governmental employers regarding their treatment of service members and veterans."
hr5918-114,To establish requirements for participants in the peer-to-peer economy to be considered independent contractors and not employees for purposes of several employment-related statutes.,,Labor and Employment,Employee leave|Internet and video services|Labor standards|Labor-management relations|Service industries|Telephone and wireless communication|Wages and earnings,1.0,enforcement,"The bill directly regulates private employer obligations under the Fair Labor Standards Act and Family Medical Leave Act by defining worker classification standards for the peer-to-peer economy, thereby determining which workers are entitled to wage, hour, and leave protections.",1,enforcement,"The bill affects the classification of workers in the peer-to-peer economy, exempting them from employee protections under the FLSA and FMLA, thereby impacting private employer wage and benefit obligations.",1,enforcement,"This bill weakens private employer wage and hour obligations by exempting peer-to-peer platform workers from FLSA minimum wage and overtime protections, FMLA leave protections, and NLRA collective bargaining rights when certain conditions are met."
hr1677-114,To amend the Employee Retirement Income Security Act of 1974 to ensure health care coverage value and transparency for dental benefits under group health plans.,Dental Insurance Fairness Act of 2015,Health,Dental care|Employee benefits and pensions|Health care costs and insurance|Health care coverage and access,1.0,enforcement,"The bill amends ERISA to impose specific coverage value and transparency requirements on private employers sponsoring self-insured group health plans, directly regulating employer obligations regarding employee welfare benefits.",1,enforcement,"Amends ERISA to impose coverage value requirements on employer-sponsored group health plans for dental benefits, directly affecting private employer obligations as plan sponsors.",1,enforcement,"Amends ERISA to impose new coverage value requirements on employer-sponsored group health plans offering dental benefits, directly creating mandatory obligations for private employers as plan sponsors."
hr2619-114,"To amend the Internal Revenue Code of 1986 to provide a tax credit to Patriot employers, and for other purposes.",Patriot Employer Tax Credit Act,Taxation,"Disability and paralysis|Employee benefits and pensions|Employee hiring|Employment and training programs|Income tax credits|Income tax deductions|Interest, dividends, interest rates|Labor standards|Taxation of foreign income|Veterans' education, employment, rehabilitation|Wages and earnings",1.0,tax_credit_introduction,"Introduces a tax credit for 'Patriot employers' that incentivizes private employers to meet specific wage and benefit obligations, including providing health coverage, retirement benefits, and wages above the federal poverty level.",1,tax_credit_introduction,"Introduces a tax credit for employers who meet specific wage, health coverage, and retirement benefit criteria, directly incentivizing compliance with wage and benefit obligations.",1,tax_credit_introduction,"Introduces a new tax credit for private employers who meet specified wage, health benefit, retirement benefit, and differential pay standards, directly incentivizing employer conduct related to wage and benefit obligations."
hr2317-114,To amend the Employee Retirement Income Security Act of 1974 to require a lifetime income disclosure.,Lifetime Income Disclosure Act,Labor and Employment,Administrative law and regulatory procedures|Department of Labor|Employee benefits and pensions|Government information and archives,1.0,enforcement,"The bill amends ERISA to mandate specific lifetime income disclosures for private employer-sponsored retirement plans, directly regulating how employers and plan administrators communicate benefit obligations to employees.",1,enforcement,"The bill amends ERISA to require lifetime income disclosures in pension benefit statements, directly imposing new administrative obligations on private employers as plan sponsors.",,,"This bill modifies ERISA disclosure requirements for pension benefit statements but does not impose new mandatory employer conduct obligations regarding plan funding, fiduciary duties, or participant rights; it only changes informational disclosure format."
hr5372-113,"To amend the Internal Revenue Code of 1986 to provide a tax credit to Patriot employers, and for other purposes.",Patriot Employer Tax Credit Act,Taxation,"Disability and paralysis|Employee benefits and pensions|Employee hiring|Employment and training programs|Income tax credits|Income tax deductions|Interest, dividends, interest rates|Labor standards|Taxation of foreign income|Veterans' education, employment, rehabilitation|Wages and earnings",1.0,tax_credit_introduction,"Introduces a tax credit for 'Patriot employers' that incentivizes private employers to provide minimum essential health coverage, retirement benefits, and wages above the federal poverty level, directly relating to employer-sponsored benefit and wage obligations.",1,tax_credit_introduction,"Introduces a tax credit for employers who meet specific wage, health coverage, and retirement benefit criteria, directly incentivizing compliance with wage and benefit obligations.",1,tax_credit_introduction,"Introduces a new tax credit for private employers who meet specified wage, health benefit, retirement benefit, and differential pay standards, directly incentivizing employer conduct related to wage and benefit obligations."
hr6325-114,"To establish an independent advisory committee to review certain regulations, and for other purposes.",Workforce Regulatory Review Act of 2016,Government Operations and Politics,,1.0,enforcement,"The bill establishes a commission to review and recommend the modification or repeal of regulations governing private employer obligations regarding wages, hours, and employee health, directly affecting the stringency of enforcement under laws like the FLSA and ERISA.",,,"The bill establishes a commission to review and recommend changes to regulations, but does not directly impose or modify private employer wage, hour, or benefit obligations.",1,enforcement,"The bill establishes a commission to review and recommend repeal or modification of regulations governing wages, hours, and employee health with the explicit goal of reducing regulatory requirements by one-third, directly weakening private employer wage and benefit obligations under statutes like FLSA and ERISA."
s984-112,A bill to allow Americans to earn paid sick time so that they can address their own health needs and the health needs of their families.,Healthy Families Act,Labor and Employment,"Civil actions and liability|Congressional oversight|Domestic violence and child abuse|Employee leave|Employment discrimination and employee rights|Government employee pay, benefits, personnel management|Government information and archives|Government liability|Government studies and investigations|Sex offenses|State and local government operations",1.0,enforcement,"The bill mandates that private employers provide paid sick time to employees, directly imposing new wage and benefit obligations on non-governmental employers regarding employee leave and compensation.",1,enforcement,"The bill mandates that private employers provide paid sick time, directly imposing new wage and benefit obligations on employers, aligning with FMLA-adjacent employer conduct.",1,enforcement,"Mandates that private employers with 15+ employees provide paid sick time accrual and usage rights, directly imposing new wage and hour obligations enforceable through civil actions and agency investigations."
hr377-113,"To amend the Fair Labor Standards Act of 1938 to provide more effective remedies to victims of discrimination in the payment of wages on the basis of sex, and for other purposes.",Paycheck Fairness Act,Labor and Employment,"Civil actions and liability|Employment discrimination and employee rights|Government information and archives|Government studies and investigations|Public contracts and procurement|Racial and ethnic relations|Sex, gender, sexual orientation discrimination|Small business|Wages and earnings|Women's employment",1.0,enforcement,"The bill amends the Fair Labor Standards Act to strengthen prohibitions against sex-based wage discrimination, revise the bona fide factor defense, and expand remedies and class action rights for private employers, directly regulating private employer wage obligations.",1,enforcement,"The bill amends the FLSA to strengthen enforcement against sex-based wage discrimination, directly affecting private employer wage obligations.",1,enforcement,"This bill strengthens the Equal Pay Act by tightening the standards for wage differential defenses, expanding remedies including punitive damages and class actions, and prohibiting retaliation against employees who discuss wages—all of which directly regulate private employer wage obligations under the FLSA."
hjres67-115,Disapproving the rule submitted by the Department of Labor relating to savings arrangements established by qualified State political subdivisions for non-governmental employees.,,Labor and Employment,Administrative law and regulatory procedures|Congressional oversight|Department of Labor|Employee benefits and pensions|State and local government operations,1.0,enforcement,"The bill disapproves a DOL rule that would have exempted state-run payroll deduction savings programs for private-sector employees from ERISA regulation, thereby maintaining stricter federal oversight and fiduciary obligations on these employer-related benefit arrangements.",1,enforcement,"The bill nullifies a Department of Labor rule that affects how state political subdivisions can establish payroll deduction savings programs for private-sector employees, impacting employer obligations under ERISA.",1,enforcement,"This resolution nullifies a DOL rule that would have allowed state political subdivisions to establish auto-enrollment retirement savings programs for private-sector employees without triggering ERISA plan sponsor obligations on employers, thereby affecting the scope of private employer retirement benefit obligations under ERISA."
s219-116,A bill to amend the Internal Revenue Code of 1986 to impose an excise tax on employers with low-wage employees.,Corporate Freeloader Fee Act,Taxation,Corporate finance and management|Employee benefits and pensions|Health care costs and insurance|Health care coverage and access|Poverty and welfare assistance|Sales and excise taxes|Wages and earnings,1.0,tax_credit_introduction,"The bill imposes an excise tax on employers with low-wage workers but reduces this tax for those providing health and retirement benefits, effectively functioning as a tax incentive (credit) for private employers to offer these benefits, which aligns with the category's scope on employer benefit obligations.",1,enforcement,"Imposes an excise tax on private employers with low-wage employees, incentivizing them to raise wages or provide health and retirement benefits, thus relating to employer wage and benefit obligations.",1,enforcement,"Imposes an excise tax penalty on private employers who pay wages below 218% of the federal poverty line, directly regulating employer wage practices by creating a financial disincentive for low-wage employment."
hr2161-112,"To amend the Immigration and Nationality Act to promote innovation, investment, and research in the United States, and for other purposes.",IDEA Act of 2011,Immigration,Administrative law and regulatory procedures|Administrative remedies|Business investment and capital|Department of Homeland Security|Department of Labor|Economic development|Education of the disadvantaged|Elementary and secondary education|Employee hiring|Employment and training programs|Employment discrimination and employee rights|Foreign and international corporations|Foreign labor|Government studies and investigations|Government trust funds|Immigration status and procedures|Minority education|Science and engineering education|Small business|Student aid and college costs|Temporary and part-time employment|Unemployment|User charges and fees|Visas and passports|Wages and earnings|Women's education,1.0,enforcement,"The bill revises H-1B and L-1 visa provisions to impose specific wage requirements and protections against U.S. worker displacement on private employers, directly regulating private employer wage obligations.",,,"The bill primarily addresses immigration policy and visa provisions, not private employer wage or benefit obligations.",1,enforcement,"The bill revises prevailing wage computation formulas and imposes wage requirements on private employers hiring H-1B and L-1B visa workers, directly regulating private employer wage obligations under immigration labor certification provisions."
s953-113,"A bill to amend the Higher Education Act of 1965 to extend the reduced interest rate for undergraduate Federal Direct Stafford Loans, to modify required distribution rules for pension plans, to limit earnings stripping by expatriated entities, to provide for modifications related to the Oil Spill Liability Trust Fund, and for other purposes.",Student Loan Affordability Act,Taxation,"Budget deficits and national debt|Employee benefits and pensions|Foreign and international corporations|Government lending and loan guarantees|Government trust funds|Higher education|Income tax deductions|Interest, dividends, interest rates|Oil and gas|Pollution liability|Sales and excise taxes|Student aid and college costs|Water quality",1.0,enforcement,"The bill modifies Internal Revenue Code rules regarding required distributions from tax-exempt pension plans upon an employee's death, directly regulating private employer obligations related to retirement benefit plans under ERISA.",,,"The bill primarily addresses student loan interest rates, pension plan distribution rules, and taxation issues, without imposing new obligations on private employers regarding wage, hour, or benefit compliance.",1,enforcement,"Modifies required distribution rules for tax-exempt pension plans under ERISA, directly tightening private employer obligations as plan sponsors regarding participant distributions upon death."
s3221-112,A bill to amend the National Labor Relations Act to permit employers to pay higher wages to their employees.,RAISE Act,Labor and Employment,Employment discrimination and employee rights|Labor-management relations|Wages and earnings,1.0,enforcement,"The bill amends the National Labor Relations Act to explicitly permit private employers to pay higher wages than those specified in collective bargaining agreements, directly regulating employer wage-setting conduct and employee compensation rights.",,,"The bill allows employers to pay higher wages than a collective bargaining agreement specifies, but it does not impose new wage obligations or address employer misconduct related to wage, hour, or benefit violations.",1,enforcement,"Amends the NLRA to modify employer wage obligations by explicitly permitting employers to pay wages above collectively bargained rates, directly affecting private employer wage-setting conduct under federal labor law."
s777-114,"A bill to permit employees to request, and to ensure employers consider requests for, flexible work terms and conditions, and for other purposes.",Flexibility for Working Families Act,Labor and Employment,"Administrative remedies|Civil actions and liability|Congressional agencies|Congressional officers and employees|Department of Labor|Employment discrimination and employee rights|Government Accountability Office (GAO)|Government employee pay, benefits, personnel management|Government information and archives|Judicial review and appeals|Labor standards|Labor-management relations|Library of Congress|State and local government operations",1.0,enforcement,"The bill imposes new obligations on private employers to consider employee requests for flexible work terms and prohibits interference with these rights, directly regulating employer conduct related to work hours and scheduling under the oversight of the Department of Labor.",1,enforcement,"The bill enforces employer obligations to consider employee requests for flexible work terms, impacting private employer wage and hour conditions under labor standards.",1,enforcement,"Establishes new employer obligations regarding consideration of employee requests for flexible work arrangements and creates enforcement mechanisms through the Department of Labor, directly regulating private employer conduct related to work terms and conditions."
hr3656-112,To amend the Internal Revenue Code of 1986 to provide for death and disability protection for loans from qualified employer plans.,Retirement Savings Security Act of 2011,Taxation,"Employee benefits and pensions|Income tax deferral|Income tax exclusion|Life, casualty, property insurance",1.0,enforcement,"The bill amends the Internal Revenue Code to regulate the terms of loans from qualified employer retirement plans (ERISA), specifically mandating protections against death and disability, which directly impacts private employer obligations regarding employee benefit plan administration.",,,"The bill addresses tax treatment and insurance options for loans from retirement plans, not employer wage or benefit obligations.",,,"Bill modifies optional features of qualified retirement plans by allowing participants to obtain insurance protection for plan loans, but does not impose new mandatory employer obligations regarding plan sponsorship, funding, fiduciary duties, or participant rights under ERISA."
s1302-113,A bill to amend the Employee Retirement Income Security Act of 1974 and the Internal Revenue Code of 1986 to provide for cooperative and small employer charity pension plans.,Cooperative and Small Employer Charity Pension Flexibility Act,Labor and Employment,"Congressional oversight|Employee benefits and pensions|Government studies and investigations|Social work, volunteer service, charitable organizations",1.0,enforcement,"The bill amends ERISA to establish specific funding standards, valuation rules, and restoration plan requirements for cooperative and small employer charity pension plans, directly regulating private employer obligations regarding employee retirement benefits.",1,enforcement,"The bill amends ERISA to establish minimum funding standards and other obligations for cooperative and small employer charity pension plans, directly affecting private employer pension plan obligations.",1,enforcement,"Amends ERISA to establish new minimum funding standards, contribution requirements, and fiduciary obligations for private employers sponsoring cooperative and small employer charity pension plans, directly regulating employer pension plan obligations."
s3429-114,"A bill to delay the implementation of the overtime rule submitted by the Department of Labor entitled ""Defining and Delimiting the Exemptions for Executive, Administrative, Professional, Outside Sales and Computer Employees"" for a period of 2 years in States in which the President has declared that a major disaster exists.",Small Business Survival from Disaster Act,Labor and Employment,,1.0,enforcement,"The bill delays the implementation of Department of Labor overtime rules, directly affecting the stringency of FLSA regulations regarding private employer obligations for overtime pay.",1,enforcement,"Delays the implementation of a Department of Labor rule that revises overtime pay thresholds, affecting private employer wage obligations under the FLSA.",1,enforcement,"The bill delays implementation of DOL overtime rules that expand FLSA overtime protections for white-collar employees, directly affecting private employer wage and hour obligations under federal law."
s641-114,A bill to amend the Internal Revenue Code of 1986 to extend the employer wage credit for activated military reservists.,Military Reserve Small Business Jobs Act of 2015,Taxation,Income tax credits|Military personnel and dependents|Small business|Wages and earnings,1.0,tax_credit_introduction,"The bill extends a tax credit for small business employers who pay differential wages to employees activated for military service, incentivizing private employers to maintain wage obligations and job security for reservists under USERRA-related conduct.",1,tax_credit_introduction,"Extends a tax credit incentivizing private employers to continue wage payments for employees on active military duty, directly relating to employer wage obligations under USERRA.",1,tax_credit_introduction,"Extends a tax credit incentivizing small business employers to make differential wage payments to employees called to active military duty, directly relating to private employer wage obligations for reservists under USERRA-adjacent conduct."
hr2125-112,To amend the Fair Labor Standards Act of 1938 to require certain disclosures by employers who use electronic payroll cards to pay their employees.,Electronic Paycard Protection Act of 2011,Labor and Employment,Computers and information technology|Employment discrimination and employee rights|User charges and fees|Wages and earnings,1.0,enforcement,"The bill amends the Fair Labor Standards Act to impose specific disclosure and fee-prohibition requirements on private employers using electronic payroll cards, directly regulating how wages are paid and protected.",1,enforcement,"The bill amends the FLSA to require disclosures and protections for employees paid via electronic payroll cards, directly regulating private employer wage payment practices.",1,enforcement,"Amends the FLSA to impose new disclosure and access requirements on private employers who use electronic payroll cards to pay employees, directly regulating employer wage payment practices and prohibiting retaliation against employees who opt out."
hr3555-114,"To provide tax relief for American workers and businesses, to put workers back on the job while rebuilding and modernizing America, and to provide pathways back to work for Americans looking for jobs.",Jobs! Jobs! Jobs! Act of 2015,Labor and Employment,"Accounting and auditing|Appropriations|Aviation and airports|Budget deficits and national debt|Budget process|Business investment and capital|Buy American requirements|Civil actions and liability|Education programs funding|Educational facilities and institutions|Electric power generation and transmission|Elementary and secondary education|Employee hiring|Employment and training programs|Employment discrimination and employee rights|Executive agency funding and structure|Financial services and investments|First responders and emergency personnel|Fraud offenses and financial crimes|Government buildings, facilities, and property|Government corporations and government-sponsored enterprises|Government lending and loan guarantees|Government studies and investigations|Higher education|Housing and community development funding|Housing supply and affordability|Income tax credits|Income tax deductions|Income tax exclusion|Income tax rates|Infrastructure development|Labor standards|Law enforcement administration and funding|Law enforcement officers|Legal fees and court costs|Low- and moderate-income housing|Metals|Motor carriers|National Railroad Passenger Corporation (Amtrak)|Navigation, waterways, harbors|Noise pollution|Oil and gas|Preschool education|Public contracts and procurement|Public transit|Railroads|Residential rehabilitation and home repair|Roads and highways|Rural conditions and development|Securities|Small business|State and local finance|Taxation of foreign income|Transportation employees|Transportation programs funding|U.S. territories and protectorates|Unemployment|User charges and fees|Wages and earnings|Water resources funding|Youth employment and child labor",1.0,enforcement,"The bill requires laborers and mechanics on federally-assisted projects to be paid wages at locally-prevailing rates, directly imposing wage obligations on private contractors and subcontractors.",,,"The bill primarily focuses on infrastructure development, tax relief, and employment programs, without directly imposing obligations on private employers regarding wage, hour, or benefit compliance.",1,enforcement,"The bill imposes prevailing wage requirements on private contractors and subcontractors working on federally-assisted projects, directly regulating private employer wage obligations under the Davis-Bacon Act framework."
hr2927-115,To amend the Internal Revenue Code of 1986 to include apprentices as members of targeted groups for purposes of the work opportunity credit.,Helpful Incentives to Restore the Economic Dream Act of 2017,Taxation,Employment and training programs|Income tax credits|Wages and earnings,1.0,tax_credit_introduction,"Introduces a tax credit for wages paid to apprentices, which qualifies as a credit specifically tied to employer-provided job training.",,,"The bill introduces a tax credit for hiring apprentices, which incentivizes hiring decisions but does not directly relate to private employer wage or benefit obligations.",,,"This bill introduces a general hiring tax credit for employers who hire apprentices, which incentivizes hiring decisions rather than addressing wage, hour, or benefit compliance obligations."
hr4677-111,"To amend title 11, United States Code, to improve protections for employees and retirees in business bankruptcies.",Protecting Employees and Retirees in Business Bankruptcies Act of 2010,Finance and Financial Sector,Bankruptcy|Corporate finance and management|Employee benefits and pensions|Health care costs and insurance|Labor-management relations|Securities|Unemployment|Wages and earnings,1.0,enforcement,"The bill strengthens protections for private employer obligations regarding wages, severance, and retiree benefits during bankruptcy proceedings, directly impacting the enforcement of wage and benefit claims under federal law.",1,enforcement,"The bill enhances protections for employees and retirees in business bankruptcies, directly affecting private employer obligations regarding wages, benefits, and pension plans under ERISA and related statutes.",1,enforcement,"This bill strengthens private employer obligations under bankruptcy law by increasing priority wage claim limits, requiring severance pay as administrative expenses, imposing stricter standards for rejecting collective bargaining agreements, mandating consideration of job preservation in asset sales, and enhancing protections for employee pension and retiree benefit plans—all of which directly regulate employer wage, hour, and benefit conduct under FLSA, ERISA, and related statutes."
hr2881-114,To amend the Internal Revenue Code of 1986 to modify the definition of applicable large employer for purposes of the employer mandate in the Patient Protection and Affordable Care Act.,Small Business Job Protection Act of 2015,Health,Employee benefits and pensions|Health care costs and insurance|Health care coverage and access|Sales and excise taxes|Small business,1.0,enforcement,"The bill modifies the threshold for the employer mandate under the Affordable Care Act, directly regulating the obligation of private employers to provide health insurance benefits to their employees.",1,enforcement,"Modifies the employer mandate under the ACA by changing the definition of 'applicable large employer,' affecting private employer obligations to provide health insurance benefits.",1,enforcement,"Modifies the employer mandate threshold under the ACA, directly changing which private employers are legally obligated to provide group health insurance coverage to employees, thereby affecting employer-sponsored benefit plan obligations under ERISA."
s636-115,A bill to allow Americans to earn paid sick time so that they can address their own health needs and the health needs of their families.,Healthy Families Act,Labor and Employment,"Assault and harassment offenses|Civil actions and liability|Congressional agencies|Congressional officers and employees|Congressional oversight|Domestic violence and child abuse|Employee leave|Employment discrimination and employee rights|Government Accountability Office (GAO)|Government employee pay, benefits, personnel management|Government information and archives|Government liability|Government studies and investigations|Library of Congress|Marriage and family status|Merit Systems Protection Board|Sex offenses|Small business|State and local government operations",1.0,enforcement,"The bill mandates that private employers provide paid sick time to employees, directly regulating employer obligations regarding employee benefits and leave.",1,enforcement,"The bill mandates that private employers provide paid sick time, directly imposing new wage and benefit obligations on non-governmental employers.",1,enforcement,"Imposes new mandatory paid sick time obligations on private employers with 15+ employees, directly regulating employer wage and hour practices under labor law."
s998-112,"A bill to amend title IV of the Employee Retirement Income Security Act of 1974 to require the Pension Benefit Guaranty Corporation, in the case of airline pilots who are required by regulation to retire at age 60, to compute the actuarial value of monthly benefits in the form of a life annuity commencing at age 60.",Pension Benefit Guaranty Corporation Pilots Equitable Treatment Act,Labor and Employment,Aviation and airports|Employee benefits and pensions|Transportation employees,1.0,enforcement,"The bill amends ERISA to mandate specific actuarial calculations for pension benefits for airline pilots, directly regulating the obligations of private employers and plan sponsors regarding retirement benefits.",1,enforcement,"Amends ERISA to adjust pension benefit calculations for airline pilots, directly affecting employer obligations under retirement plan rules.",,,"This bill modifies how PBGC calculates guaranteed benefits for airline pilots with mandatory retirement ages, but does not impose new wage, hour, or benefit obligations on private employers as plan sponsors; it addresses government insurance calculations rather than employer conduct."
hr1827-115,"To amend the Family and Medical Leave Act of 1993 to provide a partial exemption to veterans from the eligibility requirements, and for other purposes.",Medical Leave for Disabled Veterans Act,Labor and Employment,"Disability and paralysis|Employee leave|Hospital care|Veterans' education, employment, rehabilitation|Veterans' medical care",1.0,enforcement,"The bill amends the Family and Medical Leave Act (FMLA) to expand eligibility for medical leave for disabled veterans, directly imposing obligations on private employers to provide protected leave under specific conditions.",1,enforcement,"Amends FMLA to adjust eligibility requirements for medical leave for disabled veterans, directly affecting private employer obligations under FMLA.",1,enforcement,"Amends the FMLA to reduce eligibility thresholds for disabled veterans, directly modifying private employer obligations under federal leave law."
hr1926-114,"To improve compliance with mine safety and health laws, empower miners to raise safety concerns, prevent future mine tragedies, and for other purposes.",Robert C. Byrd Mine Safety Protection Act of 2015,Labor and Employment,"Accidents|Administrative law and regulatory procedures|Administrative remedies|Air quality|Business records|Cardiovascular and respiratory health|Civil actions and liability|Coal|Congressional oversight|Criminal investigation, prosecution, interrogation|Criminal procedure and sentencing|Department of Labor|Employment and training programs|Employment discrimination and employee rights|Environmental assessment, monitoring, research|Evidence and witnesses|Government employee pay, benefits, personnel management|Government studies and investigations|Labor standards|Lawyers and legal services|Medical tests and diagnostic methods|Mining|Wages and earnings|Worker safety and health",1.0,enforcement,"The bill mandates that mine operators provide full compensation at the regular rate of pay for miners idled due to safety withdrawal orders, directly imposing a wage obligation on private employers.",,,"The bill focuses on mine safety and health regulations, accident investigations, and miner protections, which do not directly relate to private employer wage, hour, or benefit obligations.",1,enforcement,"The bill strengthens enforcement of mine safety laws including provisions requiring mine operators to provide full compensation to idled miners during withdrawal orders, prohibiting discharge of miners without job-related grounds, and imposing civil penalties for violations—all of which directly regulate private employer wage and employment obligations under federal mine safety statutes."
hr3165-113,"To repeal the Patient Protection and Affordable Care Act and to take meaningful steps to lower health care costs and increase access to health insurance coverage without raising taxes, cutting Medicare benefits for seniors, adding to the national deficit, intervening in the doctor-patient relationship, or instituting a government takeover of health care.",Common Sense Health Reform Americans Actually Want Act,Health,Abortion|Administrative law and regulatory procedures|Administrative remedies|Child health|Civil actions and liability|Comprehensive health care|Department of Health and Human Services|Disability and health-based discrimination|Emergency medical services and trauma care|Employee benefits and pensions|Evidence and witnesses|Executive agency funding and structure|Family relationships|Federal preemption|Government information and archives|Health care costs and insurance|Health care coverage and access|Health care quality|Health facilities and institutions|Health information and medical records|Health personnel|Health promotion and preventive care|Income tax deductions|Intergovernmental relations|Judicial procedure and administration|Judicial review and appeals|Jurisdiction and venue|Medicaid|Medical ethics|Medical research|Medicare|Small business|State and local government operations,1.0,enforcement,"The bill amends ERISA to establish governance rules for small business health plans and mandates dependent coverage until age 26, directly imposing obligations on private employers sponsoring group health benefit plans.",,,"The bill primarily addresses health care reform, insurance coverage, and tax deductions related to health insurance, without imposing new obligations on private employers regarding wage, hour, or benefit compliance under ERISA or related statutes.",1,enforcement,"The bill amends ERISA to establish small business health plans and modifies group health plan requirements regarding dependent coverage and preexisting condition exclusions, directly imposing obligations on private employers as plan sponsors under ERISA."
s1566-114,A bill to amend the Public Health Service Act to require group and individual health insurance coverage and group health plans to provide for coverage of oral anticancer drugs on terms no less favorable than the coverage provided for anticancer medications administered by a health care provider.,Cancer Drug Coverage Parity Act of 2015,Health,Cancer|Drug therapy|Health care costs and insurance|Health care coverage and access|Prescription drugs,1.0,enforcement,"The bill imposes direct obligations on private employers sponsoring group health plans to provide parity in coverage for oral anticancer drugs, regulating employer-sponsored benefit plan terms under ERISA and the Public Health Service Act.",,,"The bill addresses health insurance coverage requirements for anticancer drugs, not private employer wage or benefit obligations under ERISA or related statutes.",1,enforcement,"This bill amends ERISA-governed group health plans by imposing mandatory coverage parity requirements on employer-sponsored plans for oral versus IV anticancer drugs, directly creating new employer obligations as plan sponsors."
s1977-112,A bill to amend the Fair Labor Standards Act of 1938 to provide that over-the-road bus drivers are covered under the maximum hours requirements.,Driver Fatigue Prevention Act,Labor and Employment,Labor standards|Motor carriers|Transportation employees|Transportation safety and security,1.0,enforcement,"The bill amends the Fair Labor Standards Act to extend maximum hours requirements to over-the-road bus drivers, directly regulating private employer obligations regarding worker hours and fatigue prevention.",1,enforcement,"Extends FLSA maximum hours requirements to over-the-road bus drivers, directly affecting private employer wage and hour obligations.",1,enforcement,"Amends the FLSA to extend maximum hours requirements to over-the-road bus drivers, directly expanding private employer wage and hour obligations under federal law."
hr2821-113,"To provide tax relief for American workers and businesses, to put workers back on the job while rebuilding and modernizing America, and to provide pathways back to work for Americans looking for jobs.",American Jobs Act of 2013,Labor and Employment,"Accounting and auditing|Appropriations|Aviation and airports|Budget deficits and national debt|Budget process|Business investment and capital|Buy American requirements|Civil actions and liability|Education programs funding|Educational facilities and institutions|Electric power generation and transmission|Elementary and secondary education|Employee hiring|Employment and training programs|Employment discrimination and employee rights|Executive agency funding and structure|Financial services and investments|First responders and emergency personnel|Fraud offenses and financial crimes|Government buildings, facilities, and property|Government corporations and government-sponsored enterprises|Government lending and loan guarantees|Government studies and investigations|Higher education|Housing and community development funding|Housing supply and affordability|Income tax credits|Income tax deductions|Income tax exclusion|Income tax rates|Infrastructure development|Labor standards|Law enforcement administration and funding|Law enforcement officers|Legal fees and court costs|Low- and moderate-income housing|Metals|Motor carriers|National Railroad Passenger Corporation (Amtrak)|Navigation, waterways, harbors|Noise pollution|Oil and gas|Preschool education|Public contracts and procurement|Public transit|Railroads|Residential rehabilitation and home repair|Roads and highways|Rural conditions and development|Securities|Small business|State and local finance|Taxation of foreign income|Transportation employees|Transportation programs funding|Unemployment|User charges and fees|Wages and earnings|Water resources funding|Youth employment and child labor",1.0,enforcement,"The bill mandates that laborers and mechanics on federally-assisted projects be paid wages at locally prevailing rates under the Davis-Bacon Act, directly regulating private employer wage obligations.",1,enforcement,"The bill requires contractors and subcontractors on federally-assisted projects to pay wages at locally prevailing rates under the Davis-Bacon Act, directly affecting private employer wage obligations.",1,enforcement,"The bill imposes prevailing wage requirements (Davis-Bacon Act) on private contractors and subcontractors working on federally-assisted projects, directly regulating private employer wage obligations."
s1317-114,A bill to amend the Employee Retirement Income Security Act of 1974 to require a lifetime income disclosure.,Lifetime Income Disclosure Act,Labor and Employment,Administrative law and regulatory procedures|Department of Labor|Employee benefits and pensions|Government information and archives,1.0,enforcement,"The bill amends ERISA to impose new disclosure obligations on private employers sponsoring individual account pension plans, directly regulating employer conduct regarding retirement benefit transparency.",1,enforcement,"The bill amends ERISA to require lifetime income disclosures in pension benefit statements, directly imposing new administrative obligations on private employers as plan sponsors.",,,"This bill modifies disclosure requirements for pension benefit statements under ERISA but does not impose new mandatory employer conduct obligations regarding funding, fiduciary duties, or plan maintenance; it merely requires additional informational disclosures to participants."
hr6025-111,To amend the Internal Revenue Code of 1986 to allow manufacturing businesses to establish tax-free manufacturing reinvestment accounts to assist them in providing for new equipment and facilities and workforce training.,Manufacturing Reinvestment Account Act of 2010,Taxation,Business investment and capital|Income tax deductions|Income tax exclusion|Manufacturing,1.0,tax_credit_introduction,"The bill introduces a tax deduction (functioning as a tax credit/incentive) for manufacturing businesses to fund employee job training and workforce development, which qualifies under the exception for credits specifically tied to employer-provided job training.",,,"The bill provides tax benefits for manufacturing reinvestment accounts, focusing on equipment, facilities, and workforce training, but does not directly regulate or enforce private employer wage, hour, or benefit obligations.",1,tax_credit_introduction,"Introduces a tax-advantaged account allowing manufacturers to make tax-deductible contributions for workforce training and job development, incentivizing private employers to invest in employee training programs related to wage and hour conduct."
hr3453-113,"To reauthorize the VOW to Hire Heroes Act of 2011, to provide assistance to small businesses owned by veterans, to improve enforcement of employment and reemployment rights of members of the uniformed services, and for other purposes.",Putting Our Veterans Back to Work Act of 2013,Armed Forces and National Security,"Civil actions and liability|Congressional oversight|Disability and paralysis|Employee hiring|Employment and training programs|Employment discrimination and employee rights|Evidence and witnesses|Fires|First responders and emergency personnel|Government studies and investigations|Law enforcement officers|Public contracts and procurement|Unemployment|Veterans' education, employment, rehabilitation",1.0,enforcement,"The bill strengthens enforcement mechanisms for the Uniformed Services Employment and Reemployment Rights Act (USERRA), which protects private and state employers from discriminating against or failing to reinstate employees returning from military service, directly regulating private employer conduct regarding employee rights and benefits.",1,enforcement,"Improves enforcement of employment and reemployment rights under USERRA, directly affecting private employer obligations regarding veterans' employment rights.",1,enforcement,"The bill strengthens USERRA enforcement by allowing veterans to intervene in AG actions, imposing AG notification deadlines, authorizing contractor debarment for USERRA violations, and granting investigative subpoena powers—all directly tightening private employer obligations regarding reemployment rights of uniformed service members."
hr4092-115,"To create a nonimmigrant H-2C work visa program for agricultural workers, and for other purposes.",AG Act,Immigration,"Administrative law and regulatory procedures|Alternative dispute resolution, mediation, arbitration|Aquaculture|Department of Labor|Employee benefits and pensions|Food industry and services|Foreign labor|Forests, forestry, trees|Government trust funds|Health care costs and insurance|Health care coverage and access|Immigration status and procedures|Income tax credits|Migrant, seasonal, agricultural labor|Seafood|Temporary and part-time employment|Visas and passports|Wages and earnings|Worker safety and health",1.0,enforcement,"The bill establishes specific wage and benefit obligations for private agricultural employers hiring H-2C visa holders, including penalties for failure to pay required wages or benefits, which directly regulates private employer conduct regarding wage and hour compliance.",1,enforcement,"The bill sets forth provisions regarding penalties for failure to pay wages or required benefits and addresses working conditions and wages for H-2C workers, directly relating to private employer wage and benefit obligations.",1,enforcement,"The bill establishes penalties for private agricultural employers who fail to pay required wages or benefits to H-2C workers, and sets forth provisions governing working conditions, wages, and worker protections—directly regulating private employer wage and benefit obligations under a new visa program."
s1486-114,"A bill to amend the Internal Revenue Code of 1986 to provide a tax credit to Patriot employers, and for other purposes",Patriot Employer Tax Credit Act,Taxation,"Disability and paralysis|Employee benefits and pensions|Employee hiring|Employment and training programs|Income tax credits|Income tax deductions|Interest, dividends, interest rates|Labor standards|Taxation of foreign income|Veterans' education, employment, rehabilitation|Wages and earnings",1.0,tax_credit_introduction,"Introduces a tax credit for 'Patriot employers' that incentivizes private employers to provide minimum essential health coverage, retirement benefits, and wages above the federal poverty level, directly relating to employer-sponsored benefit obligations.",1,tax_credit_introduction,"Introduces a tax credit for employers who meet specific wage, health coverage, and retirement benefit criteria, directly incentivizing compliance with wage and benefit obligations.",1,tax_credit_introduction,"Introduces a new tax credit for private employers who meet specified wage, retirement benefit, and health coverage standards, directly incentivizing employer conduct related to wage and benefit obligations."
hr438-113,"To amend the Fair Labor Standards Act of 1938 to prohibit discrimination in the payment of wages on account of sex, race, or national origin, and for other purposes.",Fair Pay Act of 2013,Labor and Employment,"Civil actions and liability|Employment discrimination and employee rights|Government information and archives|Government studies and investigations|Legal fees and court costs|Racial and ethnic relations|Sex, gender, sexual orientation discrimination|Wages and earnings",1.0,enforcement,"The bill amends the Fair Labor Standards Act to prohibit wage discrimination based on sex, race, or national origin, directly regulating private employer wage payment obligations and strengthening enforcement mechanisms for wage-related misconduct.",1,enforcement,"Amends the FLSA to prohibit wage discrimination based on sex, race, or national origin, directly affecting private employer wage obligations.",1,enforcement,"Amends the FLSA to prohibit wage discrimination by private employers based on sex, race, or national origin, directly strengthening employer wage obligations and enforcement mechanisms including class action provisions."
s1045-112,"A bill to amend the Public Health Service Act, the Employee Retirement Income Security Act of 1974, and the Internal Revenue Code of 1986 to require that group and individual health insurance coverage and group health plans provide coverage for treatment of a minor child's congenital or developmental deformity or disorder due to trauma, burns, infection, tumor, or disease.",Children's Access to Reconstructive Evaluation & Surgery (CARES) Act of 2011,Health,Accidents|Child health|Emergency medical services and trauma care|Employee benefits and pensions|Health care costs and insurance|Health care coverage and access|Hereditary and development disorders|Surgery and anesthesia,1.0,enforcement,"The bill amends ERISA to mandate that private employer-sponsored group health plans cover specific reconstructive surgical treatments for minors, directly imposing obligations on non-governmental employers regarding their employee benefit plans.",1,enforcement,"Amends ERISA to require employer-sponsored group health plans to cover specific reconstructive treatments for minors, directly imposing new obligations on private employers as plan sponsors.",1,enforcement,"Amends ERISA to impose mandatory coverage requirements on private employers as sponsors of group health plans, directly expanding employer obligations under ERISA regarding the scope of benefits that must be provided."
s143-112,"A bill to amend the Internal Revenue Code of 1986 to clarify the treatment of church pension plans, and for other purposes.",Church Plan Clarification Act of 2011,Taxation,Employee benefits and pensions|Financial services and investments|Religion,1.0,enforcement,"The bill amends ERISA to include church plans under automatic enrollment provisions and applies limitations on benefits and contributions, directly regulating private employer obligations regarding employee pension and retirement benefit plans.",,,"The bill addresses the tax treatment and structural aspects of church pension plans, which are not subject to ERISA's private employer obligations, and thus does not involve private employer wage or benefit obligations.",,,"This bill modifies optional tax treatment and ERISA classification rules for church pension plans without imposing new mandatory employer conduct obligations regarding wage, hour, or benefit violations."
hr1809-112,To amend the Employee Retirement Income Security Act of 1974 to ensure health care coverage value and transparency for dental benefits under group health plans.,Dental Coverage Value and Transparency Act of 2011,Health,Dental care|Employee benefits and pensions|Health care costs and insurance|Health care coverage and access,1.0,enforcement,"The bill amends ERISA to impose transparency and value requirements on dental benefits under group health plans, directly regulating private employer obligations regarding employee welfare benefits.",1,enforcement,"Amends ERISA to impose coverage and transparency standards on employer-sponsored group health plans for dental benefits, directly affecting private employer obligations as plan sponsors.",1,enforcement,"Amends ERISA to impose new transparency and coverage value requirements on private employers as sponsors of group health plans offering dental benefits, directly creating new employer obligations under ERISA."
hr6519-111,"To amend title 49, United States Code, with respect to hours of service rules for railroad employees.",Railroad Hours of Service Act of 2010,Transportation and Public Works,Labor standards|Railroads|Transportation employees|Transportation safety and security|Worker safety and health,1.0,enforcement,"The bill tightens hours of service regulations for railroad employees, directly imposing stricter obligations on private railroad carriers regarding worker duty hours and rest periods, which aligns with wage and hour enforcement.",,,"The bill addresses hours of service rules for railroad employees, focusing on transportation safety and labor standards, but does not impose wage, hour, or benefit obligations on private employers as defined by the Violation Tracker category.",1,enforcement,"Amends hours of service requirements under 49 U.S.C. for railroad employees, imposing stricter duty-hour limitations and rest period requirements on private railroad carriers as employers, directly regulating wage-and-hour-adjacent working conditions similar to FLSA overtime protections."
hr2575-114,To amend the Fair Minimum Wage Act of 2007 to postpone a scheduled increase in the minimum wage applicable to American Samoa.,,Labor and Employment,American Samoa|Labor standards|Wages and earnings,1.0,enforcement,"The bill amends the Fair Minimum Wage Act to postpone scheduled minimum wage increases for American Samoa, directly regulating the statutory wage obligations applicable to private employers in that jurisdiction.",1,enforcement,"Postpones a scheduled increase in the minimum wage for American Samoa, directly affecting private employer wage obligations under the FLSA.",1,enforcement,"The bill modifies the timing of minimum wage increases under the Fair Minimum Wage Act of 2007 for private employers in American Samoa, directly affecting employer wage obligations under the FLSA."
hr5944-111,To amend the Family and Medical Leave Act of 1993 to clarify the eligibility requirements with respect to railroad Hours of Service employees.,Railroad Hours of Service Employees Technical Corrections Act,Transportation and Public Works,Employee leave|Railroads|Transportation employees,1.0,enforcement,"The bill amends the Family and Medical Leave Act (FMLA) to clarify eligibility requirements for railroad employees, directly regulating private employer obligations regarding protected leave entitlements.",1,enforcement,"Amends FMLA to clarify eligibility for railroad employees, directly affecting private employer obligations regarding employee leave.",1,enforcement,"Amends FMLA eligibility requirements for railroad employees, directly modifying the statutory framework governing private employer obligations to provide protected leave under federal wage and hour law."
s3419-112,"A bill to provide for the establishment of the United States Employee Ownership Bank, and for other purposes.",United States Employee Ownership Bank Act,Labor and Employment,"Bank accounts, deposits, capital|Banking and financial institutions regulation|Corporate finance and management|Department of the Treasury|Employee benefits and pensions|Employment discrimination and employee rights|Executive agency funding and structure|Government lending and loan guarantees|Labor-management relations|Unemployment",1.0,enforcement,"The bill amends the WARN Act to impose a specific obligation on private employers facing plant closings to offer employees the opportunity to purchase the facility through an ESOP or worker-owned cooperative, directly regulating employer conduct during mass layoffs.",1,enforcement,"Amends the WARN Act to require employers to offer employees the opportunity to purchase a plant or facility through an employee stock ownership plan, directly affecting employer obligations related to plant closings.",1,enforcement,"The bill amends the WARN Act to impose a new mandatory obligation on private employers ordering plant closings: they must offer employees an opportunity to purchase the facility through an employee ownership structure, directly expanding employer obligations under federal labor law."
s1321-115,"A bill to amend the Employee Retirement Income Security Act of 1974 to ensure that retirement investors receive advice in their best interests, and for other purposes.",Affordable Retirement Advice Protection Act,Labor and Employment,Administrative law and regulatory procedures|Department of Labor|Employee benefits and pensions|Financial services and investments,1.0,enforcement,"The bill amends ERISA to strengthen fiduciary duties and regulatory requirements for investment advice provided to participants in employer-sponsored retirement plans, directly addressing private employer obligations regarding pension and retirement benefit management.",1,enforcement,"The bill modifies ERISA fiduciary requirements for investment advice related to employer-sponsored retirement plans, directly affecting private employer obligations as plan sponsors.",1,enforcement,"Amends ERISA to modify fiduciary obligations and prohibited transaction rules for private employers sponsoring retirement plans, directly affecting employer obligations regarding investment advice provided to plan participants."
hr801-116,To amend the Internal Revenue Code of 1986 to allow for a credit against tax for employers of reservists.,"Reserve Component Employer Incentive, Compensation, and Relief Act of 2019",Taxation,Income tax credits|Military personnel and dependents|National Guard and reserves,1.0,tax_credit_introduction,"Introduces a tax credit for private employers who retain reservists, incentivizing compliance with USERRA-related obligations regarding the retention and benefits of employees called to military service.",1,tax_credit_introduction,"Introduces a tax credit for employers of reservists, incentivizing private employers to support employees who serve in the National Guard or reserves, relating to employer obligations under USERRA.",1,tax_credit_introduction,"Introduces a new tax credit incentivizing private employers to retain employees who are called to military reserve duty, relating to employer obligations toward reservist employees under USERRA and similar protections."
hr4616-115,To amend the Patient Protection and Affordable Care Act to provide for a temporary moratorium on the employer mandate and to provide for a delay in the implementation of the excise tax on high cost employer-sponsored health coverage.,Employer Relief Act of 2018,Health,,1.0,enforcement,"The bill suspends the ACA employer mandate, which is a statutory obligation requiring applicable large employers to offer minimum essential coverage to their employees, thereby directly altering private employer benefit obligations under ERISA-adjacent health coverage rules.",,,"The bill suspends the employer mandate for health insurance coverage and delays the excise tax on high-cost plans, but does not impose new obligations on private employers regarding wage, hour, or benefit compliance under ERISA or related statutes.",1,enforcement,"The bill temporarily suspends the employer mandate requiring large employers to provide health insurance and delays the excise tax on high-cost employer-sponsored health plans, both of which are direct obligations on private employers under ERISA and the ACA regarding employer-sponsored group health benefits."
