bill_id,official_title,short_title,policy_area,subjects,category_step1,reason_step1,category_4o,bill_type_4o,bill_category_4o,reason_4o,category_sonnet,bill_type_sonnet,bill_category_sonnet,reason_sonnet,category_opus,bill_type_opus,bill_category_opus,reason_opus
s792-115,"A bill to amend the Immigration and Nationality Act to establish an H-2B temporary non-agricultural work visa program, and for other purposes.",Save Our Small and Seasonal Businesses Act of 2017,Immigration,Administrative remedies|Congressional oversight|Department of Homeland Security|Foreign labor|Government information and archives|Government studies and investigations|Immigration status and procedures|Temporary and part-time employment|Visas and passports,1.0,"The bill establishes specific wage requirements and worker protections for private employers utilizing H-2B temporary non-agricultural workers, directly regulating employer obligations regarding compensation and labor standards.",,,,"The bill primarily addresses immigration procedures and requirements for H-2B visas, not private employer wage, hour, or benefit obligations.",,,,"This bill's primary subject is immigration law and the H-2B temporary visa program; while it includes provisions about wages and working conditions for H-2B workers, these are conditions of the visa program rather than general private employer wage obligations, and the bill does not primarily regulate private employer wage, hour, or benefit conduct under statutes like FLSA or ERISA.",1,enforcement,wage_hour,"The bill establishes detailed requirements for private H-2B employers regarding wages, U.S. worker protections, recruitment, housing, and transportation obligations, directly imposing wage and labor obligations on private employers who hire temporary nonagricultural workers."
hr4777-111,To amend the Internal Revenue Code of 1986 to provide an exemption for employer payroll taxes during 2010 for wages with respect to the employment of new hires and to provide a credit for retaining employees.,,Taxation,"Employment taxes|Government trust funds|Income tax credits|Social security and elderly assistance|Social work, volunteer service, charitable organizations|Unemployment|Wages and earnings",1.0,"The bill provides tax incentives for private employers to hire and retain workers at specified wage levels, directly influencing employer wage obligations and employment practices.",,,,"The bill primarily offers tax exemptions and credits for hiring and retaining employees, which are general tax incentives rather than direct regulations on private employer wage, hour, or benefit obligations.",,,,"This bill provides tax credits for hiring and retaining workers, which incentivizes general hiring decisions rather than regulating private employer wage, hour, or benefit compliance obligations.",,,,"This bill provides a payroll tax exemption and a tax credit for hiring and retaining new employees; these are general hiring incentives (tax credits for hiring workers from specific groups like the unemployed), not regulations imposing wage, hour, or benefit obligations on private employers."
hr1907-113,"To amend the Public Health Service Act to establish direct care registered nurse-to-patient staffing ratio requirements in hospitals, and for other purposes.",Nurse Staffing Standards for Patient Safety and Quality Care Act of 2013,Health,Administrative law and regulatory procedures|Administrative remedies|Civil actions and liability|Department of Health and Human Services|Employment discrimination and employee rights|Government information and archives|Government studies and investigations|Health care quality|Health facilities and institutions|Health personnel|Health programs administration and funding|Hospital care|Medicaid|Medical education|Medicare|Military medicine|Nursing|Student aid and college costs|Veterans' medical care,1.0,"The bill prohibits hospitals (private employers) from retaliating against nurses for refusing assignments that violate staffing ratios or for filing good faith complaints regarding care conditions, which constitutes a whistleblower protection mechanism related to employment rights and working conditions.",,,,"The bill primarily addresses nurse staffing ratios in hospitals, which is a healthcare quality and patient safety issue, not a private employer wage, hour, or benefit obligation.",,,,"This bill primarily regulates hospital staffing ratios and patient safety standards, not private employer wage, hour, or benefit obligations; the nurse assignment protections address workplace safety conditions rather than compensation or benefits.",,,,"This bill amends the Public Health Service Act to impose nurse-to-patient staffing ratios in hospitals as a patient safety and healthcare quality measure; while it includes employee anti-retaliation protections, its central purpose is regulating hospital staffing levels for patient care quality rather than imposing private employer wage, hour, or benefit obligations."
s273-113,A bill to modify the definition of fiduciary under the Employee Retirement Income Security Act of 1974 to exclude appraisers of employee stock ownership plans.,,Labor and Employment,Accounting and auditing|Employee benefits and pensions|Securities,1.0,"The bill amends ERISA to modify fiduciary definitions for employee stock ownership plans, directly addressing employer obligations regarding retirement benefit plans.",,,,"The bill modifies the definition of fiduciary under ERISA to exclude appraisers of ESOPs, which does not impose new mandatory obligations on private employers as plan sponsors.",1,enforcement,pension,"Amends ERISA to narrow the definition of fiduciary for employee stock ownership plans, thereby weakening private employer fiduciary obligations under pension law.",1,enforcement,pension,"The bill amends ERISA to exclude ESOP appraisers from fiduciary status, directly weakening the fiduciary obligations imposed on parties involved in private employer-sponsored retirement plans."
hr2234-112,To amend the Fair Labor Standards Act of 1938 to strengthen the provisions relating to child labor.,CARE Act of 2011,Labor and Employment,"Administrative law and regulatory procedures|Crimes against children|Department of Labor|Hazardous wastes and toxic substances|Labor standards|Migrant, seasonal, agricultural labor|Worker safety and health|Youth employment and child labor",1.0,"The bill amends the Fair Labor Standards Act to strengthen child labor prohibitions and penalties, which directly regulates private employer obligations regarding the employment of minors under the Wage Hour & Benefits category.",1,enforcement,wage_hour,"The bill strengthens child labor provisions under the Fair Labor Standards Act, directly affecting private employer wage and hour obligations.",1,enforcement,wage_hour,"Strengthens child labor prohibitions under the FLSA by expanding hazardous occupation restrictions, narrowing agricultural exemptions, increasing penalties, and prohibiting pesticide handling for minors, directly tightening private employer wage and hour obligations.",1,enforcement,wage_hour,"This bill amends the Fair Labor Standards Act to strengthen child labor protections by redefining oppressive child labor, tightening exemptions for agricultural employment of minors, eliminating waivers, and increasing penalties for violations — all directly tightening private employer obligations under the FLSA."
hr2782-116,To amend the Internal Revenue Code of 1986 to repeal the 30-hour threshold for classification as a full-time employee for purposes of the employer mandate in the Patient Protection and Affordable Care Act and replace it with 40 hours.,Employee Flexibility Act of 2019,Taxation,Employee benefits and pensions|Health care costs and insurance|Health care coverage and access|Sales and excise taxes,1.0,"The bill modifies the definition of full-time employment for the ACA employer mandate, directly altering the threshold at which private employers are required to provide health benefits to their employees.",1,enforcement,healthcare,"The bill modifies the ACA employer mandate by changing the full-time employee classification threshold, directly affecting private employer obligations to provide health coverage.",1,enforcement,healthcare,"This bill modifies the ACA employer mandate's definition of full-time employee, directly changing the threshold at which private employers must provide health coverage, thereby weakening employer healthcare benefit obligations.",1,enforcement,healthcare,"This bill directly modifies the ACA employer mandate threshold for when private employers must provide health coverage to full-time employees, changing the definition from 30 to 40 hours per week, which loosens private employer obligations to provide group health benefits."
hr4143-112,To amend the Internal Revenue Code of 1986 to extend the period during which transfers of excess pension assets may be made to retiree health accounts and to provide for the transfer of such assets to retiree group term life insurance accounts.,Extension of Section 420 and Retiree Life Insurance Act of 2012,Taxation,"Employee benefits and pensions|Income tax exclusion|Life, casualty, property insurance",1.0,"The bill regulates the transfer of excess pension assets to fund retiree health and life insurance benefits, directly addressing employer obligations regarding employee benefit plans under ERISA.",,,,"The bill primarily concerns tax treatment of pension asset transfers, not new mandatory obligations on private employers regarding wage, hour, or benefit compliance.",,,,"This bill modifies optional tax treatment rules allowing employers to transfer excess pension assets to retiree health or life insurance accounts, but does not impose new mandatory obligations on private employers regarding pension funding, plan administration, or benefit provision.",1,enforcement,pension,"This bill amends IRC Section 420 to extend and expand the authority for private employers to transfer excess defined benefit pension plan assets to retiree health and life insurance accounts, directly governing how private employer pension plan sponsors may use plan assets — a core ERISA/pension obligation matter affecting the management of employer-sponsored retirement plan funds."
hr4598-114,"To amend the Immigration and Nationality Act to improve the H-1B visa program, to repeal the diversity visa lottery program, and for other purposes.",American Jobs First Act of 2016,Immigration,Administrative remedies|Civil actions and liability|Department of Labor|Employment and training programs|Foreign labor|Government information and archives|Higher education|Judicial review and appeals|Labor-management relations|Unemployment|Visas and passports|Wages and earnings,1.0,"The bill imposes specific wage obligations on private employers sponsoring H-1B visas, requiring them to pay the greater of the prevailing wage or $110,000, which directly regulates employer wage practices for a specific class of workers.",1,enforcement,wage_hour,"The bill imposes wage obligations on private employers hiring H-1B visa holders, directly regulating employer wage conduct.",,,,"Although the bill establishes minimum wage requirements and employment conditions, these obligations apply exclusively to employers of H-1B visa holders as part of immigration program regulation, not to general private employer wage and hour obligations; the bill's primary subject is immigration policy, not employer wage/hour compliance.",1,enforcement,wage_hour,"The bill directly imposes wage obligations on private employers petitioning for H-1B workers (requiring minimum annual wages of $110,000 or the wage paid to comparable U.S. workers), prohibits employers from displacing U.S. workers, restricts non-compete/nondisparagement agreements tied to H-1B misuse, and strengthens Department of Labor enforcement and complaint processes — all of which are central private employer wage and employment obligations."
s893-115,"A bill to repeal the current Internal Revenue Code and replace it with a flat tax, thereby guaranteeing economic growth and fairness for all Americans.","Simplified, Manageable, And Responsible Tax Act",Taxation,Employee benefits and pensions|Income tax credits|Income tax deductions|Income tax exclusion|Income tax rates|Legislative rules and procedure|Tax reform and tax simplification|Transfer and inheritance taxes,1.0,"The bill directly regulates private employer obligations regarding employee benefits by imposing a tax on excludable compensation and repealing non-discrimination and contribution limit rules for pension plans, thereby affecting how employers manage and fund retirement benefits.",,,,"The bill primarily concerns tax reform and simplification, including changes to income tax rates and deductions, and does not directly impose new obligations on private employers regarding wages, hours, or benefits.",,,,"This is a comprehensive tax reform bill that repeals the entire Internal Revenue Code and replaces it with a flat tax system; while it mentions employee benefits and pensions, its primary subject is fundamental tax policy restructuring, not the imposition of specific wage, hour, or benefit obligations on private employers.",1,enforcement,pension,"The bill repeals pension non-discrimination rules, contribution limits, and restrictions on distributions that currently impose mandatory obligations on private employers as plan sponsors under ERISA/IRC, thereby directly weakening private employer pension obligations."
s974-112,A bill to amend the Internal Revenue Code of 1986 to expand the tip tax credit to employers of cosmetologists and to promote tax compliance in the cosmetology sector.,Small Business Tax Equalization and Compliance Act of 2011,Taxation,"Employment taxes|Income tax credits|Self-employed|Small business|Tax administration and collection, taxpayers|Wages and earnings",1.0,"The bill regulates private employer obligations regarding the reporting of employee tips and wages in the cosmetology sector, directly addressing wage compliance and tax administration related to employee earnings.",,,,"The bill primarily introduces a tax credit for employers of cosmetologists and imposes reporting requirements, which are related to tax compliance rather than directly regulating private employer wage, hour, or benefit obligations.",1,tax_credit_introduction,wage_hour,"The bill extends an existing employer tax credit (for social security taxes on employee cash tips) to a new industry sector (cosmetology employers), which constitutes introducing tax credit eligibility that incentivizes compliance with tip-related wage obligations.",,,,"This bill extends an existing tax credit (the FICA tip credit) to a new employer category and imposes tax reporting/compliance requirements; it is a tax benefit and tax administration measure, not a bill whose central purpose is regulating private employer wage, hour, or benefit obligations."
hr1397-113,"To create jobs and reinvest in communities through the rehabilitation of abandoned and foreclosed residential and commercial properties, and for other purposes.",Project Rebuild Act of 2013,Housing and Community Development,Appropriations|Buy American requirements|Employee hiring|Fraud offenses and financial crimes|Housing and community development funding|Housing finance and home ownership|Housing supply and affordability|Labor standards|Low- and moderate-income housing|Property rights|Public contracts and procurement|Residential rehabilitation and home repair|Rural conditions and development|Urban and suburban affairs and development|Wages and earnings,1.0,"The bill mandates that contractors and subcontractors on federally-assisted projects pay laborers and mechanics wages at locally prevailing rates under the Davis-Bacon Act, directly regulating private employer wage obligations.",,,,"The bill primarily focuses on housing and community development through the rehabilitation of properties and does not directly impose new obligations on private employers regarding wage, hour, or benefits compliance; the mention of prevailing wage requirements under the Davis-Bacon Act is incidental to the bill's central purpose.",1,enforcement,wage_hour,"The bill imposes Davis-Bacon Act prevailing wage requirements on contractors and subcontractors performing federally-assisted property rehabilitation work, directly regulating private employer wage obligations on covered projects.",,,,"Although the bill includes a Davis-Bacon prevailing wage requirement for federally-assisted projects, its central purpose is housing and community development through rehabilitation of abandoned and foreclosed properties; the wage provisions are incidental conditions attached to federal funding, not the bill's primary subject."
hr515-113,To amend the Family and Medical Leave Act of 1993 to provide leave because of the death of a son or daughter.,Parental Bereavement Act of 2013,Labor and Employment,"Employee leave|Family relationships|Government employee pay, benefits, personnel management|Teaching, teachers, curricula",1.0,"The bill amends the Family and Medical Leave Act (FMLA) to expand leave entitlements for private sector employees, directly regulating employer obligations regarding protected family leave.",1,enforcement,wage_hour,"The bill amends the FMLA to provide leave for the death of a child, directly imposing new leave obligations on private employers.",1,enforcement,wage_hour,"Amends the FMLA to create a new mandatory bereavement leave entitlement for private employers when an employee's son or daughter dies, directly expanding employer leave obligations.",1,enforcement,wage_hour,"The bill amends the Family and Medical Leave Act to create a new mandatory leave entitlement for private employers when an employee experiences the death of a son or daughter, directly expanding private employer leave obligations under FMLA."
s1076-115,"A bill to amend the Employee Retirement Income Security Act of 1974 and the Internal Revenue Code of 1986 to modify certain provisions relating to multiemployer pensions, and for other purposes.",Keep Our Pension Promises Act,Labor and Employment,"Art, artists, authorship|Bankruptcy|Employee benefits and pensions|Income tax deferral|Income tax exclusion|Pension Benefit Guaranty Corporation",1.0,"The bill amends ERISA to restore anti-cutback provisions for multiemployer pension plans and assigns priority to pension obligations in bankruptcy, directly regulating private employer obligations regarding employee retirement benefits.",1,enforcement,pension,"The bill strengthens protections for multiemployer pension plans by repealing the elimination of anti-cutback provisions and modifying ERISA procedures, directly imposing obligations on private employers as plan sponsors.",1,enforcement,pension,"The bill directly strengthens private employer pension obligations by repealing benefit cutback provisions, modifying partition procedures for multiemployer plans, and elevating pension obligations in bankruptcy priority—all core ERISA employer-sponsor requirements.",1,enforcement,pension,"The bill amends ERISA to restore pension anti-cutback provisions prohibiting reductions in multiemployer pension plan benefits, modifies partition procedures for financially-troubled plans, imposes new limits on retirement plan contributions and distributions for high-balance accounts, and elevates pension obligations in bankruptcy priority — all directly imposing or strengthening obligations on private employers as pension plan sponsors."
hr4764-111,To amend the Internal Revenue Code of 1986 to make employers of spouses of military personnel eligible for the work opportunity credit.,Military Spouses Employment Act,Taxation,Income tax credits|Marriage and family status|Military personnel and dependents|Wages and earnings,1.0,"The bill introduces a tax incentive for private employers to hire military spouses, which aligns with the category's inclusion of tax credits that encourage or discourage employer conduct related to wages and employment.",,,,"The bill offers a tax credit for hiring military spouses, which incentivizes hiring decisions but does not directly impose wage, hour, or benefit obligations on private employers.",,,,"This bill offers a general tax credit for hiring spouses of military personnel, which incentivizes hiring decisions rather than regulating employer wage, hour, or benefit compliance obligations.",,,,"This bill expands the work opportunity tax credit to include military spouses as a targeted group, which is a tax credit for hiring workers from a specific group — this incentivizes hiring decisions, not wage or benefit compliance, and thus does not qualify."
s4012-111,A bill to improve the employability of older Americans.,Incentives for Older Workers Act,Labor and Employment,Aging|Employee benefits and pensions|Employment and training programs|Employment discrimination and employee rights|Social security and elderly assistance|Wages and earnings,1.0,"The bill amends ERISA to prohibit private employers from reducing pension benefits for employees in phased retirement, directly regulating employer obligations regarding employee retirement benefits.",1,enforcement,pension,"The bill amends ERISA to prohibit benefit reductions for employees in phased retirement, directly imposing obligations on private employers as pension plan sponsors.",1,enforcement,pension,"The bill primarily amends ERISA and IRC to impose new obligations on private employers as sponsors of defined benefit pension plans, including prohibiting benefit reductions during phased retirement and modifying normal retirement age definitions, which directly regulate employer pension plan conduct.",1,enforcement,pension,"The bill amends ERISA to impose new obligations on private employers regarding defined benefit pension plans, specifically prohibiting reduction in benefits for employees in phased retirement and modifying normal retirement age definitions, which directly regulates private employer pension plan conduct."
hr4064-113,To amend the Internal Revenue Code of 1986 to provide that the individual health insurance mandate not apply until the employer health insurance mandate is enforced without exceptions.,FAIR Act of 2014,Taxation,"Comprehensive health care|Employee benefits and pensions|Health care costs and insurance|Health care coverage and access|Sales and excise taxes|Tax administration and collection, taxpayers",1.0,"The bill addresses the enforcement of the employer mandate to provide health care coverage, which directly relates to private employer obligations regarding employer-sponsored group health benefit plans.",,,,"The bill primarily addresses the timing of the individual health insurance mandate relative to the employer mandate, without imposing new obligations on private employers regarding wage, hour, or benefits.",,,,"The bill's primary subject is the individual mandate under the ACA (a requirement on individuals to purchase insurance), not private employer wage, hour, or benefit obligations; although it references the employer mandate, it does not impose, modify, or enforce any obligation on private employers themselves.",1,enforcement,healthcare,"The bill directly addresses the ACA employer mandate by conditioning the individual mandate on full enforcement of the employer health insurance mandate without exceptions, thereby affecting the stringency and enforcement of private employer obligations to provide health care coverage to employees."
hr682-112,To amend the Internal Revenue Code of 1986 to increase the contribution limits to dependent care flexible spending accounts and to provide for a carryover of unused dependent care benefits.,,Taxation,Adult day care|Child care and development|Employee benefits and pensions|Income tax deferral,1.0,"The bill modifies tax-advantaged employee benefit structures (dependent care FSAs) for private employers, directly affecting employer-sponsored welfare benefit plan obligations and incentives.",,,,"The bill primarily addresses tax treatment of dependent care flexible spending accounts, which is a tax policy matter, not a regulation of private employer wage, hour, or benefit obligations.",,,,"This bill offers employers and employees a tax benefit (increased contribution limits and carryover provisions for dependent care FSAs) unrelated to mandatory wage, hour, or benefit obligations; it is general tax and family policy, not regulation of private employer wage or benefit conduct.",,,,"This bill modifies the tax treatment of dependent care flexible spending accounts by increasing contribution limits and allowing carryovers — these are adjustments to optional tax-advantaged benefit features, not new mandatory obligations imposed on private employers regarding wages, hours, or benefits."
hr1-113,To amend the Internal Revenue Code of 1986 to provide for comprehensive tax reform.,Tax Reform Act of 2014,Taxation,"Accidents|Accounting and auditing|Administrative law and regulatory procedures|Adoption and foster care|Advisory bodies|Air quality|Alternative and renewable resources|Aviation and airports|Bank accounts, deposits, capital|Books and print media|Building construction|Business expenses|Business investment and capital|Capital gains tax|Caribbean area|Charitable contributions|Child care and development|Civil actions and liability|Coal|Competition and antitrust|Contracts and agency|Corporate finance and management|Department of the Treasury|Economic development|Electric power generation and transmission|Employee benefits and pensions|Employee hiring|Employment taxes|Endangered and threatened species|Energy efficiency and conservation|Environmental technology|Farmland|Foreign and international corporations|Foreign labor|Forests, forestry, trees|Gambling|General taxation matters|Government employee pay, benefits, personnel management|Government studies and investigations|Government trust funds|Great Plains|Hazardous wastes and toxic substances|Health care costs and insurance|Health technology, devices, supplies|Higher education|Housing finance and home ownership|Hybrid, electric, and advanced technology vehicles|Income tax credits|Income tax deductions|Income tax exclusion|Income tax rates|Indian social and development programs|Industrial facilities|Inflation and prices|Insurance industry and regulation|Intellectual property|Interest, dividends, interest rates|Internal Revenue Service (IRS)|Judges|Land transfers|Land use and conservation|Lawyers and legal services|Life, casualty, property insurance|Low- and moderate-income housing|Marine and inland water transportation|Marketing and advertising",1.0,"The bill revises tax treatment for employer-provided retirement plans and SIMPLE 401(k)s, directly affecting private employer obligations regarding employee pension and retirement benefits.",,,,"The bill primarily focuses on comprehensive tax reform, including changes to individual and corporate tax rates, deductions, and credits, without imposing new mandatory obligations on private employers regarding wage, hour, or benefit compliance.",,,,"This comprehensive tax reform bill primarily restructures the Internal Revenue Code across individual and corporate taxation; while it mentions employee benefits, pensions, and various tax credits incidentally, its central purpose is broad tax policy reform rather than imposing specific wage, hour, or benefit obligations on private employers.",API error,API error,API error,API error
hr176-115,"To amend the Internal Revenue Code of 1986 to clarify that wages paid to unauthorized aliens may not be deducted from gross income, and for other purposes.",New IDEA Act,Taxation,"Border security and unlawful immigration|Employee benefits and pensions|Evidence and witnesses|Foreign labor|Government information and archives|Income tax deductions|Tax administration and collection, taxpayers|Wages and earnings",1.0,"The bill regulates private employer obligations regarding wages and benefits by denying tax deductions for compensation paid to unauthorized aliens and mandating E-Verify usage, directly impacting how employers manage wage payments and employment eligibility verification.",,,,"The bill primarily addresses tax deductions related to wages paid to unauthorized aliens and immigration verification processes, not private employer wage, hour, or benefit obligations.",,,,"This bill's primary subject is immigration enforcement through tax policy—denying deductions for wages paid to unauthorized aliens and mandating E-Verify participation—rather than regulating private employer wage, hour, or benefit obligations; the wage references are incidental to its immigration control purpose.",,,,"This bill's primary purpose is immigration enforcement and tax policy related to unauthorized aliens — it denies tax deductions for wages paid to unauthorized workers and mandates E-Verify participation. It does not impose new wage, hour, or benefit obligations on private employers regarding their employees; rather, it removes a tax benefit and addresses immigration compliance, which falls outside the Wage Hour & Benefits category."
s2410-115,A bill to amend the Internal Revenue Code of 1986 to permit high deductible health plans to provide chronic disease prevention services to plan enrollees prior to satisfying their plan deductible.,Chronic Disease Management Act of 2018,Taxation,,1.0,"The bill amends the Internal Revenue Code to modify the requirements for High Deductible Health Plans (HDHPs) and Health Savings Accounts (HSAs), directly regulating the structure and coverage obligations of employer-sponsored group health benefit plans.",,,,"The bill primarily addresses tax policy related to health savings accounts and does not impose new obligations on private employers regarding wage, hour, or benefit compliance.",,,,"This bill modifies the tax treatment and permissible features of high deductible health plans paired with HSAs, but does not impose new mandatory obligations on private employers as plan sponsors; it merely expands optional plan design flexibility.",,,,This bill modifies the tax treatment of high deductible health plans associated with HSAs by allowing pre-deductible chronic disease coverage; it adjusts optional plan features and tax rules rather than imposing new mandatory obligations on private employers as plan sponsors.
s176-115,"A bill to amend the Surface Mining Control and Reclamation Act of 1977 to transfer certain funds to the Multiemployer Health Benefit Plan, and for other purposes.",HELP for Coal Miners Health Care Act of 2017,Labor and Employment,Administrative law and regulatory procedures|Coal|Congressional oversight|Employee benefits and pensions|Government studies and investigations|Health care costs and insurance|Mining,1.0,"The bill addresses employer obligations regarding multiemployer health benefit plans for coal miners by amending funding mechanisms and repealing premium payment requirements for private signatories to labor agreements, directly impacting private employer benefit liabilities.",,,,"The bill primarily addresses the transfer of funds to a health benefit plan for retired coal miners, which is related to government funding and not private employer obligations.",,,,"This bill finances a government trust fund (the Multiemployer Health Benefit Plan for retired coal miners) through transfers from federal reclamation funds, rather than imposing wage, hour, or benefit obligations on private employers; it addresses fund solvency, not private employer conduct.",,,,"This bill primarily addresses the financing of a government trust fund (Abandoned Mine Reclamation Fund) and transfers to the Multiemployer Health Benefit Plan for retired coal miners, while repealing employer premium obligations — it concerns fund solvency and government benefit program mechanics rather than imposing new private employer wage, hour, or benefit obligations."
hr5727-112,"To rebuild the American middle class by creating jobs, investing in our future, building opportunity for working families, and restoring balance to the tax code.",Rebuild America Act,Economics and Public Finance,"Administrative law and regulatory procedures|Advanced technology and technological innovations|Advisory bodies|Aging|Alternative and renewable resources|Army Corps of Engineers|Aviation and airports|Bankruptcy|Business investment and capital|Capital gains tax|Census and government statistics|Child care and development|Civil actions and liability|Community life and organization|Competitiveness, trade promotion, trade deficits|Congressional agencies|Congressional officers and employees|Congressional oversight|Contracts and agency|Corporate finance and management|Department of Labor|Department of the Treasury|Disability and paralysis|Domestic violence and child abuse|Economic development|Education programs funding|Educational facilities and institutions|Elementary and secondary education|Emergency planning and evacuation|Employee benefits and pensions|Employee hiring|Employee leave|Employment and training programs|Employment discrimination and employee rights|Employment taxes|Energy assistance for the poor and aged|Energy efficiency and conservation|Environmental health|Environmental regulatory procedures|Financial crises and stabilization|Financial services and investments|First responders and emergency personnel|Government Accountability Office (GAO)|Government employee pay, benefits, personnel management|Government information and archives|Government lending and loan guarantees|Government liability|Government studies and investigations|Government trust funds|Housing and community development funding|Human rights|Income tax credits|Income tax rates|Inflation and prices|Infrastructure development|International monetary system and foreign exchange|Labor-management relations|Law enforcement administration and funding|Law enforcement officers|Library of Congress|Manufacturing|Pension Benefit Guaranty Corporation|Poverty and welfare assistance|Preschool education|Public transit|Research and development",1.0,"The bill amends the Fair Labor Standards Act to increase the minimum wage and revise overtime pay thresholds, and mandates paid sick leave for private sector employees, directly regulating private employer wage and benefit obligations.",1,enforcement,wage_hour,"The bill amends the Fair Labor Standards Act to increase the minimum wage and revise salary thresholds for overtime pay, directly affecting private employer wage obligations.",1,enforcement,wage_hour,"The bill directly strengthens private employer wage and hour obligations by increasing the minimum wage, revising overtime salary thresholds under the FLSA, and establishing paid sick leave requirements under the Healthy Families Act.",API error,API error,API error,API error
hr1534-112,"To amend the Internal Revenue Code of 1986 to encourage retirement savings by modifying requirements with respect to employer-established IRAs, and for other purposes.",SAVE Act of 2011,Taxation,"Administrative law and regulatory procedures|Consumer affairs|Department of Labor|Department of the Treasury|Elementary and secondary education|Employee benefits and pensions|Financial literacy|Income tax credits|Income tax deductions|Income tax deferral|Sales and excise taxes|Small business|Teaching, teachers, curricula",1.0,"The bill amends ERISA and the Internal Revenue Code to modify requirements for employer-established retirement plans, including SIMPLE IRAs and automatic deferral provisions, which directly regulates private employer obligations regarding employee pension and retirement benefits.",1,enforcement,pension,"The bill amends ERISA to impose new disclosure obligations on private employers as plan sponsors, directly affecting employer obligations related to retirement benefit plans.",,,,"The bill primarily modifies optional features of employer-sponsored retirement plans (e.g., SIMPLE IRA rollover rules, withdrawal penalties, flexible spending arrangement transfers) and creates tax incentives for small employers to adopt retirement plans, but does not impose new mandatory obligations on private employers as plan sponsors; these are voluntary plan design options and tax benefits, not employer conduct requirements.",1,enforcement,pension,"The bill amends ERISA and the Internal Revenue Code to establish automatic deferral IRAs, create multiple small employer retirement plans with automatic employee contributions, require lifetime income disclosures from pension plans, and permit payroll deduction plans — these provisions impose new mandatory obligations on private employers as plan sponsors regarding retirement benefits, qualifying as pension-related employer obligations under Wage Hour & Benefits."
hr557-114,"To amend the Internal Revenue Code of 1986 to modify safe harbor requirements applicable to automatic contribution arrangements, and for other purposes.",Retirement Security Act of 2015,Taxation,"Administrative law and regulatory procedures|Department of the Treasury|Employee benefits and pensions|Financial services and investments|Income tax credits|Small business|Tax administration and collection, taxpayers",1.0,"The bill amends ERISA and the Internal Revenue Code to modify requirements for employer-sponsored pension benefit plans, including multiple employer plans and automatic contribution arrangements, which directly relates to private employer obligations regarding retirement benefits.",1,enforcement,pension,"The bill amends ERISA to modify employer obligations related to pension benefit plans, including nondiscrimination and matching contribution requirements, directly affecting private employer pension obligations.",1,enforcement,pension,"The bill modifies ERISA and Internal Revenue Code requirements governing private employer pension benefit plans, including automatic contribution arrangements, matching contribution obligations, and multiple employer plan participation rules, thereby directly affecting private employer retirement benefit obligations.",API error,API error,API error,API error
s305-114,A bill to protect American job creation by striking the Federal mandate on employers to offer health insurance.,American Job Protection Act,Health,Business records|Comprehensive health care|Employee benefits and pensions|Government information and archives|Health care costs and insurance|Health care coverage and access|Sales and excise taxes|Wages and earnings,1.0,The bill directly addresses private employer obligations regarding employer-sponsored group health benefit plans by repealing the mandate and associated penalties for large employers to offer coverage.,1,enforcement,healthcare,"The bill repeals the ACA employer mandate, directly affecting private employer obligations to provide health insurance coverage.",1,enforcement,healthcare,"Repeals the ACA employer mandate requiring large employers to offer minimum essential health coverage to full-time employees, directly weakening private employer health benefit obligations under federal law.",1,enforcement,healthcare,"The bill repeals the ACA employer mandate requiring large private employers to offer minimum essential health insurance coverage to full-time employees and eliminates associated reporting requirements, directly weakening private employer obligations regarding employer-sponsored group health plans."
s150-112,"A bill to promote labor force participation of older Americans, with the goals of increasing retirement security, reducing the projected shortage of experienced workers, maintaining future economic growth, and improving the Nation's fiscal outlook.",Health Care and Training for Older Workers Act,Health,Aging|Disability assistance|Employment and training programs|Health care costs and insurance|Health care coverage and access|Performance measurement,1.0,"The bill amends ERISA to extend COBRA continuation coverage obligations for older workers, directly regulating private employer responsibilities regarding employee health benefits.",1,enforcement,healthcare,"The bill amends ERISA to extend COBRA continuation coverage for older workers, directly imposing obligations on private employers as plan sponsors.",1,enforcement,healthcare,"The bill amends ERISA to extend COBRA continuation coverage obligations for older workers, directly imposing healthcare benefit continuation requirements on private employers as plan sponsors.",1,enforcement,healthcare,"The bill amends ERISA to extend COBRA continuation coverage obligations for certain older workers, directly imposing new requirements on private employers as sponsors of group health plans regarding the duration of health benefit continuation coverage."
hr2028-114,"Making appropriations for energy and water development and related agencies for the fiscal year ending September 30, 2016, and for other purposes.",Continued Health Benefits for Miners Act,Economics and Public Finance,"Alabama|Alaska|Alternative and renewable resources|Appalachian Regional Commission|Appropriations|Arms control and nonproliferation|Army Corps of Engineers|California|Congressional oversight|Dams and canals|Defense Nuclear Facilities Safety Board|Delta Regional Authority|Denali Commission|Department of Defense|Department of Energy|Department of the Interior|Economic development|Electric power generation and transmission|Emergency planning and evacuation|Energy efficiency and conservation|Energy research|Energy storage, supplies, demand|Environmental health|Executive agency funding and structure|Federal Energy Regulatory Commission (FERC)|Floods and storm protection|Foreign aid and international relief|Georgia|Government lending and loan guarantees|Government studies and investigations|Government trust funds|Hazardous wastes and toxic substances|Hybrid, electric, and advanced technology vehicles|Indian social and development programs|Intelligence activities, surveillance, classified information|Lakes and rivers|Licensing and registrations|Lighting and heating|Lighting, heating, cooling|Manufacturing|Marine and coastal resources, fisheries|Marine and inland water transportation|Minority health|Mississippi River|Missouri|Natural disasters|Navigation, waterways, harbors|Nevada|Nuclear Regulatory Commission (NRC)|Nuclear Waste Technical Review Board|Nuclear power|Nuclear weapons|Oil and gas|Pipelines|Pollution liability|Radioactive wastes and releases|Research administration and funding|Research and development|Rural conditions and development|Russia|Solid waste and recycling|Strategic materials and reserves|Utah|Water quality|Water resources funding|Water storage",1.0,"The bill extends health benefits for retired miners and their families, which constitutes a provision related to employer-sponsored welfare benefit plans covered under the scope of wage, hour, and benefits issues.",,,,"The bill primarily provides appropriations for federal agencies and extends health benefits for retired miners, which relates to government trust funds and not private employer obligations.",,,,"This is a continuing appropriations resolution whose primary purpose is to fund government operations and emergency disaster relief; the provision extending health benefits for retired miners (Sec. 167) addresses a government trust fund solvency issue, not private employer wage or benefit obligations.",,,,"This is a continuing resolution/appropriations bill whose central purpose is funding federal government operations; the miner health benefits provision (Sec. 167) transfers funds from a government trust fund to maintain benefits under the UMWA 1993 Benefit Plan, which addresses government trust fund solvency rather than imposing new obligations on private employers regarding wage, hour, or benefit conduct."
hr432-115,To amend the Internal Revenue Code of 1986 to expand and modify the credit for employee health insurance expenses of small employers.,Small Business Tax Credit Accessibility Act,Taxation,Employee benefits and pensions|Health care costs and insurance|Income tax credits|Small business|Wages and earnings,1.0,"The bill modifies tax incentives for private employers to provide health insurance, directly relating to employer-sponsored group health benefit obligations.",,,,"The bill primarily offers a tax credit for small employers providing health insurance, which is a tax policy measure rather than a direct regulation of private employer wage, hour, or benefit obligations.",,,,"This bill modifies an existing tax credit that incentivizes small employers to voluntarily offer health insurance, but does not impose new mandatory wage, hour, or benefit obligations on private employers; it is a general tax benefit, not a regulation of employer conduct.",,,,"This bill expands and modifies an existing tax credit for small employers who provide health insurance; it does not impose new mandatory obligations on private employers regarding wages, hours, or benefits, but rather adjusts a voluntary tax incentive, which falls under general tax policy rather than employer wage/hour/benefit regulation."
hr6184-114,"To amend title XVIII of the Social Security Act to provide for a special enrollment period under Medicare for individuals enrolled in COBRA continuation coverage, and for other purposes.",Medicare Enrollment Protection Act,Health,Employee benefits and pensions|Employment discrimination and employee rights|Health care costs and insurance|Health care coverage and access|Medicare,1.0,"The bill addresses employee benefit obligations by modifying Medicare enrollment rules for individuals transitioning out of COBRA continuation coverage, which is a private employer-sponsored group health benefit plan governed by ERISA.",,,,"The bill primarily addresses Medicare enrollment and premium adjustments for individuals transitioning from COBRA coverage, not private employer wage or benefit obligations.",,,,"This bill modifies Medicare enrollment rules and premium structures for individuals transitioning from COBRA coverage; it addresses government program eligibility and benefits rather than imposing obligations on private employers regarding wages, hours, or employee benefits.",,,,"This bill modifies Medicare enrollment rules (a government benefit program) to accommodate individuals on COBRA continuation coverage; it does not impose new obligations on private employers regarding their wage, hour, or benefit practices."
hr4254-114,"To prohibit employers from requiring grocery store employees to enter into covenants not to compete, and for other purposes.",Freedom for Workers to Seek Opportunity Act,Labor and Employment,Civil actions and liability|Contracts and agency|Employee hiring|Employment discrimination and employee rights|Food industry and services|Labor-management relations|Retail and wholesale trades,1.0,"The bill mandates that employers recognize employee seniority and continue providing benefits during grocery store acquisitions, directly regulating employer obligations regarding employee benefits and employment terms.",1,enforcement,wage_hour,"The bill prohibits non-compete agreements for grocery store employees, directly regulating private employer wage conduct by enhancing employee rights and bargaining power.",1,enforcement,wage_hour,"Prohibits private employers from imposing non-compete agreements on grocery store employees and mandates seniority recognition and benefit continuation during acquisitions, directly regulating private employer wage and employment conduct under FLSA enforcement mechanisms.",1,enforcement,wage_hour,"The bill prohibits private employers from imposing non-compete covenants on grocery store employees, requires continuation of seniority and benefits upon acquisition, and enforces these obligations through FLSA-style mechanisms — directly regulating private employer wage and benefit conduct."
s1651-115,A bill to provide for temporary financing of short-time compensation programs.,Layoff Prevention Act of 2017,Labor and Employment,Intergovernmental relations|State and local government operations|Unemployment,1.0,"The bill establishes a short-time compensation program that directly regulates private employer obligations regarding wage payments and work hour reductions to prevent layoffs, aligning with wage and hour issues.",,,,"The bill primarily addresses state-level short-time compensation programs and provides federal funding and guidance for these programs, rather than imposing new wage, hour, or benefit obligations on private employers.",,,,"This bill establishes a federal-state short-time compensation program funded through unemployment insurance mechanisms, not a direct private employer wage, hour, or benefit obligation; employer participation is voluntary and the program operates through state unemployment systems rather than imposing mandatory wage/hour compliance requirements on private employers.",,,,"This bill primarily establishes a government-funded unemployment compensation program (short-time compensation) administered through state unemployment systems, rather than directly imposing wage, hour, or benefit obligations on private employers; the employer cost-sharing provision is incidental to the program's central purpose of state-level unemployment insurance financing."
s2301-115,A bill to strengthen parity in mental health and substance use disorder benefits.,Behavioral Health Coverage Transparency Act of 2018,Health,"Accounting and auditing|Administrative law and regulatory procedures|Congressional oversight|Consumer affairs|Department of Health and Human Services|Department of Labor|Department of the Treasury|Drug, alcohol, tobacco use|Employee benefits and pensions|Executive agency funding and structure|Government information and archives|Health care costs and insurance|Health care coverage and access|Health care quality|Health information and medical records|Health programs administration and funding|Mental health",1.0,"The bill amends ERISA to enforce mental health parity requirements for group health plans, directly addressing private employer obligations regarding employee-sponsored welfare benefits.",1,enforcement,healthcare,"The bill imposes new disclosure and audit obligations on employer-sponsored group health plans under ERISA to ensure compliance with mental health parity laws, directly affecting private employer obligations as plan sponsors.",1,enforcement,healthcare,"The bill strengthens ERISA compliance obligations for private employers sponsoring group health plans by requiring annual mental health parity analyses disclosures and subjecting employer-sponsored plans to random audits, directly tightening private employer healthcare benefit obligations.",1,enforcement,healthcare,"The bill amends ERISA to impose new disclosure and compliance obligations on employer-sponsored group health plans regarding mental health parity, directly strengthening private employer obligations as plan sponsors under ERISA."
hr2942-115,"To permit employees to request changes to their work schedules without fear of retaliation and to ensure that employers consider these requests, and to require employers to provide more predictable and stable schedules for employees in certain occupations with evidence of unpredictable and unstable scheduling practices that negatively affect employees, and for other purposes.",Schedules That Work Act,Labor and Employment,Civil actions and liability|Employee leave|Employment and training programs|Employment discrimination and employee rights|Food industry and services|Labor standards|Labor-management relations|Retail and wholesale trades|Wages and earnings|Worker safety and health,1.0,"The bill regulates private employer scheduling practices, including requirements for advance notice, reporting time pay, and split shift pay, which directly addresses wage and hour obligations and protections against retaliation for exercising these rights.",1,enforcement,wage_hour,"The bill imposes new obligations on private employers regarding work schedule changes and stability, directly affecting wage and hour conditions.",1,enforcement,wage_hour,"This bill directly imposes new obligations on private employers regarding work scheduling practices, advance notice requirements, reporting time pay, split shift pay, and employee rights to request schedule changes—all core wage and hour compliance matters under the FLSA framework.",1,enforcement,wage_hour,"The bill directly imposes new obligations on private employers regarding work scheduling practices, reporting time pay, split shift pay, advance notice of schedules, and protections against retaliation for schedule change requests, all of which are wage and hour obligations."
hr4104-114,To amend the Internal Revenue Code of 1986 to treat bicycle sharing systems as mass transit facilities for purposes of the qualified transportation fringe.,Bike to Work Act of 2015,Taxation,Commuting|Employee benefits and pensions|Income tax exclusion|Pedestrians and bicycling|Public transit,1.0,"The bill modifies the Internal Revenue Code to expand the definition of qualified transportation fringe benefits, directly affecting private employer obligations and tax incentives related to employee commuting benefits.",,,,"The bill provides a tax exclusion for employer-paid commuting expenses related to bicycle sharing systems, which is a tax policy measure and not a regulation of private employer wage, hour, or benefit obligations.",,,,"This bill expands the tax exclusion for employer-provided commuting benefits to include bicycle sharing systems, which is a general tax benefit for transportation fringe benefits rather than a regulation of private employer wage, hour, or benefit obligations.",,,,"This bill modifies the tax treatment of an existing employer-provided fringe benefit (qualified transportation fringe) by expanding the definition of mass transit to include bicycle sharing systems; it does not impose new mandatory wage, hour, or benefit obligations on private employers but rather adjusts a tax exclusion, which is a general tax policy measure."
hr879-114,"To repeal the ""Cadillac Tax"" on middle class Americans' health plans.",Ax the Tax on Middle Class Americans' Health Plans Act,Taxation,"Employee benefits and pensions|Health care costs and insurance|Personnel records|Sales and excise taxes|Tax administration and collection, taxpayers",1.0,"The bill repeals the excise tax on high-cost employer-sponsored health care plans, directly regulating the financial obligations and structure of private employer benefit plans under ERISA.",,,,"The bill repeals an excise tax on high-cost employer-sponsored health plans, which is a tax policy change rather than a direct regulation of private employer wage, hour, or benefit obligations.",1,enforcement,healthcare,"Repeals the ACA excise tax on high-cost employer-sponsored health plans, directly reducing private employer obligations under ERISA-governed group health benefit plans.",,,,"This bill repeals an excise tax on high-cost employer-sponsored health plans (the 'Cadillac Tax') and its associated reporting requirement; it removes a tax burden rather than imposing new mandatory obligations on private employers regarding wages, hours, or benefits, and functions as tax policy rather than regulation of employer benefit conduct."
s2122-115,A bill to amend the Fair Labor Standards Act of 1938 regarding reasonable break time for nursing mothers.,Supporting Working Moms Act of 2017,Labor and Employment,Labor standards|Wages and earnings|Women's employment|Women's health|Worker safety and health,1.0,"The bill amends the Fair Labor Standards Act to extend mandatory break time requirements for nursing mothers to exempted employees, directly regulating private employer obligations regarding worker benefits and working conditions.",1,enforcement,wage_hour,"The bill extends FLSA break time requirements to additional categories of employees, directly affecting private employer wage and hour obligations.",1,enforcement,wage_hour,"Extends FLSA break time requirements for nursing mothers to previously exempt employees, directly expanding private employer obligations regarding working conditions and accommodations.",1,enforcement,wage_hour,"The bill amends the FLSA to expand the requirement for private employers to provide reasonable break time for nursing mothers to additional categories of exempt employees, directly broadening private employer obligations regarding workplace break time."
s1908-112,"A bill to amend the Internal Revenue Code of 1986 to clarify the employment tax treatment and reporting of wages paid by professional employer organization, and for other purposes.",,Taxation,"Accounting and auditing|Contracts and agency|Employment taxes|Licensing and registrations|Social security and elderly assistance|Tax administration and collection, taxpayers|User charges and fees|Wages and earnings",1.0,"The bill regulates the employment tax obligations and reporting requirements of Professional Employer Organizations (PEOs), which are private entities responsible for withholding and remitting payroll taxes on behalf of client employers, directly impacting the enforcement of wage-related tax compliance.",,,,"The bill primarily addresses tax administration and the classification of professional employer organizations for employment tax purposes, not private employer wage, hour, or benefit obligations.",,,,"This bill addresses tax administration and the employment tax treatment of professional employer organizations (PEOs), clarifying which entity remits payroll taxes rather than imposing new wage, hour, or benefit obligations on private employers.",,,,"This bill clarifies employment tax treatment and reporting for professional employer organizations (PEOs) under the Internal Revenue Code — it addresses tax administration and collection mechanics, not private employer wage, hour, or benefit obligations to employees."
hr1619-114,"To amend the Fair Labor Standards Act of 1938 to provide more effective remedies to victims of discrimination in the payment of wages on the basis of sex, and for other purposes.",Paycheck Fairness Act,Labor and Employment,"Administrative law and regulatory procedures|Civil actions and liability|Employment discrimination and employee rights|Equal Employment Opportunity Commission (EEOC)|Government information and archives|Government studies and investigations|Public contracts and procurement|Racial and ethnic relations|Sex, gender, sexual orientation discrimination|Small business|Wages and earnings|Women's employment",1.0,"The bill amends the Fair Labor Standards Act to strengthen prohibitions against sex-based wage discrimination and retaliation, directly regulating private employer obligations regarding the payment of wages.",1,enforcement,wage_hour,"The bill amends the Fair Labor Standards Act to enhance remedies and enforcement against wage discrimination based on sex, directly impacting private employer wage obligations.",1,enforcement,wage_hour,"This bill directly strengthens enforcement of equal pay requirements under the Fair Labor Standards Act by narrowing employer defenses for wage differentials, expanding remedies including punitive damages and class actions, prohibiting wage secrecy policies, and enhancing federal oversight of pay discrimination—all of which tighten private employer wage obligations.",1,enforcement,wage_hour,"The Paycheck Fairness Act directly amends the Fair Labor Standards Act to strengthen prohibitions against sex-based wage discrimination by private employers, tightening the bona fide factor defense, expanding remedies (compensatory and punitive damages), enabling class actions, prohibiting retaliation for wage discussions, and enhancing enforcement — all directly regulating private employer wage conduct."
hr3497-113,To amend the Internal Revenue Code of 1986 to increase the dollar limitation on the exclusion for employer-provided dependent care assistance.,Child Care Flex Spending Act of 2013,Taxation,Adult day care|Child care and development|Employee benefits and pensions|Income tax exclusion|Inflation and prices,1.0,"The bill introduces a tax incentive that encourages private employers to provide dependent care assistance, a type of employer-sponsored welfare benefit covered under the scope of wage, hour, and benefits issues.",,,,"The bill primarily offers a tax benefit related to dependent care, which is unrelated to private employer wage or hour obligations.",,,,"This bill increases the tax exclusion limit for employer-provided dependent care assistance programs, which is a tax benefit for employees and employers rather than an obligation imposed on private employers regarding wage, hour, or benefit compliance.",,,,"This bill adjusts the tax exclusion amount for employer-provided dependent care assistance, which is a general tax benefit modification rather than a bill imposing new wage, hour, or benefit obligations on private employers."
hr2300-113,"To provide for incentives to encourage health insurance coverage, and for other purposes.",Empowering Patients First Act of 2013,Health,"Abortion|Administrative law and regulatory procedures|Administrative remedies|Alternative dispute resolution, mediation, arbitration|Budget deficits and national debt|Child health|Civil actions and liability|Competition and antitrust|Comprehensive health care|Congressional oversight|Consumer affairs|Contracts and agency|Department of Health and Human Services|Disability and health-based discrimination|Education programs funding|Employee benefits and pensions|Evidence and witnesses|Federal preemption|Fraud offenses and financial crimes|Government employee pay, benefits, personnel management|Government information and archives|Government lending and loan guarantees|Government studies and investigations|Government trust funds|Health care costs and insurance|Health care coverage and access|Health care quality|Health information and medical records|Health personnel|Health programs administration and funding|Health promotion and preventive care|Hospital care|Income tax credits|Income tax deductions|Intergovernmental relations|Licensing and registrations|Medicaid|Medical education|Medical ethics|Medical research|Medicare|Performance measurement|Poverty and welfare assistance|Religion|Right of privacy|Small business|State and local government operations|Student aid and college costs",1.0,"The bill amends ERISA to establish governance rules for association health plans and permits group health plans to vary premiums based on wellness program participation, directly regulating employer-sponsored group health benefit obligations.",,,,"The bill primarily addresses health insurance coverage and tax credits for health insurance costs, not private employer wage, hour, or benefit obligations. It does not impose new mandatory obligations on private employers as plan sponsors under ERISA.",1,enforcement,healthcare,"The bill amends ERISA to establish association health plans and imposes various requirements on employer-sponsored group health plans, including wellness program premium variation rules and claims information disclosure obligations, directly regulating private employer health benefit obligations.",API error,API error,API error,API error
s3060-114,A bill to provide an exception from certain group health plan requirements for qualified small employer health reimbursement arrangements.,Small Business Health Care Relief Act of 2016,Taxation,"Employee benefits and pensions|Health care costs and insurance|Health care coverage and access|Income tax exclusion|Small business|Tax administration and collection, taxpayers",1.0,"The bill regulates employer-sponsored health reimbursement arrangements (HRAs) for private small businesses, directly impacting employer obligations regarding group health benefits and compliance with requirements under the Affordable Care Act and ERISA.",1,enforcement,healthcare,"The bill modifies employer obligations under ERISA by exempting qualified small employer HRAs from certain group health plan requirements, directly affecting private employer healthcare benefit obligations.",1,enforcement,healthcare,"The bill modifies ERISA and ACA group health plan requirements by creating an exemption for qualified small employer HRAs, directly affecting private employer obligations regarding employer-sponsored health benefit arrangements.",1,enforcement,healthcare,"This bill directly regulates private small employer obligations regarding health reimbursement arrangements by exempting qualified small employer HRAs from group health plan requirements under ERISA and the ACA, imposing specific conditions on how employers must structure and administer these arrangements, and creating new employer notice and reporting obligations."
s3680-111,"A bill to amend the Family and Medical Leave Act of 1993 to permit leave to care for a same-sex spouse, domestic partner, parent-in-law, adult child, sibling, or grandparent who has a serious health condition.",Family and Medical Leave Inclusion Act,Labor and Employment,"Employee leave|Government employee pay, benefits, personnel management|Home and outpatient care|Marriage and family status|Sex, gender, sexual orientation discrimination",1.0,"The bill amends the Family and Medical Leave Act (FMLA) to expand the definition of family members eligible for leave, thereby directly regulating private employer obligations regarding protected leave and preventing retaliation for taking such leave.",1,enforcement,wage_hour,"The bill expands FMLA leave eligibility, directly affecting private employer obligations regarding employee leave.",1,enforcement,wage_hour,"Expands FMLA leave eligibility to cover additional family relationships including same-sex spouses and domestic partners, directly strengthening private employer leave obligations under federal wage and hour law.",1,enforcement,wage_hour,"This bill amends the Family and Medical Leave Act of 1993 to expand the categories of family members for whom private employees may take protected leave, directly broadening private employer leave obligations under the FMLA."
s1145-113,A bill to amend the Employee Retirement Income Security Act of 1974 to require a lifetime income disclosure.,Lifetime Income Disclosure Act,Labor and Employment,Administrative law and regulatory procedures|Department of Labor|Employee benefits and pensions|Government information and archives,1.0,"The bill amends ERISA to mandate lifetime income disclosures for private employer-sponsored retirement plans, directly addressing employer obligations regarding employee benefit plan transparency and management.",1,enforcement,pension,"The bill imposes new disclosure obligations on private employers as plan sponsors under ERISA, directly affecting their conduct regarding pension benefit statements.",1,enforcement,pension,"Amends ERISA to impose new mandatory disclosure obligations on private employers as sponsors of individual account retirement plans, requiring them to provide lifetime income stream equivalents on participant benefit statements.",1,enforcement,pension,"This bill amends ERISA to impose a new mandatory disclosure obligation on private employer-sponsored individual account plan administrators, requiring them to provide lifetime income stream equivalent information in quarterly pension benefit statements to participants and beneficiaries."
hr4135-115,To amend the Internal Revenue Code of 1986 to increase the exclusion for educational assistance programs.,Upward Mobility Enhancement Act,Taxation,Employee benefits and pensions|Income tax exclusion|Inflation and prices|Student aid and college costs,1.0,"The bill increases the tax exclusion limit for employer-provided educational assistance, directly regulating the financial incentives and obligations of private employers regarding employee welfare benefits.",,,,"The bill primarily concerns tax policy by increasing the income exclusion for employer-provided educational assistance, which is a tax benefit unrelated to wage/hour obligations.",,,,"This bill increases the tax exclusion amount for employer-provided educational assistance programs, which is a general tax benefit unrelated to employer wage/hour compliance obligations; it does not impose new requirements on employers regarding wages, hours, or benefits.",,,,"This bill modifies the tax exclusion amount for employer-provided educational assistance, which is a tax benefit adjustment rather than a bill that directly imposes new wage, hour, or benefit obligations on private employers."
hr4611-113,"To amend the Fair Labor Standards Act of 1938 to ensure that employees are not misclassified as non-employees, and for other purposes.",Payroll Fraud Prevention Act of 2014,Labor and Employment,"Administrative law and regulatory procedures|Department of Labor|Employment discrimination and employee rights|Government information and archives|Government studies and investigations|Labor standards|Performance measurement|Personnel records|Tax administration and collection, taxpayers|Unemployment|Wages and earnings",1.0,"The bill amends the Fair Labor Standards Act to prevent private employers from misclassifying employees as independent contractors, thereby ensuring compliance with minimum wage, overtime, and other wage and hour obligations.",1,enforcement,wage_hour,"The bill amends the FLSA to prevent employee misclassification, directly tightening private employer wage and hour obligations.",1,enforcement,wage_hour,"The bill directly strengthens FLSA enforcement by imposing classification notice requirements on private employers, doubling liquidated damages for violations, increasing civil penalties, and making employee misclassification unlawful—all of which tighten private employer wage and hour obligations.",1,enforcement,wage_hour,"The bill amends the FLSA to require private employers to accurately classify workers as employees or non-employees, imposes anti-retaliation protections, doubles liquidated damages for violations, and establishes civil penalties for misclassification — all directly tightening private employer wage and hour obligations."
hr2499-113,To amend the Internal Revenue Code of 1986 to extend the exclusion from gross income for employer-provided health coverage for employees' spouses and dependent children to coverage provided to other eligible designated beneficiaries of employees.,Tax Parity for Health Plan Beneficiaries Act of 2013,Taxation,Administrative law and regulatory procedures|Department of the Treasury|Employee benefits and pensions|Employment taxes|Health care costs and insurance|Income tax deductions|Income tax deferral|Income tax exclusion|Self-employed,1.0,"The bill modifies tax exclusions and deductions for employer-provided health coverage, directly regulating the financial obligations and incentives associated with private employer-sponsored welfare benefit plans.",,,,"The bill primarily addresses tax treatment of employer-provided health benefits for non-dependent beneficiaries, which is a tax policy issue rather than imposing new obligations on private employers regarding wage, hour, or benefit compliance.",,,,"This bill modifies the tax treatment of employer-provided health benefits by extending tax exclusions and deductions to additional beneficiaries, but does not impose new mandatory obligations on private employers regarding their health plans; it is a tax benefit expansion, not an employer wage/hour/benefit obligation.",,,,"This bill extends tax exclusions, exemptions, and deductions for employer-provided health benefits to domestic partners and other non-spouse beneficiaries — it is a tax benefit bill that modifies the tax treatment of existing voluntary employer-provided coverage, not a bill imposing new wage, hour, or benefit obligations on private employers."
hr4920-111,"To create and encourage the creation of jobs for youth, and for other purposes.",Employing Youth for the American Dream Act of 2010,Labor and Employment,"Alternative and renewable resources|Department of the Interior|Educational facilities and institutions|Employment and training programs|Forests, forestry, trees|Government employee pay, benefits, personnel management|Income tax credits|Infrastructure development|Parks, recreation areas, trails|Public contracts and procurement|Roads and highways|Small business|Unemployment|Wages and earnings|Youth employment and child labor",1.0,"The bill introduces tax credits and grants that incentivize private employers to hire and pay wages to specific youth demographics, directly relating to employer wage obligations and employment practices.",,,,"The bill primarily focuses on youth employment programs and tax credits for hiring disconnected youth, which incentivize hiring decisions rather than directly imposing wage or benefit obligations on private employers.",1,tax_credit_introduction,wage_hour,"While the bill includes multiple youth employment programs, its primary connection to private employer wage obligations is through introducing and expanding tax credits (work opportunity tax credit extension, new disconnected youth employment credit) that incentivize hiring specific worker categories, qualifying as tax_credit_introduction under wage_hour.",API error,API error,API error,API error
hr5858-115,To amend the Internal Revenue Code of 1986 to require coverage without a deductible of certain primary care services by high deductible health plans.,Primary Care Patient Protection Act of 2018,Taxation,,1.0,"The bill mandates specific coverage requirements for primary care services within high deductible health plans, directly regulating employer-sponsored group health benefit plan obligations under ERISA.",,,,"The bill modifies tax code requirements for high deductible health plans related to health savings accounts, which is a tax policy change rather than a direct regulation of private employer wage, hour, or benefit obligations.",,,,This bill modifies tax-advantaged health savings account rules by changing what qualifies as a 'high deductible health plan' for HSA eligibility purposes; it does not impose direct obligations on private employers regarding their group health plans or employee benefits.,,,,This bill modifies the tax-code definition of high deductible health plans for purposes of health savings account eligibility; it adjusts optional plan features and tax treatment rather than imposing new mandatory obligations on private employers as plan sponsors under ERISA.
hr2533-115,"To amend the Internal Revenue Code of 1986 to provide for parent savings accounts, and for other purposes.",Working Parents Flexibility Act of 2017,Taxation,"Bank accounts, deposits, capital|Child care and development|Employee benefits and pensions|Employee leave|Income tax deductions|Income tax exclusion|Self-employed",1.0,"The bill establishes tax incentives for employer contributions to parental leave savings accounts, directly relating to employer-sponsored welfare benefits and employee leave obligations.",,,,"The bill primarily establishes tax-exempt parental leave savings accounts, which are tax policy measures rather than direct regulations on private employer wage, hour, or benefit obligations.",,,,"This bill establishes tax-advantaged savings accounts for parental leave but does not impose wage, hour, or benefit obligations on private employers; it is a voluntary tax benefit for individuals and employers, not a regulation of employer conduct.",,,,"This bill creates a new tax-exempt savings account for parental leave with associated tax deductions and exclusions; it is a general tax benefit/family policy measure rather than a bill that imposes wage, hour, or benefit obligations on private employers."
hr795-115,To amend the Internal Revenue Code of 1986 to extend the exclusion for employer-provided educational assistance to employer payments of qualified education loans.,Employer Participation in Student Loan Assistance Act,Taxation,"Employee benefits and pensions|Higher education|Income tax exclusion|Interest, dividends, interest rates|Student aid and college costs",1.0,"The bill modifies tax exclusions for employer-provided educational assistance, directly regulating the tax treatment of private employer-sponsored employee benefits.",,,,"The bill extends a tax exclusion for employer-provided educational assistance, which is a tax policy measure and not a direct regulation of private employer wage, hour, or benefit obligations.",,,,"This bill extends a tax exclusion for employer-provided educational assistance to include student loan repayment, which is a general tax benefit unrelated to wage/hour obligations rather than a regulation of private employer wage, hour, or benefit conduct.",,,,"This bill extends a tax exclusion for employer-provided educational assistance to cover student loan payments, which is a tax benefit/incentive rather than a bill imposing new mandatory wage, hour, or benefit obligations on private employers."
hr1720-114,To amend the Internal Revenue Code of 1986 to increase the exclusion for employer-provided dependent care assistance.,Child and Dependent Care FSA Enhancement Act,Taxation,Adult day care|Child care and development|Employee benefits and pensions|Income tax exclusion|Inflation and prices,1.0,"The bill modifies tax exclusions for employer-provided dependent care assistance, directly regulating the financial structure of employer-sponsored welfare benefit plans for private sector employees.",,,,"The bill offers a tax benefit related to employer-provided dependent care assistance, which is unrelated to wage/hour obligations and does not impose new obligations on private employers.",,,,"This bill increases the tax exclusion limit for employer-provided dependent care assistance programs, which is a general tax benefit for families using dependent care rather than a regulation imposing wage, hour, or benefit obligations on private employers.",,,,"This bill increases the tax exclusion amount for employer-provided dependent care assistance, which is a tax benefit adjustment rather than a bill imposing new wage, hour, or benefit obligations on private employers; it falls under the disqualifying category of tax benefits unrelated to wage/hour obligations (dependent care credits/exclusions)."
s3673-111,A bill to amend the Patient Protection and Affordable Care Act to repeal certain limitations on tax health care benefits.,Patients' Freedom to Choose Act,Health,Employee benefits and pensions|Health care costs and insurance|Prescription drugs,1.0,"The bill modifies employer-sponsored health flexible spending arrangements and health savings accounts, which are welfare benefit plans governed by ERISA and subject to private employer obligations.",,,,"The bill primarily addresses tax treatment of health savings accounts and flexible spending arrangements, not private employer obligations under ERISA or wage/hour laws.",1,enforcement,healthcare,"The bill modifies ACA restrictions on employer-sponsored health flexible spending arrangements (cafeteria plans) and health savings accounts, directly affecting private employer obligations regarding employee health benefit plan design and administration under ERISA.",,,,"This bill modifies tax treatment of optional employee benefit plan features (HSAs, MSAs, health FSAs) by removing restrictions on what can be purchased and lifting contribution caps; it does not impose new mandatory obligations on private employers as plan sponsors but rather loosens existing tax rules on voluntary benefit arrangements."
hr170-115,"To amend the Immigration and Nationality Act to modify the definition of ""exempt H-1B nonimmigrant"".",Protect and Grow American Jobs Act,Immigration,Employee hiring|Foreign labor|Inflation and prices|Visas and passports|Wages and earnings,1.0,"The bill raises the minimum salary threshold for H-1B visa exemptions, directly regulating the wage obligations of private employers hiring foreign specialty occupation workers.",,,,"The bill primarily addresses immigration policy by modifying the definition of 'exempt H-1B nonimmigrant' and adjusting salary thresholds for H-1B visa holders, which is related to foreign labor and visa regulations, not private employer wage, hour, or benefit obligations.",,,,"This bill modifies H-1B visa eligibility criteria and employer hiring requirements under immigration law, not private employer wage, hour, or benefit obligations under labor and employment law.",1,enforcement,wage_hour,"The bill raises the salary threshold for exempt H-1B nonimmigrants from $60,000 to $100,000 and adds inflation adjustments, directly tightening the wage-related obligations that H-1B dependent private employers must satisfy when hiring foreign workers, which is a regulation of private employer wage conduct."
hr1625-116,"To amend the Internal Revenue Code of 1986 to provide a safe harbor for determinations of worker classification, to require increased reporting, and for other purposes.",New Economy Works to Guarantee Independence and Growth Act of 2019,Taxation,"Contracts and agency|Employment taxes|Self-employed|Tax administration and collection, taxpayers|Wages and earnings",1.0,"The bill establishes a safe harbor test for classifying workers as independent contractors versus employees for tax purposes, directly impacting private employers' obligations regarding withholding, reporting, and potential wage and benefit liabilities.",,,,"The bill primarily addresses tax classification of workers as independent contractors versus employees, which is a tax policy issue rather than a direct regulation of private employer wage, hour, or benefit obligations.",1,enforcement,wage_hour,"Establishes a safe harbor test for independent contractor classification under the Internal Revenue Code, directly affecting private employer obligations regarding worker classification, which determines wage, hour, and benefit requirements under federal labor law.",1,enforcement,wage_hour,"The bill establishes a safe harbor test for classifying workers as independent contractors rather than employees, directly affecting private employer obligations regarding worker classification, which is a core wage and hour issue governing whether employers must provide employment-related wages, benefits, and tax withholding."
s1204-113,"A bill to amend the Patient Protection and Affordable Care Act to protect rights of conscience with regard to requirements for coverage of specific items and services, to amend the Public Health Service Act to prohibit certain abortion-related discrimination in governmental activities, and for other purposes.",Health Care Conscience Rights Act,Health,Abortion|Civil actions and liability|Comprehensive health care|Employee benefits and pensions|Health care costs and insurance|Health care coverage and access|Health personnel|Health programs administration and funding|Legal fees and court costs|Medical education|Religion|Sales and excise taxes,1.0,"The bill amends the Affordable Care Act and Public Health Service Act to protect group health plan sponsors and issuers from being required to provide coverage for specific services, directly addressing employer obligations regarding employer-sponsored group health benefit plans under ERISA.",,,,"The bill primarily addresses health insurance coverage exclusions based on moral or religious objections and abortion-related discrimination, not private employer wage, hour, or benefit obligations.",1,enforcement,healthcare,"The bill amends the ACA and ERISA-related provisions to exempt employer-sponsored group health plans from coverage mandates based on conscience objections, directly modifying private employer obligations under federal health benefit law.",1,enforcement,healthcare,"The bill amends the ACA to allow group health plan sponsors and health insurance issuers to exclude coverage of abortion or other items/services based on moral or religious objections, and prohibits imposition of penalties on employer-sponsored group health plans that exclude such items, directly modifying private employer obligations as plan sponsors under ERISA/ACA regarding what their group health plans must cover."
s1358-112,A bill to amend the Family and Medical Leave Act of 1993 to provide leave because of the death of a son or daughter.,Parental Bereavement Act of 2011,Labor and Employment,"Employee leave|Family relationships|Government employee pay, benefits, personnel management|Teaching, teachers, curricula",1.0,"The bill amends the Family and Medical Leave Act (FMLA) to expand leave entitlements for private sector employees, directly regulating employer obligations regarding protected family leave.",1,enforcement,wage_hour,"The bill amends the FMLA to provide bereavement leave, directly imposing new leave obligations on private employers.",1,enforcement,wage_hour,"Amends the FMLA to create a new mandatory bereavement leave entitlement for private employers, directly expanding employer leave obligations beyond existing FMLA provisions.",1,enforcement,wage_hour,"The bill amends the Family and Medical Leave Act to create a new mandatory leave entitlement for private employers (bereavement leave for the death of a son or daughter), directly expanding private employer leave obligations under the FMLA."
hr2341-112,"To amend the Fair Labor Standards Act with regard to certain exemptions under that Act for direct care workers and to improve the systems for the collection and reporting of data relating to the direct care workforce, and for other purposes.",Direct Care Job Quality Improvement Act of 2011,Labor and Employment,"Allied health services|Census and government statistics|Employment and training programs|Government information and archives|Health personnel|Home and outpatient care|Labor standards|Long-term, rehabilitative, and terminal care|Medicaid|Wages and earnings",1.0,"The bill amends the Fair Labor Standards Act to modify minimum wage and overtime exemptions for direct care workers, directly regulating private employer wage obligations.",1,enforcement,wage_hour,"Amends the Fair Labor Standards Act to modify exemptions affecting direct care workers, directly impacting private employer wage obligations.",1,enforcement,wage_hour,"The bill amends the Fair Labor Standards Act to modify exemptions from minimum wage and maximum hour requirements for direct care workers providing companionship services, directly affecting private employer wage and hour obligations under the FLSA.",1,enforcement,wage_hour,"The bill amends the Fair Labor Standards Act to modify the companionship services exemption from minimum wage and maximum hour requirements for direct care workers, directly altering private employer wage and hour obligations under the FLSA."
hr364-112,"To repeal the Patient Protection and Affordable Care Act and to take meaningful steps to lower health care costs and increase access to health insurance coverage without raising taxes, cutting Medicare benefits for seniors, adding to the national deficit, intervening in the doctor-patient relationship, or instituting a government takeover of health care.",Common Sense Health Reform Americans Actually Want Act,Health,Abortion|Administrative law and regulatory procedures|Administrative remedies|Child health|Civil actions and liability|Comprehensive health care|Department of Health and Human Services|Disability and health-based discrimination|Emergency medical services and trauma care|Employee benefits and pensions|Evidence and witnesses|Executive agency funding and structure|Family relationships|Federal preemption|Government information and archives|Health care costs and insurance|Health care coverage and access|Health care quality|Health facilities and institutions|Health information and medical records|Health personnel|Health promotion and preventive care|Income tax deductions|Intergovernmental relations|Judicial procedure and administration|Judicial review and appeals|Jurisdiction and venue|Medicaid|Medical ethics|Medical research|Medicare|Small business|State and local government operations,1.0,"The bill amends ERISA to establish governance rules for small business health plans and modifies dependent coverage and preexisting condition exclusions for group health plans, directly regulating private employer-sponsored welfare benefit obligations.",1,enforcement,healthcare,"The bill amends ERISA to impose standards on employer-sponsored group health plans, directly affecting private employer obligations.",1,enforcement,healthcare,"The bill amends ERISA to impose continuing obligations on private employers as sponsors of group health plans, including dependent coverage until age 26, prohibition of preexisting condition exclusions for minors, and wellness program premium variation rules, thereby directly regulating private employer-sponsored health benefit obligations.",1,enforcement,healthcare,"The bill amends ERISA to establish small business health plans, continues dependent coverage requirements and preexisting condition exclusion prohibitions for group health plans, and modifies wellness program rules for employer-sponsored plans — all of which directly impose obligations on private employers as sponsors of group health plans under ERISA."
s2833-114,"A bill to amend section 214(c)(8) of the Immigration and Nationality Act to modify the data reporting requirements relating to nonimmigrant employees, and for other purposes.",Visa Transparency Anti-Trafficking Act of 2016,Immigration,Congressional oversight|Cultural exchanges and relations|Foreign labor|Government information and archives|Immigration status and procedures|Visas and passports,1.0,"The bill mandates the reporting of compensation data for nonimmigrant workers by private employers, which serves as a transparency mechanism to monitor and enforce wage obligations and prevent labor trafficking or underpayment violations.",,,,"The bill primarily concerns immigration data reporting requirements and does not impose new obligations on private employers regarding wages, hours, or benefits.",,,,"This bill concerns immigration data reporting requirements for nonimmigrant visa holders and their employers, not private employer wage, hour, or benefit obligations under labor law statutes like FLSA, ERISA, or FMLA.",,,,"This bill primarily concerns immigration data reporting requirements for nonimmigrant visa categories; it expands government reporting obligations rather than imposing wage, hour, or benefit obligations on private employers."
hr1311-112,To provide for the coverage of medically necessary food under Federal health programs and private health insurance.,Medical Foods Equity Act of 2011,Health,Child health|Digestive and metabolic diseases|Food assistance and relief|Health care costs and insurance|Health care coverage and access|Medicare|Nutrition and diet|Poverty and welfare assistance,1.0,"The bill amends ERISA and the Internal Revenue Code to mandate that private employer-sponsored health plans provide coverage for medically necessary food, directly regulating employer benefit obligations.",1,enforcement,healthcare,"The bill amends ERISA to require employer-sponsored health plans to cover medically necessary food and related supplies, directly imposing new obligations on private employers as plan sponsors.",1,enforcement,healthcare,"The bill amends ERISA and related statutes to impose mandatory coverage requirements on private employer-sponsored health plans for medically necessary food and related treatments, directly creating new employer obligations as plan sponsors.",1,enforcement,healthcare,"The bill amends ERISA to require employer-sponsored health plans to provide coverage of medically necessary food, vitamins, and amino acids for inborn errors of metabolism, directly imposing new coverage obligations on private employers as plan sponsors."
hr6854-115,"To provide tax relief for the victims of Hurricane Florence, and for other purposes.",Hurricane Florence Tax Relief Act,Taxation,"Charitable contributions|Disaster relief and insurance|Employee benefits and pensions|Income tax credits|Income tax deductions|Income tax exclusion|Natural disasters|North Carolina|Poverty and welfare assistance|South Carolina|Tax administration and collection, taxpayers|Tax treatment of families|Virginia|Wages and earnings",1.0,"The bill establishes an employee retention tax credit for wages paid by private employers in disaster zones, directly incentivizing wage payments and addressing employer wage obligations.",,,,"The bill primarily provides tax relief for individuals and businesses affected by Hurricane Florence, including an employee retention tax credit, which incentivizes hiring decisions rather than directly regulating private employer wage or benefit obligations.",,,,"This is a disaster relief tax bill whose primary purpose is providing tax relief to Hurricane Florence victims; while it mentions retirement plan distributions and an employee retention credit, these are incidental tax benefits in a disaster context rather than regulations imposing wage, hour, or benefit obligations on private employers.",,,,"This is a disaster relief tax bill that modifies tax treatment for individuals and businesses affected by Hurricane Florence; its provisions regarding retirement plan early distributions, employee retention tax credits, and charitable deduction modifications are tax relief measures, not bills whose central purpose is imposing or tightening private employer wage, hour, or benefit obligations."
hr3726-113,To amend the Internal Revenue Code of 1986 to allow the work opportunity credit for hiring the long-term unemployed.,Long-Term Unemployed Hiring Incentive Act,Taxation,Employee hiring|Income tax credits|Unemployment|Wages and earnings,1.0,"The bill introduces a tax credit for private employers who hire long-term unemployed individuals, which qualifies as a tax incentive related to employer wage and hiring obligations.",,,,"The bill offers a tax credit for hiring long-term unemployed individuals, which incentivizes hiring decisions but does not directly impose wage, hour, or benefit obligations on private employers.",,,,"This bill offers a tax credit for hiring long-term unemployed individuals, which incentivizes hiring decisions rather than regulating private employer wage, hour, or benefit compliance obligations.",,,,"This bill offers a tax credit for hiring workers from a specific group (the long-term unemployed), which incentivizes hiring decisions rather than regulating private employer wage, hour, or benefit obligations."
hr5535-114,"To amend the Family and Medical Leave Act of 1993 and title 5, United States Code, to allow employees to take, as additional leave, parental involvement leave to participate in or attend their children's and grandchildren's educational and extracurricular activities and for other purposes.",Family Leave for Parental Involvement in Education Act,Labor and Employment,"Community life and organization|Elementary and secondary education|Employee leave|Family relationships|Government employee pay, benefits, personnel management",1.0,"The bill amends the Family and Medical Leave Act (FMLA) to expand leave entitlements for private sector employees, directly regulating employer obligations regarding protected family leave.",1,enforcement,wage_hour,"The bill expands FMLA leave provisions to include parental involvement leave, directly affecting private employer leave obligations.",1,enforcement,wage_hour,"Amends the FMLA to create a new mandatory leave entitlement for private employers, requiring them to provide parental involvement leave for employees to attend children's educational activities, thereby expanding employer leave obligations.",1,enforcement,wage_hour,"The bill amends the FMLA to create a new mandatory leave entitlement (parental involvement leave) for employees of private employers, directly imposing new leave obligations on private employers."
s124-116,A bill to amend the Fair Labor Standards Act of 1938 to prevent employers from using non-compete agreements in employment contracts for certain non-exempt employees.,Freedom to Compete Act,Labor and Employment,Competition and antitrust|Contracts and agency|Employment discrimination and employee rights|Labor standards|Labor-management relations,1.0,"The bill amends the Fair Labor Standards Act to restrict non-compete agreements for non-exempt employees, directly regulating private employer conduct regarding wage-earning workers and their employment conditions.",1,enforcement,wage_hour,"The bill prohibits non-compete agreements for certain employees, directly regulating private employer wage conduct by enhancing worker mobility and bargaining power.",1,enforcement,wage_hour,"Prohibits private employers from enforcing non-compete agreements on certain non-exempt employees, directly regulating employer conduct that suppresses worker wages and mobility under the FLSA.",1,enforcement,wage_hour,"The bill amends the FLSA to prohibit private employers from enforcing non-compete agreements on lower-wage workers, directly regulating private employer wage conduct by removing a mechanism that suppresses worker wages and bargaining power."
hr631-112,To amend the Fair Labor Standards Act of 1938 to establish a base minimum wage for tipped employees.,WAGES Act,Labor and Employment,Wages and earnings,1.0,"The bill amends the Fair Labor Standards Act to establish a base minimum wage for tipped employees, directly regulating private employer wage obligations.",1,enforcement,wage_hour,"The bill amends the FLSA to establish a base minimum wage for tipped employees, directly affecting private employer wage obligations.",1,enforcement,wage_hour,"Amends the FLSA to raise the base minimum wage for tipped employees, directly strengthening private employer wage obligations under federal wage and hour law.",1,enforcement,wage_hour,"This bill amends the FLSA to raise the base minimum wage for tipped employees, directly tightening private employer wage obligations regarding tip credit rules."
s479-113,"A bill to amend the Internal Revenue Code of 1986 to clarify the employment tax treatment and reporting of wages paid by professional employer organizations, and for other purposes.",Small Business Efficiency Act,Taxation,"Accounting and auditing|Contracts and agency|Employment taxes|Licensing and registrations|Social security and elderly assistance|Tax administration and collection, taxpayers|User charges and fees|Wages and earnings",1.0,"The bill regulates the employment tax obligations and reporting requirements of Professional Employer Organizations (PEOs), which are private entities responsible for withholding and remitting payroll taxes on behalf of client employers, directly impacting private sector wage administration and compliance.",,,,"The bill primarily addresses tax administration and the employment tax treatment of professional employer organizations, not private employer wage, hour, or benefit obligations.",,,,"This bill addresses tax administration and reporting procedures for professional employer organizations (PEOs) rather than imposing substantive wage, hour, or benefit obligations on private employers; it clarifies which entity remits payroll taxes, not the underlying wage or benefit requirements themselves.",,,,"This bill clarifies employment tax treatment and reporting for professional employer organizations (PEOs) under the Internal Revenue Code; it addresses tax administration and collection mechanics rather than imposing new wage, hour, or benefit obligations on private employers."
hr6370-114,To amend the Internal Revenue Code of 1986 for purposes of the tax on private foundation excess business holdings to treat as outstanding any employee-owned stock purchased by a business enterprise pursuant to certain employee stock ownership retirement plans.,,Taxation,"Business investment and capital|Employee benefits and pensions|Sales and excise taxes|Securities|Social work, volunteer service, charitable organizations|Tax-exempt organizations",1.0,"The bill addresses employee stock ownership retirement plans, which are employee benefit plans subject to ERISA, by modifying tax treatment for private foundations holding stock purchased from these plans.",,,,"The bill primarily addresses tax treatment of employee-owned stock in relation to private foundation holdings, not private employer wage, hour, or benefit obligations.",,,,"This bill modifies tax treatment of private foundation excess business holdings when employee-owned stock is repurchased; it addresses tax-exempt organization rules and securities treatment, not private employer wage, hour, or benefit obligations to employees.",,,,"This bill modifies tax rules for private foundation excess business holdings related to employee stock ownership plans; it does not impose wage, hour, or benefit obligations on private employers but rather adjusts tax treatment of foundation holdings involving ESOP stock transactions."
s3462-114,"A bill to provide for a 6-month delay in the effective date of a rule of the Department of Labor relating to income thresholds for determining overtime pay for executive, administrative, professional, outside sales, and computer employees.","Regulatory Relief for Small Businesses, Schools, and Nonprofits Act",Labor and Employment,,1.0,"The bill delays the effective date of a Department of Labor rule regarding overtime pay thresholds for exempt employees, directly impacting private employer obligations under the Fair Labor Standards Act.",1,enforcement,wage_hour,"The bill delays the implementation of a Department of Labor rule that revises income thresholds for overtime pay, directly affecting private employer wage obligations under the FLSA.",1,enforcement,wage_hour,"The bill delays implementation of a DOL rule expanding overtime eligibility by raising salary thresholds for white-collar exemptions under the FLSA, directly affecting private employer wage and hour obligations.",1,enforcement,wage_hour,"The bill delays the effective date of a DOL rule revising overtime pay income thresholds under the FLSA, directly affecting private employer overtime obligations for white-collar employees."
s1248-113,"A bill to permit employees to request, and to ensure employers consider requests for, flexible work terms and conditions, and for other purposes.",Flexibility for Working Families Act,Labor and Employment,"Administrative remedies|Civil actions and liability|Congressional agencies|Congressional officers and employees|Department of Labor|Employment discrimination and employee rights|Government Accountability Office (GAO)|Government employee pay, benefits, personnel management|Government information and archives|Judicial review and appeals|Labor standards|Labor-management relations|Library of Congress|State and local government operations",1.0,"The bill regulates private employer obligations regarding work schedules, hours, and notification periods, and explicitly requires the Department of Labor's Wage and Hour Division to issue guidance on compliance with the Fair Labor Standards Act, directly addressing wage and hour issues.",1,enforcement,wage_hour,"The bill imposes new obligations on private employers to consider employee requests for flexible work terms, directly affecting wage and hour conditions.",1,enforcement,wage_hour,"Creates new private employer obligations to consider and respond to employee requests for flexible work arrangements, with enforcement mechanisms including civil penalties and federal court review, directly regulating employer wage and hour conduct.",1,enforcement,wage_hour,"The bill imposes new obligations on private employers to consider employee requests for flexible work terms and conditions (hours, schedules, location), creates enforcement mechanisms including civil penalties, and amends employer duties under labor standards — directly regulating private employer wage/hour conduct."
hr3046-115,To amend the Internal Revenue Code of 1986 to exclude employer contributions to 529 plans from gross income and employment taxes and to allow a deduction for individual contributions to such plans.,Help All Americans Save for College Act of 2017,Taxation,"Bank accounts, deposits, capital|Disability and paralysis|Employee benefits and pensions|Employment taxes|Higher education|Income tax deductions|Income tax exclusion|Income tax rates|Student aid and college costs",1.0,"The bill modifies tax incentives for employer-sponsored 529 plans and ABLE accounts, directly affecting private employer obligations and strategies regarding employee benefit contributions.",,,,"The bill primarily addresses tax treatment of 529 plans and ABLE accounts, offering tax exclusions and deductions, which are unrelated to private employer wage, hour, or benefit obligations.",,,,"This bill modifies the tax treatment of employer contributions to 529 college savings plans and ABLE accounts, offering tax exclusions and deductions; these are general tax benefits for education and disability savings, not obligations imposed on employers regarding wage, hour, or employee benefit plan compliance under ERISA or similar labor standards.",,,,"This bill modifies the tax treatment of employer contributions to 529 plans and ABLE accounts by providing tax exclusions and deductions; it is a general tax benefit related to education savings, not a bill imposing wage, hour, or benefit obligations on private employers."
hr3015-113,To amend the Internal Revenue Code of 1986 to provide tax incentives for the establishment of supermarkets in certain underserved areas.,Supermarket Tax Credit for Underserved Areas Act,Taxation,Business investment and capital|Employee hiring|Food industry and services|Fruit and vegetables|Income tax credits|Retail and wholesale trades|Wages and earnings,1.0,"The bill modifies the Work Opportunity Tax Credit by increasing the wage limit eligible for credit for employees of supermarkets, which constitutes a tax incentive directly related to private employer wage obligations.",,,,"The bill primarily provides tax incentives for supermarkets in underserved areas, which are not directly related to private employer wage, hour, or benefit obligations.",,,,"This bill provides tax incentives to encourage supermarket development in underserved areas, including rehabilitation credits, enhanced work opportunity credits for hiring, and credits for selling local produce; these are general economic development and hiring incentives, not regulations imposing wage, hour, or benefit obligations on private employers.",,,,"This bill provides tax incentives (rehabilitation credit, work opportunity credit increase, and fresh produce sales credit) to encourage supermarket establishment in underserved areas; these are general tax credits for hiring and business investment, not regulations imposing wage, hour, or benefit obligations on private employers."
s1341-115,A bill to amend the Fair Labor Standards Act of 1938 to prohibit employment of children in tobacco-related agriculture by deeming such employment as oppressive child labor.,Children Don't Belong on Tobacco Farms Act,Labor and Employment,"Drug, alcohol, tobacco use|Labor standards|Migrant, seasonal, agricultural labor|Worker safety and health|Youth employment and child labor",1.0,"The bill amends the Fair Labor Standards Act to prohibit private employers from engaging in oppressive child labor in tobacco agriculture, directly regulating employer conduct regarding youth employment standards.",1,enforcement,wage_hour,"The bill amends the Fair Labor Standards Act to prohibit child labor in tobacco-related agriculture, directly affecting private employer wage and labor obligations.",1,enforcement,wage_hour,"Amends the FLSA to expand child labor prohibitions by raising the minimum age for tobacco-related agricultural work to 18, directly strengthening private employer wage and hour obligations.",1,enforcement,wage_hour,"The bill amends the FLSA to expand the definition of 'oppressive child labor' to prohibit employment of minors in tobacco-related agriculture, directly tightening private employer labor standards regarding child labor."
s1656-113,A bill to clarify that volunteers at a children's consignment event are not employees under the Fair Labor Standards Act of 1938.,Children's Consignment Event Recognition Act of 2013,Labor and Employment,"Labor standards|Retail and wholesale trades|Social work, volunteer service, charitable organizations",1.0,"The bill amends the Fair Labor Standards Act to define a specific class of volunteers as non-employees, thereby exempting private event organizers from minimum wage and overtime obligations for those individuals.",1,enforcement,wage_hour,"The bill amends the FLSA to exclude certain volunteers from being classified as employees, directly affecting private employer wage obligations under the Act.",1,enforcement,wage_hour,"Amends the FLSA to create a new exemption from minimum wage and overtime requirements for volunteers at children's consignment events, thereby weakening private employer wage obligations under federal labor standards.",1,enforcement,wage_hour,"The bill amends the FLSA to exclude certain volunteers at children's consignment events from the definition of 'employee,' directly narrowing private employer minimum wage and maximum hours obligations under the Fair Labor Standards Act."
s1386-115,"A bill to permit employees to request changes to their work schedules without fear of retaliation and to ensure that employers consider these requests, and to require employers to provide more predictable and stable schedules for employees in certain occupations with evidence of unpredictable and unstable scheduling practices that negatively affect employees, and for other purposes.",Schedules That Work Act,Labor and Employment,Civil actions and liability|Employee leave|Employment and training programs|Employment discrimination and employee rights|Food industry and services|Labor standards|Labor-management relations|Retail and wholesale trades|Wages and earnings|Worker safety and health,1.0,"The bill regulates private employer scheduling practices, including requirements for advance notice, reporting time pay, and split shift pay, which directly impacts wage and hour obligations under labor standards.",1,enforcement,wage_hour,"The bill imposes new obligations on private employers to consider employee scheduling requests and provide predictable schedules, directly regulating employer wage and hour practices.",1,enforcement,wage_hour,"This bill directly imposes new obligations on private employers regarding work scheduling practices, advance notice requirements, reporting time pay, split shift pay, and employee rights to request schedule changes—all core wage and hour compliance matters under the FLSA framework.",1,enforcement,wage_hour,"The bill directly imposes new obligations on private employers regarding work scheduling practices, reporting time pay, split shift pay, advance notice of schedules, and protections against retaliation for schedule change requests, all of which are wage and hour obligations."
hr3910-115,To amend the Internal Revenue Code of 1986 to make lifetime income and managed account options of defined contribution retirement savings plans portable.,,Taxation,Employee benefits and pensions|Financial services and investments|Income tax deferral,1.0,"The bill regulates the portability and distribution mechanisms of employer-sponsored defined contribution retirement plans, directly addressing private employer obligations regarding employee pension benefits under ERISA.",,,,"The bill primarily addresses the portability of investment options within employer-sponsored retirement plans, modifying tax treatment rather than imposing new mandatory obligations on private employers.",,,,"This bill modifies optional plan features and the tax treatment of certain retirement plan distributions (portability of lifetime income and managed account investments), but does not impose new mandatory obligations on private employers as plan sponsors regarding funding, fiduciary duties, or participant protections.",,,,"This bill modifies optional plan features and tax treatment of distributions from defined contribution plans when certain investment options are removed; it does not impose new mandatory obligations on private employers as plan sponsors regarding funding, fiduciary duties, or participant disclosures."
s1188-113,A bill to amend the Internal Revenue Code of 1986 to modify the definition of full-time employee for purposes of the individual mandate in the Patient Protection and Affordable Care Act.,Forty Hours Is Full Time Act of 2013,Taxation,Employee benefits and pensions|Health care costs and insurance|Health care coverage and access|Sales and excise taxes,1.0,"The bill modifies the definition of a full-time employee for the ACA employer mandate, directly affecting private employers' obligations to provide health benefits to their workforce.",1,enforcement,healthcare,"The bill modifies the definition of full-time employee under the ACA employer mandate, directly affecting private employer obligations to provide health care coverage.",1,enforcement,healthcare,"Modifies the ACA employer mandate's definition of full-time employee from 30 to 40 hours per week, directly weakening private employer obligations to provide health coverage under ERISA-governed group health plans.",1,enforcement,healthcare,"This bill modifies the ACA employer mandate by changing the definition of full-time employee from 30 to 40 hours per week, directly altering private employer obligations to provide health care coverage under the employer shared responsibility provision, effectively loosening the scope of the mandate."
hr397-112,"To repeal the Patient Protection and Affordable Care Act and the Health Care and Education Reconciliation Act of 2010 and to take meaningful steps to lower health care costs and increase access to health insurance coverage without raising taxes, cutting Medicare benefits for seniors, adding to the national deficit, intervening in the doctor-patient relationship, or instituting a government takeover of health care.",Reform Americans Can Afford Act of 2011,Health,"Abortion|Administrative law and regulatory procedures|Administrative remedies|Advisory bodies|Bankruptcy|Civil actions and liability|Comprehensive health care|Consumer affairs|Department of Health and Human Services|Disability and health-based discrimination|Drug safety, medical device, and laboratory regulation|Employee benefits and pensions|Executive agency funding and structure|Family relationships|Federal-Indian relations|Government information and archives|Government lending and loan guarantees|Health care costs and insurance|Health care coverage and access|Health care quality|Health programs administration and funding|Health promotion and preventive care|Higher education|Income tax credits|Intellectual property|Judicial procedure and administration|Licensing and registrations|Medicaid|Medical research|Medicare|Small business|State and local government operations|State and local taxation|Student aid and college costs|User charges and fees",1.0,"The bill amends ERISA to regulate association health plans and group health plan dependent coverage, directly addressing employer-sponsored welfare benefit obligations.",1,enforcement,healthcare,"The bill amends ERISA to impose new standards on employer-sponsored group health plans, directly affecting private employer obligations.",1,enforcement,healthcare,"The bill extensively amends ERISA and related statutes to impose new obligations on private employers as sponsors of group health plans, including dependent coverage mandates, association health plan governance requirements, and auto-enrollment provisions, making employer-sponsored health benefits its dominant focus.",1,enforcement,healthcare,"The bill amends ERISA to establish association health plans, impose dependent coverage requirements on employer-sponsored group health plans, permit employer auto-enrollment in group health plans, and allow wellness program premium variations — all of which directly impose or modify obligations on private employers as sponsors of group health plans under ERISA."
s3067-111,A bill to amend the Internal Revenue Code of 1986 to increase the exclusion for employer-provided dependent care assistance.,Child and Dependent Care FSA Enhancement Act,Taxation,Adult day care|Child care and development|Employee benefits and pensions|Income tax exclusion|Inflation and prices,1.0,"The bill modifies tax exclusions for employer-provided dependent care assistance, directly regulating the financial structure of employer-sponsored welfare benefit plans for private sector employees.",,,,"The bill offers a tax benefit related to employer-provided dependent care assistance, which is unrelated to wage/hour obligations or mandatory employer conduct.",,,,"This bill increases the tax exclusion limit for employer-provided dependent care assistance, which is a general tax benefit for families using dependent care rather than a regulation imposing wage, hour, or benefit obligations on private employers.",,,,"This bill adjusts the tax exclusion amount for employer-provided dependent care assistance, which is a tax benefit provision rather than a bill imposing new wage, hour, or benefit obligations on private employers; it falls under the disqualifying category of tax benefits unrelated to wage/hour obligations (dependent care credits/exclusions)."
hr1423-114,"To amend the Public Health Service Act, the Employee Retirement Income Security Act of 1974, and the Internal Revenue Code of 1986 to exclude from the definition of health insurance coverage certain medical stop-loss insurance obtained by certain plan sponsors of group health plans.",Self-Insurance Protection Act,Health,Employee benefits and pensions|Health care costs and insurance|Insurance industry and regulation,1.0,"The bill amends ERISA and the Internal Revenue Code to clarify the regulatory status of stop-loss insurance for self-insured group health plans, directly affecting private employer obligations and compliance regarding employee welfare benefit plans.",,,,"The bill primarily addresses the classification of stop-loss insurance under ERISA and does not impose new obligations on private employers regarding wage, hour, or benefit compliance.",1,enforcement,healthcare,"This bill amends ERISA and related statutes to modify regulatory treatment of stop-loss insurance for self-insured employer-sponsored group health plans, directly affecting private employer obligations as plan sponsors under ERISA Title I.",1,enforcement,healthcare,"This bill amends ERISA and related statutes to change the regulatory classification of stop-loss insurance obtained by self-insured employer-sponsored group health plans, directly affecting the obligations imposed on private employers as plan sponsors by excluding stop-loss policies from the definition of health insurance coverage, which alters the regulatory framework governing employer-sponsored self-insured plans."
s1088-112,A bill to provide increased funding for the reinsurance for early retirees program.,Retiree Health Coverage Protection Act,Health,Employee benefits and pensions|Health care costs and insurance,1.0,The bill addresses employer-sponsored group health benefit obligations by increasing federal reinsurance funds to help private employers cover the costs of providing health insurance to early retirees.,,,,"The bill increases funding for a government reinsurance program under the ACA, which does not impose new obligations on private employers but rather provides financial support for existing employer-sponsored plans.",1,enforcement,healthcare,"The bill increases funding for a reinsurance program that supports employer-sponsored group health plans covering early retirees, thereby strengthening the financial viability of employer-provided health benefits and reinforcing private employer obligations to maintain retiree health coverage.",1,enforcement,healthcare,"The bill increases funding for a reinsurance program that directly reimburses employer-sponsored group health benefit plans for costs of covering early retirees, thereby reinforcing private employer obligations to maintain health coverage for early retirees under their employment-based plans."
s959-114,"A bill to establish a tax credit for on-site apprenticeship programs, and for other purposes.",Apprenticeship and Jobs Training Act of 2015,Taxation,Congressional oversight|Employee benefits and pensions|Employment and training programs|Government studies and investigations|Income tax credits|Income tax exclusion|Military education and training|Wages and earnings,1.0,"The bill introduces tax credits for private employers participating in apprenticeship programs and modifies penalty rules for early retirement plan distributions, directly affecting employer wage-related training obligations and employee benefit plan administration.",,,,"The bill primarily introduces a tax credit for employers offering apprenticeship programs, which incentivizes training but does not directly impose wage, hour, or benefit obligations on private employers.",1,tax_credit_introduction,wage_hour,"The bill introduces a new tax credit incentivizing employers to provide on-site apprenticeship training programs, which qualifies as employer-provided job training under the wage_hour category.",1,tax_credit_introduction,wage_hour,"The bill introduces a new tax credit for employers who provide on-the-job training through qualified apprenticeship programs, which is a tax credit specifically tied to employer-provided job training and thus qualifies under the wage_hour category."
s2784-113,"A bill to direct the Secretary of Transportation to carry out activities to improve rail safety, and for other purposes.",Rail Safety Improvement Act of 2014,Transportation and Public Works,Accidents|Administrative law and regulatory procedures|Civil actions and liability|Commuting|Congressional oversight|Connecticut|Department of Transportation|Emergency planning and evacuation|Fires|Government information and archives|Government studies and investigations|Hazardous wastes and toxic substances|New Jersey|New York City|New York State|Oil and gas|Railroads|Roads and highways|Technology assessment|Telephone and wireless communication|Transportation employees|Transportation programs funding|Transportation safety and security|Worker safety and health,1.0,"The bill revises and increases civil penalties for violations of employee hours of service and sleeping quarters requirements for railroad carriers, directly addressing private employer obligations regarding worker rest and scheduling.",,,,"The bill primarily addresses rail safety and transportation infrastructure, with no direct obligations on private employer wage, hour, or benefit conduct.",,,,"This bill primarily regulates railroad safety operations, equipment standards, and crew requirements; while it mentions 'transportation employees' and crew composition, its central purpose is rail transportation safety, not private employer wage, hour, or benefit obligations.",,,,"This bill is a comprehensive rail safety bill addressing transportation safety regulations, hazardous materials transport, train control systems, and railroad operational requirements; while it mentions employee hours of service and crew requirements, its central purpose is transportation safety regulation, not private employer wage, hour, or benefit obligations."
s180-115,"A bill to amend the Immigration and Nationality Act to reform and reduce fraud and abuse in certain visa programs for aliens working temporarily in the United States, and for other purposes.",H-1B and L-1 Visa Reform Act of 2017,Immigration,"Administrative law and regulatory procedures|Administrative remedies|Civil actions and liability|Congressional oversight|Department of Labor|Foreign labor|Government employee pay, benefits, personnel management|Government studies and investigations|Immigration status and procedures|Science and engineering education|User charges and fees|Visas and passports|Wages and earnings",1.0,"The bill imposes wage and benefit obligations on private employers sponsoring H-1B and L-1 visas, including liability for lost wages and benefits, penalties for displacing U.S. workers, and requirements regarding wage rates and working conditions.",1,enforcement,wage_hour,"The bill imposes new obligations on employers regarding wage rates, working conditions, and penalties for H-1B and L-1 visa workers, directly affecting private employer wage obligations.",1,enforcement,wage_hour,"The bill directly imposes wage and working condition obligations on private employers hiring H-1B and L-1 visa workers, including prevailing wage requirements, prohibitions on displacing U.S. workers, and employer liability for lost wages and benefits to harmed employees.",1,enforcement,wage_hour,"The bill directly imposes wage and benefit obligations on private employers using H-1B and L-1 visa programs, including requirements regarding prevailing wage rates, liability to harmed employees for lost wages and benefits, penalties for displacing U.S. workers, and enhanced enforcement mechanisms — all of which regulate private employer wage and labor conduct."
hr386-115,To amend the Internal Revenue Code of 1986 to increase the amount excludable from gross income for dependent care assistance and dependent care flexible spending arrangements and to provide for a carryover of unused dependent care benefits in dependent care flexible spending arrangements.,Working Parents Tax Relief Act,Taxation,Child care and development|Disability and paralysis|Employee benefits and pensions|Income tax exclusion|Inflation and prices,1.0,"The bill modifies tax exclusions for employer-provided dependent care assistance, directly regulating the financial structure of private employer-sponsored welfare benefit plans under ERISA.",,,,"The bill offers a tax benefit related to dependent care, which is unrelated to private employer wage or hour obligations.",,,,"This bill increases tax exclusion limits and allows carryover of unused dependent care benefits in employer-sponsored flexible spending arrangements, which are tax benefits for employees rather than mandatory employer wage, hour, or benefit obligations.",,,,"This bill modifies the tax exclusion amount for employer-provided dependent care assistance and allows carryover of unused benefits in flexible spending arrangements; these are tax benefit adjustments (increasing a tax exclusion threshold and modifying plan mechanics) rather than imposing new mandatory wage, hour, or benefit obligations on private employers."
s852-115,"A bill to amend the Internal Revenue Code of 1986 to protect older, longer service and grandfathered participants in defined benefit plans.",Retirement Security Preservation Act of 2017,Taxation,Employee benefits and pensions|Income tax deferral,1.0,"The bill regulates nondiscrimination and participation requirements for private employer-sponsored defined benefit and defined contribution retirement plans, directly addressing ERISA obligations regarding employee pension benefits.",,,,"The bill modifies nondiscrimination requirements for defined benefit plans, but it does not impose new mandatory obligations on private employers; it primarily addresses tax code provisions related to retirement plans.",1,enforcement,pension,"The bill modifies ERISA-related nondiscrimination and minimum participation requirements that private employers must satisfy when sponsoring defined benefit pension plans, directly affecting employer obligations as plan sponsors.",,,,"This bill modifies nondiscrimination testing rules and minimum participation requirements for closed/frozen defined benefit plans under the Internal Revenue Code, easing compliance standards rather than imposing new mandatory obligations on private employers as plan sponsors; it adjusts optional plan classification rules without creating new mandatory employer conduct obligations."
hr1848-114,To amend the Fair Labor Standards Act of 1938 to prohibit employment of children in tobacco-related agriculture by deeming such employment as oppressive child labor.,,Labor and Employment,"Drug, alcohol, tobacco use|Labor standards|Migrant, seasonal, agricultural labor|Worker safety and health|Youth employment and child labor",1.0,"The bill amends the Fair Labor Standards Act to prohibit private employers from engaging in oppressive child labor in tobacco agriculture, directly regulating employer compliance with federal child labor standards.",1,enforcement,wage_hour,"The bill amends the Fair Labor Standards Act to prohibit child labor in tobacco-related agriculture, directly affecting private employer wage and labor obligations.",1,enforcement,wage_hour,"Amends the FLSA to expand the definition of oppressive child labor by prohibiting employment of minors under 18 in tobacco-related agriculture, directly strengthening private employer child labor obligations under federal wage and hour law.",1,enforcement,wage_hour,"The bill amends the Fair Labor Standards Act to expand the definition of oppressive child labor, directly tightening private employer obligations regarding the employment of minors in tobacco-related agriculture."
s1254-115,A bill to amend the Internal Revenue Code of 1986 to expand the small employer health insurance credit.,Health Care for Small Business Act,Taxation,Employee benefits and pensions|Health care costs and insurance|Income tax credits|Inflation and prices|Small business|Wages and earnings,1.0,"The bill expands the tax credit for small employers providing health insurance, directly incentivizing private employers to offer employer-sponsored group health benefit plans.",,,,"The bill primarily offers a tax credit for small employers' health insurance expenses, which is a tax policy measure rather than a direct regulation of private employer wage, hour, or benefit obligations.",1,tax_credit_introduction,healthcare,"The bill expands an existing tax credit that incentivizes small employers to provide health insurance benefits to employees, making it more generous and accessible, which constitutes enhancement of a tax credit mechanism related to employer-provided healthcare benefits.",,,,"This bill expands an existing tax credit for small employer health insurance expenses, which is a tax benefit incentivizing employers to offer coverage rather than imposing new mandatory obligations on private employers regarding wages, hours, or benefits."
hr1-115,An Act to provide for reconciliation pursuant to titles II and V of the concurrent resolution on the budget for fiscal year 2018.,Tax Cuts and Jobs Act,Taxation,"Accounting and auditing|Administrative law and regulatory procedures|Adoption and foster care|Agricultural equipment and machinery|Alaska|Alaska Natives and Hawaiians|Alcoholic beverages|Alternative and renewable resources|American Samoa|Arctic and polar regions|Art, artists, authorship|Assault and harassment offenses|Aviation and airports|Bank accounts, deposits, capital|Business expenses|Business investment and capital|Capital gains tax|Caribbean area|Charitable contributions|Child care and development|Civil actions and liability|Commodities markets|Corporate finance and management|Department of the Treasury|Disability and paralysis|Economic development|Elections, voting, political campaign regulation|Electric power generation and transmission|Employee benefits and pensions|Employee hiring|Employee leave|Employee performance|Employment taxes|Energy efficiency and conservation|Energy revenues and royalties|Financial services and investments|Foreign and international corporations|Gambling|Health care costs and insurance|Higher education|Historic sites and heritage areas|Housing finance and home ownership|Income tax credits|Income tax deductions|Income tax deferral|Income tax exclusion|Income tax rates|Inflation and prices|Insurance industry and regulation|Intellectual property|Interest, dividends, interest rates|Life, casualty, property insurance|Low- and moderate-income housing|Marine and coastal resources, fisheries|Members of Congress|Military personnel and dependents|Motor vehicles|Museums, exhibitions, cultural centers|Nuclear power|Oil and gas|Poverty and welfare assistance|Prescription drugs|Public participation and lobbying|Puerto Rico|Religion|Research and development",1.0,"The bill modifies the Internal Revenue Code regarding employee benefits and pensions, including provisions on health insurance coverage and retirement plan contributions, which directly affect private employer obligations and incentives related to wage and benefit structures.",,,,"The Tax Cuts and Jobs Act primarily focuses on tax rate reductions, modifications to tax credits and deductions, and other tax-related provisions. It does not directly impose new obligations on private employers regarding wages, hours, or benefits, nor does it amend ERISA to impose new standards on employer-sponsored benefit plans.",1,enforcement,pension,"The bill modifies ERISA-governed retirement plan obligations, including repeal of recharacterization rules for IRA contributions and changes to length-of-service award plan accrual limits, directly affecting private employer pension obligations.",API error,API error,API error,API error
hr628-115,"To amend the Public Health Service Act to prohibit application of preexisting condition exclusions and to guarantee availability of health insurance coverage in the individual and group market, contingent on the enactment of legislation repealing the Patient Protection and Affordable Care Act, and for other purposes.",Guaranteed Health Coverage for Pre-Existing Conditions Act of 2017,Health,Disability and health-based discrimination|Employee benefits and pensions|Genetics|Health care costs and insurance|Health care coverage and access|Insurance industry and regulation,1.0,"The bill regulates employer-sponsored group health insurance coverage by prohibiting preexisting condition exclusions and guaranteeing availability in the group market, directly impacting private employer obligations under ERISA and the Public Health Service Act.",,,,"The bill primarily addresses health insurance market rules and preexisting condition exclusions, not private employer obligations under ERISA or wage, hour, and benefit compliance.",1,enforcement,healthcare,"The bill imposes guaranteed issue and preexisting condition coverage requirements on employer-sponsored group health plans, directly regulating private employer obligations under ERISA regarding health benefit plan terms.",,,,"This bill primarily regulates health insurance issuers by requiring them to cover preexisting conditions and guarantee availability in the individual and group markets; it does not directly impose obligations on private employers as plan sponsors under ERISA, so employer-sponsored plans are affected only incidentally through insurance market rules."
s1098-112,"A bill to amend the Internal Revenue Code of 1986 to improve access to health care through expanded health savings accounts, and for other purposes.",Family and Retirement Health Investment Act of 2011,Taxation,"Bankruptcy|Employee benefits and pensions|Health care costs and insurance|Health care coverage and access|Health promotion and preventive care|Income tax deductions|Income tax exclusion|Indian social and development programs|Long-term, rehabilitative, and terminal care|Medicaid|Medicare|Military medicine|Minority health|Nutrition and diet|Physical fitness and lifestyle|Prescription drugs|Veterans' medical care",1.0,"The bill amends the Internal Revenue Code to expand Health Savings Account (HSA) provisions, including allowing Medicare Part A beneficiaries and veterans to establish HSAs and permitting the use of HSAs for long-term care insurance, which directly affects employer-sponsored group health benefit structures and tax incentives for private employers.",,,,"The bill primarily addresses tax treatment and expansion of health savings accounts, which are not direct employer obligations under ERISA or other wage, hour, or benefit regulations.",,,,"This bill primarily offers tax benefits and expands individual health savings account eligibility and uses, rather than imposing wage, hour, or benefit obligations on private employers; HSA provisions are optional tax-advantaged savings vehicles, not mandatory employer conduct requirements.",,,,"This bill modifies the tax treatment of health savings accounts (HSAs), flexible spending arrangements, and medical expense deductions — these are general tax policy changes that expand optional tax-advantaged savings vehicles rather than imposing new mandatory obligations on private employers regarding wages, hours, or benefits."
s268-113,A bill to reduce the deficit and protect important programs by ending tax loopholes.,CUT Loopholes Act,Taxation,"Accounting and auditing|Administrative law and regulatory procedures|Administrative remedies|Bank accounts, deposits, capital|Banking and financial institutions regulation|Business investment and capital|Capital gains tax|Civil actions and liability|Commodities markets|Commodity Futures Trading Commission|Congressional oversight|Corporate finance and management|Credit and credit markets|Department of the Treasury|Environmental regulatory procedures|Evidence and witnesses|Financial services and investments|Foreign and international banking|Foreign and international corporations|Fraud offenses and financial crimes|Government information and archives|Government trust funds|Income tax credits|Income tax deductions|Income tax exclusion|Income tax rates|Interest, dividends, interest rates|Internet and video services|Jurisdiction and venue|Lawyers and legal services|Legal fees and court costs|Oil and gas|Pollution liability|Sales and excise taxes|Securities|Securities and Exchange Commission (SEC)|Tax administration and collection, taxpayers|Taxation of foreign income|Transfer and inheritance taxes|Wages and earnings",1.0,"The bill limits the employer tax deduction for stock options and applies the $1 million remuneration cap to stock option compensation, which directly regulates private employer wage and benefit obligations through tax incentives.",,,,"The bill primarily addresses tax loopholes and financial regulations, with no direct imposition of obligations on private employers regarding wage, hour, or benefit compliance.",,,,"This is a comprehensive tax reform bill addressing international tax evasion, corporate tax loopholes, and financial reporting; while it includes provisions limiting employer deductions for stock options and employee remuneration, these are incidental tax provisions within a broader tax policy framework rather than bills whose central purpose is regulating private employer wage, hour, or benefit obligations.",,,,"This is primarily a tax reform bill closing various tax loopholes and addressing tax enforcement, money laundering, and international tax evasion; while it includes provisions limiting employer tax deductions for stock options and employee remuneration, these modify tax treatment of compensation rather than imposing new wage, hour, or benefit obligations on private employers."
hr3595-115,"To amend the Internal Revenue Code of 1986 to provide a credit to employers who provide paid family and medical leave, and for other purposes.",Strong Families Act,Taxation,Congressional oversight|Employee benefits and pensions|Employee leave|Government studies and investigations|Income tax credits|Wages and earnings,1.0,"The bill provides tax credits to private employers for providing paid family and medical leave, directly incentivizing compliance with benefit obligations related to FMLA-protected leave.",1,tax_credit_introduction,wage_hour,"Introduces a tax credit for employers who provide paid family and medical leave, incentivizing compliance with wage and hour obligations.",1,tax_credit_introduction,wage_hour,"Introduces a new tax credit incentivizing employers to voluntarily provide paid family and medical leave to employees, connecting to wage hour obligations through leave policy.",1,tax_credit_introduction,wage_hour,"The bill introduces a new tax credit for employers who provide paid family and medical leave to their employees, directly incentivizing private employers toward better wage/leave conduct."
hr5215-111,"To amend the Internal Revenue Code of 1986 to repeal the $2,500 limitation on health flexible spending arrangements.",,Taxation,Employee benefits and pensions|Health care costs and insurance|Income tax exclusion,1.0,"The bill modifies tax rules governing health flexible spending arrangements, which are employer-sponsored welfare benefit plans, thereby directly affecting private employer obligations and incentives related to employee health benefits.",,,,"The bill primarily addresses tax policy by amending the Internal Revenue Code to repeal the limitation on contributions to health flexible spending arrangements, which is a tax benefit change, not a direct regulation of private employer wage or benefit obligations.",,,,"This bill modifies the tax treatment of employee contributions to health flexible spending arrangements but does not impose new mandatory obligations on private employers regarding wages, hours, or benefits; it is general tax policy affecting individual tax exclusions rather than employer wage/benefit compliance.",,,,"This bill modifies the tax treatment of health flexible spending arrangements by repealing a contribution cap; it does not impose new mandatory obligations on private employers regarding wage, hour, or benefit conduct, but rather adjusts an optional tax-advantaged plan feature."
s3156-114,"An original bill to provide enhanced protections for taxpayers from fraud and other illegal activities, and for other purposes.",Taxpayer Protection Act of 2016,Taxation,"Accounting and auditing|Administrative remedies|Bank accounts, deposits, capital|Charitable contributions|Civil actions and liability|Computer security and identity theft|Congressional oversight|Crime victims|Criminal investigation, prosecution, interrogation|Department of the Treasury|Employee benefits and pensions|Employee performance|Employment discrimination and employee rights|Federal officials|First Amendment rights|Foreign and international banking|Fraud offenses and financial crimes|Government buildings, facilities, and property|Government employee pay, benefits, personnel management|Government ethics and transparency, public corruption|Government information and archives|Government studies and investigations|Income tax credits|Income tax exclusion|Internal Revenue Service (IRS)|Judicial review and appeals|Merit Systems Protection Board|Military personnel and dependents|Political movements and philosophies|Public contracts and procurement|Social work, volunteer service, charitable organizations|State and local government operations|State and local taxation|Tax administration and collection, taxpayers|Tax-exempt organizations|Telephone and wireless communication|User charges and fees|Wages and earnings",1.0,"The bill holds individuals harmless for contributions to retirement plans after an improper IRS levy, directly addressing the protection of private employee pension assets from government seizure, which aligns with the scope of ERISA-related benefit plan obligations.",,,,"The bill primarily addresses tax administration, taxpayer protections, and IRS procedures, with no direct obligations on private employers regarding wage, hour, or benefit compliance.",,,,"This is a comprehensive tax administration and IRS reform bill whose primary subjects are tax filing procedures, IRS employment policies, whistle-blower protections, and identity theft prevention; the brief mention of retirement plan levies and federal employee wage withholding reporting are incidental to the bill's central purpose of reforming tax administration, not regulating private employer wage, hour, or benefit obligations.",,,,"This bill primarily concerns IRS tax administration, taxpayer protections from fraud and identity theft, IRS employment policies, and tax-exempt organization rules; while it touches on retirement plan levies and employee benefits incidentally, its central purpose is tax administration reform, not imposing private employer wage, hour, or benefit obligations."
s728-113,A bill to amend the Internal Revenue Code of 1986 to extend the exclusion from gross income for employer-provided health coverage for employees' spouses and dependent children to coverage provided to other eligible designated beneficiaries of employees.,Tax Parity for Health Plan Beneficiaries Act of 2013,Taxation,Administrative law and regulatory procedures|Department of the Treasury|Employee benefits and pensions|Employment taxes|Health care costs and insurance|Income tax deductions|Income tax deferral|Income tax exclusion|Self-employed,1.0,"The bill modifies tax exclusions and deductions for employer-provided health coverage, directly regulating the financial obligations and incentives for private employers regarding employee welfare benefits.",,,,"The bill primarily addresses tax treatment of employer-provided health benefits for non-dependent beneficiaries, which is a tax policy issue rather than imposing new obligations on private employers regarding wage, hour, or benefit compliance.",,,,"This bill modifies the tax treatment of employer-provided health benefits (extending tax exclusions and deductions to cover domestic partners and other non-spouse beneficiaries) but does not impose new mandatory obligations on private employers regarding what benefits they must provide or how they must administer health plans; it is a tax benefit expansion, not an employer wage/hour/benefit obligation.",,,,"This bill provides tax exclusions, exemptions, and deductions for employer-provided health benefits extended to domestic partners and other non-spouse beneficiaries — these are tax benefits unrelated to imposing new wage/hour or benefit obligations on private employers, falling under the disqualifying category of tax benefits unrelated to employer wage/hour obligations."
hr3460-112,To amend the Internal Revenue Code of 1986 to allow temporarily a reduced rate of tax with respect to repatriated foreign earnings.,American Jobs First Act of 2011,Taxation,"Foreign and international corporations|Income tax deductions|Interest, dividends, interest rates|Taxation of foreign income|Wages and earnings",1.0,"The bill ties tax deductions for repatriated earnings to changes in domestic payroll, directly incentivizing private employers to maintain or increase wage obligations.",,,,"The bill primarily concerns tax deductions related to repatriated foreign earnings and does not impose new obligations on private employers regarding wages, hours, or benefits.",,,,"This bill provides a tax deduction for repatriated foreign earnings with incentives tied to payroll increases, but it does not impose wage, hour, or benefit obligations on private employers; it is a general tax policy incentivizing hiring decisions rather than regulating employer wage conduct.",,,,"This bill provides a temporary reduced tax rate on repatriated foreign earnings with payroll-linked incentives; it is a corporate tax policy bill that offers tax benefits for repatriation, not a bill whose central purpose is regulating private employer wage, hour, or benefit obligations."
hr1196-114,To amend the Internal Revenue Code of 1986 to modify rules relating to health savings accounts.,Health Savings Act of 2015,Taxation,Bankruptcy|Child health|Employee benefits and pensions|Health care costs and insurance|Health care coverage and access|Income tax deductions|Income tax exclusion|Tax treatment of families,1.0,"The bill modifies tax rules and contribution limits for Health Savings Accounts (HSAs), which are employer-sponsored group health benefit plans, thereby affecting the financial obligations and incentives for private employers regarding employee health benefits.",,,,"The bill modifies tax rules related to health savings accounts, which are not direct employer obligations under ERISA or wage/hour laws.",,,,"This bill modifies tax treatment and contribution rules for Health Savings Accounts, which are individual tax-advantaged accounts, not employer-sponsored group health plans; it does not impose wage, hour, or benefit obligations on private employers.",,,,"This bill modifies the tax treatment and rules for health savings accounts (HSAs), which are individual tax-advantaged accounts; it does not impose new mandatory obligations on private employers regarding wage, hour, or benefit conduct."
hr100-113,"To amend title 11, United States Code, to improve protections for employees and retirees in business bankruptcies.",Protecting Employees and Retirees in Business Bankruptcies Act of 2013,Finance and Financial Sector,Bankruptcy|Corporate finance and management|Employee benefits and pensions|Health care costs and insurance|Labor-management relations|Securities|Unemployment|Wages and earnings,1.0,"The bill strengthens protections for private sector employees and retirees by increasing priority claims for unpaid wages and severance, ensuring recovery of pension shortfalls, and requiring consideration of benefit obligations in bankruptcy proceedings, directly addressing employer obligations under wage and benefit laws.",1,enforcement,wage_hour,"The bill amends bankruptcy law to enhance protections for employee wages, benefits, and pensions during business bankruptcies, directly impacting private employer obligations.",1,enforcement,pension,"This bill strengthens protections for employees and retirees in bankruptcy by increasing priority wage claims, enhancing pension benefit protections, restricting executive compensation, and imposing new obligations on employers regarding collective bargaining agreements and retiree benefits—all of which tighten private employer obligations under bankruptcy law regarding wages, pensions, and benefits.",1,enforcement,wage_hour,"This bill directly strengthens protections for private-sector employees' wages, severance pay, pension benefits, retiree health benefits, and collective bargaining agreements in business bankruptcies, imposing enhanced obligations on debtors (private employers) regarding employee compensation, benefit plan obligations, and executive pay restrictions during Chapter 11 proceedings."
hr2656-112,"To amend the Internal Revenue Code of 1986 and the Employee Retirement Income Security Act of 1974 to make technical modifications relating to the Worker, Retiree, and Employer Recovery Act of 2008 and the Preservation of Access to Care for Medicare Beneficiaries and Pension Relief Act of 2010.",Pension Technical Modifications Act,Labor and Employment,Employee benefits and pensions,1.0,"The bill amends ERISA and the Internal Revenue Code to modify minimum funding standards and contribution formulas for single-employer defined benefit pension plans, directly regulating private employer obligations regarding retirement benefits.",1,enforcement,pension,"The bill amends ERISA to modify minimum funding requirements and other obligations for private employer-sponsored pension plans, directly affecting employer obligations as plan sponsors.",1,enforcement,pension,"This bill amends ERISA and the Internal Revenue Code to modify minimum funding requirements, contribution calculations, and benefit accrual limits for private employer-sponsored defined benefit pension plans, directly affecting employer obligations under pension law.",1,enforcement,pension,"This bill amends ERISA and the Internal Revenue Code to modify minimum funding requirements, eligibility conditions for funding relief elections, and benefit accrual limits for single-employer defined benefit pension plans, directly imposing mandatory obligations on private employers as plan sponsors."
s3695-111,A bill to fight criminal gangs.,Fighting Gangs and Empowering Youth Act of 2010,Crime and Law Enforcement,"Adult education and literacy|Advisory bodies|Child safety and welfare|Correctional facilities and imprisonment|Crime prevention|Criminal investigation, prosecution, interrogation|Criminal justice information and records|Criminal procedure and sentencing|Drug trafficking and controlled substances|Drug, alcohol, tobacco use|Education of the disadvantaged|Education programs funding|Elementary and secondary education|Employment and training programs|Firearms and explosives|Government information and archives|Government studies and investigations|Housing and community development funding|Income tax credits|Juvenile crime and gang violence|Law enforcement administration and funding|National and community service|Organized crime|Performance measurement|Physical fitness and lifestyle|Public housing|Violent crime|Youth employment and child labor",1.0,"The bill amends the Internal Revenue Code to increase the percentage of wages eligible for the Work Opportunity Tax Credit, which is a tax incentive directly related to employer wage obligations and hiring practices for private employers.",,,,"The bill primarily addresses crime prevention and law enforcement, with incidental mentions of employment and training programs; it does not impose new obligations on private employers regarding wages, hours, or benefits.",,,,"Although the bill increases the work opportunity tax credit percentage, this is a general hiring incentive for employers hiring from targeted groups, not a regulation of private employer wage, hour, or benefit obligations; the bill's primary subject is gang prevention and criminal justice, not employer conduct.",,,,"This bill's primary purpose is crime and law enforcement (fighting criminal gangs); while it includes a provision increasing the work opportunity tax credit percentage, that is a general hiring tax credit incentivizing employment of targeted groups, which does not qualify under the detailed rules, and the wage/employment mentions are incidental to the bill's central anti-gang purpose."
hr4699-114,"To amend the Internal Revenue Code of 1986 to provide for parent savings accounts, and for other purposes.",Working Parents Flexibility Act of 2016,Taxation,"Bank accounts, deposits, capital|Child care and development|Employee benefits and pensions|Employee leave|Income tax deductions|Income tax exclusion|Self-employed",1.0,"The bill establishes tax incentives for employer contributions to parental leave savings accounts, directly relating to employer-sponsored welfare benefits and employee leave obligations.",,,,"The bill primarily establishes tax-exempt parental leave savings accounts, which are tax policy measures rather than direct regulations on private employer wage, hour, or benefit obligations.",,,,"This bill establishes tax-advantaged savings accounts for parental leave but does not impose wage, hour, or benefit obligations on private employers; employer contributions are permitted but not mandated, making this general tax and family policy rather than employer wage/benefit regulation.",,,,"This bill creates a new tax-exempt savings account for parental leave with associated tax deductions and exclusions; it is a general tax benefit/family policy measure rather than a bill that imposes wage, hour, or benefit obligations on private employers."
s2869-114,"A bill to amend the Internal Revenue Code of 1986 to improve college savings under section 529 programs, and for other purposes.",Boost Saving for College Act,Taxation,"Bank accounts, deposits, capital|Disability and paralysis|Employee benefits and pensions|Higher education|Income tax credits|Income tax exclusion|Student aid and college costs",1.0,"The bill modifies tax treatment for employer contributions to 529 plans, which are classified as employee benefits, thereby directly affecting private employer benefit obligations and incentives.",,,,"The bill primarily addresses tax treatment of 529 college savings plans and does not impose new obligations on private employers regarding wages, hours, or benefits.",,,,"This bill modifies tax treatment of 529 college savings plans and allows employer contributions to such plans to be excluded from employee income, but these are general tax benefits for education savings, not obligations imposed on private employers regarding wage, hour, or benefit compliance.",,,,"This bill modifies tax treatment of 529 college savings plans, offering a tax credit for individual contributions and a tax exclusion for employer contributions to 529 plans; these are general tax incentives for education savings, not regulations imposing wage, hour, or benefit obligations on private employers."
hr2912-116,To amend the Internal Revenue Code of 1986 to make employers of spouses of military personnel eligible for the work opportunity credit.,Military Spouse Hiring Act,Taxation,Employee hiring|Income tax credits|Military personnel and dependents|Wages and earnings,1.0,"The bill introduces a tax incentive (Work Opportunity Tax Credit) for private employers who hire military spouses, which aligns with the category's inclusion of tax credits that encourage or discourage employer conduct related to wages and hiring.",,,,"The bill offers a tax credit for hiring military spouses, which incentivizes hiring decisions but does not directly impose wage, hour, or benefit obligations on private employers.",,,,"This bill expands the Work Opportunity Tax Credit to include hiring military spouses, which is a general hiring incentive unrelated to employer wage, hour, or benefit compliance obligations.",,,,"The bill expands the Work Opportunity Tax Credit to include military spouses as a targeted hiring group; this is a tax credit for hiring workers from a specific group, which does not qualify as regulating private employer wage, hour, or benefit obligations."
s1902-114,A bill to provide for the treatment and extension of temporary financing of short-time compensation programs.,Layoff Prevention Extension Act of 2015,Labor and Employment,Unemployment|Wages and earnings,1.0,"The bill extends federal financing for state short-time compensation programs that allow private employers to reduce employee workweeks instead of conducting layoffs, directly impacting employer wage obligations and layoff practices.",,,,"The bill primarily concerns federal financing and state program administration for short-time compensation, not direct private employer wage, hour, or benefit obligations.",,,,"This bill extends federal financing for state short-time compensation programs (work-sharing unemployment insurance), which is a government funding mechanism for state unemployment systems, not a regulation imposing wage, hour, or benefit obligations on private employers.",,,,"This bill extends federal financing and grant deadlines for state short-time compensation (work-sharing) unemployment programs; it addresses government funding of state unemployment insurance programs rather than imposing direct obligations on private employers regarding wages, hours, or benefits."
hr4505-115,"To amend the Fair Labor Standards Act of 1938 to establish a minimum salary threshold for bona fide executive, administrative, and professional employees exempt from Federal overtime compensation requirements, and automatically update such threshold every 3 years.",Restoring Overtime Pay Act of 2017,Labor and Employment,Administrative law and regulatory procedures|Department of Labor|Labor standards|Wages and earnings,1.0,"The bill amends the Fair Labor Standards Act to establish and update salary thresholds for overtime exemptions, directly regulating private employer obligations regarding overtime pay.",1,enforcement,wage_hour,"The bill establishes and updates a minimum salary threshold for overtime exemption under the FLSA, directly affecting private employer wage obligations.",1,enforcement,wage_hour,"The bill directly strengthens FLSA overtime protections by raising and automatically updating the salary threshold for white-collar exemptions, thereby expanding the number of employees entitled to overtime pay from private employers.",1,enforcement,wage_hour,"This bill directly amends the FLSA to establish and automatically update the salary threshold for overtime exemptions, tightening private employer overtime compensation obligations."
hr2095-115,"To amend the Fair Labor Standards Act of 1938 to prohibit discrimination in the payment of wages on account of sex, race, or national origin, and for other purposes.",Fair Pay Act of 2017,Labor and Employment,"Civil actions and liability|Employment discrimination and employee rights|Government information and archives|Government studies and investigations|Legal fees and court costs|Racial and ethnic relations|Sex, gender, sexual orientation discrimination|Wages and earnings",1.0,"The bill amends the Fair Labor Standards Act to prohibit wage discrimination based on sex, race, or national origin and includes whistleblower protections for employees discussing wages, directly regulating private employer wage obligations.",1,enforcement,wage_hour,"The bill amends the Fair Labor Standards Act to prohibit wage discrimination based on sex, race, or national origin, directly imposing obligations on private employers regarding wage practices.",1,enforcement,wage_hour,"Amends the FLSA to prohibit wage discrimination based on sex, race, or national origin and adds compensatory/punitive damages, directly strengthening private employer wage obligations.",1,enforcement,wage_hour,"This bill amends the Fair Labor Standards Act to prohibit wage discrimination based on sex, race, or national origin, directly imposing new obligations on private employers regarding wage payment practices and adding enforcement mechanisms including compensatory and punitive damages."
s1618-115,A bill to amend the Internal Revenue Code of 1986 for purposes of the tax on private foundation excess business holdings to treat as outstanding any employee-owned stock purchased by a business enterprise pursuant to certain employee stock ownership retirement plans.,,Taxation,"Business investment and capital|Employee benefits and pensions|Sales and excise taxes|Securities|Social work, volunteer service, charitable organizations|Tax-exempt organizations",1.0,"The bill addresses employee stock ownership plans (ESOPs), which are qualified retirement benefit plans under ERISA, by modifying tax treatment for private foundations holding stock purchased from these plans, thereby relating to employer-sponsored retirement benefit obligations.",,,,"The bill primarily addresses tax treatment of employee-owned stock in relation to private foundation holdings, not private employer wage, hour, or benefit obligations.",,,,"This bill modifies tax treatment of private foundation excess business holdings when employee-owned stock is repurchased by the business enterprise; it addresses tax-exempt organization rules and securities treatment, not private employer wage, hour, or benefit obligations to employees.",,,,"This bill modifies tax rules for private foundation excess business holdings related to employee stock ownership plan transactions; it does not impose new wage, hour, or benefit obligations on private employers but rather adjusts tax treatment of ESOP-related stock for foundation tax purposes."
hr5006-114,"To amend section 214(c)(8) of the Immigration and Nationality Act to modify the data reporting requirements relating to nonimmigrant employees, and for other purposes.",Visa Transparency Anti-Trafficking Act of 2016,Immigration,Congressional oversight|Cultural exchanges and relations|Foreign labor|Government information and archives|Immigration status and procedures|Visas and passports,1.0,"The bill mandates private employers to report compensation data for nonimmigrant workers, directly addressing wage transparency and oversight mechanisms relevant to preventing wage theft and exploitation under the Fair Labor Standards Act.",,,,"The bill primarily concerns immigration data reporting requirements and does not impose new obligations on private employers regarding wage, hour, or benefits.",,,,"This bill concerns immigration data reporting requirements for nonimmigrant visa holders and their employers, not private employer wage, hour, or benefit obligations; the compensation reporting is for immigration tracking purposes, not enforcement of wage/hour standards.",,,,"This bill's primary purpose is to expand government data reporting and transparency requirements regarding nonimmigrant visa holders; it does not impose wage, hour, or benefit obligations on private employers but rather requires government agencies to collect and publish immigration-related data."
s27-116,"A bill to amend the Surface Mining Control and Reclamation Act of 1977 to transfer certain funds to the 1974 United Mine Workers of America Pension Plan, and for other purposes.",American Miners Act of 2019,Labor and Employment,Bankruptcy|Cardiovascular and respiratory health|Coal|Corporate finance and management|Employee benefits and pensions|Government information and archives|Government trust funds|Health care costs and insurance|Labor-management relations|Mining|Sales and excise taxes|Worker safety and health,1.0,"The bill addresses the funding of private employer-sponsored pension and health benefit plans (UMWA) for coal miners, directly relating to ERISA-covered obligations and the consequences of corporate bankruptcy on employee benefits.",,,,"The bill primarily addresses the solvency of pension and health benefit funds for retired coal miners, focusing on government trust fund transfers rather than imposing new obligations on private employers.",,,,"This bill primarily addresses government trust fund financing for coal miner pension and health benefits (the 1974 UMWA Pension Plan and Multiemployer Health Benefit Plan) through Treasury transfers from the Abandoned Mine Reclamation Fund, rather than imposing wage, hour, or benefit obligations directly on private non-governmental employers.",,,,"This bill primarily addresses government trust fund transfers (Abandoned Mine Reclamation Fund, Black Lung Disability Trust Fund) to finance the 1974 UMWA Pension Plan and Multiemployer Health Benefit Plan, rather than imposing new obligations on private employers regarding their wage, hour, or benefit conduct; the in-service distribution provision modifies optional plan features without creating new mandatory employer obligations."
s254-114,A bill to lower health premiums and increase choice for small businesses.,Small Business Health Relief Act of 2015,Health,Comprehensive health care|Employee benefits and pensions|Health care costs and insurance|Health care coverage and access|Income tax deductions|Sales and excise taxes|Small business|Wages and earnings,1.0,"The bill repeals the employer mandate and reporting requirements under the Affordable Care Act, directly affecting private employers' obligations to provide health insurance coverage to their employees.",,,,"The bill primarily addresses health insurance market rules and tax provisions, not private employer wage, hour, or benefit obligations; it repeals ACA employer mandate penalties but does not impose new obligations on private employers.",1,enforcement,healthcare,"Repeals the ACA employer mandate requiring large employers to offer minimum essential health coverage to full-time employees, directly weakening private employer health benefit obligations under federal law.",1,enforcement,healthcare,"The bill repeals the ACA employer mandate requiring large private employers to offer minimum essential health insurance coverage to full-time employees, directly weakening private employer obligations regarding employer-sponsored group health plans."
hr5802-113,"To amend the Employee Retirement Income Security Act of 1974 to permit multiemployer plans in critical status to modify plan rules relating to withdrawal liability, and for other purposes.",,Labor and Employment,Corporate finance and management|Employee benefits and pensions,1.0,"The bill amends ERISA to modify withdrawal liability rules for multiemployer pension plans, directly regulating private employer obligations regarding retirement benefits.",1,enforcement,pension,"The bill amends ERISA to modify employer obligations regarding withdrawal liability in multiemployer pension plans, directly affecting private employer pension obligations.",1,enforcement,pension,"The bill amends ERISA to modify withdrawal liability rules for multiemployer pension plans in critical status, directly affecting private employer obligations under pension plan participation and withdrawal.",1,enforcement,pension,"This bill amends ERISA to modify rules governing multiemployer pension plan withdrawal liability for plans in critical status, directly altering private employer obligations as plan sponsors regarding pension funding and withdrawal liability computations."
s2237-112,"A bill to provide a temporary income tax credit for increased payroll and extend bonus depreciation for an additional year, and for other purposes.",Small Business Jobs and Tax Relief Act,Taxation,Business investment and capital|Employee hiring|Income tax credits|Income tax deductions|U.S. territories and protectorates|Wages and earnings,1.0,"The bill provides a tax credit to private employers based on increased wages and compensation paid to employees, directly incentivizing wage-related conduct under the scope of wage and hour issues.",,,,"The bill primarily offers a tax credit for increased payroll and extends bonus depreciation, which are general tax incentives and not direct regulations on private employer wage, hour, or benefit obligations.",,,,"This bill offers a general tax credit for increasing payroll and extends bonus depreciation; it incentivizes hiring decisions and capital investment rather than regulating private employer wage, hour, or benefit compliance obligations.",,,,"This bill offers employers a temporary tax credit for increasing their payroll and extends bonus depreciation — these are general hiring/investment tax incentives, not regulations of private employer wage, hour, or benefit obligations."
s1827-114,A bill to amend the Internal Revenue Code of 1986 to improve the tax treatment of small businesses.,Small Business Tax Compliance Relief Act of 2015,Taxation,"Accounting and auditing|Administrative law and regulatory procedures|Business expenses|Business investment and capital|Business records|Capital gains tax|Charitable contributions|Computers and information technology|Congressional oversight|Department of the Treasury|Employee benefits and pensions|Foreign and international banking|Health care costs and insurance|Income tax deductions|Income tax exclusion|Inflation and prices|Internal Revenue Service (IRS)|Life, casualty, property insurance|Sales and excise taxes|Securities|Self-employed|Small business|Student aid and college costs|Tax administration and collection, taxpayers|Tax-exempt organizations|Taxation of foreign income",1.0,"The bill modifies tax rules regarding employer-sponsored pension plans and health insurance costs for small businesses, directly affecting private employer obligations and incentives related to employee benefits under ERISA and the Internal Revenue Code.",,,,"The bill primarily addresses tax treatment and compliance for small businesses, including accounting methods and tax deductions, without imposing new obligations on private employers regarding wages, hours, or benefits.",1,enforcement,pension,"The bill directly modifies private employer obligations under ERISA by allowing small business entities to maintain 'flexible retirement accounts,' repealing simple pension plan rules, and eliminating top-heavy plan requirements, thereby changing mandatory pension plan compliance standards for private employers.",1,enforcement,pension,"The bill directly imposes new obligations and modifies private employer pension plan requirements by creating flexible retirement accounts, repealing SIMPLE plans and SIMPLE IRAs, and repealing top-heavy plan rules — these are substantive changes to mandatory employer obligations as plan sponsors under ERISA/IRC retirement plan provisions, making pension the dominant focus among qualifying provisions."
s868-115,A bill to amend the Employee Retirement Income Security Act of 1974 to require a lifetime income disclosure.,Lifetime Income Disclosure Act,Labor and Employment,Administrative law and regulatory procedures|Department of Labor|Employee benefits and pensions|Government information and archives,1.0,"The bill amends ERISA to mandate lifetime income disclosures for pension benefit statements, directly regulating employer-sponsored retirement benefit plan obligations under the Wage Hour & Benefits category.",1,enforcement,pension,"The bill imposes new disclosure obligations on private employers as plan sponsors under ERISA, directly affecting pension benefit statements.",1,enforcement,pension,"Amends ERISA to impose new mandatory disclosure obligations on private employers as pension plan sponsors, requiring them to provide lifetime income stream equivalents on participant benefit statements.",1,enforcement,pension,"The bill amends ERISA to impose a new mandatory disclosure obligation on private employer pension plan administrators, requiring them to include lifetime income stream equivalents in pension benefit statements, which constitutes a direct new obligation on private employers as plan sponsors."
hr2109-112,"To provide for each American the opportunity to provide for his or her retirement through a S.A.F.E. account, and for other purposes.",Savings Account for Every American Act of 2011,Labor and Employment,"Employee benefits and pensions|Government employee pay, benefits, personnel management|Government information and archives|Government studies and investigations|Health care costs and insurance|Income tax deductions|Income tax exclusion|Life, casualty, property insurance|Long-term, rehabilitative, and terminal care|Self-employed|Social security and elderly assistance|Veterans' pensions and compensation",1.0,"The bill mandates private employers to establish payroll deduction programs and make matching contributions to employee retirement accounts, imposing penalties for non-compliance, which directly regulates employer obligations regarding employee pension and retirement benefits.",1,enforcement,pension,"The bill imposes new obligations on private employers to establish payroll deduction programs and make matching contributions for employee retirement accounts, directly affecting employer pension obligations.",1,enforcement,pension,"The bill imposes mandatory obligations on private employers to establish payroll deduction programs for employee S.A.F.E. account contributions and to make matching contributions after 15 years, with penalties for noncompliance, directly regulating private employer retirement benefit conduct.",1,enforcement,pension,"The bill mandates that private employers establish payroll deduction programs for S.A.F.E. accounts, requires employer matching contributions after 15 years, and imposes penalties on employers who fail to comply — these are direct mandatory obligations on private employers regarding retirement savings/benefit plans."
hr5325-113,"To amend the Internal Revenue Code of 1986 to provide tax incentives to meet the needs of the American manufacturing workforce, and for other purposes.",American Manufacturing Workforce Act of 2014,Taxation,Adult education and literacy|Employee benefits and pensions|Employment and training programs|Income tax credits|Industrial policy and productivity|Manufacturing|Student aid and college costs|Vocational and technical education,1.0,"The bill provides tax incentives for private employers to fund employee training and education expenses, which aligns with the category's scope of bills introducing tax incentives that encourage or discourage employer benefit-related conduct.",,,,"The bill primarily introduces tax credits for employer-provided job training, which incentivizes behavior rather than directly imposing wage or benefit obligations on private employers.",1,tax_credit_introduction,wage_hour,"Introduces new tax credits specifically for employer-provided job training expenses in manufacturing, which qualifies as incentivizing better employer behavior regarding employee development and skills training.",1,tax_credit_introduction,wage_hour,"The bill introduces new tax credits for employer-provided job training expenses specifically for manufacturing workers, which qualifies as a tax credit incentivizing employers toward better wage/benefit conduct through employer-provided training programs."
hr6422-114,To amend the Internal Revenue Code of 1986 to treat qualified alternative commuter programs as an excludable qualified transportation fringe benefit.,Commuter Access Reform Act,Taxation,,1.0,"The bill modifies tax exclusions for employer-provided transportation fringe benefits, directly regulating the financial obligations and benefit structures of private employers under the Internal Revenue Code.",,,,"The bill introduces a tax benefit for employer-provided commuter programs, which is unrelated to wage, hour, or benefit obligations directly imposed on private employers.",,,,"This bill creates a tax exclusion for employees receiving ride-share commuter benefits and does not impose wage, hour, or benefit obligations on private employers; it is a general tax policy measure incentivizing commuter programs, not a regulation of employer wage conduct.",,,,"This bill creates a new tax exclusion for employer-provided ride-share commuter benefits, which is a general tax benefit related to transportation fringe benefits rather than a bill that imposes new wage, hour, or benefit obligations on private employers."
hr5272-114,"To amend the Religious Freedom Restoration Act of 1993 to protect civil rights and otherwise prevent meaningful harm to third parties, and for other purposes.",Do No Harm Act,"Civil Rights and Liberties, Minority Issues","Crimes against women|Disability and health-based discrimination|Employee leave|Employment discrimination and employee rights|First Amendment rights|Health care coverage and access|Housing discrimination|Labor-management relations|Religion|Sex, gender, sexual orientation discrimination|Wages and earnings|Youth employment and child labor",1.0,"The bill prevents employers from using the Religious Freedom Restoration Act to evade federal laws requiring them to provide wages, compensation, benefits, or leave, thereby directly reinforcing private employer obligations under statutes like the FLSA and FMLA.",,,,"The bill primarily addresses the applicability of the Religious Freedom Restoration Act to various federal laws, including those related to discrimination and civil rights, rather than directly imposing new obligations on private employers regarding wages, hours, or benefits.",1,enforcement,wage_hour,"The bill explicitly makes RFRA inapplicable to federal laws requiring employers to provide wages, other compensation, or benefits including leave, and to laws protecting collective workplace activity, thereby strengthening enforcement of private employer wage and benefit obligations by removing a potential religious exemption defense.",1,enforcement,wage_hour,"The bill prevents RFRA from being used as a defense against federal laws requiring employers to provide wages, compensation, benefits, leave, collective activity protections, and child labor protections, thereby strengthening the enforceability of private employer wage, hour, and benefit obligations under statutes like the FMLA, FLSA, and others."
s1777-115,A bill to amend the Internal Revenue Code of 1986 to impose an excise tax on employers with low-wage employees.,Corporate Responsibility Fee Act of 2017,Taxation,Corporate finance and management|Employee benefits and pensions|Health care costs and insurance|Health care coverage and access|Poverty and welfare assistance|Sales and excise taxes|Wages and earnings,1.0,"The bill imposes an excise tax on private employers based on their wage levels and provides tax reductions for providing health and retirement benefits, directly regulating private employer wage and benefit obligations.",1,enforcement,wage_hour,"The bill imposes an excise tax on employers with low-wage employees, directly affecting private employer wage obligations.",1,enforcement,wage_hour,"Imposes an excise tax penalty on private employers who pay wages below 218% of the federal poverty line, directly regulating employer wage conduct by creating financial consequences for low-wage employment practices.",1,enforcement,wage_hour,"The bill imposes an excise tax on private employers who pay low wages (below 218% of the federal poverty line), directly penalizing private employer wage conduct, with reductions for providing health and retirement benefits — this constitutes a regulatory obligation on private employers regarding wages and benefits."
hr2688-113,"To improve healthcare-related, tax-preferred savings accounts and to provide for cooperative governing of individual and group health insurance coverage across State lines, and for other purposes.",PATIENT's Health Care Act of 2013,Health,"Administrative remedies|Child health|Congressional oversight|Consumer affairs|Disability and health-based discrimination|Employment and training programs|Fraud offenses and financial crimes|Government studies and investigations|Health care costs and insurance|Health care coverage and access|Health personnel|Income tax deductions|Income tax exclusion|Insurance industry and regulation|Intergovernmental relations|Long-term, rehabilitative, and terminal care|Medicare|State and local government operations|Tax treatment of families",1.0,"The bill amends tax codes regarding Health Savings Accounts (HSAs) and Flexible Spending Arrangements, specifically addressing the portability of these employer-sponsored benefit funds upon separation from employment, which relates to the management of employee welfare benefits.",,,,"The bill primarily addresses tax-preferred savings accounts and interstate health insurance regulation, not private employer wage, hour, or benefit obligations.",,,,This bill primarily modifies tax treatment of individual health savings accounts and regulates health insurance market rules; it does not impose new mandatory obligations on private employers as sponsors of group health or welfare benefit plans under ERISA.,,,,"This bill primarily modifies tax-preferred savings accounts (HSAs, MSAs, FSAs) and allows health insurance sales across state lines; it does not impose new mandatory obligations on private employers regarding wages, hours, or benefits, but rather adjusts optional tax treatment of individual and employer health savings vehicles."
hr4132-113,To amend the Internal Revenue Code of 1986 to expand the size of employers eligible for the credit for employee health insurance expenses of small employers.,Helping Entrepreneurs Lower Prices Act of 2014,Taxation,Employee benefits and pensions|Health care costs and insurance|Income tax credits|Small business,1.0,"The bill expands the eligibility for the small employer health insurance tax credit, which directly incentivizes private employers to provide employer-sponsored group health benefits, a core component of the Wage Hour & Benefits category.",,,,"The bill expands eligibility for a tax credit related to employee health insurance expenses, which is a tax policy measure rather than a direct regulation of private employer wage, hour, or benefit obligations.",,,,"This bill expands eligibility for an existing tax credit that incentivizes small employers to voluntarily provide health insurance, but does not impose new mandatory wage, hour, or benefit obligations on private employers.",,,,"This bill expands eligibility for an existing small employer health insurance tax credit by raising the employee threshold; it is a tax benefit adjustment that incentivizes but does not impose mandatory wage, hour, or benefit obligations on private employers."
hr3162-112,"To prohibit the Secretary of Labor from implementing certain rules relating to employment of aliens described in section 101(a)(15)(H)(ii)(b) of the Immigration and Nationality Act, and for other purposes.",,Labor and Employment,Administrative law and regulatory procedures|Department of Labor|Foreign labor|Temporary and part-time employment|Wages and earnings,1.0,"The bill regulates the methodology for determining prevailing wages for H-2B temporary workers and other alien employees, directly impacting private employer wage obligations and compliance with labor certification requirements.",1,enforcement,wage_hour,"The bill directly affects wage determination rules for H-2B visa workers, impacting private employer wage obligations.",1,enforcement,wage_hour,"The bill prohibits the Secretary of Labor from implementing wage methodology rules for H-2B temporary workers and directs specific prevailing wage computation methods, directly affecting private employer wage obligations for foreign temporary workers under labor certification requirements.",1,enforcement,wage_hour,"The bill directly addresses private employer wage obligations by prohibiting DOL from implementing rules governing the prevailing wage methodology for H-2B temporary workers and directing specific wage computation methods, thereby loosening the regulatory framework governing wages that private employers must pay to these workers."
hr1121-115,"To amend the Public Health Service Act to prohibit application of pre-existing condition exclusions and to guarantee availability of health insurance coverage in the individual and group market, contingent on the enactment of legislation repealing the Patient Protection and Affordable Care Act, and for other purposes.",Pre-existing Conditions Protection Act of 2017,Health,Disability and health-based discrimination|Employee benefits and pensions|Genetics|Health care costs and insurance|Health care coverage and access|Health information and medical records|Health promotion and preventive care|Insurance industry and regulation|Medical tests and diagnostic methods,1.0,"The bill amends ERISA and the Public Health Service Act to mandate that private employers and insurers provide health insurance coverage without pre-existing condition exclusions, directly regulating employer-sponsored group health benefit obligations.",1,enforcement,healthcare,"The bill amends ERISA to maintain consumer protections related to employer-sponsored group health plans, directly imposing obligations on private employers as plan sponsors.",1,enforcement,healthcare,"The bill maintains ERISA requirements for employer-sponsored group health plans to cover preexisting conditions, accept all applicants, and comply with workplace wellness program standards, directly imposing obligations on private employers as plan sponsors.",1,enforcement,healthcare,"The bill amends ERISA to maintain consumer protections on employer-sponsored group health plans, including prohibitions on pre-existing condition exclusions, guaranteed availability requirements, and non-discrimination rules based on health status — these directly impose obligations on private employers as plan sponsors of group health plans."
s818-116,A bill to exempt certain 16- and 17-year-old individuals employed in logging operations from child labor laws.,Future Logging Careers Act,Labor and Employment,"Child safety and welfare|Family relationships|Forests, forestry, trees|Labor standards|Worker safety and health|Youth employment and child labor",1.0,"The bill amends child labor provisions under the Fair Labor Standards Act (FLSA) by creating an exemption for minors working in family-owned logging operations, directly regulating private employer obligations regarding youth employment.",,,,"The bill primarily addresses exemptions from child labor laws for youth in family-operated logging businesses, not private employer wage, hour, or benefit obligations.",1,enforcement,wage_hour,"The bill weakens child labor protections under the FLSA by creating a new exemption for 16- and 17-year-olds in logging operations, directly affecting private employer wage and hour obligations.",1,enforcement,wage_hour,"The bill directly modifies child labor law restrictions under the FLSA by exempting 16- and 17-year-olds working in family-owned logging operations, thereby loosening private employer wage and hour obligations related to youth employment."
hr2207-114,To amend the Internal Revenue Code of 1986 to repeal the dollar limitation on contributions to flexible spending accounts.,Flexible Spending Account Act,Taxation,Employee benefits and pensions|Health care costs and insurance|Income tax exclusion,1.0,"The bill modifies tax rules governing employer-sponsored health flexible spending arrangements, which are welfare benefit plans subject to ERISA obligations for private employers.",,,,"The bill modifies tax treatment of flexible spending accounts, which is a tax policy change rather than a direct regulation of private employer wage, hour, or benefit obligations.",,,,"This bill modifies the tax treatment of employee contributions to flexible spending accounts but does not impose new mandatory obligations on private employers regarding wages, hours, or benefits; it is general tax policy affecting optional benefit arrangements.",,,,"This bill modifies the tax treatment of voluntary flexible spending account contributions by removing a dollar cap; it does not impose new mandatory obligations on private employers regarding wages, hours, or benefits, but rather adjusts an optional plan feature's tax rules."
hr2443-113,To amend the Internal Revenue Code of 1986 to exempt certain educational institutions from the employer health insurance mandate.,Safeguarding Children Harmed by Obamacare's Onerous Levies Act,Taxation,"Comprehensive health care|Elementary and secondary education|Employee benefits and pensions|Health care costs and insurance|Health care coverage and access|Higher education|Sales and excise taxes|Teaching, teachers, curricula",1.0,"The bill modifies the employer health insurance mandate under the Affordable Care Act, directly affecting the obligations of private educational institutions to provide employer-sponsored group health benefits to their employees.",,,,"The bill primarily provides a tax exemption for certain educational institutions from the employer health insurance mandate, which is a tax policy change rather than a direct regulation of private employer wage, hour, or benefit obligations.",1,enforcement,healthcare,"The bill amends the ACA employer mandate (an ERISA-related employer obligation regarding group health coverage) by exempting educational institutions, thereby weakening the stringency of private employer healthcare obligations for this sector.",1,enforcement,healthcare,"The bill amends the ACA employer mandate by exempting certain educational institutions from the requirement to provide health insurance coverage to employees, directly weakening private employer healthcare benefit obligations under the Internal Revenue Code."
hr1981-114,To amend the Fair Labor Standards Act of 1938 to provide that an employee's `regular rate' for purposes of calculating overtime compensation will not be affected by certain additional payments.,Employee Bonus Protection Act,Labor and Employment,Labor standards|Wages and earnings,1.0,"The bill amends the Fair Labor Standards Act to define which payments are excluded from the regular rate used to calculate overtime compensation, directly regulating private employer wage obligations.",1,enforcement,wage_hour,"The bill modifies the calculation of overtime compensation under the FLSA, directly affecting private employer wage obligations.",1,enforcement,wage_hour,"Amends the FLSA's overtime calculation rules by excluding certain bonus payments from the regular rate, directly affecting how private employers compute overtime compensation obligations.",1,enforcement,wage_hour,"This bill directly amends the FLSA's definition of 'regular rate' for overtime calculation purposes, narrowing what payments private employers must include when computing overtime compensation, thereby modifying private employer wage/hour obligations."
s38-114,A bill to ensure that long-term unemployed individuals are not taken into account for purposes of the employer health care coverage mandate.,Helping Individuals Regain Employment Act,Taxation,Employee benefits and pensions|Health care costs and insurance|Health care coverage and access|Sales and excise taxes|Unemployment,1.0,"The bill modifies the definition of full-time employees for the employer health care coverage mandate, directly affecting private employers' obligations to provide group health benefits under the Affordable Care Act.",,,,"The bill modifies the definition of 'full-time employee' for the employer health care coverage mandate, but its primary purpose is to provide a tax-related incentive for hiring long-term unemployed individuals, not to impose new obligations on private employers regarding wage, hour, or benefits.",1,enforcement,healthcare,"Modifies the ACA employer mandate calculation by excluding long-term unemployed individuals from the full-time employee count, thereby weakening private employer obligations to provide minimum essential health coverage.",,,,"This bill reduces the scope of the ACA employer mandate by excluding long-term unemployed hires from the full-time employee count, effectively functioning as a hiring incentive/tax relief measure rather than imposing new or strengthened obligations on private employers regarding wage, hour, or benefit conduct."
hr1538-113,"To provide incentives to encourage financial institutions and small businesses to provide continuing financial education to customers, borrowers, and employees, and for other purposes.",National Financial Literacy Act of 2013,Finance and Financial Sector,Administrative law and regulatory procedures|Banking and financial institutions regulation|Consumer credit|Credit and credit markets|Department of the Treasury|Employee benefits and pensions|Federal Deposit Insurance Corporation (FDIC)|Federal Reserve System|Financial literacy|Financial services and investments|Income tax credits|National Credit Union Administration|Small business,1.0,"The bill provides a tax credit to small businesses for providing financial education to employees, which constitutes a tax incentive encouraging employers to expand employee benefits.",,,,"The bill primarily focuses on financial literacy and provides a tax credit for financial education, which is not directly related to employer wage, hour, or benefit obligations.",,,,"Although the bill offers a tax credit for employer-provided financial education to employees, this is a general employee development benefit unrelated to wage, hour, or benefit compliance obligations; the bill's primary focus is financial literacy promotion in the banking sector, not regulation of private employer wage or benefit conduct.",,,,"Although the bill includes a tax credit for small businesses providing financial education to employees, this is a general tax credit incentivizing financial literacy education, not a credit specifically tied to employer-provided job training in the wage/hour/benefits sense; the bill's primary subject is financial literacy in the finance sector, not private employer wage, hour, or benefit obligations."
hr4763-114,"To amend the Fair Labor Standards Act of 1938 and the Portal-to-Portal Act of 1947 to prevent wage theft and assist in the recovery of stolen wages, to authorize the Secretary of Labor to administer grants to prevent wage and hour violations, and for other purposes.",Wage Theft Prevention and Wage Recovery Act,Labor and Employment,"Alternative dispute resolution, mediation, arbitration|Civil actions and liability|Community life and organization|Congressional oversight|Criminal investigation, prosecution, interrogation|Employment discrimination and employee rights|Government studies and investigations|Labor standards|Personnel records|Wages and earnings",1.0,"The bill amends the Fair Labor Standards Act to strengthen protections against wage theft, increase penalties for unpaid wages and overtime violations, and prohibit mandatory arbitration waivers, directly regulating private employer wage and hour obligations.",1,enforcement,wage_hour,"The bill amends the Fair Labor Standards Act to enhance enforcement against wage theft, directly imposing new obligations on private employers regarding wage and hour compliance.",1,enforcement,wage_hour,"This bill comprehensively strengthens FLSA enforcement by expanding employer disclosure obligations, increasing damages for wage violations, extending statutes of limitations, and prohibiting arbitration waivers for wage claims—all directly tightening private employer wage and hour compliance obligations.",1,enforcement,wage_hour,"This bill directly amends the FLSA and Portal-to-Portal Act to strengthen private employer wage obligations by increasing damages for wage theft, expanding disclosure requirements, extending statutes of limitations, prohibiting pre-dispute arbitration waivers for wage claims, and authorizing grants to enhance wage and hour enforcement."
hr4591-111,"To promote labor force participation of older Americans, with the goals of increasing retirement security, reducing the projected shortage of experienced workers, maintaining future economic growth, and improving the Nation's fiscal outlook.",Older Worker Opportunity Act of 2010,Taxation,Advisory bodies|Aging|Employee benefits and pensions|Executive agency funding and structure|Health care costs and insurance|Health care coverage and access|Income tax credits|Wages and earnings,1.0,"The bill provides a tax credit to private employers for providing health and retirement benefits to older workers, directly incentivizing employer-sponsored benefit obligations.",,,,"The bill primarily introduces a tax credit for employers hiring older workers, which incentivizes hiring decisions rather than directly imposing wage, hour, or benefit obligations on private employers.",1,tax_credit_introduction,wage_hour,"The bill introduces a new tax credit for employers who pay wages to older workers in flexible work programs, incentivizing hiring and retention of this demographic group rather than imposing mandatory wage or benefit obligations.",1,tax_credit_introduction,wage_hour,"The bill introduces a new tax credit for employers who provide health and retirement benefits and pay wages to older workers in flexible work programs, which is a tax credit specifically tied to employer-provided benefits and wage conduct for a targeted workforce group, qualifying as a tax credit introduction related to wage/hour obligations."
hr2209-115,"To amend the Internal Revenue Code of 1986 to modify the work opportunity credit for certain youth employees, and to extend empowerment zones.",Helping to Encourage Real Opportunities (HERO) for At-Risk Youth Act,Taxation,Adoption and foster care|Economic development|Education of the disadvantaged|Income tax credits|Temporary and part-time employment|Unemployment|Wages and earnings|Youth employment and child labor,1.0,"The bill modifies the Work Opportunity Tax Credit for youth employees, which constitutes a tax incentive related to private employer wage and hiring obligations for specific worker groups.",,,,"The bill modifies a tax credit to incentivize hiring at-risk youth, which is a hiring incentive rather than a regulation of private employer wage or benefit obligations.",,,,"This bill modifies and expands the work opportunity tax credit for hiring youth and at-risk youth, which is a general hiring incentive not tied to employer wage or benefit compliance obligations.",,,,"This bill modifies and expands the work opportunity tax credit for hiring youth employees and at-risk youth, which is a tax credit for hiring workers from specific groups — an incentive for hiring decisions, not a regulation of private employer wage, hour, or benefit obligations."
hr6453-111,To repeal provisions of the recently enacted health care reform law that prohibit the establishment of lifetime limits on health benefits.,Third Health Insurance Protects America--Can't Repeal IT (HIPA-CRIT) Act,Health,Comprehensive health care|Health care costs and insurance|Health care coverage and access,1.0,"The bill addresses employer-sponsored group health benefit plans by repealing prohibitions on lifetime limits, directly impacting the scope of health welfare benefits provided by private employers under ERISA.",1,enforcement,healthcare,"The bill affects employer-sponsored group health plans by repealing the prohibition on lifetime limits, directly impacting private employer obligations under ERISA.",1,enforcement,healthcare,"The bill repeals ACA provisions prohibiting lifetime benefit limits on employer-sponsored group health plans, directly weakening ERISA-governed private employer obligations regarding health benefit plan terms.",1,enforcement,healthcare,"This bill repeals ACA provisions that prohibit lifetime limits on benefits for group health plans, directly weakening obligations on private employers as sponsors of employer-sponsored group health plans under ERISA, thereby loosening employer-imposed benefit standards."
hr5918-114,To establish requirements for participants in the peer-to-peer economy to be considered independent contractors and not employees for purposes of several employment-related statutes.,,Labor and Employment,Employee leave|Internet and video services|Labor standards|Labor-management relations|Service industries|Telephone and wireless communication|Wages and earnings,1.0,"The bill directly regulates private employer obligations under the Fair Labor Standards Act and Family Medical Leave Act by defining peer-to-peer workers as independent contractors, thereby exempting them from wage, overtime, and leave protections.",1,enforcement,wage_hour,"The bill redefines worker classification in the peer-to-peer economy, affecting wage and hour obligations under the FLSA and other employment statutes.",1,enforcement,wage_hour,"This bill directly weakens private employer wage and hour obligations by exempting peer-to-peer platform workers from FLSA minimum wage/overtime protections, FMLA leave requirements, and NLRA collective bargaining rights through mandatory independent contractor classification.",1,enforcement,wage_hour,"The bill directly alters private employer wage, hour, and leave obligations by establishing criteria under which peer-to-peer economy workers are classified as independent contractors rather than employees, thereby exempting them from FLSA, FMLA, and NLRA protections — this weakens enforcement of wage/hour standards for these workers."
hr1677-114,To amend the Employee Retirement Income Security Act of 1974 to ensure health care coverage value and transparency for dental benefits under group health plans.,Dental Insurance Fairness Act of 2015,Health,Dental care|Employee benefits and pensions|Health care costs and insurance|Health care coverage and access,1.0,"The bill amends ERISA to regulate the value and transparency of dental benefits under self-insured group health plans, directly addressing private employer obligations regarding employee welfare benefits.",1,enforcement,healthcare,"The bill amends ERISA to impose coverage standards on employer-sponsored group health plans, specifically for dental benefits, directly affecting private employer obligations as plan sponsors.",1,enforcement,healthcare,"Amends ERISA to impose coverage value requirements on self-insured group health plans offering dental benefits, directly creating new obligations for private employers as plan sponsors.",1,enforcement,healthcare,"The bill amends ERISA to impose coverage value requirements on employer-sponsored self-insured group health plans for dental benefits, directly creating new mandatory obligations on private employers as plan sponsors."
s1604-114,A bill to establish the Transition to Independence Medicaid Buy-In Option demonstration program.,Transition to Independence Act,Health,Adult day care|Disability and paralysis|Employment and training programs|Home and outpatient care|Medicaid|Performance measurement|Wages and earnings,1.0,"The bill targets the reduction of subminimum wage work for individuals with disabilities, directly addressing private employer wage obligations and compliance with minimum wage standards.",,,,"The bill primarily establishes a Medicaid demonstration program incentivizing states to expand employment opportunities for individuals with disabilities, not directly imposing wage, hour, or benefit obligations on private employers.",,,,"This bill provides bonus payments to state Medicaid programs for expanding employment opportunities for individuals with disabilities; it does not impose wage, hour, or benefit obligations on private employers.",,,,"This bill establishes a Medicaid demonstration program providing bonus payments to states for expanding employment opportunities for individuals with disabilities; it is a government benefit/Medicaid program, not a bill imposing wage, hour, or benefit obligations on private employers."
hr2619-114,"To amend the Internal Revenue Code of 1986 to provide a tax credit to Patriot employers, and for other purposes.",Patriot Employer Tax Credit Act,Taxation,"Disability and paralysis|Employee benefits and pensions|Employee hiring|Employment and training programs|Income tax credits|Income tax deductions|Interest, dividends, interest rates|Labor standards|Taxation of foreign income|Veterans' education, employment, rehabilitation|Wages and earnings",1.0,"The bill provides a tax credit to private employers contingent on meeting specific wage and benefit standards, including paying wages above the federal poverty level and providing retirement benefits, thereby directly regulating private employer compensation and benefit obligations.",,,,"The bill primarily introduces a tax credit for employers meeting certain criteria, which incentivizes behavior rather than directly imposing wage, hour, or benefit obligations on private employers.",1,tax_credit_introduction,wage_hour,"Introduces a new tax credit incentivizing employers to meet specified wage thresholds (156% of federal poverty level), provide retirement benefits, maintain domestic employment levels, and offer differential pay to uniformed service members—all of which relate to private employer wage, hour, and benefit conduct.",,,,"This bill introduces a tax credit for employers who voluntarily meet certain criteria (maintaining headquarters in the US, providing health coverage, paying above poverty-level wages, etc.); it does not impose new mandatory obligations on private employers but rather offers a tax incentive for employers who choose to qualify as 'Patriot employers,' making it a general hiring/business tax credit that does not regulate employer wage, hour, or benefit conduct."
hr2317-114,To amend the Employee Retirement Income Security Act of 1974 to require a lifetime income disclosure.,Lifetime Income Disclosure Act,Labor and Employment,Administrative law and regulatory procedures|Department of Labor|Employee benefits and pensions|Government information and archives,1.0,"The bill amends ERISA to mandate lifetime income disclosures for private employer-sponsored retirement plans, directly addressing employer obligations regarding employee benefit plan transparency and management.",1,enforcement,pension,"The bill imposes new disclosure obligations on private employers as plan sponsors under ERISA, directly affecting their conduct regarding pension benefit statements.",1,enforcement,pension,"Amends ERISA to impose new mandatory disclosure obligations on private employers as sponsors of individual account retirement plans, requiring them to provide lifetime income stream equivalents on participant benefit statements.",1,enforcement,pension,"This bill amends ERISA to impose a new mandatory disclosure obligation on private employer-sponsored individual account plan administrators, requiring them to provide participants with lifetime income stream equivalents in their quarterly benefit statements."
hr5372-113,"To amend the Internal Revenue Code of 1986 to provide a tax credit to Patriot employers, and for other purposes.",Patriot Employer Tax Credit Act,Taxation,"Disability and paralysis|Employee benefits and pensions|Employee hiring|Employment and training programs|Income tax credits|Income tax deductions|Interest, dividends, interest rates|Labor standards|Taxation of foreign income|Veterans' education, employment, rehabilitation|Wages and earnings",1.0,"The bill provides a tax credit to private employers contingent on meeting specific wage and benefit standards, including paying wages at 150% of the federal poverty level and providing retirement benefits, thereby directly incentivizing private employer wage and benefit obligations.",,,,"The bill primarily introduces a tax credit for employers meeting certain criteria, which is a tax policy measure rather than a direct regulation of private employer wage, hour, or benefit obligations.",1,tax_credit_introduction,wage_hour,"Introduces a new tax credit incentivizing employers to meet specified wage thresholds (150% of federal poverty level), provide retirement benefits, maintain domestic employment, and offer differential pay to uniformed service members—all of which relate to private employer wage, hour, and benefit conduct.",,,,"This bill offers a tax credit to employers who voluntarily meet certain criteria (maintaining U.S. headquarters, providing health coverage, paying above-poverty wages, offering retirement benefits, etc.); it is a general hiring/good-behavior tax incentive rather than a bill that directly imposes new wage, hour, or benefit obligations on private employers."
s215-114,A bill to amend the Internal Revenue Code of 1986 to increase the exclusion for employer-provided dependent care assistance.,Child and Dependent Care FSA Enhancement Act,Taxation,Adult day care|Child care and development|Employee benefits and pensions|Income tax exclusion|Inflation and prices,1.0,"The bill modifies tax exclusions for employer-provided dependent care assistance, directly regulating the financial structure of employer-sponsored welfare benefits for private sector employees.",,,,"The bill offers a tax benefit related to employer-provided dependent care assistance, which is unrelated to wage/hour obligations and does not impose new obligations on private employers.",,,,"This bill increases the tax exclusion limit for employer-provided dependent care assistance programs, which is a tax benefit for employees and employers rather than an obligation imposed on private employers regarding wage, hour, or benefit compliance.",,,,"This bill increases the tax exclusion amount for employer-provided dependent care assistance, which is a tax benefit adjustment rather than a bill imposing new wage, hour, or benefit obligations on private employers; it falls under the disqualifying category of tax benefits unrelated to wage/hour obligations (dependent care credits/exclusions)."
hr6325-114,"To establish an independent advisory committee to review certain regulations, and for other purposes.",Workforce Regulatory Review Act of 2016,Government Operations and Politics,,1.0,"The bill establishes a commission to review and potentially repeal regulations governing private employer obligations regarding wages, hours, and employee health benefits, directly impacting the regulatory framework for wage and hour compliance.",,,,"The bill establishes a commission to review and recommend changes to regulations, but it does not directly impose new obligations on private employers regarding wages, hours, or benefits; its primary focus is on regulatory review and reduction.",1,enforcement,wage_hour,"Establishes a commission explicitly tasked with reducing regulations related to wages, hours, and employee health by one-third, directly weakening private employer wage and hour obligations under existing law.",1,enforcement,wage_hour,"The bill's central purpose is to establish a commission to review and recommend repeal, modification, or consolidation of regulations specifically related to wages, hours, workplace safety, workplace discrimination, and employee health, with the explicit goal of reducing regulatory requirements by one-third — this directly targets the stringency of private employer wage, hour, and benefit obligations."
s984-112,A bill to allow Americans to earn paid sick time so that they can address their own health needs and the health needs of their families.,Healthy Families Act,Labor and Employment,"Civil actions and liability|Congressional oversight|Domestic violence and child abuse|Employee leave|Employment discrimination and employee rights|Government employee pay, benefits, personnel management|Government information and archives|Government liability|Government studies and investigations|Sex offenses|State and local government operations",1.0,"The bill mandates private employers to provide paid sick leave, directly regulating employer obligations regarding employee benefits and leave rights under labor laws.",1,enforcement,wage_hour,"The bill mandates that private employers provide paid sick time, directly imposing new wage and hour obligations on private employers.",1,enforcement,wage_hour,"Mandates that private employers with 15+ employees provide paid sick time accrual (1 hour per 30 hours worked), directly imposing new wage and leave obligations on non-governmental employers under federal labor law.",1,enforcement,wage_hour,"The bill mandates that private employers with 15 or more employees provide paid sick time, directly imposing new leave obligations on private employers under wage/hour law."
hr377-113,"To amend the Fair Labor Standards Act of 1938 to provide more effective remedies to victims of discrimination in the payment of wages on the basis of sex, and for other purposes.",Paycheck Fairness Act,Labor and Employment,"Civil actions and liability|Employment discrimination and employee rights|Government information and archives|Government studies and investigations|Public contracts and procurement|Racial and ethnic relations|Sex, gender, sexual orientation discrimination|Small business|Wages and earnings|Women's employment",1.0,"The bill amends the Fair Labor Standards Act to strengthen prohibitions against sex-based wage discrimination and enhance remedies for violations, directly regulating private employer wage obligations.",1,enforcement,wage_hour,"The bill amends the FLSA to enhance remedies and enforcement against sex-based wage discrimination, directly impacting private employer wage obligations.",1,enforcement,wage_hour,"This bill directly strengthens FLSA equal pay provisions by narrowing employer defenses for sex-based wage differentials, expanding remedies including punitive damages and class actions, and prohibiting retaliation for wage discussions—all of which tighten private employer wage obligations.",1,enforcement,wage_hour,"The Paycheck Fairness Act directly amends the Fair Labor Standards Act to strengthen prohibitions against sex-based wage discrimination by private employers, tightening the bona fide factor defense, expanding remedies (compensatory and punitive damages), enabling class actions, prohibiting retaliation for wage discussions, and enhancing enforcement mechanisms."
hr3397-116,To amend the Internal Revenue Code to increase the exclusion for employer-provided dependent care assistance and to allow individuals to carry forward dependent care flexible spending arrangement account balances.,Child and Dependent Care Modernization Act of 2019,Taxation,Adult day care|Child care and development|Employee benefits and pensions|Income tax exclusion,1.0,"The bill modifies tax exclusions for employer-provided dependent care assistance and flexible spending arrangements, directly regulating the structure and incentives of private employer-sponsored welfare benefit plans.",,,,"The bill primarily offers a tax benefit related to dependent care, which is unrelated to employer wage, hour, or benefit obligations.",,,,"This bill modifies tax exclusion limits and rollover rules for dependent care assistance programs, which are general tax benefits unrelated to employer wage/hour obligations; it does not impose new compliance requirements on private employers regarding wages, hours, or mandatory benefit provision.",,,,"This bill modifies the tax exclusion for employer-provided dependent care assistance and flexible spending arrangement carryover rules, which are general tax benefits rather than direct obligations on private employers regarding wage, hour, or benefit conduct."
hr1072-115,"To repeal provisions of the Patient Protection and Affordable Care Act and provide private health insurance reform, and for other purposes.",Obamacare Replacement Act,Health,"Abortion|Accounting and auditing|Administrative law and regulatory procedures|Administrative remedies|Advisory bodies|Bank accounts, deposits, capital|Bankruptcy|Child health|Competition and antitrust|Congressional oversight|Contracts and agency|Department of Labor|Employee benefits and pensions|Employment taxes|Federal preemption|Fraud offenses and financial crimes|Government information and archives|Health care costs and insurance|Health care coverage and access|Health personnel|Income tax credits|Income tax deductions|Insurance industry and regulation|Intergovernmental relations|Licensing and registrations|Medicaid|Medicare|Nutrition and diet|Physical fitness and lifestyle|Prescription drugs|Sales and excise taxes|Small business|Social work, volunteer service, charitable organizations|Sports and recreation facilities|State and local government operations|State and local taxation|Tax administration and collection, taxpayers|User charges and fees",1.0,"The bill amends ERISA to establish association health plans and modify stop-loss insurance requirements, directly regulating employer-sponsored group health benefit plan obligations for private employers.",,,,"The bill primarily focuses on repealing and replacing provisions of the Affordable Care Act, with changes to health insurance regulations and tax credits, rather than imposing new obligations on private employers regarding employee wages, hours, or benefits.",1,enforcement,healthcare,"The bill extensively amends ERISA and other statutes governing employer-sponsored group health plans, including provisions on association health plans, stop-loss insurance exemptions, and health insurance coverage requirements, thereby directly affecting private employer obligations as plan sponsors.",API error,API error,API error,API error
s2347-116,"A bill to amend the Internal Revenue Code of 1986 to exclude employer contributions to student loan repayment from income, and for other purposes.",Student Loan Repayment Acceleration Act,Taxation,,1.0,"The bill regulates employer-sponsored benefits by creating a tax exclusion for student loan repayments, which directly impacts the financial obligations and benefit structures of private employers.",,,,"The bill provides a tax benefit related to employer contributions to student loan repayment, which is unrelated to wage, hour, or benefit obligations of private employers.",,,,"This bill provides a tax exclusion for employer-provided student loan repayment assistance, which is a general tax benefit unrelated to wage/hour compliance obligations or mandatory employer benefit requirements under ERISA.",API error,API error,API error,API error
s503-116,A bill to amend the Internal Revenue Code of 1986 to provide the opportunity for responsible health savings to all American families.,Responsible Additions and Increases to Sustain Employee Health Benefits Act of 2019,Taxation,Employee benefits and pensions|Health care costs and insurance|Income tax exclusion|Inflation and prices,1.0,"The bill modifies tax exclusions for employer-sponsored health flexible spending arrangements, directly affecting the structure and incentives of private employer-provided welfare benefits.",,,,"The bill modifies tax exclusions related to health flexible spending arrangements, which is a tax policy change rather than a direct regulation of private employer wage, hour, or benefit obligations.",,,,"This bill modifies tax treatment of health flexible spending arrangements (FSAs) by increasing contribution limits and allowing carryforwards, but does not impose new mandatory wage, hour, or benefit obligations on private employers; it merely adjusts optional tax-advantaged account features.",,,,"This bill modifies the tax treatment of health flexible spending arrangements (FSAs) by adjusting contribution limits and allowing carryforwards — these are changes to optional tax-advantaged plan features and do not impose new mandatory obligations on private employers regarding wage, hour, or benefit conduct."
s1651-116,A bill to amend the Internal Revenue Code of 1986 to include foster care transition youth as members of targeted groups for purposes of the work opportunity credit.,Improved Employment Outcomes for Foster Youth Act of 2019,Taxation,Adoption and foster care|Employee hiring|Employment and training programs|Income tax credits|Wages and earnings|Youth employment and child labor,1.0,"The bill modifies the Work Opportunity Tax Credit, a tax incentive that directly affects private employer wage obligations by providing credits for wages paid to specific targeted groups of employees.",,,,"The bill introduces a tax credit for hiring foster care transition youth, which incentivizes hiring decisions but does not directly impose wage, hour, or benefit obligations on private employers.",,,,"This bill expands the Work Opportunity Tax Credit to include foster care transition youth as a targeted hiring group, which incentivizes hiring decisions rather than regulating employer wage, hour, or benefit compliance obligations.",,,,"This bill expands the Work Opportunity Tax Credit to include foster care transition youth as a targeted hiring group; it is a tax credit for hiring workers from a specific group, which does not qualify as regulating private employer wage, hour, or benefit obligations."
hjres67-115,Disapproving the rule submitted by the Department of Labor relating to savings arrangements established by qualified State political subdivisions for non-governmental employees.,,Labor and Employment,Administrative law and regulatory procedures|Congressional oversight|Department of Labor|Employee benefits and pensions|State and local government operations,1.0,"The bill addresses ERISA regulations concerning payroll deduction savings programs for private-sector employees, directly impacting how non-governmental employers and state entities structure employee pension benefit plans.",1,enforcement,pension,The bill nullifies a Department of Labor rule affecting private employer obligations under ERISA related to state-facilitated retirement savings programs for non-governmental employees.,1,enforcement,pension,"This resolution nullifies a DOL rule that would have exempted certain state-subdivision auto-enrollment IRA programs from ERISA, thereby weakening the regulatory framework governing private employer retirement benefit obligations under ERISA.",1,enforcement,pension,"This joint resolution nullifies a DOL rule that allowed state political subdivisions to establish payroll deduction retirement savings programs for private-sector employees without triggering ERISA obligations; disapproving the rule restricts the ability of these programs to operate outside ERISA, thereby affecting private employer pension/retirement benefit obligations for non-governmental employees."
s219-116,A bill to amend the Internal Revenue Code of 1986 to impose an excise tax on employers with low-wage employees.,Corporate Freeloader Fee Act,Taxation,Corporate finance and management|Employee benefits and pensions|Health care costs and insurance|Health care coverage and access|Poverty and welfare assistance|Sales and excise taxes|Wages and earnings,1.0,"The bill imposes an excise tax on private employers based on their wage levels and provides tax reductions for providing health and retirement benefits, directly regulating private employer wage and benefit obligations.",1,enforcement,wage_hour,"The bill imposes an excise tax on employers with low-wage employees, directly affecting private employer wage obligations.",1,enforcement,wage_hour,"Imposes an excise tax penalty on private employers who pay wages below 218% of the federal poverty line, directly regulating employer wage conduct by creating a financial disincentive for low-wage employment.",1,enforcement,wage_hour,"The bill imposes an excise tax on private employers who pay low wages (below 218% of the federal poverty line), directly penalizing private employer wage conduct, and reduces the tax for employers providing health and retirement benefits — this constitutes a regulatory obligation on private employers regarding their wage and benefit practices."
hr2161-112,"To amend the Immigration and Nationality Act to promote innovation, investment, and research in the United States, and for other purposes.",IDEA Act of 2011,Immigration,Administrative law and regulatory procedures|Administrative remedies|Business investment and capital|Department of Homeland Security|Department of Labor|Economic development|Education of the disadvantaged|Elementary and secondary education|Employee hiring|Employment and training programs|Employment discrimination and employee rights|Foreign and international corporations|Foreign labor|Government studies and investigations|Government trust funds|Immigration status and procedures|Minority education|Science and engineering education|Small business|Student aid and college costs|Temporary and part-time employment|Unemployment|User charges and fees|Visas and passports|Wages and earnings|Women's education,1.0,"The bill revises prevailing wage computation formulas and imposes specific wage requirements for H-1B and L-1B visa holders, directly regulating private employer wage obligations for foreign workers.",,,,"The bill primarily addresses immigration policy and procedures, including visa categories and labor certification processes, rather than directly imposing new wage, hour, or benefit obligations on private employers.",,,,"Although the bill contains provisions regarding prevailing wage computations, H-1B visa wage requirements, and L-1B visa wage requirements, its primary subject is immigration policy (visa categories, green card allocation, foreign worker admission); the wage provisions are incidental conditions on immigration status, not the bill's central purpose of regulating private employer wage, hour, or benefit obligations.",1,enforcement,wage_hour,"The bill revises prevailing wage computation formulas, imposes wage requirements on H-1B and L-1B visa employers, strengthens U.S. worker displacement protections, and modifies recruitment requirements for private employers hiring foreign workers — these are direct private employer wage and labor obligation provisions central to the bill's purpose."
s953-113,"A bill to amend the Higher Education Act of 1965 to extend the reduced interest rate for undergraduate Federal Direct Stafford Loans, to modify required distribution rules for pension plans, to limit earnings stripping by expatriated entities, to provide for modifications related to the Oil Spill Liability Trust Fund, and for other purposes.",Student Loan Affordability Act,Taxation,"Budget deficits and national debt|Employee benefits and pensions|Foreign and international corporations|Government lending and loan guarantees|Government trust funds|Higher education|Income tax deductions|Interest, dividends, interest rates|Oil and gas|Pollution liability|Sales and excise taxes|Student aid and college costs|Water quality",1.0,"The bill modifies Internal Revenue Code rules regarding required distributions from tax-exempt pension plans, which directly impacts private employer obligations related to employee retirement benefits under ERISA.",,,,"The bill primarily addresses student loan interest rates, pension distribution rules, and tax code modifications, none of which directly impose new obligations on private employers regarding wage, hour, or benefit compliance.",1,enforcement,pension,"The bill modifies required minimum distribution rules for tax-exempt pension plans, directly tightening private employer obligations regarding how and when retirement benefits must be distributed to beneficiaries after an employee's death.",,,,"The pension-related provision modifies required minimum distribution rules for tax-exempt pension plans after an employee's death, which changes optional plan features and tax treatment of distributions rather than imposing new mandatory obligations on private employers as plan sponsors (such as funding requirements or fiduciary duties). The bill's primary purpose is student loan interest rates and tax policy, with pension distribution rules being a revenue offset provision."
s2284-116,"A bill to create a Climate Action Rebate Fund in order to efficiently reduce greenhouse gas emissions, provide a monthly rebate to the American people, encourage innovation of clean energy technologies and create new economic opportunities, ensure the resiliency of our infrastructure, assist with the transition to a clean energy economy, and leave a healthier, more stable, and more prosperous nation for future generations.",Climate Action Rebate Act of 2019,Taxation,"Agricultural conservation and pollution|Air quality|Alternative and renewable resources|Aviation and airports|Border security and unlawful immigration|Buy American requirements|Climate change and greenhouse gases|Coal|Competitiveness, trade promotion, trade deficits|Department of Agriculture|Department of Commerce|Department of Energy|Department of Health and Human Services|Department of Homeland Security|Department of Labor|Department of State|Department of Transportation|Department of Veterans Affairs|Department of the Interior|Economic development|Electric power generation and transmission|Employee benefits and pensions|Employment and training programs|Energy assistance for the poor and aged|Energy efficiency and conservation|Energy prices|Energy storage, supplies, demand|Environmental Protection Agency (EPA)|Environmental technology|Executive agency funding and structure|Export-Import Bank of the United States|Farmland|Floods and storm protection|Foreign aid and international relief|Forests, forestry, trees|Government lending and loan guarantees|Government trust funds|Hazardous wastes and toxic substances|Health facilities and institutions|Health programs administration and funding|Housing and community development funding|Hybrid, electric, and advanced technology vehicles|Income tax credits|Infrastructure development|International law and treaties|International organizations and cooperation|Internet and video services|Land use and conservation|Metals|Mining|Nuclear power|Oil and gas|Public contracts and procurement|Public transit|Railroads|Roads and highways|Rural conditions and development|Sales and excise taxes|Tariffs|Tax administration and collection, taxpayers|Transportation programs funding|U.S. Agency for International Development (USAID)|Veterans' medical care|Wages and earnings|Water quality|Water resources funding",1.0,"The bill mandates compliance with the Davis-Bacon Act, which requires private contractors on federally funded infrastructure projects to pay prevailing wages, directly regulating private employer wage obligations.",,,,"The bill primarily addresses climate change through carbon fees and rebates, with incidental mention of prevailing wage requirements on public works projects, which does not constitute a central focus on private employer wage obligations.",,,,"Although the bill requires Davis-Bacon prevailing wage compliance for projects funded by carbon fee revenues, its primary subject is climate policy through carbon taxation and rebates to individuals; private employer wage obligations are incidental conditions on government-funded projects, not the bill's central purpose.",,,,"This bill's central purpose is imposing a carbon fee on fossil fuels and distributing rebates to reduce greenhouse gas emissions; while it references the Davis-Bacon Act's prevailing wage requirements for spending carbon fee revenue, this is an incidental condition on government-funded projects, not the bill's primary subject of regulating private employer wage, hour, or benefit obligations."
s3221-112,A bill to amend the National Labor Relations Act to permit employers to pay higher wages to their employees.,RAISE Act,Labor and Employment,Employment discrimination and employee rights|Labor-management relations|Wages and earnings,1.0,"The bill amends the National Labor Relations Act to regulate private employer wage payment practices, specifically addressing whether employers can pay higher wages than those stipulated in collective bargaining agreements, which falls under the scope of wage and earnings issues.",1,enforcement,wage_hour,"The bill amends the National Labor Relations Act to allow employers to pay higher wages than collective bargaining agreements stipulate, directly affecting private employer wage obligations.",1,enforcement,wage_hour,"Amends the National Labor Relations Act to modify private employer wage-setting obligations by permitting employers to pay above collectively bargained rates, directly affecting employer wage conduct under federal labor law.",1,enforcement,wage_hour,"The bill amends the National Labor Relations Act to directly regulate private employer wage conduct by permitting employers to pay individual employees above collectively bargained rates, altering the legal framework governing private employer wage obligations."
s777-114,"A bill to permit employees to request, and to ensure employers consider requests for, flexible work terms and conditions, and for other purposes.",Flexibility for Working Families Act,Labor and Employment,"Administrative remedies|Civil actions and liability|Congressional agencies|Congressional officers and employees|Department of Labor|Employment discrimination and employee rights|Government Accountability Office (GAO)|Government employee pay, benefits, personnel management|Government information and archives|Judicial review and appeals|Labor standards|Labor-management relations|Library of Congress|State and local government operations",1.0,"The bill regulates private employer obligations regarding work schedules and hours, and explicitly requires the Department of Labor's Wage and Hour Division to issue guidance on compliance with the Fair Labor Standards Act, directly aligning with wage and hour enforcement issues.",1,enforcement,wage_hour,"The bill imposes new obligations on private employers to consider employee requests for flexible work terms, directly affecting wage and hour conditions.",1,enforcement,wage_hour,"This bill creates new mandatory obligations for private employers to consider and respond to employee requests for flexible work arrangements, establishes enforcement mechanisms through the Department of Labor, and imposes civil penalties for violations—directly regulating private employer wage and hour conduct.",1,enforcement,wage_hour,"The bill directly imposes new obligations on private employers to consider employee requests for flexible work terms and conditions (hours, schedules, location), creates enforcement mechanisms including civil penalties, and regulates the employer-employee relationship regarding work scheduling — squarely within wage/hour obligations."
hr5971-114,To amend the Internal Revenue Code of 1986 to increase the amount excludable from gross income for dependent care assistance and dependent care flexible spending arrangements and to provide for a carryover of unused dependent care benefits in dependent care flexible spending arrangements.,,Taxation,Child care and development|Disability and paralysis|Employee benefits and pensions|Income tax exclusion|Inflation and prices,1.0,"The bill modifies tax exclusions for employer-provided dependent care assistance, directly regulating the structure and incentives of private employer-sponsored welfare benefit plans.",,,,"The bill primarily addresses tax treatment of dependent care benefits, not private employer wage or benefit obligations.",,,,"This bill increases the tax exclusion limit for employer-provided dependent care assistance and allows carryover of unused benefits, which are general tax benefits for employees rather than mandatory employer wage, hour, or benefit obligations.",,,,"This bill modifies the tax exclusion amount for employer-provided dependent care assistance and allows carryover of unused benefits in flexible spending arrangements; these are tax benefit adjustments unrelated to employer wage/hour obligations, falling under general tax/family policy rather than regulation of private employer wage, hour, or benefit conduct."
hr3656-112,To amend the Internal Revenue Code of 1986 to provide for death and disability protection for loans from qualified employer plans.,Retirement Savings Security Act of 2011,Taxation,"Employee benefits and pensions|Income tax deferral|Income tax exclusion|Life, casualty, property insurance",1.0,"The bill amends the Internal Revenue Code to regulate protections for loans from qualified employer retirement plans, directly addressing the administration and security of private employer-sponsored benefit plans under ERISA.",,,,"The bill primarily addresses tax treatment and insurance options for loans from retirement plans, not private employer wage, hour, or benefit obligations.",,,,"This bill modifies optional features of qualified retirement plans by allowing participants to purchase loan protection insurance, but does not impose new mandatory obligations on private employers as plan sponsors regarding funding, fiduciary duties, or participant rights.",,,,"This bill modifies optional plan features by allowing retirement plan participants to obtain loan protection insurance; it does not impose new mandatory obligations on private employers as plan sponsors regarding pension funding, fiduciary duties, or participant disclosures."
s1302-113,A bill to amend the Employee Retirement Income Security Act of 1974 and the Internal Revenue Code of 1986 to provide for cooperative and small employer charity pension plans.,Cooperative and Small Employer Charity Pension Flexibility Act,Labor and Employment,"Congressional oversight|Employee benefits and pensions|Government studies and investigations|Social work, volunteer service, charitable organizations",1.0,"The bill amends ERISA to establish minimum funding standards and liquidity rules for cooperative and small employer charity pension plans, directly regulating private employer obligations regarding employee retirement benefits.",1,enforcement,pension,"The bill amends ERISA to establish minimum funding standards and other obligations for cooperative and small employer charity pension plans, directly imposing new mandatory obligations on private employers as plan sponsors.",1,enforcement,pension,"The bill amends ERISA and the Internal Revenue Code to establish new minimum funding standards, contribution requirements, and fiduciary obligations specifically for cooperative and small employer charity pension plans, directly imposing mandatory employer conduct obligations on private employers as pension plan sponsors.",1,enforcement,pension,"This bill amends ERISA and the Internal Revenue Code to establish specific minimum funding standards, funding restoration requirements, contribution rules, lien provisions, and participant notice obligations for cooperative and small employer charity pension plans (CSEC plans), directly imposing new mandatory obligations on private employers as pension plan sponsors."
s3429-114,"A bill to delay the implementation of the overtime rule submitted by the Department of Labor entitled ""Defining and Delimiting the Exemptions for Executive, Administrative, Professional, Outside Sales and Computer Employees"" for a period of 2 years in States in which the President has declared that a major disaster exists.",Small Business Survival from Disaster Act,Labor and Employment,,1.0,The bill directly regulates private employer obligations regarding overtime pay exemptions under the Fair Labor Standards Act (FLSA) by delaying the implementation of revised income thresholds for exempt employees.,1,enforcement,wage_hour,"The bill delays the implementation of a Department of Labor rule that revises overtime pay thresholds, directly affecting private employer wage obligations under the FLSA.",1,enforcement,wage_hour,"The bill delays implementation of DOL overtime rule revisions that would expand overtime eligibility for white-collar employees, directly affecting private employer wage and hour obligations under the FLSA in disaster-declared states.",1,enforcement,wage_hour,"The bill delays the implementation of the DOL overtime rule that raises salary thresholds for white-collar exemptions under the FLSA, directly affecting private employer overtime pay obligations in disaster-declared states."
s1531-114,"A bill to reform the provision of health insurance coverage by promoting health savings accounts, State-based alternatives to coverage under the Affordable Care Act, and price transparency, in order to promote a more market-based health care system, and for other purposes.",Patient Freedom Act of 2015,Health,Emergency medical services and trauma care|Employee benefits and pensions|Health care costs and insurance|Health care coverage and access|Health programs administration and funding|Income tax credits|Intergovernmental relations|Medicaid|Medicare|State and local government operations,1.0,"The bill amends the Internal Revenue Code regarding Health Savings Accounts (HSAs) and modifies requirements for employer-sponsored health insurance coverage, which directly relates to employer obligations under ERISA and tax incentives for providing employee welfare benefits.",,,,"The bill primarily addresses health insurance reform and health savings accounts, not private employer obligations under ERISA or wage, hour, and benefit obligations.",,,,"Although the bill mentions employee benefits and pensions in its subject tags and affects HSAs and health insurance coverage, its primary purpose is health insurance market reform and state alternatives to the ACA, not the imposition of obligations on private employers regarding their employee benefit plans.",,,,"This bill primarily restructures health insurance markets and HSA tax benefits at the state and individual level; it does not impose new obligations on private employers regarding their employee wage, hour, or benefit plans, and its modifications to HSA rules and insurance coverage options are general tax/health policy rather than employer-sponsored plan mandates under ERISA."
hr1494-114,To amend the Internal Revenue Code of 1986 to permit rollovers from retirement plans to health savings accounts.,Retirement Health Savings Act of 2015,Taxation,Employee benefits and pensions|Health care costs and insurance|Income tax exclusion,1.0,"The bill amends tax code provisions regarding retirement plan distributions, which directly relates to the management and taxation of employee pension and retirement benefits covered under ERISA.",,,,"The bill primarily addresses tax treatment of retirement plan distributions to health savings accounts, not private employer wage, hour, or benefit obligations.",,,,"This bill modifies the tax treatment of voluntary rollovers from retirement plans to health savings accounts, affecting optional plan features and individual tax benefits rather than imposing new mandatory obligations on private employers as plan sponsors.",,,,"This bill modifies the tax treatment of rollovers from retirement plans to health savings accounts, changing optional plan features and tax rules for individual account holders rather than imposing new mandatory obligations on private employers as plan sponsors."
hr1248-113,To amend the Patient Protection and Affordable Care Act to repeal certain limitations on health care benefits.,Family Health Care Flexibility Act,Health,Digestive and metabolic diseases|Employee benefits and pensions|Health care costs and insurance|Prescription drugs,1.0,"The bill modifies employer-sponsored group health benefit plans (specifically Health Flexible Spending Arrangements) under ERISA by repealing contribution limits and expanding eligible expenses, directly affecting private employer benefit obligations.",,,,"The bill primarily modifies tax treatment and limitations on health savings accounts and flexible spending arrangements, which are not direct employer obligations under ERISA or related to private employer wage, hour, or benefit compliance.",,,,"This bill modifies tax-advantaged account rules (HSAs, FSAs, MSAs) regarding eligible expenses and contribution limits, which are general tax and healthcare financing provisions, not direct private employer wage, hour, or benefit obligations.",,,,"This bill modifies the tax treatment of health savings accounts, medical savings accounts, and health flexible spending arrangements by allowing OTC drug reimbursements and removing contribution caps — these are changes to optional tax-advantaged account features, not direct mandatory obligations imposed on private employers regarding wage, hour, or benefit conduct."
s2955-111,A bill to amend the Internal Revenue Code of 1986 to provide a temporary payroll increase tax credit for certain employers.,,Taxation,"Administrative law and regulatory procedures|Bank accounts, deposits, capital|Banking and financial institutions regulation|Civil actions and liability|Congressional oversight|Corporate finance and management|Currency|Department of the Treasury|Evidence and witnesses|Financial services and investments|Foreign and international corporations|Fraud offenses and financial crimes|Government studies and investigations|Income tax credits|Income tax deductions|Intellectual property|Interest, dividends, interest rates|Securities|Tax administration and collection, taxpayers|U.S. and foreign investments|Wages and earnings",1.0,"The bill provides a temporary payroll increase tax credit for employers, which is a tax incentive directly related to employer wage obligations and compensation practices.",,,,"The bill primarily introduces a tax credit for payroll increases and addresses tax enforcement and regulation of offshore financial activities, not private employer wage, hour, or benefit obligations.",,,,"Although the bill includes a payroll increase tax credit, this is a general hiring/job creation incentive unrelated to employer wage, hour, or benefit compliance obligations; the bill's primary focus is tax shelter enforcement and anti-money laundering provisions, not private employer wage conduct.",,,,"The bill's payroll increase tax credit is a general hiring/job creation incentive unrelated to wage, hour, or benefit compliance obligations, and the remainder of the bill addresses tax shelter enforcement and international tax provisions, not private employer wage or benefit conduct."
s641-114,A bill to amend the Internal Revenue Code of 1986 to extend the employer wage credit for activated military reservists.,Military Reserve Small Business Jobs Act of 2015,Taxation,Income tax credits|Military personnel and dependents|Small business|Wages and earnings,1.0,"The bill extends a tax credit for private employers who pay differential wages to employees called to active military duty, directly incentivizing compliance with wage obligations related to military reservists.",,,,"The bill extends a tax credit for differential wage payments to military reservists, which is a tax policy measure rather than a direct regulation of private employer wage obligations.",1,tax_credit_introduction,wage_hour,"Extends a tax credit incentivizing small business employers to provide differential wage payments to employees called to active military duty, which directly relates to private employer wage obligations for military reservists.",,,,"This bill extends an existing tax credit for differential wage payments to military reservists, which is a tax benefit offered to employers rather than a bill imposing new wage, hour, or benefit obligations on private employers."
hr2125-112,To amend the Fair Labor Standards Act of 1938 to require certain disclosures by employers who use electronic payroll cards to pay their employees.,Electronic Paycard Protection Act of 2011,Labor and Employment,Computers and information technology|Employment discrimination and employee rights|User charges and fees|Wages and earnings,1.0,"The bill amends the Fair Labor Standards Act to regulate how private employers pay wages via electronic payroll cards, specifically prohibiting fees that could reduce take-home pay and ensuring employees have access to their earned wages, which directly addresses wage payment obligations.",1,enforcement,wage_hour,"The bill imposes new disclosure and fee restrictions on employers using electronic payroll cards, directly regulating private employer wage payment practices under the FLSA.",1,enforcement,wage_hour,"Amends the FLSA to impose mandatory disclosure and fee-limitation obligations on private employers who use electronic payroll cards, directly regulating employer wage payment practices.",1,enforcement,wage_hour,"The bill amends the Fair Labor Standards Act to impose new disclosure and conduct obligations on private employers who use electronic payroll cards to pay employees, including prohibiting fees for ordinary card use and prohibiting termination for opting out, directly regulating private employer wage payment practices."
s1330-112,A bill to amend the Internal Revenue Code of 1986 to provide a temporary payroll increase tax credit for certain employers.,Small Business Job Creation Tax Act of 2011,Taxation,"Congressional oversight|Employment taxes|Fraud offenses and financial crimes|Income tax credits|Small business|Social security and elderly assistance|Tax administration and collection, taxpayers|Wages and earnings",1.0,"The bill provides a tax credit to private employers for increasing payroll, which directly incentivizes wage-related conduct and falls within the scope of bills that introduce tax incentives encouraging or discouraging employer wage obligations.",,,,"The bill introduces a tax credit for employers based on payroll increases, which incentivizes hiring but does not directly impose new wage, hour, or benefit obligations on private employers.",,,,"This bill provides a tax credit to employers based on payroll increases, which incentivizes hiring and wage growth but does not impose any mandatory wage, hour, or benefit obligations on private employers.",,,,"This bill provides a tax credit to employers based on payroll increases as a hiring/job creation incentive; it is a general hiring tax credit, not a bill imposing or regulating private employer wage, hour, or benefit obligations."
hr3555-114,"To provide tax relief for American workers and businesses, to put workers back on the job while rebuilding and modernizing America, and to provide pathways back to work for Americans looking for jobs.",Jobs! Jobs! Jobs! Act of 2015,Labor and Employment,"Accounting and auditing|Appropriations|Aviation and airports|Budget deficits and national debt|Budget process|Business investment and capital|Buy American requirements|Civil actions and liability|Education programs funding|Educational facilities and institutions|Electric power generation and transmission|Elementary and secondary education|Employee hiring|Employment and training programs|Employment discrimination and employee rights|Executive agency funding and structure|Financial services and investments|First responders and emergency personnel|Fraud offenses and financial crimes|Government buildings, facilities, and property|Government corporations and government-sponsored enterprises|Government lending and loan guarantees|Government studies and investigations|Higher education|Housing and community development funding|Housing supply and affordability|Income tax credits|Income tax deductions|Income tax exclusion|Income tax rates|Infrastructure development|Labor standards|Law enforcement administration and funding|Law enforcement officers|Legal fees and court costs|Low- and moderate-income housing|Metals|Motor carriers|National Railroad Passenger Corporation (Amtrak)|Navigation, waterways, harbors|Noise pollution|Oil and gas|Preschool education|Public contracts and procurement|Public transit|Railroads|Residential rehabilitation and home repair|Roads and highways|Rural conditions and development|Securities|Small business|State and local finance|Taxation of foreign income|Transportation employees|Transportation programs funding|U.S. territories and protectorates|Unemployment|User charges and fees|Wages and earnings|Water resources funding|Youth employment and child labor",1.0,"The bill requires contractors and subcontractors on federally-assisted projects to pay laborers and mechanics wages at locally-prevailing rates, directly regulating private employer wage obligations.",,,,"The bill primarily focuses on infrastructure development, tax relief, and unemployment assistance, with wage-related provisions being incidental to its main objectives.",1,enforcement,wage_hour,"The bill directly imposes prevailing wage requirements on federally-assisted construction projects and expands the work opportunity tax credit for hiring long-term unemployed individuals, both of which regulate private employer wage and hiring obligations.",1,enforcement,wage_hour,"The bill requires all laborers and mechanics on federally-assisted projects to be paid prevailing wages, imposes Buy American requirements on contractors, prohibits employment discrimination against unemployed individuals by private employers, and establishes subsidized employment and work-based training programs — these provisions directly regulate private employer wage and employment conduct, making wage_hour the dominant category despite the bill's broad scope."
hr2927-115,To amend the Internal Revenue Code of 1986 to include apprentices as members of targeted groups for purposes of the work opportunity credit.,Helpful Incentives to Restore the Economic Dream Act of 2017,Taxation,Employment and training programs|Income tax credits|Wages and earnings,1.0,"The bill introduces a tax credit for private employers based on wages paid to apprentices, directly incentivizing wage-related employment practices under the scope of wage and hour issues.",,,,"The bill introduces a tax credit for hiring apprentices, which incentivizes hiring decisions but does not directly impose new wage, hour, or benefit obligations on private employers.",1,tax_credit_introduction,wage_hour,"The bill introduces a new work opportunity tax credit specifically for employers who hire apprentices and provide job training through registered apprenticeship programs, which qualifies as an employer-provided job training credit incentivizing better wage and employment practices.",,,,"This bill expands the Work Opportunity Tax Credit to include apprentices as a targeted group, which is a tax credit for hiring workers from a specific group — it incentivizes hiring decisions rather than regulating private employer wage, hour, or benefit obligations."
hr4677-111,"To amend title 11, United States Code, to improve protections for employees and retirees in business bankruptcies.",Protecting Employees and Retirees in Business Bankruptcies Act of 2010,Finance and Financial Sector,Bankruptcy|Corporate finance and management|Employee benefits and pensions|Health care costs and insurance|Labor-management relations|Securities|Unemployment|Wages and earnings,1.0,"The bill strengthens protections for private sector employees and retirees by increasing priority claims for unpaid wages and severance, ensuring recovery of pension shortfalls, and requiring consideration of benefit obligations in bankruptcy proceedings, directly addressing employer obligations under wage and benefit laws.",1,enforcement,wage_hour,"The bill imposes new obligations on private employers in bankruptcy to prioritize employee wages, benefits, and collective bargaining agreements, directly affecting wage and benefit protections.",1,enforcement,pension,"This bill strengthens private employer obligations in bankruptcy by raising priority caps on wage and benefit claims, imposing new requirements for pension plan shortfall claims, restricting retiree benefit reductions, and limiting executive compensation when employee benefits are cut—all of which tighten employer wage, hour, and benefit obligations under federal bankruptcy law.",1,enforcement,wage_hour,"This bill amends federal bankruptcy law to strengthen protections for private-sector employees' and retirees' wages, severance pay, pension benefits, health benefits, and collective bargaining agreements during business bankruptcies, directly imposing obligations on private employers (debtors) regarding employee compensation and benefits."
hr3625-114,"To ensure that claims for benefits under the Black Lung Benefits Act are processed in a fair and timely manner, to better protect miners from pneumoconiosis (commonly known as ""black lung disease""), and for other purposes.",Black Lung Benefits Improvement Act of 2015,Labor and Employment,"Administrative law and regulatory procedures|Administrative remedies|Cardiovascular and respiratory health|Centers for Disease Control and Prevention (CDC)|Coal|Congressional oversight|Department of Labor|Disability assistance|Evidence and witnesses|Executive agency funding and structure|Fraud offenses and financial crimes|Government information and archives|Government studies and investigations|Health information and medical records|Health personnel|Legal fees and court costs|Medical ethics|Medical tests and diagnostic methods|Mining|Social security and elderly assistance|Tax administration and collection, taxpayers|User charges and fees|Wages and earnings|Worker safety and health",1.0,"The bill amends the Black Lung Benefits Act to revise standards for disability benefits and payments to miners and their dependents, which constitutes a regulation of employer-sponsored welfare benefit obligations and compensation for occupational injury.",,,,"The bill primarily addresses the processing and administration of black lung benefits, which are government benefits, not private employer wage or benefit obligations.",,,,"This bill addresses the Black Lung Benefits Act, a government-administered workers' compensation program for miners funded through trust fund mechanisms, not private employer wage, hour, or benefit obligations subject to Violation Tracker enforcement actions.",,,,"This bill primarily addresses the federal Black Lung Benefits program — a government-administered disability benefit system — including claims processing, evidentiary standards, and government trust fund payments, rather than imposing wage, hour, or benefit obligations on private employers."
hr3358-115,"Making appropriations for the Departments of Labor, Health and Human Services, and Education, and related agencies for the fiscal year ending September 30, 2018, and for other purposes.","Departments of Labor, Health and Human Services, and Education, and Related Agencies Appropriations Act, 2018",Economics and Public Finance,"Abortion|Administrative law and regulatory procedures|Administrative remedies|Adult education and literacy|Advisory bodies|Appropriations|Birth defects|Cardiovascular and respiratory health|Cell biology and embryology|Centers for Disease Control and Prevention (CDC)|Child health|Committee for Purchase from People Who Are Blind or Severely Disabled|Congressional oversight|Corporation for National and Community Service|Corporation for Public Broadcasting|Department of Education|Department of Health and Human Services|Department of Labor|Digestive and metabolic diseases|Disaster relief and insurance|District of Columbia|Drug trafficking and controlled substances|Drug, alcohol, tobacco use|Education of the disadvantaged|Education programs funding|Educational facilities and institutions|Elementary and secondary education|Emergency medical services and trauma care|Employee benefits and pensions|Employment and training programs|Energy assistance for the poor and aged|Environmental health|Executive agency funding and structure|Family planning and birth control|Federal Mediation and Conciliation Service|Federal Mine Safety and Health Review Commission|Federal officials|Financial services and investments|Foreign aid and international relief|Foreign labor|Fraud offenses and financial crimes|Government employee pay, benefits, personnel management|Government information and archives|Government lending and loan guarantees|Government trust funds|HIV/AIDS|Health care costs and insurance|Health care coverage and access|Health information and medical records|Health personnel|Health programs administration and funding|Health promotion and preventive care|Health technology, devices, supplies|Higher education|Human rights|Humanities programs funding|Immunology and vaccination|Indian social and development programs|Infectious and parasitic diseases|Internet and video services|Labor standards|Labor-management relations|Libraries and archives|Medicaid|Medical education|Medical research",1.0,"The bill appropriates funds for the Department of Labor's Wage and Hour Division and Employee Benefits Security Administration, which enforce FLSA and ERISA regulations governing private employer wage, hour, and benefit obligations, and includes provisions regarding fiduciary standards for pension plans.",,,,"The bill is an appropriations act primarily funding government departments and agencies, not imposing new obligations on private employers regarding wages, hours, or benefits.",1,enforcement,pension,"Section 114 nullifies a Department of Labor rule defining 'fiduciary' and conflict of interest standards for retirement investment advice, thereby weakening private employer obligations under ERISA to act in the sole interest of plan participants when providing investment advice.",1,enforcement,pension,"Section 114 nullifies the Department of Labor's 2016 fiduciary rule that expanded the definition of 'fiduciary' for retirement investment advice, directly weakening private employer obligations regarding pension and retirement plan fiduciary standards under ERISA."
s1438-114,A bill to allow women greater access to safe and effective contraception.,Allowing Greater Access to Safe and Effective Contraception Act,Health,"Drug safety, medical device, and laboratory regulation|Employee benefits and pensions|Family planning and birth control|Health care costs and insurance|Prescription drugs|User charges and fees",1.0,"The bill modifies employer-sponsored benefit plan rules by allowing Health Savings Accounts and Flexible Spending Accounts to be used for over-the-counter contraceptives and removing contribution limits, which directly impacts private employer obligations regarding group health and welfare benefits under ERISA.",,,,"The bill primarily addresses FDA drug application processes and modifies tax treatment of health savings accounts, not private employer wage, hour, or benefit obligations.",,,,"The bill's primary subjects are FDA drug approval procedures and tax-advantaged health accounts (HSAs/FSAs); the provisions modifying HSA/HFSA rules are general tax benefits for individuals, not obligations imposed on private employers regarding wages, hours, or employee benefits.",,,,"While the bill modifies HFSA contribution limits and OTC medicine eligibility for health savings accounts, these changes adjust optional tax-advantaged account features rather than imposing new mandatory obligations on private employers regarding wage, hour, or benefit conduct; the bill's primary purpose is FDA drug approval prioritization for OTC contraceptives."
hr5936-111,To repeal limitations imposed by the Patient Protection and Affordable Care Act on health-related tax benefits under the Internal Revenue Code of 1986 and to treat high deductible health plans as qualified health plans under such Act.,Restoring Assistance for Families' and Seniors' Health Expenses Act of 2010,Health,Employee benefits and pensions|Health care costs and insurance|Income tax deductions|Prescription drugs|Sales and excise taxes,1.0,"The bill regulates employer-sponsored health benefits by modifying tax deduction thresholds and contribution limits for health flexible spending arrangements and high deductible health plans, which directly impacts private employer obligations under ERISA and the Internal Revenue Code.",,,,"The bill primarily addresses tax treatment of health-related expenses and health savings accounts, not private employer obligations under ERISA or other wage, hour, or benefit regulations.",,,,"This bill repeals ACA-imposed tax limitations on health savings accounts, flexible spending arrangements, and medical expense deductions—these are tax benefits available to individuals and employees, not mandatory employer wage, hour, or benefit obligations imposed on private employers.",,,,"This bill modifies tax treatment of individual health-related accounts (HSAs, MSAs, FSAs) and tax deductions for medical expenses; it does not impose or strengthen obligations on private employers regarding wages, hours, or benefits, but rather adjusts tax benefits for individuals and optional plan features."
hr2881-114,To amend the Internal Revenue Code of 1986 to modify the definition of applicable large employer for purposes of the employer mandate in the Patient Protection and Affordable Care Act.,Small Business Job Protection Act of 2015,Health,Employee benefits and pensions|Health care costs and insurance|Health care coverage and access|Sales and excise taxes|Small business,1.0,"The bill modifies the employer mandate under the Affordable Care Act, directly regulating the obligation of private employers to provide health insurance benefits to their employees.",1,enforcement,healthcare,"The bill modifies the employer mandate under the ACA, directly affecting private employer obligations to provide health insurance.",1,enforcement,healthcare,"Modifies the ACA employer mandate threshold by raising the applicable large employer definition from 50 to 100 full-time employees, directly weakening private employer obligations to provide group health insurance coverage.",1,enforcement,healthcare,"The bill modifies the ACA employer mandate threshold by raising the 'applicable large employer' definition from 50 to 100 full-time employees, directly reducing the scope of private employer obligations to provide health insurance coverage to their employees."
s636-115,A bill to allow Americans to earn paid sick time so that they can address their own health needs and the health needs of their families.,Healthy Families Act,Labor and Employment,"Assault and harassment offenses|Civil actions and liability|Congressional agencies|Congressional officers and employees|Congressional oversight|Domestic violence and child abuse|Employee leave|Employment discrimination and employee rights|Government Accountability Office (GAO)|Government employee pay, benefits, personnel management|Government information and archives|Government liability|Government studies and investigations|Library of Congress|Marriage and family status|Merit Systems Protection Board|Sex offenses|Small business|State and local government operations",1.0,"The bill mandates private employers to provide paid sick leave, directly regulating employer obligations regarding employee benefits and leave rights under labor laws.",1,enforcement,wage_hour,"The bill mandates that private employers provide paid sick time, directly imposing new wage and hour obligations on private employers.",1,enforcement,wage_hour,"Mandates that private employers with 15+ employees provide paid sick time accrual (1 hour per 30 hours worked), directly imposing new wage and leave obligations on non-governmental employers.",1,enforcement,wage_hour,"The bill's central purpose is to mandate that private employers provide paid sick time to employees, directly imposing new leave obligations on private employers, which falls squarely within wage, hour, and benefit regulation."
s998-112,"A bill to amend title IV of the Employee Retirement Income Security Act of 1974 to require the Pension Benefit Guaranty Corporation, in the case of airline pilots who are required by regulation to retire at age 60, to compute the actuarial value of monthly benefits in the form of a life annuity commencing at age 60.",Pension Benefit Guaranty Corporation Pilots Equitable Treatment Act,Labor and Employment,Aviation and airports|Employee benefits and pensions|Transportation employees,1.0,"The bill amends ERISA to adjust how the Pension Benefit Guaranty Corporation computes actuarial values for airline pilot pensions, directly impacting private employer obligations regarding employee retirement benefits.",,,,"The bill primarily addresses the computation of pension benefits by the PBGC for airline pilots, which relates to government agency procedures rather than imposing new obligations on private employers.",1,enforcement,pension,"Amends ERISA Title IV to impose a specific calculation methodology on the PBGC for guaranteed pension benefits of airline pilots subject to mandatory retirement, directly affecting private employer pension plan obligations and PBGC guarantee standards.",1,enforcement,pension,"This bill amends ERISA Title IV to change how the PBGC computes guaranteed pension benefits for airline pilots forced to retire early, directly altering private employer pension plan obligations and PBGC benefit guarantees under ERISA."
hr1827-115,"To amend the Family and Medical Leave Act of 1993 to provide a partial exemption to veterans from the eligibility requirements, and for other purposes.",Medical Leave for Disabled Veterans Act,Labor and Employment,"Disability and paralysis|Employee leave|Hospital care|Veterans' education, employment, rehabilitation|Veterans' medical care",1.0,"The bill amends the Family and Medical Leave Act (FMLA) to expand eligibility for medical leave for disabled veterans, directly regulating private employer obligations regarding protected leave under federal labor law.",1,enforcement,wage_hour,"The bill amends the FMLA to adjust eligibility requirements for medical leave for disabled veterans, directly affecting private employer obligations regarding employee leave.",1,enforcement,wage_hour,"This bill directly imposes new obligations on private employers by requiring them to provide FMLA leave to disabled veterans under relaxed eligibility thresholds, expanding employer leave obligations under federal wage and hour law.",1,enforcement,wage_hour,"The bill amends the FMLA to lower eligibility thresholds for disabled veterans, directly expanding private employer obligations to provide medical leave to a broader set of employees sooner, which constitutes a tightening of wage/hour/leave requirements on private employers."
hr1926-114,"To improve compliance with mine safety and health laws, empower miners to raise safety concerns, prevent future mine tragedies, and for other purposes.",Robert C. Byrd Mine Safety Protection Act of 2015,Labor and Employment,"Accidents|Administrative law and regulatory procedures|Administrative remedies|Air quality|Business records|Cardiovascular and respiratory health|Civil actions and liability|Coal|Congressional oversight|Criminal investigation, prosecution, interrogation|Criminal procedure and sentencing|Department of Labor|Employment and training programs|Employment discrimination and employee rights|Environmental assessment, monitoring, research|Evidence and witnesses|Government employee pay, benefits, personnel management|Government studies and investigations|Labor standards|Lawyers and legal services|Medical tests and diagnostic methods|Mining|Wages and earnings|Worker safety and health",1.0,"The bill mandates that mine operators provide full compensation at the regular rate of pay for miners idled due to safety withdrawal orders, directly regulating private employer wage obligations.",,,,"The bill primarily addresses mine safety and health regulations, not private employer wage, hour, or benefit obligations. It focuses on safety standards, accident investigations, and miner protections, which do not fall under the Wage Hour & Benefits category.",1,enforcement,wage_hour,"The bill strengthens mine safety enforcement and includes a provision entitling miners to full compensation at regular pay rates for up to 60 days when idled by withdrawal orders, directly expanding private employer wage obligations under the Federal Mine Safety and Health Act.",1,enforcement,wage_hour,"The bill directly imposes obligations on private mine operators regarding miner compensation during withdrawal orders (full pay for up to 60 days of idling), discharge protections for hourly miners at mines with pattern-of-violations status, mandatory training requirements, and anti-discrimination protections for miners raising safety concerns — all of which constitute private employer wage, hour, and benefit obligations."
hr3165-113,"To repeal the Patient Protection and Affordable Care Act and to take meaningful steps to lower health care costs and increase access to health insurance coverage without raising taxes, cutting Medicare benefits for seniors, adding to the national deficit, intervening in the doctor-patient relationship, or instituting a government takeover of health care.",Common Sense Health Reform Americans Actually Want Act,Health,Abortion|Administrative law and regulatory procedures|Administrative remedies|Child health|Civil actions and liability|Comprehensive health care|Department of Health and Human Services|Disability and health-based discrimination|Emergency medical services and trauma care|Employee benefits and pensions|Evidence and witnesses|Executive agency funding and structure|Family relationships|Federal preemption|Government information and archives|Health care costs and insurance|Health care coverage and access|Health care quality|Health facilities and institutions|Health information and medical records|Health personnel|Health promotion and preventive care|Income tax deductions|Intergovernmental relations|Judicial procedure and administration|Judicial review and appeals|Jurisdiction and venue|Medicaid|Medical ethics|Medical research|Medicare|Small business|State and local government operations,1.0,"The bill amends ERISA to establish governance rules for small business health plans and modifies dependent coverage and preexisting condition exclusions for group health plans, directly regulating private employer-sponsored welfare benefit obligations.",1,enforcement,healthcare,"The bill amends ERISA to establish standards for small business health plans, directly imposing obligations on private employers as plan sponsors.",1,enforcement,healthcare,"The bill amends ERISA to impose continuing obligations on private employers as sponsors of group health plans, including dependent coverage until age 26, prohibition of preexisting condition exclusions for minors, and wellness program premium variation rules, thereby directly regulating private employer-sponsored health benefit obligations.",1,enforcement,healthcare,"The bill amends ERISA to establish small business health plans, impose governance requirements on employer-sponsored group health plans, continue dependent coverage requirements until age 26, prohibit preexisting condition exclusions for minors, and set wellness program premium variation rules — all of which directly impose obligations on private employers as sponsors of group health plans under ERISA."
hr6137-114,To provide emergency tax relief for persons affected by severe storms and flooding occurring in Louisiana.,Louisiana Flood and Storm Devastation Tax Relief Act of 2016,Taxation,"Atmospheric science and weather|Books and print media|Capital gains tax|Charitable contributions|Disaster relief and insurance|Economic development|Elementary and secondary education|Employee benefits and pensions|Floods and storm protection|Forests, forestry, trees|Hazardous wastes and toxic substances|Housing finance and home ownership|Income tax credits|Income tax deductions|Income tax deferral|Income tax exclusion|Louisiana|Low- and moderate-income housing|Motor vehicles|Poverty and welfare assistance|Residential rehabilitation and home repair|Securities|Small business|Social work, volunteer service, charitable organizations|Tax administration and collection, taxpayers|Teaching, teachers, curricula|Transportation costs|Wages and earnings",1.0,"The bill modifies tax provisions regarding early withdrawals of retirement funds and employment-related tax credits for private businesses and individuals, which relates to employer-sponsored benefit plans and wage obligations.",,,,"The bill primarily provides tax relief for individuals and businesses affected by natural disasters in Louisiana, with no direct imposition of obligations on private employers regarding wage, hour, or benefit compliance.",,,,"This is a disaster relief tax bill whose primary purpose is providing emergency tax relief to Louisiana flood victims; while it mentions employee benefits and pensions among many tax provisions, it does not impose or modify private employer wage, hour, or benefit obligations.",,,,"This is a disaster relief tax bill that provides tax relief to individuals and businesses affected by Louisiana storms and flooding; its provisions regarding early withdrawals of retirement funds and employment-related tax credits are tax policy measures, not bills imposing new wage, hour, or benefit obligations on private employers."
s1566-114,A bill to amend the Public Health Service Act to require group and individual health insurance coverage and group health plans to provide for coverage of oral anticancer drugs on terms no less favorable than the coverage provided for anticancer medications administered by a health care provider.,Cancer Drug Coverage Parity Act of 2015,Health,Cancer|Drug therapy|Health care costs and insurance|Health care coverage and access|Prescription drugs,1.0,"The bill mandates that group health plans provide coverage for oral anticancer drugs on terms no less favorable than those for provider-administered drugs, directly regulating employer-sponsored group health benefit plan obligations under ERISA and the Public Health Service Act.",1,enforcement,healthcare,"The bill imposes coverage standards on employer-sponsored group health plans under ERISA, requiring parity in coverage for oral anticancer drugs, thus directly affecting private employer obligations as plan sponsors.",1,enforcement,healthcare,"This bill amends the Public Health Service Act to impose mandatory coverage parity requirements on employer-sponsored group health plans regarding oral versus IV anticancer medications, directly creating new ERISA-governed obligations for private employers as plan sponsors.",,,,"This bill amends the Public Health Service Act to regulate health insurance coverage requirements for oral anticancer drugs; it applies to group and individual health plans and insurance issuers broadly as a health insurance market rule, not specifically imposing obligations on private employers as ERISA plan sponsors. Its primary regulatory target is health insurance coverage standards, not employer-sponsored plan obligations under ERISA."
s1977-112,A bill to amend the Fair Labor Standards Act of 1938 to provide that over-the-road bus drivers are covered under the maximum hours requirements.,Driver Fatigue Prevention Act,Labor and Employment,Labor standards|Motor carriers|Transportation employees|Transportation safety and security,1.0,"The bill amends the Fair Labor Standards Act to extend maximum hours requirements to over-the-road bus drivers, directly regulating private employer obligations regarding work hours and fatigue prevention.",1,enforcement,wage_hour,"The bill amends the Fair Labor Standards Act to include over-the-road bus drivers under maximum hours requirements, directly affecting private employer wage and hour obligations.",1,enforcement,wage_hour,"The bill amends the FLSA to extend maximum hours requirements to over-the-road bus drivers, directly expanding private employer wage and hour obligations under federal labor standards.",1,enforcement,wage_hour,"The bill amends the FLSA to extend maximum hours (overtime) requirements to over-the-road bus drivers, directly expanding private employer wage and hour obligations."
hr2821-113,"To provide tax relief for American workers and businesses, to put workers back on the job while rebuilding and modernizing America, and to provide pathways back to work for Americans looking for jobs.",American Jobs Act of 2013,Labor and Employment,"Accounting and auditing|Appropriations|Aviation and airports|Budget deficits and national debt|Budget process|Business investment and capital|Buy American requirements|Civil actions and liability|Education programs funding|Educational facilities and institutions|Electric power generation and transmission|Elementary and secondary education|Employee hiring|Employment and training programs|Employment discrimination and employee rights|Executive agency funding and structure|Financial services and investments|First responders and emergency personnel|Fraud offenses and financial crimes|Government buildings, facilities, and property|Government corporations and government-sponsored enterprises|Government lending and loan guarantees|Government studies and investigations|Higher education|Housing and community development funding|Housing supply and affordability|Income tax credits|Income tax deductions|Income tax exclusion|Income tax rates|Infrastructure development|Labor standards|Law enforcement administration and funding|Law enforcement officers|Legal fees and court costs|Low- and moderate-income housing|Metals|Motor carriers|National Railroad Passenger Corporation (Amtrak)|Navigation, waterways, harbors|Noise pollution|Oil and gas|Preschool education|Public contracts and procurement|Public transit|Railroads|Residential rehabilitation and home repair|Roads and highways|Rural conditions and development|Securities|Small business|State and local finance|Taxation of foreign income|Transportation employees|Transportation programs funding|Unemployment|User charges and fees|Wages and earnings|Water resources funding|Youth employment and child labor",1.0,"The bill mandates that laborers and mechanics on federally-assisted projects be paid prevailing wages under the Davis-Bacon Act, directly regulating wage obligations for private contractors and subcontractors.",1,enforcement,wage_hour,"The bill requires federally-assisted project workers to be paid prevailing wages under the Davis-Bacon Act, directly imposing wage obligations on private employers.",1,enforcement,wage_hour,"The bill imposes Davis-Bacon prevailing wage requirements on federally-assisted projects and expands the work opportunity tax credit for hiring long-term unemployed individuals, directly regulating private employer wage obligations and incentivizing specific hiring practices.",1,enforcement,wage_hour,"The bill requires Davis-Bacon prevailing wage rates for laborers and mechanics on federally-assisted projects, prohibits employment discrimination against unemployed individuals (Fair Employment Opportunity Act), subjects funded activities to federal labor standards, and includes provisions directly regulating private employer wage and employment practices, making wage/hour obligations a central purpose of the bill."
hr1618-113,To amend the Internal Revenue Code of 1986 to increase the dollar limitation on employer-provided group term life insurance that can be excluded from the gross income of the employee.,,Taxation,"Employee benefits and pensions|Income tax exclusion|Life, casualty, property insurance",1.0,"The bill modifies tax exclusions for employer-provided group term life insurance, directly regulating the financial structure of private employer-sponsored welfare benefits.",,,,"The bill primarily concerns tax treatment of employer-provided life insurance benefits, not private employer wage, hour, or benefit obligations.",,,,"This bill modifies the tax treatment of employer-provided group term life insurance by increasing the exclusion limit, but it does not impose new wage, hour, or benefit obligations on private employers; it is a general tax policy change affecting employee income taxation rather than employer conduct regulation.",,,,"This bill modifies the tax exclusion threshold for employer-provided group term life insurance, which is a tax benefit adjustment rather than a bill imposing new mandatory obligations on private employers regarding wage, hour, or benefit conduct."
s1317-114,A bill to amend the Employee Retirement Income Security Act of 1974 to require a lifetime income disclosure.,Lifetime Income Disclosure Act,Labor and Employment,Administrative law and regulatory procedures|Department of Labor|Employee benefits and pensions|Government information and archives,1.0,"The bill amends ERISA to mandate lifetime income disclosures for private employer-sponsored retirement plans, directly addressing employer obligations regarding employee benefit plan transparency and management.",1,enforcement,pension,"The bill imposes new mandatory disclosure obligations on private employers as plan sponsors under ERISA, directly affecting pension plan administration.",1,enforcement,pension,"Amends ERISA to impose new mandatory disclosure obligations on private employers as sponsors of individual account retirement plans, requiring them to provide lifetime income stream equivalents on participant benefit statements.",1,enforcement,pension,"The bill amends ERISA to impose a new mandatory disclosure obligation on private employer-sponsored individual account plan administrators, requiring them to provide participants with lifetime income stream equivalents in their quarterly benefit statements."
hr4092-115,"To create a nonimmigrant H-2C work visa program for agricultural workers, and for other purposes.",AG Act,Immigration,"Administrative law and regulatory procedures|Alternative dispute resolution, mediation, arbitration|Aquaculture|Department of Labor|Employee benefits and pensions|Food industry and services|Foreign labor|Forests, forestry, trees|Government trust funds|Health care costs and insurance|Health care coverage and access|Immigration status and procedures|Income tax credits|Migrant, seasonal, agricultural labor|Seafood|Temporary and part-time employment|Visas and passports|Wages and earnings|Worker safety and health",1.0,"The bill establishes specific wage and benefit obligations for private agricultural employers hiring H-2C visa holders, including penalties for failure to pay required wages or benefits and provisions for arbitration of employment-related claims.",1,enforcement,wage_hour,"The bill sets forth provisions regarding penalties for failure to pay wages or required benefits and working conditions and wages, directly imposing obligations on private employers regarding wage and hour compliance for H-2C workers.",1,enforcement,wage_hour,"The bill establishes mandatory wage, benefit, and working condition obligations for private employers who hire H-2C agricultural workers, including penalties for failure to pay required wages or benefits, making it a direct regulation of private employer wage and hour conduct.",1,enforcement,wage_hour,"The bill establishes mandatory wage rates, working conditions, and benefit obligations for private employers hiring H-2C agricultural guestworkers, including penalties for failure to pay wages or required benefits, directly imposing private employer wage and benefit compliance obligations as a central purpose of the legislation."
s158-114,"A bill to authorize health insurance issuers to continue to offer for sale current group health insurance coverage in satisfaction of the minimum essential health insurance coverage requirement, and for other purposes.",Employee Health Care Protection Act of 2015,Health,Comprehensive health care|Employee benefits and pensions|Health care costs and insurance|Health care coverage and access,1.0,"The bill regulates the availability and classification of employer-sponsored group health insurance plans, directly impacting private employer obligations under ERISA and the Affordable Care Act regarding employee benefits.",,,,"The bill primarily addresses health insurance market rules and the continuation of existing group health plans, not imposing new obligations on private employers as plan sponsors under ERISA.",,,,"This bill primarily regulates health insurance issuers and the individual insurance market by allowing continuation of certain group coverage plans, rather than imposing new obligations on private employers as plan sponsors under ERISA; the employer's role is incidental to the bill's focus on insurer conduct and individual mandate compliance.",,,,"This bill primarily regulates health insurance issuers by permitting them to continue offering pre-ACA group market plans and treats such coverage as grandfathered for individual mandate purposes; it does not directly impose new obligations on private employers as plan sponsors under ERISA, but rather modifies insurance market rules that affect employer-sponsored plans only incidentally."
s1486-114,"A bill to amend the Internal Revenue Code of 1986 to provide a tax credit to Patriot employers, and for other purposes",Patriot Employer Tax Credit Act,Taxation,"Disability and paralysis|Employee benefits and pensions|Employee hiring|Employment and training programs|Income tax credits|Income tax deductions|Interest, dividends, interest rates|Labor standards|Taxation of foreign income|Veterans' education, employment, rehabilitation|Wages and earnings",1.0,"The bill provides a tax credit to private employers contingent on meeting specific wage and benefit standards, including paying wages at 156% of the federal poverty level and providing retirement benefits, thereby directly regulating private employer compensation and benefit obligations.",,,,"The bill primarily introduces a tax credit for employers meeting certain criteria, which is a general tax policy measure rather than a direct regulation of private employer wage, hour, or benefit obligations.",1,tax_credit_introduction,wage_hour,"Introduces a new tax credit incentivizing employers to meet specified wage thresholds (156% of federal poverty level), provide retirement benefits, offer differential pay to military reservists, and maintain domestic employment levels—all of which relate to private employer wage, hour, and benefit conduct.",1,tax_credit_introduction,wage_hour,"The bill introduces a new tax credit for 'Patriot employers' that is directly tied to employer wage, benefit, and retirement conduct — including paying wages at 156% of the federal poverty level, providing retirement benefits, complying with the ACA employer mandate, and providing differential wage payments to uniformed service members — making it a tax credit that incentivizes better private employer wage and benefit behavior."
hr438-113,"To amend the Fair Labor Standards Act of 1938 to prohibit discrimination in the payment of wages on account of sex, race, or national origin, and for other purposes.",Fair Pay Act of 2013,Labor and Employment,"Civil actions and liability|Employment discrimination and employee rights|Government information and archives|Government studies and investigations|Legal fees and court costs|Racial and ethnic relations|Sex, gender, sexual orientation discrimination|Wages and earnings",1.0,"The bill amends the Fair Labor Standards Act to prohibit wage discrimination based on sex, race, or national origin, directly regulating private employer obligations regarding the payment of wages.",1,enforcement,wage_hour,"The bill amends the Fair Labor Standards Act to prohibit wage discrimination based on sex, race, or national origin, directly affecting private employer wage obligations.",1,enforcement,wage_hour,"Amends the FLSA to prohibit wage discrimination based on sex, race, or national origin, directly strengthening private employer wage obligations and expanding enforcement mechanisms including class action rights and expert fee awards.",1,enforcement,wage_hour,"The bill amends the Fair Labor Standards Act to prohibit wage discrimination by private employers on account of sex, race, or national origin, directly tightening private employer wage obligations and creating new enforcement mechanisms including class actions and expert fee awards."
s1045-112,"A bill to amend the Public Health Service Act, the Employee Retirement Income Security Act of 1974, and the Internal Revenue Code of 1986 to require that group and individual health insurance coverage and group health plans provide coverage for treatment of a minor child's congenital or developmental deformity or disorder due to trauma, burns, infection, tumor, or disease.",Children's Access to Reconstructive Evaluation & Surgery (CARES) Act of 2011,Health,Accidents|Child health|Emergency medical services and trauma care|Employee benefits and pensions|Health care costs and insurance|Health care coverage and access|Hereditary and development disorders|Surgery and anesthesia,1.0,"The bill amends ERISA to mandate that private employer-sponsored group health plans cover specific reconstructive surgical treatments for minor children, directly regulating employer benefit obligations.",1,enforcement,healthcare,"The bill imposes new coverage requirements on employer-sponsored group health plans under ERISA, directly affecting private employer obligations as plan sponsors.",1,enforcement,healthcare,"Amends ERISA to impose mandatory coverage requirements on employer-sponsored group health plans for reconstructive surgery treatment of minor children, directly strengthening private employer obligations as plan sponsors.",1,enforcement,healthcare,"The bill amends ERISA to require employer-sponsored group health plans to cover reconstructive treatment for children's congenital or developmental deformities, directly imposing new coverage obligations on private employers as plan sponsors."
hr2091-112,To amend the Internal Revenue Code of 1986 to provide incentives to encourage investment in the expansion of freight rail infrastructure capacity and to enhance modal tax equity.,Freight Rail Infrastructure Capacity Expansion Act of 2011,Taxation,Business investment and capital|Income tax credits|Income tax deductions|Infrastructure development|Railroads,1.0,"The bill conditions tax credits for freight rail infrastructure investment on compliance with federal wage rate requirements under the Davis-Bacon Act, directly regulating private employer wage obligations.",,,,"The bill primarily provides tax incentives for freight rail infrastructure investment, with Davis-Bacon wage compliance as an incidental condition, not the central purpose.",,,,"Although the bill requires Davis-Bacon Act wage compliance as a condition for receiving tax credits, its primary subject is freight rail infrastructure investment incentives; the wage requirement is an incidental eligibility condition, not the bill's central purpose of regulating private employer wage obligations.",,,,"This bill primarily provides tax credits and expensing deductions for freight rail infrastructure investment; while it conditions eligibility on Davis-Bacon wage compliance, its central purpose is infrastructure investment incentives, not regulating private employer wage, hour, or benefit obligations."
s143-112,"A bill to amend the Internal Revenue Code of 1986 to clarify the treatment of church pension plans, and for other purposes.",Church Plan Clarification Act of 2011,Taxation,Employee benefits and pensions|Financial services and investments|Religion,1.0,"The bill amends ERISA and the Internal Revenue Code to regulate the treatment, funding, and investment of church pension plans, which are employee benefit plans subject to federal oversight regarding employer obligations.",,,,"The bill primarily addresses the tax treatment and structural aspects of church pension plans, which are not private employer obligations under ERISA or related wage, hour, and benefit regulations.",,,,"This bill modifies optional tax treatment, ERISA classification rules, and permissible investment vehicles for church pension plans without creating new mandatory employer conduct obligations; it addresses plan features and tax qualification rather than imposing wage, hour, or benefit compliance requirements on private employers.",,,,"This bill modifies optional plan features, tax treatment, and ERISA classification rules for church pension plans rather than imposing new mandatory obligations on private employers as plan sponsors; it clarifies existing treatment and allows certain transactions without creating new employer conduct requirements."
hr1809-112,To amend the Employee Retirement Income Security Act of 1974 to ensure health care coverage value and transparency for dental benefits under group health plans.,Dental Coverage Value and Transparency Act of 2011,Health,Dental care|Employee benefits and pensions|Health care costs and insurance|Health care coverage and access,1.0,"The bill amends ERISA to impose transparency and value requirements on dental benefits under group health plans, directly regulating private employer obligations regarding employee welfare benefits.",1,enforcement,healthcare,"The bill amends ERISA to impose coverage and transparency standards on employer-sponsored group health plans for dental benefits, directly affecting private employer obligations as plan sponsors.",1,enforcement,healthcare,"Amends ERISA to impose coverage value and transparency requirements on employer-sponsored group health plans offering dental benefits, directly regulating private employer obligations as plan sponsors.",1,enforcement,healthcare,"The bill amends ERISA to impose new coverage value and transparency requirements on employer-sponsored group health plans regarding dental benefits, directly creating new obligations for private employers as plan sponsors."
s3521-112,An original bill to amend the Internal Revenue Code of 1986 to extend certain expiring provisions.,Family and Business Tax Cut Certainty Act of 2012,Taxation,"Agricultural conservation and pollution|Alcoholic beverages|Alternative and renewable resources|American Samoa|Business investment and capital|Capital gains tax|Caribbean area|Coal|Computers and information technology|Correctional facilities and imprisonment|Economic development|Educational facilities and institutions|Electric power generation and transmission|Elementary and secondary education|Employee benefits and pensions|Employee hiring|Energy efficiency and conservation|Financial services and investments|First responders and emergency personnel|Food assistance and relief|Food industry and services|Foreign and international corporations|Housing finance and home ownership|Hybrid, electric, and advanced technology vehicles|Income tax credits|Income tax deductions|Income tax exclusion|Income tax rates|Indian lands and resources rights|Indian social and development programs|Interest, dividends, interest rates|Land use and conservation|Low- and moderate-income housing|Military personnel and dependents|Mining|Minority employment|Motor fuels|Motor vehicles|New York City|Outdoor recreation|Public transit|Public utilities and utility rates|Puerto Rico|Railroads|Real estate business|Research and development|Residential rehabilitation and home repair|Retail and wholesale trades|Sales and excise taxes|Securities|Small business|Social work, volunteer service, charitable organizations|Sports and recreation facilities|State and local taxation|Student aid and college costs|Tax administration and collection, taxpayers|Tax reform and tax simplification|Tax-exempt organizations|Taxation of foreign income|Teaching, teachers, curricula|Television and film|Transportation costs|Virgin Islands|Wages and earnings|Wildlife conservation and habitat protection|Worker safety and health",1.0,"The bill extends the tax credit for differential wage payments to employees who are active duty members of the Uniformed Services, which directly incentivizes private employers to maintain wage obligations for workers taking military leave.",,,,"The bill primarily extends various tax credits and deductions, including some related to employee benefits and wages, but does not impose new obligations on private employers regarding wage, hour, or benefit compliance.",,,,"This is a comprehensive tax extender bill whose primary purpose is extending various expiring tax provisions across multiple policy areas; while it includes extensions of tax credits related to employment (e.g., work opportunity tax credit, Indian employment credit, differential wage payments credit), these are general hiring incentives or tax benefits unrelated to enforcing private employer wage/hour obligations, and therefore do not qualify under the detailed classification rules.",,,,"This is a broad tax extender bill that extends various expiring tax credits, deductions, and exclusions for individuals, businesses, and the energy sector; it does not centrally impose or modify private employer wage, hour, or benefit obligations, and the mentions of employee-related provisions (such as the work opportunity tax credit or differential wage payment credit) are general hiring/tax incentives rather than regulation of employer wage or benefit conduct."
hr6519-111,"To amend title 49, United States Code, with respect to hours of service rules for railroad employees.",Railroad Hours of Service Act of 2010,Transportation and Public Works,Labor standards|Railroads|Transportation employees|Transportation safety and security|Worker safety and health,1.0,"The bill regulates hours of service and mandatory rest periods for railroad employees, which constitutes a substantive regulation of private employer obligations regarding worker hours and scheduling under federal labor standards.",,,,"The bill primarily addresses transportation safety and labor standards for railroad employees, focusing on hours of service rules, which are not directly related to private employer wage, hour, or benefit obligations under the detailed classification rules.",,,,"This bill regulates hours of service and safety requirements for railroad employees, but the regulated party is the railroad carrier (a transportation company), and the subject is transportation safety and worker protection under DOT authority, not private employer wage, hour, or benefit obligations under FLSA, ERISA, or related labor standards statutes.",1,enforcement,wage_hour,"The bill directly regulates private railroad carriers' obligations regarding hours of service (maximum duty hours, minimum off-duty rest periods, deadhead transportation limits) for their employees, which constitutes regulation of private employer hour obligations."
s616-114,A bill to amend the Internal Revenue Code of 1986 to provide recruitment and retention incentives for volunteer emergency service workers.,Volunteer Emergency Services Recruitment and Retention Act of 2015,Taxation,"Administrative law and regulatory procedures|Department of Labor|Emergency medical services and trauma care|Employee benefits and pensions|Fires|First responders and emergency personnel|Health personnel|Income tax deferral|Social work, volunteer service, charitable organizations",1.0,"The bill amends ERISA to clarify that length of service awards for volunteer emergency workers are not employee pension benefit plans, directly addressing the classification and regulation of employer-sponsored benefit plans.",,,,"The bill primarily provides tax incentives for volunteer emergency service workers and clarifies that certain award programs are not considered employee pension benefit plans under ERISA, which does not impose new obligations on private employers regarding wage, hour, or benefits.",,,,"This bill modifies the tax treatment and ERISA classification of length-of-service awards for volunteer emergency workers, but does not impose new mandatory obligations on private employers regarding their employees' wages, hours, or benefits.",,,,"This bill modifies optional deferred compensation plan features for volunteer emergency service workers and directs the Secretary of Labor to clarify that length of service award programs are NOT employee pension benefit plans under ERISA, thereby removing rather than imposing mandatory employer obligations; it does not create new mandatory private employer wage, hour, or benefit obligations."
hr2575-114,To amend the Fair Minimum Wage Act of 2007 to postpone a scheduled increase in the minimum wage applicable to American Samoa.,,Labor and Employment,American Samoa|Labor standards|Wages and earnings,1.0,"The bill amends the Fair Minimum Wage Act of 2007 to postpone minimum wage increases for industries in American Samoa, directly regulating private employer wage obligations under the FLSA.",1,enforcement,wage_hour,"The bill amends the Fair Minimum Wage Act to postpone a scheduled minimum wage increase, directly affecting private employer wage obligations in American Samoa.",1,enforcement,wage_hour,"The bill directly modifies minimum wage implementation timelines under the Fair Minimum Wage Act of 2007, thereby affecting private employer wage obligations in American Samoa.",1,enforcement,wage_hour,"The bill directly amends the Fair Minimum Wage Act of 2007 to postpone a scheduled minimum wage increase in American Samoa, which modifies private employer wage obligations under federal minimum wage law."
hr4076-112,To amend the Truth in Lending Act to add a rule of construction relating to certain payments to an employee of a mortgage originator.,,Housing and Community Development,"Consumer affairs|Housing finance and home ownership|Interest, dividends, interest rates|Wages and earnings",1.0,"The bill amends the Truth in Lending Act to clarify rules regarding the compensation and pay reduction of employee mortgage originators, directly addressing private employer wage obligations.",,,,"The bill primarily addresses consumer lending practices and mortgage originator compensation adjustments, not private employer wage, hour, or benefit obligations.",,,,"This bill addresses mortgage originator compensation practices in the context of consumer lending regulations under the Truth in Lending Act, not private employer wage, hour, or benefit obligations; it clarifies permissible commission structures for loan officers rather than imposing general wage/hour requirements on employers.",,,,"This bill amends the Truth in Lending Act to clarify rules about mortgage originator compensation adjustments in response to competitive rate offers; it regulates consumer lending practices, not private employer wage, hour, or benefit obligations to employees."
hr5944-111,To amend the Family and Medical Leave Act of 1993 to clarify the eligibility requirements with respect to railroad Hours of Service employees.,Railroad Hours of Service Employees Technical Corrections Act,Transportation and Public Works,Employee leave|Railroads|Transportation employees,1.0,"The bill amends the Family and Medical Leave Act (FMLA) to clarify eligibility requirements for railroad employees, directly addressing employer obligations regarding protected leave for private-sector workers.",1,enforcement,wage_hour,"The bill amends FMLA eligibility criteria for railroad employees, directly affecting private employer obligations regarding employee leave.",1,enforcement,wage_hour,"Amends the FMLA eligibility requirements for railroad employees, directly modifying private employer obligations regarding employee leave entitlements under federal wage and hour law.",1,enforcement,wage_hour,"This bill amends the FMLA to clarify eligibility requirements for railroad hours of service employees, directly modifying private employer leave obligations under federal law."
hr2614-116,To amend the Internal Revenue Code of 1986 to increase the dollar limitation on employer-provided group term life insurance that can be excluded from the gross income of the employee.,Group Term Life Insurance Increase Act,Taxation,"Employee benefits and pensions|Income tax exclusion|Life, casualty, property insurance",1.0,"The bill modifies tax exclusions for employer-provided group term life insurance, directly affecting the financial structure and incentives of private employer-sponsored welfare benefit plans.",,,,"The bill primarily concerns tax treatment of employer-provided life insurance benefits, not private employer wage, hour, or benefit obligations.",,,,"This bill modifies the tax treatment of employer-provided group term life insurance by increasing the income exclusion limit, but does not impose new wage, hour, or benefit obligations on private employers; it is a general tax benefit provision rather than regulation of employer conduct.",,,,"This bill modifies the tax exclusion threshold for employer-provided group term life insurance, which is a tax benefit adjustment for employees/employers rather than a bill imposing new obligations on private employers regarding wage, hour, or benefit conduct."
s3753-111,A bill to provide for the treatment and temporary financing of short-time compensation programs.,Preventing Unemployment Act of 2010,Labor and Employment,Employee benefits and pensions|Employment and training programs|Intergovernmental relations|State and local government operations|Unemployment|Wages and earnings,1.0,"The bill regulates private employer obligations regarding work hours and unemployment benefits by establishing requirements for voluntary short-time compensation programs, which directly impact wage earnings and benefit eligibility for non-governmental employees.",,,,"The bill primarily addresses unemployment compensation and state-level short-time compensation programs, not private employer wage, hour, or benefit obligations.",,,,"This bill establishes a federal-state unemployment insurance program (short-time compensation) that provides government benefits to workers whose hours are reduced; it does not impose wage, hour, or benefit obligations on private employers, as employer participation in STC programs is voluntary and the payments come from government unemployment funds, not employer-mandated benefits.",,,,"This bill establishes a voluntary short-time compensation program within the unemployment insurance system, which is a government benefit program funded through federal-state unemployment taxes; it does not impose new private employer wage, hour, or benefit obligations but rather creates a framework for employers to voluntarily participate in reduced-hours arrangements with government-funded unemployment compensation."
s3419-112,"A bill to provide for the establishment of the United States Employee Ownership Bank, and for other purposes.",United States Employee Ownership Bank Act,Labor and Employment,"Bank accounts, deposits, capital|Banking and financial institutions regulation|Corporate finance and management|Department of the Treasury|Employee benefits and pensions|Employment discrimination and employee rights|Executive agency funding and structure|Government lending and loan guarantees|Labor-management relations|Unemployment",1.0,"The bill amends the WARN Act to impose new obligations on private employers regarding plant closings and employee ownership opportunities, and addresses employee benefits through the establishment of an Employee Ownership Bank to support ESOPs.",1,enforcement,wage_hour,"The bill amends the Worker Adjustment and Retraining Notification Act to impose new obligations on private employers to offer employees the opportunity to purchase a plant or facility, directly affecting employer obligations related to employee rights and benefits.",,,,"Although the bill mentions employee stock ownership plans and worker-owned cooperatives, its primary purpose is establishing a federal lending institution and modifying banking regulations to facilitate employee ownership structures, not imposing wage, hour, or benefit obligations on private employers; the WARN Act amendment creates a purchase-opportunity obligation unrelated to wage/hour/benefit compliance.",1,enforcement,wage_hour,"The bill amends the WARN Act to impose a new obligation on private employers ordering plant closings to offer employees an opportunity to purchase the plant through an ESOP or worker-owned cooperative, directly regulating private employer conduct in connection with layoffs and facility closures."
s1321-115,"A bill to amend the Employee Retirement Income Security Act of 1974 to ensure that retirement investors receive advice in their best interests, and for other purposes.",Affordable Retirement Advice Protection Act,Labor and Employment,Administrative law and regulatory procedures|Department of Labor|Employee benefits and pensions|Financial services and investments,1.0,"The bill amends ERISA to regulate fiduciary duties and investment advice for employer-sponsored retirement plans, directly addressing private employer obligations regarding employee benefit plans.",1,enforcement,pension,"The bill amends ERISA to modify fiduciary obligations and investment advice standards for employer-sponsored retirement plans, directly affecting private employer obligations as plan sponsors.",1,enforcement,pension,"The bill amends ERISA to redefine fiduciary investment advice obligations and modify prohibited transaction exemptions for retirement plan advisors, directly affecting private employer obligations as plan sponsors under ERISA Title I.",1,enforcement,pension,"The bill amends ERISA to modify fiduciary standards and prohibited transaction exemptions for investment advice provided to employer-sponsored retirement plans, directly altering private employer obligations regarding retirement plan administration and fiduciary duties."
s221-112,"A bill to amend the Internal Revenue Code of 1986 to extend the health insurance costs tax credit, and for other purposes.",,Taxation,"Employee benefits and pensions|Health care costs and insurance|Income tax credits|Tax administration and collection, taxpayers|Trade adjustment assistance",1.0,"The bill extends tax credits and COBRA premium assistance for health insurance costs for workers displaced from private employers, directly addressing employer-sponsored group health benefit obligations and coverage continuity under ERISA and the Internal Revenue Code.",,,,"The bill primarily extends a tax credit for health insurance costs related to trade adjustment assistance and PBGC pension recipients, which is a tax policy measure rather than a regulation of private employer wage, hour, or benefit obligations.",,,,"This bill extends tax credits for individuals (TAA recipients and PBGC pension recipients) to purchase health insurance and modifies COBRA eligibility periods, but does not impose new wage, hour, or benefit obligations on private employers; it is a tax benefit and public assistance program, not employer regulation.",,,,"This bill extends a tax credit for health insurance costs for TAA and PBGC pension recipients — a government-provided tax benefit to individuals, not a new obligation imposed on private employers regarding their wage, hour, or benefit conduct. The extensions of creditable coverage rules and COBRA premium assistance are incidental to the tax credit extension framework, and the bill does not centrally impose new mandatory obligations on private employers as plan sponsors."
hr801-116,To amend the Internal Revenue Code of 1986 to allow for a credit against tax for employers of reservists.,"Reserve Component Employer Incentive, Compensation, and Relief Act of 2019",Taxation,Income tax credits|Military personnel and dependents|National Guard and reserves,1.0,"The bill provides a tax credit to private employers for retaining reservists, which directly incentivizes compliance with employer obligations related to job protection and compensation continuity for employees taking military leave.",,,,"The bill offers a tax credit for employers of reservists, which incentivizes hiring decisions but does not directly impose wage, hour, or benefit obligations on private employers.",1,tax_credit_introduction,wage_hour,"Introduces a new tax credit incentivizing private employers to retain employees who are National Guard members or military reservists, directly relating to employer obligations toward employees with military service commitments.",,,,"This bill offers employers a tax credit for hiring/employing reservists, which is a general hiring incentive tax credit rather than a regulation of private employer wage, hour, or benefit obligations."
hr4616-115,To amend the Patient Protection and Affordable Care Act to provide for a temporary moratorium on the employer mandate and to provide for a delay in the implementation of the excise tax on high cost employer-sponsored health coverage.,Employer Relief Act of 2018,Health,,1.0,The bill directly regulates private employer obligations regarding employer-sponsored group health benefit plans by suspending the ACA employer mandate and delaying the excise tax on high-cost coverage.,1,enforcement,healthcare,"The bill temporarily suspends the ACA employer mandate, directly affecting private employer obligations regarding health insurance coverage.",1,enforcement,healthcare,"The bill temporarily suspends the ACA employer mandate and delays the Cadillac tax, both of which are direct obligations on private employers as sponsors of group health plans under federal law.",1,enforcement,healthcare,"The bill directly modifies private employer obligations under the ACA employer mandate by imposing a temporary moratorium and delays the excise tax on high-cost employer-sponsored health coverage, both of which are core private employer health benefit obligations."
