bill_id,official_title,short_title,policy_area,subjects,category_qwen,bill_type_qwen,bill_category_qwen,reason_qwen,category_4o,bill_type_4o,bill_category_4o,reason_4o,category_sonnet,bill_type_sonnet,bill_category_sonnet,reason_sonnet
s792-115,"A bill to amend the Immigration and Nationality Act to establish an H-2B temporary non-agricultural work visa program, and for other purposes.",Save Our Small and Seasonal Businesses Act of 2017,Immigration,Administrative remedies|Congressional oversight|Department of Homeland Security|Foreign labor|Government information and archives|Government studies and investigations|Immigration status and procedures|Temporary and part-time employment|Visas and passports,1.0,enforcement,wage_hour,"The bill establishes specific wage, housing, and recruitment obligations for private employers utilizing H-2B temporary workers, directly regulating private employer conduct regarding worker compensation and conditions.",,,,"The bill primarily addresses immigration procedures and the H-2B visa program, not private employer wage or benefit obligations.",,,,"Bill establishes visa program requirements for H-2B temporary foreign workers and their employers, but does not address private employer wage, hour, or benefit obligations of the type covered by FLSA, ERISA, FMLA, or WARN Act enforcement."
s273-113,A bill to modify the definition of fiduciary under the Employee Retirement Income Security Act of 1974 to exclude appraisers of employee stock ownership plans.,,Labor and Employment,Accounting and auditing|Employee benefits and pensions|Securities,1.0,enforcement,pension,"Amends ERISA to modify the definition of fiduciary for employee stock ownership plans (ESOPs), directly regulating the scope of private employer and plan sponsor obligations regarding retirement benefit assets.",1,enforcement,pension,"Modifies ERISA fiduciary standards by excluding ESOP appraisers from fiduciary status, affecting private employer obligations related to pension plan management.",1,enforcement,pension,"Weakens ERISA fiduciary standards by exempting ESOP appraisers from fiduciary duties, directly reducing private employer obligations under retirement plan regulations."
hr2234-112,To amend the Fair Labor Standards Act of 1938 to strengthen the provisions relating to child labor.,CARE Act of 2011,Labor and Employment,"Administrative law and regulatory procedures|Crimes against children|Department of Labor|Hazardous wastes and toxic substances|Labor standards|Migrant, seasonal, agricultural labor|Worker safety and health|Youth employment and child labor",1.0,enforcement,wage_hour,"The bill amends the Fair Labor Standards Act to strengthen prohibitions on oppressive child labor and increase penalties for violations, directly regulating private employer conduct regarding the employment of minors.",1,enforcement,wage_hour,"The bill strengthens child labor provisions under the FLSA, directly affecting private employer obligations regarding the employment of minors.",1,enforcement,wage_hour,"Strengthens FLSA child labor provisions by expanding hazardous occupation restrictions, eliminating agricultural exemptions, increasing penalties for violations, and prohibiting pesticide-related duties for workers under 18—all direct regulations of private employer wage and hour conduct."
hr2782-116,To amend the Internal Revenue Code of 1986 to repeal the 30-hour threshold for classification as a full-time employee for purposes of the employer mandate in the Patient Protection and Affordable Care Act and replace it with 40 hours.,Employee Flexibility Act of 2019,Taxation,Employee benefits and pensions|Health care costs and insurance|Health care coverage and access|Sales and excise taxes,1.0,enforcement,healthcare,"The bill amends the ACA employer mandate by raising the full-time employee threshold from 30 to 40 hours, directly altering the obligation of private employers to provide or pay penalties related to employer-sponsored group health coverage.",1,enforcement,healthcare,"The bill modifies the ACA employer mandate by changing the definition of full-time employee from 30 to 40 hours per week, affecting private employer obligations to provide health coverage.",1,enforcement,healthcare,"Amends the ACA employer mandate threshold for full-time employee classification from 30 to 40 hours, directly weakening private employer obligations to provide health coverage under ERISA-related provisions."
hr4143-112,To amend the Internal Revenue Code of 1986 to extend the period during which transfers of excess pension assets may be made to retiree health accounts and to provide for the transfer of such assets to retiree group term life insurance accounts.,Extension of Section 420 and Retiree Life Insurance Act of 2012,Taxation,"Employee benefits and pensions|Income tax exclusion|Life, casualty, property insurance",1.0,enforcement,pension,"The bill amends the Internal Revenue Code to regulate the transfer of excess assets from private employer defined benefit pension plans to retiree health and life insurance accounts, directly impacting private employer obligations regarding pension plan management and asset allocation under ERISA.",1,enforcement,pension,"Extends and expands provisions allowing transfers of excess pension assets to retiree health and life insurance accounts, affecting private employer obligations under ERISA Title I.",,,,"Bill modifies optional tax treatment of pension asset transfers to retiree benefit accounts without imposing new mandatory employer obligations regarding plan funding, fiduciary duties, or participant protections."
hr4598-114,"To amend the Immigration and Nationality Act to improve the H-1B visa program, to repeal the diversity visa lottery program, and for other purposes.",American Jobs First Act of 2016,Immigration,Administrative remedies|Civil actions and liability|Department of Labor|Employment and training programs|Foreign labor|Government information and archives|Higher education|Judicial review and appeals|Labor-management relations|Unemployment|Visas and passports|Wages and earnings,1.0,enforcement,wage_hour,"The bill imposes direct wage obligations on private employers sponsoring H-1B visas by mandating they pay the greater of the prevailing wage or $110,000, and establishes enforcement mechanisms for violations of these wage and employment conditions.",1,enforcement,wage_hour,"The bill imposes wage requirements on employers hiring H-1B nonimmigrants, directly regulating private employer wage obligations.",1,enforcement,wage_hour,"Imposes mandatory minimum wage requirements ($110,000 or higher) on private employers hiring H-1B workers and prohibits displacement of U.S. workers, directly regulating private employer wage and employment practices under immigration law."
s893-115,"A bill to repeal the current Internal Revenue Code and replace it with a flat tax, thereby guaranteeing economic growth and fairness for all Americans.","Simplified, Manageable, And Responsible Tax Act",Taxation,Employee benefits and pensions|Income tax credits|Income tax deductions|Income tax exclusion|Income tax rates|Legislative rules and procedure|Tax reform and tax simplification|Transfer and inheritance taxes,1.0,enforcement,pension,"The bill repeals ERISA rules relating to non-discrimination, contribution limits, and restrictions on distributions for private employer pension plans, directly altering the mandatory conduct obligations of employers as plan sponsors.",,,,"The bill primarily focuses on tax reform and simplification, including changes to income tax rates and deductions, and does not directly impose new obligations on private employers regarding wage, hour, or benefit obligations.",,,,"This comprehensive tax reform bill restructures the entire tax code with a flat rate system and repeals numerous provisions, but it does not impose new wage, hour, or benefit obligations on private employers; the pension rule changes eliminate restrictions rather than create employer conduct obligations, and the repeal of tax credits removes incentives rather than regulating employer misconduct."
s974-112,A bill to amend the Internal Revenue Code of 1986 to expand the tip tax credit to employers of cosmetologists and to promote tax compliance in the cosmetology sector.,Small Business Tax Equalization and Compliance Act of 2011,Taxation,"Employment taxes|Income tax credits|Self-employed|Small business|Tax administration and collection, taxpayers|Wages and earnings",1.0,tax_credit_introduction,wage_hour,"The bill extends the tip tax credit to employers of cosmetologists and imposes reporting requirements for tips, directly regulating private employer obligations regarding wage and tip compliance.",,,,"The bill extends a tax credit for social security taxes paid on employee tips to employers of cosmetologists, which is a tax policy measure rather than a regulation of employer wage or benefit obligations.",1,tax_credit_introduction,wage_hour,"Extends an existing tax credit for employer-paid social security taxes on employee tips to a new industry (cosmetology), incentivizing compliance with tip-related wage obligations under the FLSA."
hr1397-113,"To create jobs and reinvest in communities through the rehabilitation of abandoned and foreclosed residential and commercial properties, and for other purposes.",Project Rebuild Act of 2013,Housing and Community Development,Appropriations|Buy American requirements|Employee hiring|Fraud offenses and financial crimes|Housing and community development funding|Housing finance and home ownership|Housing supply and affordability|Labor standards|Low- and moderate-income housing|Property rights|Public contracts and procurement|Residential rehabilitation and home repair|Rural conditions and development|Urban and suburban affairs and development|Wages and earnings,1.0,enforcement,wage_hour,"The bill requires private contractors and subcontractors on federally-assisted projects to pay wages at locally prevailing rates under the Davis-Bacon Act, directly imposing wage obligations on non-governmental employers.",1,enforcement,wage_hour,"The bill imposes prevailing wage requirements on private contractors and subcontractors working on federally-assisted projects, directly affecting private employer wage obligations under the Davis-Bacon Act.",1,enforcement,wage_hour,"Imposes Davis-Bacon Act prevailing wage requirements on private contractors and subcontractors working on federally-assisted property rehabilitation projects, directly regulating private employer wage obligations."
hr515-113,To amend the Family and Medical Leave Act of 1993 to provide leave because of the death of a son or daughter.,Parental Bereavement Act of 2013,Labor and Employment,"Employee leave|Family relationships|Government employee pay, benefits, personnel management|Teaching, teachers, curricula",1.0,enforcement,wage_hour,"Amends the Family and Medical Leave Act (FMLA) to expand leave entitlements for private sector employees, directly regulating employer obligations regarding protected family leave.",1,enforcement,wage_hour,"Amends the FMLA to include bereavement leave for the death of a child, expanding private employer obligations under FMLA leave provisions.",1,enforcement,wage_hour,"Amends the FMLA to create a new protected leave entitlement for private employers when an employee experiences the death of a son or daughter, directly expanding employer leave obligations under federal wage and hour law."
s1076-115,"A bill to amend the Employee Retirement Income Security Act of 1974 and the Internal Revenue Code of 1986 to modify certain provisions relating to multiemployer pensions, and for other purposes.",Keep Our Pension Promises Act,Labor and Employment,"Art, artists, authorship|Bankruptcy|Employee benefits and pensions|Income tax deferral|Income tax exclusion|Pension Benefit Guaranty Corporation",1.0,enforcement,pension,"The bill amends ERISA to restore anti-cutback provisions and modify partition procedures for multiemployer pension plans, directly regulating private employer obligations regarding retirement benefits.",1,enforcement,pension,"The bill strengthens protections for participants in multiemployer pension plans by repealing the elimination of anti-cutback provisions and modifying ERISA procedures, directly impacting private employer obligations as pension plan sponsors.",1,enforcement,pension,"The bill strengthens private employer obligations under ERISA by repealing benefit cutback provisions, modifying partition procedures for multiemployer pension plans, and elevating pension obligations in bankruptcy priority—all directly regulating employer conduct regarding retirement benefit plans."
s4012-111,A bill to improve the employability of older Americans.,Incentives for Older Workers Act,Labor and Employment,Aging|Employee benefits and pensions|Employment and training programs|Employment discrimination and employee rights|Social security and elderly assistance|Wages and earnings,1.0,enforcement,pension,"The bill amends ERISA to prohibit private employers from reducing benefits for employees in defined benefit pension plans who enter phased retirement, directly imposing new mandatory conduct obligations on employers as plan sponsors.",1,enforcement,pension,"Prohibits reduction in benefits for employees under defined benefit pension plans during phased retirement, directly affecting private employer pension obligations under ERISA.",1,tax_credit_introduction,pension,"Bill primarily amends ERISA and IRC pension rules to regulate private employer obligations regarding phased retirement benefits and normal retirement age definitions, and introduces a new Work Opportunity Tax Credit for hiring older workers, making it both an enforcement and tax credit bill with pension provisions as the dominant focus."
hr4064-113,To amend the Internal Revenue Code of 1986 to provide that the individual health insurance mandate not apply until the employer health insurance mandate is enforced without exceptions.,FAIR Act of 2014,Taxation,"Comprehensive health care|Employee benefits and pensions|Health care costs and insurance|Health care coverage and access|Sales and excise taxes|Tax administration and collection, taxpayers",1.0,enforcement,healthcare,"The bill addresses the enforcement of the ACA employer mandate, which imposes obligations on private employers to provide health insurance coverage to their employees, thereby regulating private employer conduct regarding group health benefit plans.",,,,"The bill delays the individual health insurance mandate until the employer mandate is enforced, but does not impose new obligations on private employers regarding wage, hour, or benefit compliance.",,,,"Bill addresses the timing of ACA individual and employer mandate enforcement but does not substantively regulate private employer wage, hour, or benefit obligations; it merely delays one mandate pending certification of another's enforcement."
hr5727-112,"To rebuild the American middle class by creating jobs, investing in our future, building opportunity for working families, and restoring balance to the tax code.",Rebuild America Act,Economics and Public Finance,"Administrative law and regulatory procedures|Advanced technology and technological innovations|Advisory bodies|Aging|Alternative and renewable resources|Army Corps of Engineers|Aviation and airports|Bankruptcy|Business investment and capital|Capital gains tax|Census and government statistics|Child care and development|Civil actions and liability|Community life and organization|Competitiveness, trade promotion, trade deficits|Congressional agencies|Congressional officers and employees|Congressional oversight|Contracts and agency|Corporate finance and management|Department of Labor|Department of the Treasury|Disability and paralysis|Domestic violence and child abuse|Economic development|Education programs funding|Educational facilities and institutions|Elementary and secondary education|Emergency planning and evacuation|Employee benefits and pensions|Employee hiring|Employee leave|Employment and training programs|Employment discrimination and employee rights|Employment taxes|Energy assistance for the poor and aged|Energy efficiency and conservation|Environmental health|Environmental regulatory procedures|Financial crises and stabilization|Financial services and investments|First responders and emergency personnel|Government Accountability Office (GAO)|Government employee pay, benefits, personnel management|Government information and archives|Government lending and loan guarantees|Government liability|Government studies and investigations|Government trust funds|Housing and community development funding|Human rights|Income tax credits|Income tax rates|Inflation and prices|Infrastructure development|International monetary system and foreign exchange|Labor-management relations|Law enforcement administration and funding|Law enforcement officers|Library of Congress|Manufacturing|Pension Benefit Guaranty Corporation|Poverty and welfare assistance|Preschool education|Public transit|Research and development",1.0,enforcement,wage_hour,"The bill amends the Fair Labor Standards Act to increase the minimum wage and revise salary thresholds for overtime pay, directly imposing new wage obligations on private employers.",1,enforcement,wage_hour,"Amends the Fair Labor Standards Act to increase the minimum wage and revise salary thresholds for overtime pay, directly affecting private employer wage obligations.",1,enforcement,wage_hour,"The bill increases the minimum wage and revises overtime salary thresholds under the Fair Labor Standards Act, directly tightening private employer wage obligations, and also includes provisions expanding ERISA pension protections and establishing paid sick leave requirements for private employers."
hr1534-112,"To amend the Internal Revenue Code of 1986 to encourage retirement savings by modifying requirements with respect to employer-established IRAs, and for other purposes.",SAVE Act of 2011,Taxation,"Administrative law and regulatory procedures|Consumer affairs|Department of Labor|Department of the Treasury|Elementary and secondary education|Employee benefits and pensions|Financial literacy|Income tax credits|Income tax deductions|Income tax deferral|Sales and excise taxes|Small business|Teaching, teachers, curricula",1.0,enforcement,pension,"The bill amends ERISA to impose new disclosure obligations on private employers regarding lifetime income from pension plans and annuities, and modifies rules for employer-established retirement accounts, directly regulating private employer conduct related to retirement benefits.",1,enforcement,pension,"Amends ERISA to permit payroll deduction plans for IRAs and requires disclosures relating to lifetime income from pension plans, imposing new obligations on private employers as plan sponsors.",1,enforcement,pension,"Amends ERISA and the Internal Revenue Code to impose new mandatory obligations on private employers regarding retirement plan arrangements, including automatic enrollment requirements and disclosure obligations for pension plans."
hr557-114,"To amend the Internal Revenue Code of 1986 to modify safe harbor requirements applicable to automatic contribution arrangements, and for other purposes.",Retirement Security Act of 2015,Taxation,"Administrative law and regulatory procedures|Department of the Treasury|Employee benefits and pensions|Financial services and investments|Income tax credits|Small business|Tax administration and collection, taxpayers",1.0,enforcement,pension,"The bill amends ERISA and the Internal Revenue Code to modify requirements for secure deferral arrangements, nondiscrimination rules, and employer matching contributions for private employer pension plans, directly regulating private employer obligations regarding retirement benefits.",1,enforcement,pension,"Amends ERISA to modify requirements for employer pension benefit plans, including nondiscrimination and matching contributions, directly affecting private employer obligations as plan sponsors.",1,enforcement,pension,"Amends ERISA and the Internal Revenue Code to modify employer obligations regarding pension benefit plans, including automatic contribution arrangements, matching contribution requirements, and multiple employer plan participation rules."
s305-114,A bill to protect American job creation by striking the Federal mandate on employers to offer health insurance.,American Job Protection Act,Health,Business records|Comprehensive health care|Employee benefits and pensions|Government information and archives|Health care costs and insurance|Health care coverage and access|Sales and excise taxes|Wages and earnings,1.0,enforcement,healthcare,"The bill repeals the ACA employer mandate and associated reporting requirements, directly altering the statutory obligations of private employers regarding the provision of employer-sponsored group health insurance coverage.",1,enforcement,healthcare,"Repeals the ACA employer mandate, removing the obligation for large private employers to offer health insurance, directly affecting employer-sponsored group health plan obligations under ERISA.",1,enforcement,healthcare,"Repeals the ACA employer mandate requiring large private employers to offer minimum essential health coverage to full-time employees, directly weakening private employer group health benefit obligations under ERISA-related provisions."
s150-112,"A bill to promote labor force participation of older Americans, with the goals of increasing retirement security, reducing the projected shortage of experienced workers, maintaining future economic growth, and improving the Nation's fiscal outlook.",Health Care and Training for Older Workers Act,Health,Aging|Disability assistance|Employment and training programs|Health care costs and insurance|Health care coverage and access|Performance measurement,1.0,enforcement,healthcare,"Amends ERISA to extend COBRA continuation coverage obligations for older workers, directly imposing new requirements on private employers as sponsors of group health benefit plans.",1,enforcement,healthcare,"Amends ERISA to extend COBRA continuation coverage for certain older workers, imposing a new healthcare coverage obligation on private employers as plan sponsors.",1,enforcement,healthcare,"Extends COBRA continuation coverage obligations for older workers, directly expanding private employer responsibilities under ERISA regarding employer-sponsored group health benefit plans."
hr4254-114,"To prohibit employers from requiring grocery store employees to enter into covenants not to compete, and for other purposes.",Freedom for Workers to Seek Opportunity Act,Labor and Employment,Civil actions and liability|Contracts and agency|Employee hiring|Employment discrimination and employee rights|Food industry and services|Labor-management relations|Retail and wholesale trades,1.0,enforcement,wage_hour,"The bill prohibits private grocery store employers from enforcing non-compete agreements, which are mechanisms used to suppress worker wages and bargaining power, and mandates the recognition of employee seniority and benefits during acquisitions, directly regulating private employer wage and benefit conduct.",1,enforcement,wage_hour,"Prohibits non-compete agreements for grocery store employees, directly regulating private employer wage conduct by enhancing employee mobility and bargaining power.",1,enforcement,wage_hour,"Prohibits private employers from imposing non-compete agreements on grocery store employees, directly regulating employer conduct that suppresses worker wages and mobility under FLSA enforcement mechanisms."
s1651-115,A bill to provide for temporary financing of short-time compensation programs.,Layoff Prevention Act of 2017,Labor and Employment,Intergovernmental relations|State and local government operations|Unemployment,1.0,enforcement,wage_hour,"The bill regulates private employer conduct regarding wage payments and work hours by establishing a framework for short-time compensation programs, which directly addresses employer obligations to compensate employees for reduced hours as an alternative to layoffs.",,,,"The bill provides temporary financing for state short-time compensation programs, which are voluntary and do not impose new wage or benefit obligations on private employers.",,,,"Bill establishes a state-administered unemployment insurance program (short-time compensation) as an alternative to layoffs; it does not regulate private employer wage, hour, or benefit obligations but rather creates a voluntary government benefit program funded through unemployment insurance mechanisms."
s2301-115,A bill to strengthen parity in mental health and substance use disorder benefits.,Behavioral Health Coverage Transparency Act of 2018,Health,"Accounting and auditing|Administrative law and regulatory procedures|Congressional oversight|Consumer affairs|Department of Health and Human Services|Department of Labor|Department of the Treasury|Drug, alcohol, tobacco use|Employee benefits and pensions|Executive agency funding and structure|Government information and archives|Health care costs and insurance|Health care coverage and access|Health care quality|Health information and medical records|Health programs administration and funding|Mental health",1.0,enforcement,healthcare,"The bill amends ERISA to impose new disclosure and audit obligations on private employers sponsoring group health plans to ensure compliance with mental health parity laws, directly regulating employer-sponsored benefit plan conduct.",1,enforcement,healthcare,"The bill amends ERISA to require employer-sponsored group health plans to disclose compliance with mental health parity laws, imposing new administrative obligations on private employers as plan sponsors.",1,enforcement,healthcare,"Strengthens enforcement of mental health parity requirements under ERISA by mandating annual disclosure of compliance analyses and random audits of employer-sponsored group health plans, directly tightening private employer obligations as plan sponsors."
hr2942-115,"To permit employees to request changes to their work schedules without fear of retaliation and to ensure that employers consider these requests, and to require employers to provide more predictable and stable schedules for employees in certain occupations with evidence of unpredictable and unstable scheduling practices that negatively affect employees, and for other purposes.",Schedules That Work Act,Labor and Employment,Civil actions and liability|Employee leave|Employment and training programs|Employment discrimination and employee rights|Food industry and services|Labor standards|Labor-management relations|Retail and wholesale trades|Wages and earnings|Worker safety and health,1.0,enforcement,wage_hour,"The bill imposes direct obligations on private employers regarding work scheduling practices, including requirements for advance notice, reporting time pay, and split shift pay, which are substantive wage and hour issues.",1,enforcement,wage_hour,"The bill enforces new requirements on private employers to provide predictable work schedules and prohibits retaliation against employees requesting schedule changes, directly regulating employer wage and hour obligations.",1,enforcement,wage_hour,"Imposes new wage and hour obligations on private employers, including reporting time pay, split shift pay, advance schedule notice requirements, and protections against retaliation for schedule change requests, directly regulating employer wage and hour practices under labor standards law."
s1651-113,A bill to amend the Internal Revenue Code of 1986 to allow manufacturing businesses to establish tax-free manufacturing reinvestment accounts to assist them in providing for new equipment and facilities and workforce training.,Manufacturing Reinvestment Account Act of 2013,Taxation,Business investment and capital|Income tax deductions|Income tax exclusion|Manufacturing,1.0,tax_credit_introduction,wage_hour,"The bill introduces a tax deduction (functioning as a tax credit/incentive) for manufacturing businesses to fund employee job training and workforce development, which qualifies under the exception for credits specifically tied to employer-provided job training.",,,,"The bill provides tax benefits for manufacturing reinvestment accounts, focusing on business investment and workforce training, not directly on private employer wage or benefit obligations.",1,tax_credit_introduction,wage_hour,"Introduces a tax-advantaged account allowing manufacturers to make tax-deductible contributions for workforce training and job development expenses, incentivizing private employers to invest in employee training programs."
s2617-113,A bill to repeal the wage rate requirements commonly known as the Davis-Bacon Act.,Davis-Bacon Repeal Act,Labor and Employment,"Building construction|Government buildings, facilities, and property|Labor standards|Public contracts and procurement|Wages and earnings",1.0,enforcement,wage_hour,"The bill repeals the Davis-Bacon Act, which imposes prevailing wage requirements on private contractors working on federally-funded construction projects, thereby directly altering private employer wage obligations.",1,enforcement,wage_hour,"Repeals the Davis-Bacon Act, eliminating prevailing wage requirements for private contractors on federally-funded projects, directly affecting private employer wage obligations.",1,enforcement,wage_hour,"Repeals the Davis-Bacon Act prevailing wage requirements that impose direct wage obligations on private contractors and subcontractors working on federally-funded construction projects, thereby weakening private employer wage compliance standards."
hr2654-114,"To eliminate discrimination and promote women's health and economic security by ensuring reasonable workplace accommodations for workers whose ability to perform the functions of a job are limited by pregnancy, childbirth, or a related medical condition.",Pregnant Workers Fairness Act,Labor and Employment,"Administrative law and regulatory procedures|Child care and development|Civil actions and liability|Employee hiring|Employee leave|Employment discrimination and employee rights|Equal Employment Opportunity Commission (EEOC)|Government employee pay, benefits, personnel management|Government liability|Sex and reproductive health|Sex, gender, sexual orientation discrimination|State and local government operations|Women's employment|Women's health",1.0,enforcement,wage_hour,"The bill imposes direct obligations on private employers to provide reasonable accommodations for pregnancy-related limitations, regulating employer conduct regarding leave and working conditions similar to FMLA protections.",1,enforcement,wage_hour,"The bill mandates reasonable workplace accommodations for pregnant workers, directly affecting private employer obligations related to employment conditions and leave, aligning with wage and hour issues.",1,enforcement,wage_hour,"Imposes new mandatory accommodation obligations on private employers for pregnancy-related limitations and prohibits retaliation, directly regulating employer conduct under employment discrimination and leave-related frameworks."
s2122-115,A bill to amend the Fair Labor Standards Act of 1938 regarding reasonable break time for nursing mothers.,Supporting Working Moms Act of 2017,Labor and Employment,Labor standards|Wages and earnings|Women's employment|Women's health|Worker safety and health,1.0,enforcement,wage_hour,"The bill amends the Fair Labor Standards Act to extend mandatory break time requirements for nursing mothers to exempt employees, directly imposing new wage and hour obligations on private employers.",1,enforcement,wage_hour,"Extends FLSA break time requirements for nursing mothers to additional categories of employees, directly affecting private employer obligations under wage and hour laws.",1,enforcement,wage_hour,"Expands FLSA break time requirements for nursing mothers to cover exempt employees, directly strengthening private employer wage and hour obligations."
s1908-112,"A bill to amend the Internal Revenue Code of 1986 to clarify the employment tax treatment and reporting of wages paid by professional employer organization, and for other purposes.",,Taxation,"Accounting and auditing|Contracts and agency|Employment taxes|Licensing and registrations|Social security and elderly assistance|Tax administration and collection, taxpayers|User charges and fees|Wages and earnings",1.0,enforcement,wage_hour,"The bill clarifies and enforces employment tax obligations for wages paid by professional employer organizations (PEOs), directly regulating private employer conduct regarding wage reporting and payroll tax remittance.",,,,"The bill addresses the tax treatment and reporting of wages by professional employer organizations, focusing on tax administration rather than private employer wage or benefit obligations.",,,,"Bill addresses tax administration and employment tax reporting procedures for professional employer organizations, not private employer wage, hour, or benefit obligations under FLSA, ERISA, WARN, or FMLA."
hr1619-114,"To amend the Fair Labor Standards Act of 1938 to provide more effective remedies to victims of discrimination in the payment of wages on the basis of sex, and for other purposes.",Paycheck Fairness Act,Labor and Employment,"Administrative law and regulatory procedures|Civil actions and liability|Employment discrimination and employee rights|Equal Employment Opportunity Commission (EEOC)|Government information and archives|Government studies and investigations|Public contracts and procurement|Racial and ethnic relations|Sex, gender, sexual orientation discrimination|Small business|Wages and earnings|Women's employment",1.0,enforcement,wage_hour,"The bill amends the Fair Labor Standards Act (Equal Pay Act) to strengthen prohibitions against sex-based wage discrimination, revise the bona fide factor defense, and enhance remedies and enforcement mechanisms for private employers, directly regulating private employer wage obligations.",1,enforcement,wage_hour,"The bill amends the Fair Labor Standards Act to strengthen enforcement against sex-based wage discrimination, directly impacting private employer wage obligations.",1,enforcement,wage_hour,"Strengthens enforcement of equal pay requirements under the Fair Labor Standards Act by narrowing employer defenses for sex-based wage differentials, expanding remedies including punitive damages, and prohibiting employer retaliation against wage disclosure—all directly regulating private employer wage obligations."
hr3344-113,To ensure that the provision of foreign assistance does not contribute to human trafficking and to combat human trafficking by requiring greater transparency in the recruitment of foreign workers.,Fraudulent Overseas Recruitment and Trafficking Elimination Act of 2013,International Affairs,Administrative law and regulatory procedures|Administrative remedies|Business records|Civil actions and liability|Contracts and agency|Criminal justice information and records|Department of Labor|Employment discrimination and employee rights|Foreign aid and international relief|Foreign labor|Fraud offenses and financial crimes|Government information and archives|Human rights|Human trafficking|Labor standards|Legal fees and court costs|Licensing and registrations|User charges and fees|Visas and passports,1.0,enforcement,wage_hour,"The bill imposes direct regulatory obligations on private foreign labor contractors, including prohibitions on recruitment fees and requirements for contract transparency and registration, which constitute enforcement of wage and labor standards to prevent exploitation and trafficking.",,,,"The bill primarily addresses international human trafficking and foreign labor recruitment transparency, not private employer wage or benefit obligations.",1,enforcement,wage_hour,"The bill regulates foreign labor contractors who recruit workers for private U.S. employers, requiring disclosure of wages, work conditions, and contract terms, and prohibiting recruitment fees—directly addressing private employer wage and hour obligations under labor trafficking prevention laws."
hr2300-113,"To provide for incentives to encourage health insurance coverage, and for other purposes.",Empowering Patients First Act of 2013,Health,"Abortion|Administrative law and regulatory procedures|Administrative remedies|Alternative dispute resolution, mediation, arbitration|Budget deficits and national debt|Child health|Civil actions and liability|Competition and antitrust|Comprehensive health care|Congressional oversight|Consumer affairs|Contracts and agency|Department of Health and Human Services|Disability and health-based discrimination|Education programs funding|Employee benefits and pensions|Evidence and witnesses|Federal preemption|Fraud offenses and financial crimes|Government employee pay, benefits, personnel management|Government information and archives|Government lending and loan guarantees|Government studies and investigations|Government trust funds|Health care costs and insurance|Health care coverage and access|Health care quality|Health information and medical records|Health personnel|Health programs administration and funding|Health promotion and preventive care|Hospital care|Income tax credits|Income tax deductions|Intergovernmental relations|Licensing and registrations|Medicaid|Medical education|Medical ethics|Medical research|Medicare|Performance measurement|Poverty and welfare assistance|Religion|Right of privacy|Small business|State and local government operations|Student aid and college costs",1.0,enforcement,healthcare,"The bill amends ERISA to establish governance rules for association health plans and imposes specific obligations on employer-sponsored group health plans, such as allowing premium variations based on wellness program participation and requiring claims information disclosure to plan sponsors.",,,,"The bill primarily addresses health insurance coverage, tax credits for health insurance costs, and the establishment of health plans, without imposing new obligations on private employers regarding wage, hour, or benefit obligations under ERISA or similar statutes.",1,enforcement,healthcare,"The bill amends ERISA to establish association health plans and imposes requirements on private employers as group health plan sponsors, directly regulating employer-sponsored health benefit obligations."
s3060-114,A bill to provide an exception from certain group health plan requirements for qualified small employer health reimbursement arrangements.,Small Business Health Care Relief Act of 2016,Taxation,"Employee benefits and pensions|Health care costs and insurance|Health care coverage and access|Income tax exclusion|Small business|Tax administration and collection, taxpayers",1.0,enforcement,healthcare,"The bill amends ERISA and the ACA to exempt qualified small employer HRAs from certain group health plan requirements, directly regulating the obligations and compliance standards for private employers sponsoring these benefit plans.",1,enforcement,healthcare,"Exempts qualified small employer HRAs from certain group health plan requirements under ERISA, affecting private employer obligations as plan sponsors.",1,enforcement,healthcare,"Amends ERISA and related laws to exempt qualified small employer HRAs from group health plan requirements, directly modifying private employer obligations regarding employer-sponsored health benefit arrangements."
s3680-111,"A bill to amend the Family and Medical Leave Act of 1993 to permit leave to care for a same-sex spouse, domestic partner, parent-in-law, adult child, sibling, or grandparent who has a serious health condition.",Family and Medical Leave Inclusion Act,Labor and Employment,"Employee leave|Government employee pay, benefits, personnel management|Home and outpatient care|Marriage and family status|Sex, gender, sexual orientation discrimination",1.0,enforcement,wage_hour,"Amends the Family and Medical Leave Act (FMLA) to expand the definition of family members eligible for leave, thereby imposing new leave obligations on private employers.",1,enforcement,wage_hour,"Expands FMLA leave eligibility to include care for additional family members, directly affecting private employer obligations under the FMLA.",1,enforcement,wage_hour,"Expands FMLA leave protections to cover additional family relationships including same-sex spouses and domestic partners, directly strengthening private employer leave obligations under federal law."
hr2750-116,To amend title 9 of the United States Code to prohibit predispute arbitration agreements that force arbitration of certain disputes arising from claims of servicemembers and veterans.,Justice for Servicemembers Act,Law,"Alternative dispute resolution, mediation, arbitration|Civil actions and liability|Employment discrimination and employee rights|Government employee pay, benefits, personnel management|Labor-management relations|Military personnel and dependents|Veterans' education, employment, rehabilitation",1.0,enforcement,wage_hour,"The bill prohibits predispute arbitration agreements for disputes regarding the employment or reemployment rights of uniformed service members, directly regulating private employer conduct related to USERRA obligations and worker rights.",,,,"The bill addresses arbitration agreements related to servicemembers' employment rights, but does not impose new wage, hour, or benefit obligations on private employers.",1,enforcement,wage_hour,"Prohibits predispute arbitration agreements for employment disputes involving servicemembers' reemployment rights under USERRA, strengthening private employer obligations to servicemembers returning from military duty."
s1145-113,A bill to amend the Employee Retirement Income Security Act of 1974 to require a lifetime income disclosure.,Lifetime Income Disclosure Act,Labor and Employment,Administrative law and regulatory procedures|Department of Labor|Employee benefits and pensions|Government information and archives,1.0,enforcement,pension,"Amends ERISA to impose new mandatory disclosure obligations on private employers as plan sponsors regarding retirement benefits, directly regulating employer conduct related to pension plans.",1,enforcement,pension,"Requires private employers to provide a lifetime income disclosure in pension benefit statements under ERISA, imposing a new administrative obligation on plan sponsors.",1,enforcement,pension,"Amends ERISA to impose new disclosure obligations on private employers as sponsors of individual account retirement plans, requiring them to provide lifetime income stream equivalents on participant benefit statements."
hr4611-113,"To amend the Fair Labor Standards Act of 1938 to ensure that employees are not misclassified as non-employees, and for other purposes.",Payroll Fraud Prevention Act of 2014,Labor and Employment,"Administrative law and regulatory procedures|Department of Labor|Employment discrimination and employee rights|Government information and archives|Government studies and investigations|Labor standards|Performance measurement|Personnel records|Tax administration and collection, taxpayers|Unemployment|Wages and earnings",1.0,enforcement,wage_hour,"The bill amends the Fair Labor Standards Act to prohibit the misclassification of employees as independent contractors, thereby enforcing private employer obligations regarding wage, hour, and benefit coverage.",1,enforcement,wage_hour,"The bill amends the FLSA to prevent misclassification of employees as non-employees, directly affecting private employer wage and hour obligations.",1,enforcement,wage_hour,"Strengthens FLSA enforcement by requiring accurate employee classification, imposing notification requirements, doubling liquidated damages for violations, and establishing civil penalties for misclassification—all directly regulating private employer wage and hour obligations."
hr5858-115,To amend the Internal Revenue Code of 1986 to require coverage without a deductible of certain primary care services by high deductible health plans.,Primary Care Patient Protection Act of 2018,Taxation,,1.0,enforcement,healthcare,"The bill imposes mandatory coverage requirements on high deductible health plans, which are employer-sponsored group health plans under ERISA, thereby creating a direct obligation for private employers as plan sponsors to provide specific primary care benefits without deductibles.",,,,"The bill modifies tax code requirements for high deductible health plans related to health savings accounts, but does not impose new obligations on private employers as plan sponsors under ERISA.",,,,"Bill modifies tax-advantaged health savings account rules by changing high deductible health plan requirements, but does not impose new obligations on private employers as group health plan sponsors under ERISA."
s244-115,A bill to repeal the wage requirement of the Davis-Bacon Act.,Davis-Bacon Repeal Act,Labor and Employment,"Building construction|Government buildings, facilities, and property|Labor standards|Public contracts and procurement|Wages and earnings",1.0,enforcement,wage_hour,"The bill repeals the Davis-Bacon Act, which imposes prevailing wage requirements on private contractors and subcontractors working on federally-funded construction projects, directly affecting private employer wage obligations.",1,enforcement,wage_hour,"Repeals the Davis-Bacon Act, which imposes prevailing wage requirements on private contractors for federally-funded projects, directly affecting private employer wage obligations.",1,enforcement,wage_hour,"Repeals the Davis-Bacon Act's prevailing wage requirements on private contractors performing federally-funded construction work, directly weakening private employer wage obligations."
hr366-114,"To reauthorize the VOW to Hire Heroes Act of 2011, to provide assistance to small businesses owned by veterans, to improve enforcement of employment and reemployment rights of members of the uniformed services, and for other purposes.",Putting Our Veterans Back to Work Act of 2015,Armed Forces and National Security,"Administrative law and regulatory procedures|Civil actions and liability|Congressional oversight|Disability and paralysis|Employee hiring|Employment and training programs|Employment discrimination and employee rights|Evidence and witnesses|Fires|First responders and emergency personnel|Government information and archives|Government studies and investigations|Law enforcement officers|Military procurement, research, weapons development|Office of Management and Budget (OMB)|Public contracts and procurement|Unemployment|Veterans' education, employment, rehabilitation",1.0,enforcement,wage_hour,"The bill strengthens enforcement mechanisms for the Uniformed Services Employment and Reemployment Rights Act (USERRA), which imposes obligations on private employers regarding the reemployment rights and benefits of employees returning from military service, and authorizes penalties for non-compliance.",1,enforcement,wage_hour,"Improves enforcement of employment and reemployment rights under USERRA, directly affecting private employer obligations regarding veteran employees.",1,enforcement,wage_hour,"Strengthens USERRA enforcement by allowing veteran intervention in AG actions, imposing AG notification deadlines, authorizing contractor debarment for USERRA violations, and expanding investigative powers—all directly regulating private employer obligations to employees serving in uniformed services."
s2048-115,A bill to amend the Internal Revenue Code of 1986 to provide a credit for employer-provided worker training.,Investing in American Workers Act,Taxation,Employment and training programs|Employment taxes|Higher education|Income tax credits|Income tax rates|Licensing and registrations|Small business|Tax-exempt organizations,1.0,tax_credit_introduction,wage_hour,"Introduces a tax credit for employer-provided worker training, which qualifies under the specific exception for credits tied to employer-provided job training.",1,tax_credit_introduction,wage_hour,"Introduces a tax credit for employers who increase worker training expenditures, incentivizing private employer investment in employee skill development, which relates to wage and hour compliance through enhanced workforce training.",1,tax_credit_introduction,wage_hour,"Introduces a new tax credit for private employers who increase qualified worker training expenditures for non-highly compensated employees, incentivizing employer-provided training programs that relate to wage and hour conduct."
hr170-115,"To amend the Immigration and Nationality Act to modify the definition of ""exempt H-1B nonimmigrant"".",Protect and Grow American Jobs Act,Immigration,Employee hiring|Foreign labor|Inflation and prices|Visas and passports|Wages and earnings,1.0,enforcement,wage_hour,"The bill raises the minimum salary threshold for H-1B visa exemptions, directly imposing a higher wage obligation on private employers hiring foreign specialty workers to prevent wage suppression.",,,,"The bill modifies the definition of 'exempt H-1B nonimmigrant' by adjusting salary thresholds, which relates to immigration policy rather than directly regulating private employer wage, hour, or benefit obligations.",1,enforcement,wage_hour,"Raises the minimum salary threshold for exempt H-1B workers from $60,000 to $100,000 and mandates inflation adjustments, directly strengthening wage floor requirements that private employers must meet when hiring H-1B specialty occupation workers."
hr1625-116,"To amend the Internal Revenue Code of 1986 to provide a safe harbor for determinations of worker classification, to require increased reporting, and for other purposes.",New Economy Works to Guarantee Independence and Growth Act of 2019,Taxation,"Contracts and agency|Employment taxes|Self-employed|Tax administration and collection, taxpayers|Wages and earnings",1.0,enforcement,wage_hour,"The bill establishes a statutory test for determining independent contractor versus employee status for tax purposes, which directly regulates private employer obligations regarding worker classification and associated wage/tax withholding responsibilities.",,,,"The bill primarily addresses tax classification of workers as independent contractors versus employees for tax purposes, which does not directly regulate private employer wage, hour, or benefit obligations.",1,enforcement,wage_hour,"Establishes a safe harbor test for classifying workers as independent contractors rather than employees, directly affecting private employer wage and hour obligations under FLSA and related statutes by determining which workers receive employee protections."
s1204-113,"A bill to amend the Patient Protection and Affordable Care Act to protect rights of conscience with regard to requirements for coverage of specific items and services, to amend the Public Health Service Act to prohibit certain abortion-related discrimination in governmental activities, and for other purposes.",Health Care Conscience Rights Act,Health,Abortion|Civil actions and liability|Comprehensive health care|Employee benefits and pensions|Health care costs and insurance|Health care coverage and access|Health personnel|Health programs administration and funding|Legal fees and court costs|Medical education|Religion|Sales and excise taxes,1.0,enforcement,healthcare,"The bill amends the ACA and Public Health Service Act to prohibit discrimination against group health plan sponsors and issuers that exclude abortion coverage based on moral or religious objections, thereby regulating the conduct of private employers as sponsors of employer-sponsored group health plans under ERISA.",,,,"The bill primarily addresses conscience rights and abortion-related discrimination in health insurance coverage, not private employer wage or benefit obligations.",1,enforcement,healthcare,"Amends the ACA and ERISA-related provisions to exempt employer-sponsored group health plans from covering specific services based on moral or religious objections, directly modifying private employer obligations as plan sponsors under federal health benefit law."
s1358-112,A bill to amend the Family and Medical Leave Act of 1993 to provide leave because of the death of a son or daughter.,Parental Bereavement Act of 2011,Labor and Employment,"Employee leave|Family relationships|Government employee pay, benefits, personnel management|Teaching, teachers, curricula",1.0,enforcement,wage_hour,"Amends the Family and Medical Leave Act (FMLA) to expand leave entitlements for private sector employees, directly regulating employer obligations regarding protected leave.",1,enforcement,wage_hour,"Amends the FMLA to extend leave entitlements to private employees for bereavement, directly affecting private employer obligations under FMLA leave provisions.",1,enforcement,wage_hour,"Amends the FMLA to create a new protected leave entitlement for private employers when an employee experiences the death of a child, directly expanding employer leave obligations under federal wage and hour law."
hr2341-112,"To amend the Fair Labor Standards Act with regard to certain exemptions under that Act for direct care workers and to improve the systems for the collection and reporting of data relating to the direct care workforce, and for other purposes.",Direct Care Job Quality Improvement Act of 2011,Labor and Employment,"Allied health services|Census and government statistics|Employment and training programs|Government information and archives|Health personnel|Home and outpatient care|Labor standards|Long-term, rehabilitative, and terminal care|Medicaid|Wages and earnings",1.0,enforcement,wage_hour,"The bill amends the Fair Labor Standards Act to modify exemptions from minimum wage and overtime requirements for direct care workers, directly regulating private employer wage and hour obligations.",1,enforcement,wage_hour,"Amends the Fair Labor Standards Act to address exemptions affecting direct care workers, directly impacting private employer wage obligations under FLSA.",1,enforcement,wage_hour,"Amends the FLSA to modify the companionship services exemption from minimum wage and overtime requirements, directly affecting private employer wage obligations for direct care workers."
hr364-112,"To repeal the Patient Protection and Affordable Care Act and to take meaningful steps to lower health care costs and increase access to health insurance coverage without raising taxes, cutting Medicare benefits for seniors, adding to the national deficit, intervening in the doctor-patient relationship, or instituting a government takeover of health care.",Common Sense Health Reform Americans Actually Want Act,Health,Abortion|Administrative law and regulatory procedures|Administrative remedies|Child health|Civil actions and liability|Comprehensive health care|Department of Health and Human Services|Disability and health-based discrimination|Emergency medical services and trauma care|Employee benefits and pensions|Evidence and witnesses|Executive agency funding and structure|Family relationships|Federal preemption|Government information and archives|Health care costs and insurance|Health care coverage and access|Health care quality|Health facilities and institutions|Health information and medical records|Health personnel|Health promotion and preventive care|Income tax deductions|Intergovernmental relations|Judicial procedure and administration|Judicial review and appeals|Jurisdiction and venue|Medicaid|Medical ethics|Medical research|Medicare|Small business|State and local government operations,1.0,enforcement,healthcare,"The bill amends ERISA to establish governance standards for small business health plans and mandates dependent coverage until age 26 for group health plans, directly imposing obligations on private employers as plan sponsors.",1,enforcement,healthcare,"Amends ERISA to establish and govern small business health plans, imposing new obligations on private employers as sponsors of group health plans.",1,enforcement,healthcare,"Amends ERISA to impose new obligations on private employers as sponsors of group health plans, including dependent coverage until age 26, prohibition on preexisting condition exclusions for minors, and wellness program premium variation rules."
hr1311-112,To provide for the coverage of medically necessary food under Federal health programs and private health insurance.,Medical Foods Equity Act of 2011,Health,Child health|Digestive and metabolic diseases|Food assistance and relief|Health care costs and insurance|Health care coverage and access|Medicare|Nutrition and diet|Poverty and welfare assistance,1.0,enforcement,healthcare,"Amends ERISA to require employer-sponsored group health plans to cover medically necessary food and related supplies, imposing a new coverage obligation on private employers as plan sponsors.",1,enforcement,healthcare,"Amends ERISA to require employer-sponsored group health plans to cover medically necessary food and related supplies, imposing a new coverage obligation on private employers as plan sponsors.",1,enforcement,healthcare,"Amends ERISA to impose new mandatory coverage requirements on private employer-sponsored group health plans for medically necessary food and related treatments, directly expanding employer obligations as plan sponsors."
hr711-113,"To amend titles 23 and 49, United States Code, to repeal wage requirements applicable to laborers and mechanics employed on Federal-aid highway and public transportation construction projects.",Highway Trust Fund Reform Act of 2013,Transportation and Public Works,Public contracts and procurement|Public transit|Roads and highways|Transportation programs funding|Wages and earnings,1.0,enforcement,wage_hour,"The bill repeals prevailing wage requirements under the Davis-Bacon Act for laborers and mechanics on federal-aid projects, directly altering the wage obligations imposed on private employers acting as contractors.",1,enforcement,wage_hour,"Repeals the Davis-Bacon Act, removing prevailing wage requirements for private contractors on federal-aid highway and public transportation projects, directly affecting private employer wage obligations.",1,enforcement,wage_hour,"Repeals Davis-Bacon Act prevailing wage requirements for private contractors on federally-funded highway and transit projects, directly weakening private employer wage obligations."
hr5535-114,"To amend the Family and Medical Leave Act of 1993 and title 5, United States Code, to allow employees to take, as additional leave, parental involvement leave to participate in or attend their children's and grandchildren's educational and extracurricular activities and for other purposes.",Family Leave for Parental Involvement in Education Act,Labor and Employment,"Community life and organization|Elementary and secondary education|Employee leave|Family relationships|Government employee pay, benefits, personnel management",1.0,enforcement,wage_hour,"The bill amends the Family and Medical Leave Act (FMLA) to impose new leave obligations on private employers regarding parental involvement in education, directly regulating private employer conduct related to employee leave rights.",1,enforcement,wage_hour,"Expands FMLA leave provisions to include parental involvement leave, directly affecting private employer obligations regarding employee leave.",1,enforcement,wage_hour,"Amends the FMLA to create a new protected leave category for parental involvement in children's education, directly expanding private employer leave obligations under federal wage and hour law."
s124-116,A bill to amend the Fair Labor Standards Act of 1938 to prevent employers from using non-compete agreements in employment contracts for certain non-exempt employees.,Freedom to Compete Act,Labor and Employment,Competition and antitrust|Contracts and agency|Employment discrimination and employee rights|Labor standards|Labor-management relations,1.0,enforcement,wage_hour,"The bill amends the Fair Labor Standards Act to prohibit private employers from enforcing non-compete agreements, which directly regulates employer conduct that suppresses worker wages and bargaining power.",1,enforcement,wage_hour,"Prohibits private employers from using non-compete agreements with certain lower wage workers, directly regulating employer wage conduct under the FLSA.",1,enforcement,wage_hour,"Prohibits private employers from enforcing non-compete agreements on certain non-exempt employees, directly regulating employer conduct that suppresses worker wages and mobility under the FLSA framework."
hr631-112,To amend the Fair Labor Standards Act of 1938 to establish a base minimum wage for tipped employees.,WAGES Act,Labor and Employment,Wages and earnings,1.0,enforcement,wage_hour,"Amends the Fair Labor Standards Act to establish a mandatory base minimum wage for tipped employees, directly regulating private employer wage obligations.",1,enforcement,wage_hour,"Establishes a base minimum wage for tipped employees under the FLSA, directly affecting private employer wage obligations.",1,enforcement,wage_hour,"Amends the FLSA to raise the minimum cash wage that private employers must pay tipped employees, directly strengthening wage and hour obligations under federal law."
s479-113,"A bill to amend the Internal Revenue Code of 1986 to clarify the employment tax treatment and reporting of wages paid by professional employer organizations, and for other purposes.",Small Business Efficiency Act,Taxation,"Accounting and auditing|Contracts and agency|Employment taxes|Licensing and registrations|Social security and elderly assistance|Tax administration and collection, taxpayers|User charges and fees|Wages and earnings",1.0,enforcement,wage_hour,"The bill clarifies the employment tax treatment and reporting obligations for wages paid by professional employer organizations (PEOs), directly regulating private employer conduct regarding wage payment and payroll tax compliance.",,,,"The bill primarily addresses the tax treatment and reporting of wages by professional employer organizations, not private employer wage or benefit obligations.",,,,"Bill addresses tax administration and certification requirements for professional employer organizations (PEOs) regarding employment tax collection and remittance, not private employer wage, hour, or benefit obligations under FLSA, ERISA, FMLA, or WARN Act."
s3462-114,"A bill to provide for a 6-month delay in the effective date of a rule of the Department of Labor relating to income thresholds for determining overtime pay for executive, administrative, professional, outside sales, and computer employees.","Regulatory Relief for Small Businesses, Schools, and Nonprofits Act",Labor and Employment,,1.0,enforcement,wage_hour,"The bill delays the effective date of a Department of Labor rule revising income thresholds for overtime pay exemptions under the FLSA, directly affecting private employer wage obligations regarding overtime eligibility.",1,enforcement,wage_hour,"Delays the implementation of a Department of Labor rule that revises income thresholds for overtime pay, affecting private employer wage obligations under the FLSA.",1,enforcement,wage_hour,"Delays implementation of a DOL rule revising FLSA overtime exemption thresholds, directly affecting private employer wage and hour obligations for white collar employees."
s1248-113,"A bill to permit employees to request, and to ensure employers consider requests for, flexible work terms and conditions, and for other purposes.",Flexibility for Working Families Act,Labor and Employment,"Administrative remedies|Civil actions and liability|Congressional agencies|Congressional officers and employees|Department of Labor|Employment discrimination and employee rights|Government Accountability Office (GAO)|Government employee pay, benefits, personnel management|Government information and archives|Judicial review and appeals|Labor standards|Labor-management relations|Library of Congress|State and local government operations",1.0,enforcement,wage_hour,"The bill imposes new obligations on private employers to consider employee requests for flexible work terms regarding hours, schedules, and location, and prohibits interference with these rights, directly regulating private employer conduct related to work hours and conditions.",1,enforcement,wage_hour,"The bill imposes new obligations on private employers to consider employee requests for flexible work terms, directly affecting employer wage and hour practices.",1,enforcement,wage_hour,"Establishes new obligations for private employers to consider and respond to employee requests for flexible work arrangements (hours, scheduling, location, notice), with enforcement mechanisms including civil penalties and private rights of action under DOL oversight."
s1341-115,A bill to amend the Fair Labor Standards Act of 1938 to prohibit employment of children in tobacco-related agriculture by deeming such employment as oppressive child labor.,Children Don't Belong on Tobacco Farms Act,Labor and Employment,"Drug, alcohol, tobacco use|Labor standards|Migrant, seasonal, agricultural labor|Worker safety and health|Youth employment and child labor",1.0,enforcement,wage_hour,"The bill amends the Fair Labor Standards Act to prohibit private employers from employing children in tobacco-related agriculture, directly regulating private employer conduct regarding child labor and oppressive working conditions.",1,enforcement,wage_hour,"Amends the FLSA to classify employment of minors in tobacco-related agriculture as oppressive child labor, directly regulating private employer wage and hour obligations.",1,enforcement,wage_hour,"Amends the FLSA to expand the definition of oppressive child labor by prohibiting employment of minors under 18 in tobacco-related agriculture, directly strengthening private employer child labor obligations."
s1656-113,A bill to clarify that volunteers at a children's consignment event are not employees under the Fair Labor Standards Act of 1938.,Children's Consignment Event Recognition Act of 2013,Labor and Employment,"Labor standards|Retail and wholesale trades|Social work, volunteer service, charitable organizations",1.0,enforcement,wage_hour,"Amends the Fair Labor Standards Act to clarify the definition of 'employee' for volunteers at children's consignment events, directly regulating private employer obligations regarding minimum wage and overtime coverage.",1,enforcement,wage_hour,"Amends the FLSA to exclude certain volunteers from being classified as employees, affecting wage and hour obligations of private entities hosting children's consignment events.",1,enforcement,wage_hour,"Amends the FLSA to create a new exemption from minimum wage and overtime requirements for volunteers at children's consignment events, directly weakening private employer wage obligations under federal labor standards."
s1386-115,"A bill to permit employees to request changes to their work schedules without fear of retaliation and to ensure that employers consider these requests, and to require employers to provide more predictable and stable schedules for employees in certain occupations with evidence of unpredictable and unstable scheduling practices that negatively affect employees, and for other purposes.",Schedules That Work Act,Labor and Employment,Civil actions and liability|Employee leave|Employment and training programs|Employment discrimination and employee rights|Food industry and services|Labor standards|Labor-management relations|Retail and wholesale trades|Wages and earnings|Worker safety and health,1.0,enforcement,wage_hour,"The bill imposes direct obligations on private employers regarding work scheduling practices, including requirements for advance notice, reporting time pay, and split shift pay, which are substantive wage and hour protections.",1,enforcement,wage_hour,"The bill enforces new requirements on private employers to provide predictable work schedules and prohibits retaliation against employees requesting schedule changes, directly regulating employer wage and hour obligations.",1,enforcement,wage_hour,"Imposes new obligations on private employers regarding work schedule predictability, advance notice, reporting time pay, split shift pay, and employee schedule change requests, directly regulating employer wage and hour practices under labor standards law."
s1188-113,A bill to amend the Internal Revenue Code of 1986 to modify the definition of full-time employee for purposes of the individual mandate in the Patient Protection and Affordable Care Act.,Forty Hours Is Full Time Act of 2013,Taxation,Employee benefits and pensions|Health care costs and insurance|Health care coverage and access|Sales and excise taxes,1.0,enforcement,healthcare,"The bill modifies the definition of a full-time employee for the ACA employer mandate, directly altering the threshold at which private employers are obligated to provide health coverage or face penalties, thereby regulating private employer benefit obligations.",1,enforcement,healthcare,"Modifies the definition of 'full-time employee' under the ACA employer mandate, affecting private employer obligations to provide health care coverage.",1,enforcement,healthcare,"Modifies the ACA employer mandate by redefining full-time employee status from 30 to 40 hours per week, directly altering private employer obligations under ERISA-related group health plan requirements."
hr397-112,"To repeal the Patient Protection and Affordable Care Act and the Health Care and Education Reconciliation Act of 2010 and to take meaningful steps to lower health care costs and increase access to health insurance coverage without raising taxes, cutting Medicare benefits for seniors, adding to the national deficit, intervening in the doctor-patient relationship, or instituting a government takeover of health care.",Reform Americans Can Afford Act of 2011,Health,"Abortion|Administrative law and regulatory procedures|Administrative remedies|Advisory bodies|Bankruptcy|Civil actions and liability|Comprehensive health care|Consumer affairs|Department of Health and Human Services|Disability and health-based discrimination|Drug safety, medical device, and laboratory regulation|Employee benefits and pensions|Executive agency funding and structure|Family relationships|Federal-Indian relations|Government information and archives|Government lending and loan guarantees|Health care costs and insurance|Health care coverage and access|Health care quality|Health programs administration and funding|Health promotion and preventive care|Higher education|Income tax credits|Intellectual property|Judicial procedure and administration|Licensing and registrations|Medicaid|Medical research|Medicare|Small business|State and local government operations|State and local taxation|Student aid and college costs|User charges and fees",1.0,enforcement,healthcare,"The bill amends ERISA to impose specific coverage obligations on employer-sponsored group health plans, such as requiring dependent coverage until age 25 and permitting wellness program premium variations, which directly regulates private employer conduct regarding employee health benefits.",1,enforcement,healthcare,"Amends ERISA to establish and govern association health plans and mandates dependent coverage until age 25, directly affecting private employer obligations as sponsors of group health plans.",1,enforcement,healthcare,"The bill amends ERISA to impose new obligations on private employers as group health plan sponsors, including dependent coverage requirements up to age 25 and provisions governing association health plans, directly regulating employer-sponsored health benefit obligations."
hr1423-114,"To amend the Public Health Service Act, the Employee Retirement Income Security Act of 1974, and the Internal Revenue Code of 1986 to exclude from the definition of health insurance coverage certain medical stop-loss insurance obtained by certain plan sponsors of group health plans.",Self-Insurance Protection Act,Health,Employee benefits and pensions|Health care costs and insurance|Insurance industry and regulation,1.0,enforcement,healthcare,"Amends ERISA to clarify the regulatory status of stop-loss insurance for self-insured group health plans, directly affecting the compliance obligations and risk management structures of private employers sponsoring these plans.",,,,"The bill modifies the definition of health insurance coverage for stop-loss policies, which does not impose new obligations on private employers regarding wage, hour, or benefit compliance.",1,enforcement,healthcare,"Amends ERISA to clarify that stop-loss insurance obtained by self-insured group health plan sponsors is not health insurance coverage, affecting the regulatory framework governing private employer-sponsored health benefit plans."
s959-114,"A bill to establish a tax credit for on-site apprenticeship programs, and for other purposes.",Apprenticeship and Jobs Training Act of 2015,Taxation,Congressional oversight|Employee benefits and pensions|Employment and training programs|Government studies and investigations|Income tax credits|Income tax exclusion|Military education and training|Wages and earnings,1.0,tax_credit_introduction,wage_hour,"Introduces a tax credit for employers who provide on-the-job training through qualified apprenticeship programs, which qualifies as a credit specifically tied to employer-provided job training.",1,tax_credit_introduction,wage_hour,"Introduces a tax credit for employers who provide on-site apprenticeship programs, incentivizing private employer investment in employee training and development.",1,tax_credit_introduction,wage_hour,"Introduces a new tax credit for private employers who provide on-site apprenticeship training programs, incentivizing employer-provided job training which relates to compensable work time and wage obligations under FLSA."
s2784-113,"A bill to direct the Secretary of Transportation to carry out activities to improve rail safety, and for other purposes.",Rail Safety Improvement Act of 2014,Transportation and Public Works,Accidents|Administrative law and regulatory procedures|Civil actions and liability|Commuting|Congressional oversight|Connecticut|Department of Transportation|Emergency planning and evacuation|Fires|Government information and archives|Government studies and investigations|Hazardous wastes and toxic substances|New Jersey|New York City|New York State|Oil and gas|Railroads|Roads and highways|Technology assessment|Telephone and wireless communication|Transportation employees|Transportation programs funding|Transportation safety and security|Worker safety and health,1.0,enforcement,wage_hour,"The bill revises and increases civil penalties for violations of employee hours of service and sleeping quarters requirements for railroad workers, directly regulating private employer wage and hour obligations.",,,,"The bill focuses on rail safety improvements and transportation safety regulations, which do not involve private employer wage, hour, or benefit obligations.",,,,"This bill primarily regulates railroad safety, operations, and infrastructure requirements; while it mentions transportation employees and worker safety, it does not directly address private employer wage, hour, or benefit obligations under FLSA, ERISA, FMLA, or WARN Act."
s180-115,"A bill to amend the Immigration and Nationality Act to reform and reduce fraud and abuse in certain visa programs for aliens working temporarily in the United States, and for other purposes.",H-1B and L-1 Visa Reform Act of 2017,Immigration,"Administrative law and regulatory procedures|Administrative remedies|Civil actions and liability|Congressional oversight|Department of Labor|Foreign labor|Government employee pay, benefits, personnel management|Government studies and investigations|Immigration status and procedures|Science and engineering education|User charges and fees|Visas and passports|Wages and earnings",1.0,enforcement,wage_hour,"The bill strengthens enforcement of wage obligations for private employers sponsoring H-1B and L-1 visas by increasing penalties for displacing U.S. workers, mandating compliance audits, and establishing liability for lost wages and benefits.",1,enforcement,wage_hour,"The bill increases employer penalties for displacing U.S. workers and holds employers liable for lost wages and benefits, directly affecting private employer wage obligations.",1,enforcement,wage_hour,"The bill imposes direct wage and benefit obligations on private employers hiring H-1B and L-1 visa workers, including prevailing wage requirements, prohibitions on displacing U.S. workers, and liability to harmed employees for lost wages and benefits."
s852-115,"A bill to amend the Internal Revenue Code of 1986 to protect older, longer service and grandfathered participants in defined benefit plans.",Retirement Security Preservation Act of 2017,Taxation,Employee benefits and pensions|Income tax deferral,1.0,enforcement,pension,"The bill modifies nondiscrimination and participation requirements for defined benefit retirement plans under the Internal Revenue Code, directly regulating private employer obligations regarding pension plan structures and compliance.",1,enforcement,pension,"Modifies nondiscrimination requirements for defined benefit plans, affecting private employer obligations under ERISA Title I.",1,enforcement,pension,"Modifies ERISA-related nondiscrimination and minimum participation requirements for private employer-sponsored defined benefit plans, directly affecting employer obligations as pension plan sponsors."
hr1848-114,To amend the Fair Labor Standards Act of 1938 to prohibit employment of children in tobacco-related agriculture by deeming such employment as oppressive child labor.,,Labor and Employment,"Drug, alcohol, tobacco use|Labor standards|Migrant, seasonal, agricultural labor|Worker safety and health|Youth employment and child labor",1.0,enforcement,wage_hour,"The bill amends the Fair Labor Standards Act to prohibit private employers from employing children in tobacco-related agriculture, directly regulating private employer conduct regarding child labor obligations.",1,enforcement,wage_hour,"Amends the FLSA to classify employment of minors in tobacco-related agriculture as oppressive child labor, directly regulating private employer wage and hour obligations.",1,enforcement,wage_hour,"Amends the FLSA to expand the definition of oppressive child labor by prohibiting employment of minors under 18 in tobacco-related agriculture, directly strengthening private employer child labor obligations under federal wage and hour law."
s2497-114,"A bill to amend the Securities Exchange Act of 1934 to provide protections for retail customers, and for other purposes.",Retail Investor Protection Act of 2016,Finance and Financial Sector,Administrative law and regulatory procedures|Banking and financial institutions regulation|Congressional oversight|Department of Labor|Employee benefits and pensions|Financial services and investments|Government information and archives|Securities and Exchange Commission (SEC),1.0,enforcement,pension,"The bill regulates the definition of fiduciary duties under ERISA for retirement plans, directly affecting the conduct obligations of private employers and financial advisors regarding employee pension assets.",,,,"The bill addresses regulatory standards for brokers and dealers under the Securities Exchange Act and does not impose obligations on private employers regarding wage, hour, or benefit obligations.",1,enforcement,pension,"The bill directly affects the stringency of ERISA fiduciary obligations by blocking the Department of Labor from implementing regulations that would define when individuals are considered fiduciaries with respect to employee retirement plans, thereby weakening private employer obligations under ERISA Title I."
hr3595-115,"To amend the Internal Revenue Code of 1986 to provide a credit to employers who provide paid family and medical leave, and for other purposes.",Strong Families Act,Taxation,Congressional oversight|Employee benefits and pensions|Employee leave|Government studies and investigations|Income tax credits|Wages and earnings,1.0,tax_credit_introduction,wage_hour,"Introduces a new tax credit incentivizing private employers to provide paid family and medical leave, which relates to employer obligations regarding employee leave and wage continuation during such leave.",1,tax_credit_introduction,wage_hour,"Introduces a new tax credit incentivizing private employers to provide paid family and medical leave, relating to FMLA-adjacent employer conduct.",1,tax_credit_introduction,wage_hour,"Introduces a new tax credit incentivizing private employers to voluntarily provide paid family and medical leave to employees, directly relating to FMLA-adjacent employer wage and benefit conduct."
hr3460-112,To amend the Internal Revenue Code of 1986 to allow temporarily a reduced rate of tax with respect to repatriated foreign earnings.,American Jobs First Act of 2011,Taxation,"Foreign and international corporations|Income tax deductions|Interest, dividends, interest rates|Taxation of foreign income|Wages and earnings",1.0,tax_credit_introduction,wage_hour,"The bill introduces a tax deduction (functioning as a tax credit) for domestic corporations that increase their payroll, directly incentivizing private employers to hire or retain workers, which aligns with wage-related employer conduct.",,,,"The bill primarily addresses tax deductions related to repatriated foreign earnings and does not impose or modify private employer wage, hour, or benefit obligations.",,,,"Bill provides tax incentives for repatriating foreign earnings tied to domestic payroll increases, but does not regulate private employer wage, hour, or benefit obligations or introduce credits specifically for improving wage/hour/benefit compliance."
hr100-113,"To amend title 11, United States Code, to improve protections for employees and retirees in business bankruptcies.",Protecting Employees and Retirees in Business Bankruptcies Act of 2013,Finance and Financial Sector,Bankruptcy|Corporate finance and management|Employee benefits and pensions|Health care costs and insurance|Labor-management relations|Securities|Unemployment|Wages and earnings,1.0,enforcement,pension,"The bill amends bankruptcy law to strengthen protections for private employer obligations regarding pension benefits, retiree health benefits, and wages, specifically by increasing priority claim limits for wages and benefit plan contributions and requiring recovery of pension shortfalls.",1,enforcement,pension,"The bill amends bankruptcy law to enhance protections for employee and retiree benefits, including pension claims, during business bankruptcies, directly impacting private employer obligations under ERISA.",1,enforcement,wage_hour,"Strengthens protections for private employer obligations to employees and retirees in bankruptcy by increasing priority wage claim limits, requiring severance pay as administrative expenses, imposing restrictions on collective bargaining agreement rejections, and mandating consideration of job preservation and benefit assumptions in asset sales."
hr2656-112,"To amend the Internal Revenue Code of 1986 and the Employee Retirement Income Security Act of 1974 to make technical modifications relating to the Worker, Retiree, and Employer Recovery Act of 2008 and the Preservation of Access to Care for Medicare Beneficiaries and Pension Relief Act of 2010.",Pension Technical Modifications Act,Labor and Employment,Employee benefits and pensions,1.0,enforcement,pension,"The bill amends ERISA and the Internal Revenue Code to modify minimum funding requirements, shortfall amortization bases, and benefit accrual limits for single-employer defined benefit pension plans, directly imposing mandatory obligations on private employers as plan sponsors.",1,enforcement,pension,"The bill amends ERISA to modify the minimum funding requirements and other technical aspects of single-employer defined benefit pension plans, directly affecting private employer obligations as plan sponsors.",1,enforcement,pension,"Amends ERISA and the Internal Revenue Code to modify minimum funding requirements, contribution calculations, and benefit accrual limits for private employer-sponsored defined benefit pension plans, directly affecting employer obligations under ERISA Title I."
hr1213-116,To provide compensation for Federal contractors impacted by a lapse in appropriations.,Federal Contract Worker Fairness Act,Government Operations and Politics,Appropriations|Executive agency funding and structure|Public contracts and procurement|Wages and earnings,1.0,enforcement,wage_hour,"The bill imposes a direct wage obligation on private employers (federal contractors) to compensate workers for hours worked during a lapse in appropriations, aligning with prevailing wage and wage payment requirements.",,,,"The bill addresses compensation for federal contract workers during government shutdowns, which does not impose new wage or benefit obligations on private employers.",,,,"Bill requires the federal government to compensate federal contract workers during appropriations lapses, addressing government payment obligations rather than private employer wage, hour, or benefit violations."
hr2676-114,"To amend the Internal Revenue Code of 1986 to permanently extend the tax treatment for certain build America bonds, and for other purposes.",Build America Bonds Act of 2015,Taxation,Economic development|Floods and storm protection|Income tax credits|Public transit|Securities|State and local finance|Transportation programs funding,1.0,enforcement,wage_hour,"The bill makes federal wage rate requirements applicable to Build America Bonds, imposing prevailing wage obligations on private contractors and subcontractors working on federally-funded projects.",,,,"The bill primarily addresses tax treatment and funding mechanisms for build America bonds, with no direct impact on private employer wage, hour, or benefit obligations.",,,,"Bill concerns tax treatment and issuance rules for municipal bonds used to finance public infrastructure projects; it does not regulate private employer wage, hour, or benefit obligations."
hr4505-115,"To amend the Fair Labor Standards Act of 1938 to establish a minimum salary threshold for bona fide executive, administrative, and professional employees exempt from Federal overtime compensation requirements, and automatically update such threshold every 3 years.",Restoring Overtime Pay Act of 2017,Labor and Employment,Administrative law and regulatory procedures|Department of Labor|Labor standards|Wages and earnings,1.0,enforcement,wage_hour,"The bill amends the Fair Labor Standards Act to establish and update the salary threshold for overtime exemptions, directly regulating private employer obligations regarding overtime pay.",1,enforcement,wage_hour,"Establishes and updates the minimum salary threshold for overtime exemption under the FLSA, directly affecting private employer wage obligations.",1,enforcement,wage_hour,"The bill strengthens FLSA overtime protections by raising the salary threshold for white-collar exemptions and mandating automatic updates, directly expanding private employer wage obligations."
hr2095-115,"To amend the Fair Labor Standards Act of 1938 to prohibit discrimination in the payment of wages on account of sex, race, or national origin, and for other purposes.",Fair Pay Act of 2017,Labor and Employment,"Civil actions and liability|Employment discrimination and employee rights|Government information and archives|Government studies and investigations|Legal fees and court costs|Racial and ethnic relations|Sex, gender, sexual orientation discrimination|Wages and earnings",1.0,enforcement,wage_hour,"Amends the Fair Labor Standards Act to prohibit wage discrimination based on sex, race, or national origin and restricts employer retaliation against employees discussing wages, directly regulating private employer wage obligations.",1,enforcement,wage_hour,"Amends the FLSA to prohibit wage discrimination based on sex, race, or national origin, directly regulating private employer wage obligations.",1,enforcement,wage_hour,"Amends the FLSA to prohibit wage discrimination based on sex, race, or national origin and allows compensatory/punitive damages, directly strengthening private employer wage obligations."
s2124-114,"A bill to establish a Federal tax credit approximation matching program for State new jobs training tax credits, and for other purposes.",New Skills for New Jobs Act,Taxation,Education programs funding|Employment and training programs|Higher education|Income tax credits|Licensing and registrations|State and local taxation,1.0,tax_credit_introduction,wage_hour,"The bill introduces a federal tax credit approximation matching program for state new jobs training tax credits, which qualifies as a tax credit specifically tied to employer-provided job training.",,,,"The bill establishes a tax credit matching program for state new jobs training tax credits, focusing on education and training rather than private employer wage or benefit obligations.",1,tax_credit_introduction,wage_hour,"Introduces a federal tax credit matching program tied to employer-provided job training for new hires, incentivizing private employers to invest in workforce training programs that qualify under state new jobs tax credit schemes."
s254-114,A bill to lower health premiums and increase choice for small businesses.,Small Business Health Relief Act of 2015,Health,Comprehensive health care|Employee benefits and pensions|Health care costs and insurance|Health care coverage and access|Income tax deductions|Sales and excise taxes|Small business|Wages and earnings,1.0,enforcement,healthcare,"The bill repeals the ACA employer mandate penalties and reporting requirements for large employers, directly altering the statutory obligations of private employers regarding the provision of employer-sponsored group health insurance coverage.",,,,"The bill primarily addresses health insurance market rules and tax provisions, not private employer wage or benefit obligations under ERISA or FLSA.",1,enforcement,healthcare,"Repeals multiple PPACA and ERISA-related provisions that impose obligations on private employers as sponsors of group health plans, including employer mandate penalties, small group market deductible limits, and grandfathered plan restrictions, thereby weakening employer healthcare benefit obligations."
hr5802-113,"To amend the Employee Retirement Income Security Act of 1974 to permit multiemployer plans in critical status to modify plan rules relating to withdrawal liability, and for other purposes.",,Labor and Employment,Corporate finance and management|Employee benefits and pensions,1.0,enforcement,pension,"Amends ERISA to modify rules regarding employer withdrawal liability for multiemployer pension plans in critical status, directly regulating private employer obligations related to retirement benefit plans.",1,enforcement,pension,"Amends ERISA to allow multiemployer pension plans in critical status to modify withdrawal liability rules, affecting private employer obligations as plan sponsors.",1,enforcement,pension,"Amends ERISA to modify withdrawal liability rules for multiemployer pension plans in critical status, directly affecting private employer obligations under defined benefit pension plans."
hr3628-115,To amend the Internal Revenue Code of 1986 to allow employers a credit against income tax for employees who participate in qualified apprenticeship programs.,LEAP Act,Taxation,Employment and training programs|Income tax credits,1.0,tax_credit_introduction,wage_hour,"Introduces a tax credit for employers who hire employees into qualified apprenticeship programs, which qualifies as a credit specifically tied to employer-provided job training.",,,,"The bill introduces a tax credit for employers hiring apprentices, which incentivizes hiring decisions but does not directly relate to wage, hour, or benefit obligations of private employers.",1,tax_credit_introduction,wage_hour,"Introduces a new tax credit incentivizing private employers to hire apprenticeship employees, relating to employer-provided job training programs which qualify as wage-hour conduct under the category definition."
s868-115,A bill to amend the Employee Retirement Income Security Act of 1974 to require a lifetime income disclosure.,Lifetime Income Disclosure Act,Labor and Employment,Administrative law and regulatory procedures|Department of Labor|Employee benefits and pensions|Government information and archives,1.0,enforcement,pension,"Amends ERISA to impose a mandatory disclosure obligation on private employers as plan sponsors regarding pension benefit statements, directly regulating employer conduct related to retirement benefit plans.",1,enforcement,pension,"Requires private employers to include a lifetime income disclosure in pension benefit statements under ERISA, imposing a new administrative obligation on plan sponsors.",1,enforcement,pension,"Amends ERISA to impose new mandatory disclosure obligations on private employers as pension plan administrators, requiring them to provide lifetime income stream equivalents on benefit statements."
hr2109-112,"To provide for each American the opportunity to provide for his or her retirement through a S.A.F.E. account, and for other purposes.",Savings Account for Every American Act of 2011,Labor and Employment,"Employee benefits and pensions|Government employee pay, benefits, personnel management|Government information and archives|Government studies and investigations|Health care costs and insurance|Income tax deductions|Income tax exclusion|Life, casualty, property insurance|Long-term, rehabilitative, and terminal care|Self-employed|Social security and elderly assistance|Veterans' pensions and compensation",1.0,enforcement,pension,"The bill imposes mandatory obligations on private employers to establish payroll deduction programs and provide matching contributions for retirement accounts, directly regulating private employer conduct regarding employee retirement benefits.",1,enforcement,pension,"Requires private employers to establish payroll deduction programs and make matching contributions to employee S.A.F.E. accounts, imposing new obligations related to retirement benefit plans.",1,enforcement,pension,"Imposes mandatory obligations on private employers to establish payroll deduction programs for employee retirement contributions and to make matching contributions after 15 years, with penalties for noncompliance—directly regulating private employer retirement benefit conduct under a new retirement savings framework."
hr5325-113,"To amend the Internal Revenue Code of 1986 to provide tax incentives to meet the needs of the American manufacturing workforce, and for other purposes.",American Manufacturing Workforce Act of 2014,Taxation,Adult education and literacy|Employee benefits and pensions|Employment and training programs|Income tax credits|Industrial policy and productivity|Manufacturing|Student aid and college costs|Vocational and technical education,1.0,tax_credit_introduction,wage_hour,"Introduces a tax credit for employer-provided job training expenses, which qualifies under the specific exception for credits tied to employer-provided training.",1,tax_credit_introduction,wage_hour,"Introduces tax credits for employer-provided job training programs in the manufacturing sector, incentivizing private employers to enhance workforce skills, which relates to wage and hour obligations.",1,tax_credit_introduction,wage_hour,"Introduces new tax credits for employer-provided manufacturing job training expenses, incentivizing private employers to invest in worker skill development programs."
hr5272-114,"To amend the Religious Freedom Restoration Act of 1993 to protect civil rights and otherwise prevent meaningful harm to third parties, and for other purposes.",Do No Harm Act,"Civil Rights and Liberties, Minority Issues","Crimes against women|Disability and health-based discrimination|Employee leave|Employment discrimination and employee rights|First Amendment rights|Health care coverage and access|Housing discrimination|Labor-management relations|Religion|Sex, gender, sexual orientation discrimination|Wages and earnings|Youth employment and child labor",1.0,enforcement,wage_hour,"The bill prevents employers from using the Religious Freedom Restoration Act to evade federal laws requiring them to provide wages, compensation, benefits, or leave, thereby enforcing private employer obligations under statutes like the FLSA and FMLA.",1,enforcement,wage_hour,"The bill makes RFRA inapplicable to federal laws requiring employers to provide wages, compensation, or benefits, directly affecting private employer wage and benefit obligations.",1,enforcement,wage_hour,"The bill explicitly makes RFRA inapplicable to federal laws requiring employers to provide wages, compensation, benefits, and leave (including FMLA), and to laws protecting against employment discrimination and child labor, thereby strengthening enforcement of private employer wage, hour, and benefit obligations by removing a potential religious exemption defense."
s1777-115,A bill to amend the Internal Revenue Code of 1986 to impose an excise tax on employers with low-wage employees.,Corporate Responsibility Fee Act of 2017,Taxation,Corporate finance and management|Employee benefits and pensions|Health care costs and insurance|Health care coverage and access|Poverty and welfare assistance|Sales and excise taxes|Wages and earnings,1.0,tax_credit_introduction,wage_hour,"The bill imposes an excise tax on employers with low-wage employees but reduces the tax liability for those who provide health and retirement benefits, effectively creating a tax incentive (credit mechanism) for private employers to offer benefits to low-wage workers.",1,tax_credit_introduction,wage_hour,"Introduces an excise tax on employers with low-wage employees, reduced for those providing health and retirement benefits, incentivizing better wage and benefit practices.",1,enforcement,wage_hour,"Imposes an excise tax on private employers who pay wages below 218% of the federal poverty line, directly penalizing low-wage employer conduct and thereby strengthening wage-related obligations."
hr3162-112,"To prohibit the Secretary of Labor from implementing certain rules relating to employment of aliens described in section 101(a)(15)(H)(ii)(b) of the Immigration and Nationality Act, and for other purposes.",,Labor and Employment,Administrative law and regulatory procedures|Department of Labor|Foreign labor|Temporary and part-time employment|Wages and earnings,1.0,enforcement,wage_hour,"The bill regulates the methodology for determining prevailing wages for H-2B temporary workers and other alien labor certifications, directly imposing wage obligations on private employers who hire these workers.",,,,"The bill primarily addresses regulatory procedures for foreign labor certification and does not impose new wage, hour, or benefit obligations on private employers.",1,enforcement,wage_hour,"Prohibits the Secretary of Labor from implementing wage methodology rules for H-2B temporary workers and mandates specific prevailing wage calculation methods, directly affecting private employer wage obligations under federal labor certification programs."
hr1121-115,"To amend the Public Health Service Act to prohibit application of pre-existing condition exclusions and to guarantee availability of health insurance coverage in the individual and group market, contingent on the enactment of legislation repealing the Patient Protection and Affordable Care Act, and for other purposes.",Pre-existing Conditions Protection Act of 2017,Health,Disability and health-based discrimination|Employee benefits and pensions|Genetics|Health care costs and insurance|Health care coverage and access|Health information and medical records|Health promotion and preventive care|Insurance industry and regulation|Medical tests and diagnostic methods,1.0,enforcement,healthcare,"The bill amends ERISA to impose specific coverage and non-discrimination obligations on employer-sponsored group health plans regarding pre-existing conditions, directly regulating private employer conduct as plan sponsors.",1,enforcement,healthcare,"Amends ERISA to maintain requirements for employer-sponsored group health plans to cover pre-existing conditions and prohibit discrimination based on health status, directly imposing obligations on private employers as plan sponsors.",1,enforcement,healthcare,"The bill amends ERISA and other statutes to maintain employer-sponsored group health plan obligations regarding preexisting condition coverage, guaranteed issue, and nondiscrimination requirements, directly regulating private employer conduct as plan sponsors."
s818-116,A bill to exempt certain 16- and 17-year-old individuals employed in logging operations from child labor laws.,Future Logging Careers Act,Labor and Employment,"Child safety and welfare|Family relationships|Forests, forestry, trees|Labor standards|Worker safety and health|Youth employment and child labor",1.0,enforcement,wage_hour,"The bill amends child labor provisions under the Fair Labor Standards Act (FLSA) by creating an exemption for 16- and 17-year-olds working in family-owned logging operations, directly regulating private employer obligations regarding youth employment and wage/hour compliance.",1,enforcement,wage_hour,"Exempts certain 16- and 17-year-olds from child labor laws in logging operations, directly affecting private employer obligations under FLSA child labor provisions.",1,enforcement,wage_hour,"Amends FLSA child labor provisions by creating a new exemption for 16- and 17-year-olds in family-owned logging operations, directly weakening existing private employer child labor obligations."
hr2443-113,To amend the Internal Revenue Code of 1986 to exempt certain educational institutions from the employer health insurance mandate.,Safeguarding Children Harmed by Obamacare's Onerous Levies Act,Taxation,"Comprehensive health care|Elementary and secondary education|Employee benefits and pensions|Health care costs and insurance|Health care coverage and access|Higher education|Sales and excise taxes|Teaching, teachers, curricula",1.0,enforcement,healthcare,"The bill amends the Internal Revenue Code to exempt certain educational institutions from the ACA employer mandate, directly altering the private employer obligation to provide health insurance coverage to employees.",,,,"The bill exempts certain educational institutions from the employer health insurance mandate, which does not impose new obligations on private employers but rather reduces existing ones for specific entities.",1,enforcement,healthcare,"Exempts certain educational institutions from the ACA employer mandate, directly weakening private employer obligations to provide group health coverage under ERISA-related provisions."
hr1981-114,To amend the Fair Labor Standards Act of 1938 to provide that an employee's `regular rate' for purposes of calculating overtime compensation will not be affected by certain additional payments.,Employee Bonus Protection Act,Labor and Employment,Labor standards|Wages and earnings,1.0,enforcement,wage_hour,"Amends the Fair Labor Standards Act to define which payments are excluded from the regular rate for overtime calculations, directly regulating private employer wage obligations regarding overtime compensation.",1,enforcement,wage_hour,"Amends the FLSA to exclude certain bonus payments from the regular rate calculation for overtime, affecting private employer wage obligations.",1,enforcement,wage_hour,"Amends the FLSA to modify how private employers calculate overtime compensation by excluding certain bonus payments from the regular rate, directly affecting employer wage and hour obligations."
s38-114,A bill to ensure that long-term unemployed individuals are not taken into account for purposes of the employer health care coverage mandate.,Helping Individuals Regain Employment Act,Taxation,Employee benefits and pensions|Health care costs and insurance|Health care coverage and access|Sales and excise taxes|Unemployment,1.0,enforcement,healthcare,"The bill modifies the definition of 'full-time employee' for the ACA employer mandate, directly altering the scope of private employer obligations to provide minimum essential health care coverage.",,,,"The bill modifies the definition of 'full-time employee' for the employer healthcare coverage mandate, but it does not impose new obligations on private employers regarding wage, hour, or benefit compliance.",1,enforcement,healthcare,"Amends the ACA employer mandate by exempting long-term unemployed individuals from full-time employee counts, directly weakening private employer obligations under ERISA-related group health plan requirements."
hr1538-113,"To provide incentives to encourage financial institutions and small businesses to provide continuing financial education to customers, borrowers, and employees, and for other purposes.",National Financial Literacy Act of 2013,Finance and Financial Sector,Administrative law and regulatory procedures|Banking and financial institutions regulation|Consumer credit|Credit and credit markets|Department of the Treasury|Employee benefits and pensions|Federal Deposit Insurance Corporation (FDIC)|Federal Reserve System|Financial literacy|Financial services and investments|Income tax credits|National Credit Union Administration|Small business,1.0,tax_credit_introduction,wage_hour,"The bill introduces a tax credit for small businesses to provide continuing financial education to employees, which qualifies as a credit specifically tied to employer-provided job training.",1,tax_credit_introduction,wage_hour,"Introduces a tax credit for small businesses providing financial education to employees, incentivizing employer-provided training, which relates to wage and hour obligations.",,,,"Bill provides tax credits for financial literacy education to customers and employees, which is general workforce development policy rather than regulation of private employer wage, hour, or benefit obligations."
hr4763-114,"To amend the Fair Labor Standards Act of 1938 and the Portal-to-Portal Act of 1947 to prevent wage theft and assist in the recovery of stolen wages, to authorize the Secretary of Labor to administer grants to prevent wage and hour violations, and for other purposes.",Wage Theft Prevention and Wage Recovery Act,Labor and Employment,"Alternative dispute resolution, mediation, arbitration|Civil actions and liability|Community life and organization|Congressional oversight|Criminal investigation, prosecution, interrogation|Employment discrimination and employee rights|Government studies and investigations|Labor standards|Personnel records|Wages and earnings",1.0,enforcement,wage_hour,"The bill amends the Fair Labor Standards Act to strengthen private employer obligations regarding wage payments, overtime compensation, and whistleblower protections, directly targeting wage theft and non-compliance.",1,enforcement,wage_hour,"The bill amends the FLSA to enhance enforcement against wage theft, increase penalties for violations, and require employer disclosures, directly tightening private employer wage obligations.",1,enforcement,wage_hour,"The bill substantially strengthens FLSA enforcement by increasing damages for wage violations, extending statutes of limitations, requiring detailed wage disclosures, prohibiting arbitration waivers for wage claims, and establishing grant programs for wage and hour enforcement—all directly tightening private employer wage and hour obligations."
hr4591-111,"To promote labor force participation of older Americans, with the goals of increasing retirement security, reducing the projected shortage of experienced workers, maintaining future economic growth, and improving the Nation's fiscal outlook.",Older Worker Opportunity Act of 2010,Taxation,Advisory bodies|Aging|Employee benefits and pensions|Executive agency funding and structure|Health care costs and insurance|Health care coverage and access|Income tax credits|Wages and earnings,1.0,tax_credit_introduction,wage_hour,"Introduces a tax credit for private employers who pay wages to older workers participating in flexible work programs, incentivizing specific wage and employment practices.",1,tax_credit_introduction,wage_hour,"Introduces a tax credit for employers who provide health and retirement benefits to older workers, incentivizing private employer wage and benefit obligations.",1,tax_credit_introduction,wage_hour,"Introduces a new tax credit for private employers who pay wages to older workers in flexible work programs, incentivizing employment practices related to worker compensation and retention."
hr6453-111,To repeal provisions of the recently enacted health care reform law that prohibit the establishment of lifetime limits on health benefits.,Third Health Insurance Protects America--Can't Repeal IT (HIPA-CRIT) Act,Health,Comprehensive health care|Health care costs and insurance|Health care coverage and access,1.0,enforcement,healthcare,"The bill modifies the Patient Protection and Affordable Care Act to allow health plans (including employer-sponsored group health plans under ERISA) to establish lifetime limits on benefits, directly altering the coverage obligations of private employers as plan sponsors.",1,enforcement,healthcare,"Repeals ACA provisions that prohibit lifetime limits on employer-sponsored group health plans, affecting private employer obligations under ERISA.",1,enforcement,healthcare,"Weakens ERISA and ACA requirements by removing the prohibition on lifetime benefit limits in employer-sponsored group health plans, directly reducing private employer obligations as plan sponsors."
hr2654-113,"To prohibit discrimination on the basis of military service, and for other purposes.",Veterans and Servicemembers Employment Rights and Housing Act of 2013,Armed Forces and National Security,"Employee hiring|Employment and training programs|Employment discrimination and employee rights|Evidence and witnesses|Housing discrimination|Labor-management relations|Marketing and advertising|National Guard and reserves|Veterans' education, employment, rehabilitation",1.0,enforcement,wage_hour,"The bill prohibits private employers from discriminating against employees based on military service, including in hiring, discharge, and compensation terms, which directly regulates private employer conduct regarding employment rights and wage-related terms under anti-discrimination statutes.",,,,"The bill addresses employment and housing discrimination based on military service, not private employer wage, hour, or benefit obligations.",1,enforcement,wage_hour,"The bill prohibits private employers from discriminating against employees or applicants based on military service, including discharge, hiring, and terms of employment, which directly regulates private employer conduct under employment discrimination law analogous to wage and hour protections."
hr5918-114,To establish requirements for participants in the peer-to-peer economy to be considered independent contractors and not employees for purposes of several employment-related statutes.,,Labor and Employment,Employee leave|Internet and video services|Labor standards|Labor-management relations|Service industries|Telephone and wireless communication|Wages and earnings,1.0,enforcement,wage_hour,"The bill directly regulates private employer obligations by establishing criteria for classifying peer-to-peer economy workers as independent contractors rather than employees, thereby exempting them from FLSA wage/hour protections and FMLA leave requirements.",1,enforcement,wage_hour,"The bill exempts individuals in the peer-to-peer economy from being classified as employees under FLSA and FMLA, affecting wage, hour, and leave obligations of private employers.",1,enforcement,wage_hour,"Exempts peer-to-peer economy workers from FLSA wage/hour protections and FMLA leave requirements by classifying them as independent contractors rather than employees, directly weakening private employer obligations under these statutes."
hr1677-114,To amend the Employee Retirement Income Security Act of 1974 to ensure health care coverage value and transparency for dental benefits under group health plans.,Dental Insurance Fairness Act of 2015,Health,Dental care|Employee benefits and pensions|Health care costs and insurance|Health care coverage and access,1.0,enforcement,healthcare,"Amends ERISA to impose specific coverage value and transparency requirements on employer-sponsored group health plans regarding dental benefits, directly regulating private employer obligations as plan sponsors.",1,enforcement,healthcare,"Amends ERISA to impose coverage value requirements for dental benefits under self-insured group health plans, creating new obligations for private employers as plan sponsors.",1,enforcement,healthcare,"Amends ERISA to impose new coverage value and transparency requirements on self-insured group health plans offering dental benefits, directly regulating private employer obligations as plan sponsors."
s1334-112,"A bill to amend the Small Business Act to ensure that certain Federal contracts are set aside for small businesses, to enhance services to small businesses that are disadvantaged, and for other purposes.",Expanding Opportunities for Main Street Act of 2011,Commerce,Building construction|Employment and training programs|Government information and archives|Government lending and loan guarantees|Government liability|Income tax credits|Infrastructure development|Minority and disadvantaged businesses|Public contracts and procurement|Small business,1.0,enforcement,wage_hour,"The bill directs the Secretary of Labor to establish minimum percentages of construction work hours for targeted workers on federally funded projects, which imposes direct wage and employment obligations on private contractors and subcontractors.",,,,"The bill primarily addresses federal procurement and contracting opportunities for small and disadvantaged businesses, not private employer wage or benefit obligations.",1,enforcement,wage_hour,"Requires a minimum percentage of construction work hours on federally-funded projects to be performed by targeted workers, imposing prevailing wage-type obligations on private contractors similar to Davis-Bacon requirements."
hr2619-114,"To amend the Internal Revenue Code of 1986 to provide a tax credit to Patriot employers, and for other purposes.",Patriot Employer Tax Credit Act,Taxation,"Disability and paralysis|Employee benefits and pensions|Employee hiring|Employment and training programs|Income tax credits|Income tax deductions|Interest, dividends, interest rates|Labor standards|Taxation of foreign income|Veterans' education, employment, rehabilitation|Wages and earnings",1.0,tax_credit_introduction,wage_hour,"Introduces a tax credit for 'Patriot employers' that incentivizes private employers to meet specific wage thresholds (156% of federal poverty level) and provide retirement benefits, directly linking tax incentives to employer wage and benefit conduct.",1,tax_credit_introduction,wage_hour,"Introduces a tax credit for employers who meet specific wage, healthcare, and retirement benefit criteria, incentivizing compliance with wage and benefit obligations.",1,tax_credit_introduction,wage_hour,"Introduces a new tax credit incentivizing private employers to meet specified wage thresholds, provide retirement and health benefits, and maintain domestic employment levels, directly relating to employer wage, hour, and benefit conduct."
hr2317-114,To amend the Employee Retirement Income Security Act of 1974 to require a lifetime income disclosure.,Lifetime Income Disclosure Act,Labor and Employment,Administrative law and regulatory procedures|Department of Labor|Employee benefits and pensions|Government information and archives,1.0,enforcement,pension,"Amends ERISA to impose new mandatory disclosure obligations on private employers as plan sponsors regarding retirement benefits, directly regulating employer conduct related to pension/retirement plans.",1,enforcement,pension,"Amends ERISA to require private employers to provide a lifetime income disclosure in pension benefit statements, imposing a new disclosure obligation on plan sponsors.",1,enforcement,pension,"Amends ERISA to impose new disclosure obligations on private employers as sponsors of individual account retirement plans, requiring them to provide lifetime income stream equivalents on participant benefit statements."
hr5372-113,"To amend the Internal Revenue Code of 1986 to provide a tax credit to Patriot employers, and for other purposes.",Patriot Employer Tax Credit Act,Taxation,"Disability and paralysis|Employee benefits and pensions|Employee hiring|Employment and training programs|Income tax credits|Income tax deductions|Interest, dividends, interest rates|Labor standards|Taxation of foreign income|Veterans' education, employment, rehabilitation|Wages and earnings",1.0,tax_credit_introduction,wage_hour,"Introduces a tax credit for 'Patriot employers' that incentivizes private employers to meet specific wage thresholds (150% of federal poverty level) and provide retirement benefits, directly linking tax incentives to employer wage and benefit conduct.",1,tax_credit_introduction,wage_hour,"Introduces a tax credit for employers who meet specific wage and benefit criteria, including providing differential wage payments to employees in the Uniformed Services, which relates to private employer wage obligations.",1,tax_credit_introduction,wage_hour,"Introduces a new tax credit incentivizing private employers to meet specified wage thresholds, provide retirement benefits, maintain health coverage, and provide differential pay to military service members—all relating to private employer wage, hour, and benefit obligations."
hr6325-114,"To establish an independent advisory committee to review certain regulations, and for other purposes.",Workforce Regulatory Review Act of 2016,Government Operations and Politics,,1.0,enforcement,wage_hour,"The bill establishes a commission to review and recommend the repeal or modification of regulations governing private employer obligations regarding wages, hours, and employee health, directly affecting the stringency of enforcement for these categories.",,,,"The bill establishes a commission to review and recommend changes to regulations, but does not directly impose or modify private employer wage, hour, or benefit obligations.",1,enforcement,wage_hour,"Establishes a commission to review and recommend repeal or modification of regulations governing wages, hours, and workplace matters with the explicit goal of reducing regulatory requirements by one-third, directly weakening private employer wage and hour obligations."
s984-112,A bill to allow Americans to earn paid sick time so that they can address their own health needs and the health needs of their families.,Healthy Families Act,Labor and Employment,"Civil actions and liability|Congressional oversight|Domestic violence and child abuse|Employee leave|Employment discrimination and employee rights|Government employee pay, benefits, personnel management|Government information and archives|Government liability|Government studies and investigations|Sex offenses|State and local government operations",1.0,enforcement,wage_hour,"The bill mandates that private employers provide paid sick time, directly imposing new wage and leave obligations on non-governmental employers.",1,enforcement,wage_hour,"Mandates that private employers provide paid sick time, directly imposing new wage and hour obligations on employers.",1,enforcement,wage_hour,"Mandates that private employers with 15+ employees provide paid sick time accrual (1 hour per 30 hours worked), creating new wage and hour obligations enforceable through civil actions and federal agency investigations."
hr377-113,"To amend the Fair Labor Standards Act of 1938 to provide more effective remedies to victims of discrimination in the payment of wages on the basis of sex, and for other purposes.",Paycheck Fairness Act,Labor and Employment,"Civil actions and liability|Employment discrimination and employee rights|Government information and archives|Government studies and investigations|Public contracts and procurement|Racial and ethnic relations|Sex, gender, sexual orientation discrimination|Small business|Wages and earnings|Women's employment",1.0,enforcement,wage_hour,"The bill amends the Fair Labor Standards Act (Equal Pay Act) to strengthen prohibitions against sex-based wage discrimination, revise employer defenses, and enhance remedies and enforcement mechanisms for private employers.",1,enforcement,wage_hour,"Amends the FLSA to strengthen enforcement and remedies for sex-based wage discrimination, directly impacting private employer wage obligations.",1,enforcement,wage_hour,"Strengthens FLSA Equal Pay Act enforcement by narrowing employer defenses to sex-based wage differentials, expanding remedies including punitive damages, and prohibiting retaliation for wage disclosure—all directly tightening private employer wage obligations."
hr1072-115,"To repeal provisions of the Patient Protection and Affordable Care Act and provide private health insurance reform, and for other purposes.",Obamacare Replacement Act,Health,"Abortion|Accounting and auditing|Administrative law and regulatory procedures|Administrative remedies|Advisory bodies|Bank accounts, deposits, capital|Bankruptcy|Child health|Competition and antitrust|Congressional oversight|Contracts and agency|Department of Labor|Employee benefits and pensions|Employment taxes|Federal preemption|Fraud offenses and financial crimes|Government information and archives|Health care costs and insurance|Health care coverage and access|Health personnel|Income tax credits|Income tax deductions|Insurance industry and regulation|Intergovernmental relations|Licensing and registrations|Medicaid|Medicare|Nutrition and diet|Physical fitness and lifestyle|Prescription drugs|Sales and excise taxes|Small business|Social work, volunteer service, charitable organizations|Sports and recreation facilities|State and local government operations|State and local taxation|Tax administration and collection, taxpayers|User charges and fees",1.0,enforcement,healthcare,"The bill amends ERISA to repeal requirements for employer-sponsored group health plans to cover preexisting conditions and prohibits lifetime or annual limits on benefits, directly altering the mandatory coverage obligations of private employers as plan sponsors.",1,enforcement,healthcare,"Amends ERISA to modify employer-sponsored group health plan requirements, impacting private employer obligations as plan sponsors.",1,enforcement,healthcare,"The bill repeals and modifies ERISA and ACA provisions governing employer-sponsored group health plans, including coverage requirements and benefit limitations, directly affecting private employer obligations as plan sponsors."
hjres67-115,Disapproving the rule submitted by the Department of Labor relating to savings arrangements established by qualified State political subdivisions for non-governmental employees.,,Labor and Employment,Administrative law and regulatory procedures|Congressional oversight|Department of Labor|Employee benefits and pensions|State and local government operations,1.0,enforcement,pension,"The bill nullifies a DOL rule that would have expanded the exemption for state-run payroll deduction savings programs, thereby affecting whether private employers participating in such programs are considered to have established ERISA-covered pension benefit plans, which directly impacts private employer obligations under ERISA.",1,enforcement,pension,"Nullifies a Department of Labor rule that affects how state political subdivisions can establish payroll deduction savings programs for private-sector employees, impacting private employer obligations under ERISA.",1,enforcement,pension,"Nullifies a DOL rule that would have allowed state political subdivisions to establish auto-enrollment retirement savings programs for private-sector employees without triggering ERISA plan sponsor obligations, thereby affecting the stringency of private employer pension obligations under ERISA."
s219-116,A bill to amend the Internal Revenue Code of 1986 to impose an excise tax on employers with low-wage employees.,Corporate Freeloader Fee Act,Taxation,Corporate finance and management|Employee benefits and pensions|Health care costs and insurance|Health care coverage and access|Poverty and welfare assistance|Sales and excise taxes|Wages and earnings,1.0,tax_credit_introduction,wage_hour,"The bill imposes an excise tax on employers with low-wage employees but reduces this tax (functioning as a credit/incentive) for employers who provide health and retirement benefits, thereby incentivizing private employers to improve wage and benefit levels.",1,tax_credit_introduction,wage_hour,"Introduces an excise tax on employers with low-wage employees, reduced for those providing health and retirement benefits, incentivizing better wage and benefit practices.",1,enforcement,wage_hour,"Imposes an excise tax penalty on private employers who pay wages below 218% of the federal poverty line, directly regulating low-wage employer conduct and incentivizing higher wages through tax enforcement."
hr2161-112,"To amend the Immigration and Nationality Act to promote innovation, investment, and research in the United States, and for other purposes.",IDEA Act of 2011,Immigration,Administrative law and regulatory procedures|Administrative remedies|Business investment and capital|Department of Homeland Security|Department of Labor|Economic development|Education of the disadvantaged|Elementary and secondary education|Employee hiring|Employment and training programs|Employment discrimination and employee rights|Foreign and international corporations|Foreign labor|Government studies and investigations|Government trust funds|Immigration status and procedures|Minority education|Science and engineering education|Small business|Student aid and college costs|Temporary and part-time employment|Unemployment|User charges and fees|Visas and passports|Wages and earnings|Women's education,1.0,enforcement,wage_hour,"The bill revises prevailing wage computation formulas and imposes specific wage requirements and protections for H-1B and L-1 visa holders, directly regulating private employer wage obligations.",,,,"The bill primarily addresses immigration policy, including visa categories and labor certification processes, without directly imposing new wage, hour, or benefit obligations on private employers.",1,enforcement,wage_hour,"The bill revises prevailing wage computation formulas and imposes wage requirements on private employers hiring H-1B and L-1B visa workers, directly regulating private employer wage obligations under immigration labor certification provisions."
s953-113,"A bill to amend the Higher Education Act of 1965 to extend the reduced interest rate for undergraduate Federal Direct Stafford Loans, to modify required distribution rules for pension plans, to limit earnings stripping by expatriated entities, to provide for modifications related to the Oil Spill Liability Trust Fund, and for other purposes.",Student Loan Affordability Act,Taxation,"Budget deficits and national debt|Employee benefits and pensions|Foreign and international corporations|Government lending and loan guarantees|Government trust funds|Higher education|Income tax deductions|Interest, dividends, interest rates|Oil and gas|Pollution liability|Sales and excise taxes|Student aid and college costs|Water quality",1.0,enforcement,pension,"The bill amends the Internal Revenue Code to modify required distribution rules for tax-exempt pension plans, directly regulating private employer obligations regarding retirement benefit plan distributions.",1,enforcement,pension,"Modifies required distribution rules for tax-exempt pension plans, imposing new obligations on private employers as plan sponsors under ERISA Title I.",1,enforcement,pension,"Amends required distribution rules for tax-exempt pension plans under the Internal Revenue Code, imposing new mandatory obligations on private employers as plan sponsors regarding post-death distribution timelines and beneficiary definitions."
s2284-116,"A bill to create a Climate Action Rebate Fund in order to efficiently reduce greenhouse gas emissions, provide a monthly rebate to the American people, encourage innovation of clean energy technologies and create new economic opportunities, ensure the resiliency of our infrastructure, assist with the transition to a clean energy economy, and leave a healthier, more stable, and more prosperous nation for future generations.",Climate Action Rebate Act of 2019,Taxation,"Agricultural conservation and pollution|Air quality|Alternative and renewable resources|Aviation and airports|Border security and unlawful immigration|Buy American requirements|Climate change and greenhouse gases|Coal|Competitiveness, trade promotion, trade deficits|Department of Agriculture|Department of Commerce|Department of Energy|Department of Health and Human Services|Department of Homeland Security|Department of Labor|Department of State|Department of Transportation|Department of Veterans Affairs|Department of the Interior|Economic development|Electric power generation and transmission|Employee benefits and pensions|Employment and training programs|Energy assistance for the poor and aged|Energy efficiency and conservation|Energy prices|Energy storage, supplies, demand|Environmental Protection Agency (EPA)|Environmental technology|Executive agency funding and structure|Export-Import Bank of the United States|Farmland|Floods and storm protection|Foreign aid and international relief|Forests, forestry, trees|Government lending and loan guarantees|Government trust funds|Hazardous wastes and toxic substances|Health facilities and institutions|Health programs administration and funding|Housing and community development funding|Hybrid, electric, and advanced technology vehicles|Income tax credits|Infrastructure development|International law and treaties|International organizations and cooperation|Internet and video services|Land use and conservation|Metals|Mining|Nuclear power|Oil and gas|Public contracts and procurement|Public transit|Railroads|Roads and highways|Rural conditions and development|Sales and excise taxes|Tariffs|Tax administration and collection, taxpayers|Transportation programs funding|U.S. Agency for International Development (USAID)|Veterans' medical care|Wages and earnings|Water quality|Water resources funding",1.0,enforcement,wage_hour,"The bill mandates that all carbon fee revenue spent on infrastructure projects must comply with the Davis-Bacon Act, which imposes prevailing wage obligations on private contractors and subcontractors working on federally-funded projects.",,,,"The bill primarily addresses climate change through carbon fees and rebates, with no direct regulation of private employer wage, hour, or benefit obligations.",1,enforcement,wage_hour,"Bill requires all carbon fee revenue expenditures to comply with Davis-Bacon Act prevailing wage requirements, directly imposing wage obligations on private contractors working on federally-funded projects."
s3221-112,A bill to amend the National Labor Relations Act to permit employers to pay higher wages to their employees.,RAISE Act,Labor and Employment,Employment discrimination and employee rights|Labor-management relations|Wages and earnings,1.0,enforcement,wage_hour,"The bill amends the National Labor Relations Act to explicitly permit private employers to pay wages higher than those specified in collective bargaining agreements, directly regulating private employer wage conduct and compensation obligations.",1,enforcement,wage_hour,"Amends the National Labor Relations Act to allow employers to pay higher wages than those specified in collective bargaining agreements, directly affecting private employer wage obligations.",1,enforcement,wage_hour,"Amends the NLRA to modify private employer wage-setting obligations by explicitly permitting employers to pay above collectively-bargained rates, directly affecting employer wage conduct under federal labor law."
s2190-113,A bill to amend the Internal Revenue Code of 1986 to allow employers to exempt employees with health coverage under TRICARE or the Veterans Administration from being taken into account for purposes of the employer mandate under the Patient Protection and Affordable Care Act.,Hire More Heroes Act of 2014,Taxation,Comprehensive health care|Employee benefits and pensions|Health care costs and insurance|Health care coverage and access|Military medicine|Sales and excise taxes|Veterans' medical care,1.0,enforcement,healthcare,"The bill modifies the calculation of the ACA employer mandate penalty by allowing private employers to exclude employees with TRICARE or VA coverage, directly regulating the scope of private employer obligations regarding employer-sponsored group health benefit plans.",,,,"The bill modifies the employer mandate under the ACA by allowing certain employees to be excluded from the count, but it does not impose new obligations on private employers regarding wage, hour, or benefit compliance.",,,,"Bill modifies ACA employer mandate calculation rules by allowing exclusion of employees with TRICARE or VA coverage, but does not impose new obligations on private employers regarding wage, hour, benefits, or plan sponsorship—it merely adjusts the threshold for when the mandate applies."
s777-114,"A bill to permit employees to request, and to ensure employers consider requests for, flexible work terms and conditions, and for other purposes.",Flexibility for Working Families Act,Labor and Employment,"Administrative remedies|Civil actions and liability|Congressional agencies|Congressional officers and employees|Department of Labor|Employment discrimination and employee rights|Government Accountability Office (GAO)|Government employee pay, benefits, personnel management|Government information and archives|Judicial review and appeals|Labor standards|Labor-management relations|Library of Congress|State and local government operations",1.0,enforcement,wage_hour,"The bill imposes new obligations on private employers to consider employee requests for flexible work terms regarding hours, schedules, and location, and prohibits interference with these rights, directly regulating private employer conduct related to work hours and conditions.",1,enforcement,wage_hour,"The bill imposes new obligations on private employers to consider employee requests for flexible work terms, directly affecting wage and hour conditions under the FLSA.",1,enforcement,wage_hour,"Establishes new obligations for private employers to consider and respond to employee requests for flexible work arrangements (hours, scheduling, location, notice), with enforcement mechanisms including DOL complaints and civil penalties, directly regulating employer wage and hour practices."
s1302-113,A bill to amend the Employee Retirement Income Security Act of 1974 and the Internal Revenue Code of 1986 to provide for cooperative and small employer charity pension plans.,Cooperative and Small Employer Charity Pension Flexibility Act,Labor and Employment,"Congressional oversight|Employee benefits and pensions|Government studies and investigations|Social work, volunteer service, charitable organizations",1.0,enforcement,pension,"The bill amends ERISA to establish specific minimum funding standards, liquidity rules, and restoration plan requirements for private employers sponsoring cooperative and small employer charity pension plans, directly regulating their pension obligations.",1,enforcement,pension,"The bill amends ERISA to establish minimum funding standards and other obligations for cooperative and small employer charity pension plans, directly affecting private employer pension obligations.",1,enforcement,pension,"Amends ERISA and the Internal Revenue Code to establish special minimum funding standards, contribution requirements, and fiduciary obligations for private employers sponsoring cooperative and small employer charity defined benefit pension plans."
s3429-114,"A bill to delay the implementation of the overtime rule submitted by the Department of Labor entitled ""Defining and Delimiting the Exemptions for Executive, Administrative, Professional, Outside Sales and Computer Employees"" for a period of 2 years in States in which the President has declared that a major disaster exists.",Small Business Survival from Disaster Act,Labor and Employment,,1.0,enforcement,wage_hour,"The bill delays the implementation of Department of Labor overtime rules, directly affecting private employer obligations regarding overtime pay exemptions under the Fair Labor Standards Act (FLSA).",1,enforcement,wage_hour,"Delays the implementation of a Department of Labor rule that revises overtime pay thresholds, affecting private employer wage obligations under the FLSA.",1,enforcement,wage_hour,"Delays implementation of DOL overtime rule revising FLSA white-collar exemption thresholds in disaster-declared states, directly affecting private employer overtime wage obligations."
hr1248-113,To amend the Patient Protection and Affordable Care Act to repeal certain limitations on health care benefits.,Family Health Care Flexibility Act,Health,Digestive and metabolic diseases|Employee benefits and pensions|Health care costs and insurance|Prescription drugs,1.0,enforcement,healthcare,"The bill amends the ACA to modify contribution limits and allowable expenses for health flexible spending arrangements (FSAs), which are employer-sponsored group health benefit plans governed by ERISA, thereby directly regulating private employer obligations regarding employee welfare benefits.",,,,"The bill modifies tax treatment of health savings accounts and flexible spending arrangements, which does not impose new obligations on private employers regarding wage, hour, or benefit compliance.",,,,"Bill modifies tax-advantaged health account rules (HSAs, FSAs) affecting individual consumers and optional employer cafeteria plan features, but does not impose mandatory wage, hour, or benefit obligations on private employers under FLSA, ERISA, FMLA, or WARN."
s641-114,A bill to amend the Internal Revenue Code of 1986 to extend the employer wage credit for activated military reservists.,Military Reserve Small Business Jobs Act of 2015,Taxation,Income tax credits|Military personnel and dependents|Small business|Wages and earnings,1.0,tax_credit_introduction,wage_hour,"The bill extends a tax credit for differential wage payments made by private employers for employees called to active military duty, which incentivizes private employers to maintain wage obligations for reservists.",1,tax_credit_introduction,wage_hour,"Extends a tax credit incentivizing small business employers to provide differential wage payments to employees on active military duty, directly relating to private employer wage obligations.",1,tax_credit_introduction,wage_hour,"Extends a tax credit incentivizing private small business employers to make differential wage payments to employees called to active military duty, directly relating to employer wage obligations for reservists."
hr2125-112,To amend the Fair Labor Standards Act of 1938 to require certain disclosures by employers who use electronic payroll cards to pay their employees.,Electronic Paycard Protection Act of 2011,Labor and Employment,Computers and information technology|Employment discrimination and employee rights|User charges and fees|Wages and earnings,1.0,enforcement,wage_hour,"Amends the Fair Labor Standards Act to impose new disclosure and fee-prohibition obligations on private employers using electronic payroll cards, directly regulating how wages are paid and protected.",1,enforcement,wage_hour,"The bill amends the FLSA to require disclosures and protections for employees paid via electronic payroll cards, directly regulating private employer wage payment practices.",1,enforcement,wage_hour,"Amends the FLSA to impose new disclosure and fee-restriction obligations on private employers who use electronic payroll cards to pay employees, directly regulating employer wage payment practices."
hr5721-113,"To amend the Defense Base Act (42 U.S.C. 1651 et seq.) to require death benefits to be paid to a deceased employee's designated beneficiary or next of kin in the case of death resulting from a war-risk hazard or act of terrorism occurring on or after September 11, 2001.",Overseas Security Personnel Fairness Act,Labor and Employment,"Conflicts and wars|Diplomacy, foreign officials, Americans abroad|Employee benefits and pensions|Military facilities and property|Terrorism",1.0,enforcement,wage_hour,"The bill amends the Defense Base Act to mandate specific death benefit payments from the Employees' Compensation Fund to beneficiaries of private employees working overseas, directly regulating employer liability and benefit obligations under federal workers' compensation statutes.",,,,"The bill amends the Defense Base Act to address death benefits for employees at military bases abroad, which does not involve private employer wage or benefit obligations.",,,,"Bill modifies death benefit distribution rules under the Defense Base Act for government contractors working at military bases, but does not address private employer wage, hour, pension plan, or health benefit obligations that constitute the core of Wage Hour & Benefits violations."
hr3555-114,"To provide tax relief for American workers and businesses, to put workers back on the job while rebuilding and modernizing America, and to provide pathways back to work for Americans looking for jobs.",Jobs! Jobs! Jobs! Act of 2015,Labor and Employment,"Accounting and auditing|Appropriations|Aviation and airports|Budget deficits and national debt|Budget process|Business investment and capital|Buy American requirements|Civil actions and liability|Education programs funding|Educational facilities and institutions|Electric power generation and transmission|Elementary and secondary education|Employee hiring|Employment and training programs|Employment discrimination and employee rights|Executive agency funding and structure|Financial services and investments|First responders and emergency personnel|Fraud offenses and financial crimes|Government buildings, facilities, and property|Government corporations and government-sponsored enterprises|Government lending and loan guarantees|Government studies and investigations|Higher education|Housing and community development funding|Housing supply and affordability|Income tax credits|Income tax deductions|Income tax exclusion|Income tax rates|Infrastructure development|Labor standards|Law enforcement administration and funding|Law enforcement officers|Legal fees and court costs|Low- and moderate-income housing|Metals|Motor carriers|National Railroad Passenger Corporation (Amtrak)|Navigation, waterways, harbors|Noise pollution|Oil and gas|Preschool education|Public contracts and procurement|Public transit|Railroads|Residential rehabilitation and home repair|Roads and highways|Rural conditions and development|Securities|Small business|State and local finance|Taxation of foreign income|Transportation employees|Transportation programs funding|U.S. territories and protectorates|Unemployment|User charges and fees|Wages and earnings|Water resources funding|Youth employment and child labor",1.0,enforcement,wage_hour,"The bill requires private contractors and subcontractors on federally-assisted projects to pay laborers and mechanics wages at locally-prevailing rates, directly imposing wage obligations on non-governmental employers.",1,enforcement,wage_hour,"Requires laborers and mechanics on federally-assisted projects to be paid locally-prevailing wages, directly imposing wage obligations on private contractors.",1,enforcement,wage_hour,"The bill requires all laborers and mechanics employed by contractors and subcontractors on federally-assisted projects to be paid wages at locally-prevailing rates, directly imposing prevailing wage obligations on private employers working on federal projects."
hr2927-115,To amend the Internal Revenue Code of 1986 to include apprentices as members of targeted groups for purposes of the work opportunity credit.,Helpful Incentives to Restore the Economic Dream Act of 2017,Taxation,Employment and training programs|Income tax credits|Wages and earnings,1.0,tax_credit_introduction,wage_hour,"Introduces a tax credit for employer-provided job training (apprenticeships), which qualifies under the exception for credits specifically tied to employer-provided job training.",,,,"The bill introduces a tax credit for hiring apprentices, which incentivizes hiring decisions but does not directly relate to private employer wage or benefit obligations.",1,tax_credit_introduction,wage_hour,"Introduces a new work opportunity tax credit for employers who hire registered apprentices, incentivizing employer-provided job training programs that relate to wage and hour conduct."
hr4677-111,"To amend title 11, United States Code, to improve protections for employees and retirees in business bankruptcies.",Protecting Employees and Retirees in Business Bankruptcies Act of 2010,Finance and Financial Sector,Bankruptcy|Corporate finance and management|Employee benefits and pensions|Health care costs and insurance|Labor-management relations|Securities|Unemployment|Wages and earnings,1.0,enforcement,pension,"The bill amends bankruptcy law to strengthen protections for private employer obligations regarding pension benefits, retiree health benefits, and wage claims, directly regulating how employers must handle these financial obligations during business reorganization.",1,enforcement,wage_hour,"The bill enhances protections for employees and retirees in business bankruptcies, including prioritizing wage claims and ensuring continued payment of retiree benefits, directly affecting private employer obligations related to wages and benefits.",1,enforcement,wage_hour,"Strengthens private employer obligations in bankruptcy by increasing priority caps for unpaid wages and employee benefit plan contributions, requiring severance pay as an administrative expense, and imposing restrictions on executive compensation while protecting collective bargaining agreements and retiree benefits."
s1438-114,A bill to allow women greater access to safe and effective contraception.,Allowing Greater Access to Safe and Effective Contraception Act,Health,"Drug safety, medical device, and laboratory regulation|Employee benefits and pensions|Family planning and birth control|Health care costs and insurance|Prescription drugs|User charges and fees",1.0,enforcement,healthcare,"The bill amends the ACA to remove restrictions on using Health Savings Accounts and Flexible Spending Accounts for over-the-counter contraceptives, thereby imposing new coverage obligations on private employers sponsoring these group health or welfare benefit plans under ERISA.",,,,"The bill primarily addresses FDA drug application processes and health savings account rules, not private employer wage or benefit obligations.",,,,"Bill primarily addresses FDA drug approval processes and modifies tax-advantaged health accounts (HSAs/FSAs) for individual consumers; it does not impose wage, hour, or benefit obligations on private employers as plan sponsors."
hr2881-114,To amend the Internal Revenue Code of 1986 to modify the definition of applicable large employer for purposes of the employer mandate in the Patient Protection and Affordable Care Act.,Small Business Job Protection Act of 2015,Health,Employee benefits and pensions|Health care costs and insurance|Health care coverage and access|Sales and excise taxes|Small business,1.0,enforcement,healthcare,"The bill modifies the threshold for the ACA employer mandate, directly altering the obligation of private employers to provide health insurance coverage to their employees.",1,enforcement,healthcare,"Modifies the employer mandate under the ACA by changing the definition of 'applicable large employer,' affecting private employer obligations to provide health insurance.",1,enforcement,healthcare,"Modifies the ACA employer mandate threshold by raising the applicable large employer definition from 50 to 100 full-time employees, directly altering private employer obligations to provide group health insurance coverage."
hr5534-113,"To amend the Safe Drinking Water Act to increase assistance for States, water systems, and disadvantaged communities; to encourage good financial and environmental management of water systems; to strengthen the Environmental Protection Agency's ability to enforce the requirements of the Act; and for other purposes.","Assistance, Quality, and Affordability Act of 2014",Environmental Protection,Administrative law and regulatory procedures|Advanced technology and technological innovations|American Samoa|Buy American requirements|Caribbean area|Energy efficiency and conservation|Environmental Protection Agency (EPA)|Environmental regulatory procedures|Environmental technology|Government information and archives|Government lending and loan guarantees|Guam|Hazardous wastes and toxic substances|Metals|Northern Mariana Islands|Prescription drugs|Public contracts and procurement|Securities|State and local finance|U.S. territories and protectorates|Virgin Islands|Wages and earnings|Water quality|Water resources funding|Water use and supply,1.0,enforcement,wage_hour,"The bill imposes prevailing wage requirements on private contractors and subcontractors working on federally-funded water infrastructure projects, which constitutes a direct wage obligation on private employers.",,,,"The bill primarily addresses environmental protection and water system management, with no direct relation to private employer wage, hour, or benefit obligations.",1,enforcement,wage_hour,"The bill imposes prevailing wage requirements on laborers and mechanics working on drinking water infrastructure projects funded through the state revolving fund, directly regulating private employer wage obligations on federally-funded projects."
s636-115,A bill to allow Americans to earn paid sick time so that they can address their own health needs and the health needs of their families.,Healthy Families Act,Labor and Employment,"Assault and harassment offenses|Civil actions and liability|Congressional agencies|Congressional officers and employees|Congressional oversight|Domestic violence and child abuse|Employee leave|Employment discrimination and employee rights|Government Accountability Office (GAO)|Government employee pay, benefits, personnel management|Government information and archives|Government liability|Government studies and investigations|Library of Congress|Marriage and family status|Merit Systems Protection Board|Sex offenses|Small business|State and local government operations",1.0,enforcement,wage_hour,"The bill mandates that private employers provide paid sick time to employees, directly imposing new wage and leave obligations on non-governmental employers.",1,enforcement,wage_hour,"The bill mandates that private employers provide paid sick time, directly imposing new wage and hour obligations on non-governmental employers.",1,enforcement,wage_hour,"Mandates that private employers with 15+ employees provide paid sick time to workers, creating new wage and hour obligations enforceable through DOL investigation and private civil actions."
s998-112,"A bill to amend title IV of the Employee Retirement Income Security Act of 1974 to require the Pension Benefit Guaranty Corporation, in the case of airline pilots who are required by regulation to retire at age 60, to compute the actuarial value of monthly benefits in the form of a life annuity commencing at age 60.",Pension Benefit Guaranty Corporation Pilots Equitable Treatment Act,Labor and Employment,Aviation and airports|Employee benefits and pensions|Transportation employees,1.0,enforcement,pension,"Amends ERISA to impose specific actuarial calculation requirements on the Pension Benefit Guaranty Corporation regarding guaranteed benefits for airline pilots, directly affecting private employer pension obligations under Title I of ERISA.",1,enforcement,pension,"Amends ERISA to require the PBGC to compute actuarial values for airline pilots' pensions based on their mandatory retirement age, affecting private employer pension obligations.",1,enforcement,pension,"Amends ERISA Title IV to modify how the PBGC calculates guaranteed pension benefits for airline pilots subject to mandatory retirement, directly affecting private employer pension plan obligations and benefit calculations."
hr1827-115,"To amend the Family and Medical Leave Act of 1993 to provide a partial exemption to veterans from the eligibility requirements, and for other purposes.",Medical Leave for Disabled Veterans Act,Labor and Employment,"Disability and paralysis|Employee leave|Hospital care|Veterans' education, employment, rehabilitation|Veterans' medical care",1.0,enforcement,wage_hour,"Amends the Family and Medical Leave Act (FMLA) to expand eligibility for medical leave for disabled veterans, directly imposing new leave obligations on private employers.",1,enforcement,wage_hour,"Amends the FMLA to provide a partial exemption for veterans, directly affecting private employer obligations regarding employee leave eligibility.",1,enforcement,wage_hour,"Amends the FMLA to reduce eligibility requirements for disabled veterans seeking medical leave from private employers, directly modifying employer obligations under federal leave law."
hr3165-113,"To repeal the Patient Protection and Affordable Care Act and to take meaningful steps to lower health care costs and increase access to health insurance coverage without raising taxes, cutting Medicare benefits for seniors, adding to the national deficit, intervening in the doctor-patient relationship, or instituting a government takeover of health care.",Common Sense Health Reform Americans Actually Want Act,Health,Abortion|Administrative law and regulatory procedures|Administrative remedies|Child health|Civil actions and liability|Comprehensive health care|Department of Health and Human Services|Disability and health-based discrimination|Emergency medical services and trauma care|Employee benefits and pensions|Evidence and witnesses|Executive agency funding and structure|Family relationships|Federal preemption|Government information and archives|Health care costs and insurance|Health care coverage and access|Health care quality|Health facilities and institutions|Health information and medical records|Health personnel|Health promotion and preventive care|Income tax deductions|Intergovernmental relations|Judicial procedure and administration|Judicial review and appeals|Jurisdiction and venue|Medicaid|Medical ethics|Medical research|Medicare|Small business|State and local government operations,1.0,enforcement,healthcare,"The bill amends ERISA to establish governance standards for small business health plans and mandates dependent coverage until age 26 and prohibitions on preexisting condition exclusions for group health plans, directly imposing obligations on private employers as plan sponsors.",1,enforcement,healthcare,"Amends ERISA to establish and govern small business health plans, imposing new obligations on private employers as sponsors of group health plans.",1,enforcement,healthcare,"Amends ERISA to impose new obligations on private employers as sponsors of group health plans, including dependent coverage until age 26, prohibition on preexisting condition exclusions for beneficiaries under 19, and wellness program premium variation rules."
s1566-114,A bill to amend the Public Health Service Act to require group and individual health insurance coverage and group health plans to provide for coverage of oral anticancer drugs on terms no less favorable than the coverage provided for anticancer medications administered by a health care provider.,Cancer Drug Coverage Parity Act of 2015,Health,Cancer|Drug therapy|Health care costs and insurance|Health care coverage and access|Prescription drugs,1.0,enforcement,healthcare,"The bill amends the Public Health Service Act to require group health plans (which include employer-sponsored plans under ERISA) to provide coverage for oral anticancer drugs on terms no less favorable than those for provider-administered drugs, directly imposing new coverage obligations on private employers as plan sponsors.",1,enforcement,healthcare,"Amends the Public Health Service Act to require employer-sponsored group health plans to provide equal coverage for oral anticancer drugs, imposing a new coverage obligation on private employers as plan sponsors.",1,enforcement,healthcare,"Amends the Public Health Service Act to require employer-sponsored group health plans to cover oral anticancer drugs on equal terms as IV drugs, imposing a new coverage obligation on private employers as plan sponsors under ERISA."
s1977-112,A bill to amend the Fair Labor Standards Act of 1938 to provide that over-the-road bus drivers are covered under the maximum hours requirements.,Driver Fatigue Prevention Act,Labor and Employment,Labor standards|Motor carriers|Transportation employees|Transportation safety and security,1.0,enforcement,wage_hour,"The bill amends the Fair Labor Standards Act to apply maximum hours requirements to over-the-road bus drivers, directly regulating private employer obligations regarding worker hours and fatigue prevention.",1,enforcement,wage_hour,"Extends FLSA maximum hours requirements to over-the-road bus drivers, directly affecting private employer wage and hour obligations.",1,enforcement,wage_hour,"Amends the FLSA to extend maximum hours requirements to over-the-road bus drivers, directly expanding private employer wage and hour obligations under federal law."
hr2821-113,"To provide tax relief for American workers and businesses, to put workers back on the job while rebuilding and modernizing America, and to provide pathways back to work for Americans looking for jobs.",American Jobs Act of 2013,Labor and Employment,"Accounting and auditing|Appropriations|Aviation and airports|Budget deficits and national debt|Budget process|Business investment and capital|Buy American requirements|Civil actions and liability|Education programs funding|Educational facilities and institutions|Electric power generation and transmission|Elementary and secondary education|Employee hiring|Employment and training programs|Employment discrimination and employee rights|Executive agency funding and structure|Financial services and investments|First responders and emergency personnel|Fraud offenses and financial crimes|Government buildings, facilities, and property|Government corporations and government-sponsored enterprises|Government lending and loan guarantees|Government studies and investigations|Higher education|Housing and community development funding|Housing supply and affordability|Income tax credits|Income tax deductions|Income tax exclusion|Income tax rates|Infrastructure development|Labor standards|Law enforcement administration and funding|Law enforcement officers|Legal fees and court costs|Low- and moderate-income housing|Metals|Motor carriers|National Railroad Passenger Corporation (Amtrak)|Navigation, waterways, harbors|Noise pollution|Oil and gas|Preschool education|Public contracts and procurement|Public transit|Railroads|Residential rehabilitation and home repair|Roads and highways|Rural conditions and development|Securities|Small business|State and local finance|Taxation of foreign income|Transportation employees|Transportation programs funding|Unemployment|User charges and fees|Wages and earnings|Water resources funding|Youth employment and child labor",1.0,enforcement,wage_hour,"The bill mandates that laborers and mechanics on federally-assisted projects be paid wages at locally prevailing rates under the Davis-Bacon Act, directly imposing wage obligations on private contractors and subcontractors.",1,enforcement,wage_hour,"The bill requires laborers and mechanics on federally-assisted projects to be paid prevailing wages under the Davis-Bacon Act, directly imposing wage obligations on private contractors.",1,enforcement,wage_hour,"Imposes Davis-Bacon prevailing wage requirements on private contractors and subcontractors working on federally-assisted projects, directly tightening private employer wage obligations."
s1317-114,A bill to amend the Employee Retirement Income Security Act of 1974 to require a lifetime income disclosure.,Lifetime Income Disclosure Act,Labor and Employment,Administrative law and regulatory procedures|Department of Labor|Employee benefits and pensions|Government information and archives,1.0,enforcement,pension,"Amends ERISA to impose new mandatory disclosure obligations on private employers as plan sponsors regarding retirement benefits, directly regulating employer conduct under pension laws.",1,enforcement,pension,"Requires private employers to include a lifetime income disclosure in pension benefit statements under ERISA, imposing a new administrative obligation on plan sponsors.",1,enforcement,pension,"Amends ERISA to impose new mandatory disclosure obligations on private employers as sponsors of individual account retirement plans, requiring them to provide lifetime income stream equivalents on participant benefit statements."
hr6025-111,To amend the Internal Revenue Code of 1986 to allow manufacturing businesses to establish tax-free manufacturing reinvestment accounts to assist them in providing for new equipment and facilities and workforce training.,Manufacturing Reinvestment Account Act of 2010,Taxation,Business investment and capital|Income tax deductions|Income tax exclusion|Manufacturing,1.0,tax_credit_introduction,wage_hour,"The bill introduces a tax deduction for manufacturing businesses to fund employee job training and workforce development, which qualifies as a tax incentive tied to employer-provided job training under the wage and hour category.",,,,"The bill provides tax benefits for manufacturing reinvestment accounts, focusing on business investment and workforce development, not directly on private employer wage or benefit obligations.",1,tax_credit_introduction,wage_hour,"Introduces a tax-advantaged account allowing manufacturers to make tax-deductible contributions for employee job training and workforce development, incentivizing private employer investment in worker training programs related to wage and hour conduct."
hr3453-113,"To reauthorize the VOW to Hire Heroes Act of 2011, to provide assistance to small businesses owned by veterans, to improve enforcement of employment and reemployment rights of members of the uniformed services, and for other purposes.",Putting Our Veterans Back to Work Act of 2013,Armed Forces and National Security,"Civil actions and liability|Congressional oversight|Disability and paralysis|Employee hiring|Employment and training programs|Employment discrimination and employee rights|Evidence and witnesses|Fires|First responders and emergency personnel|Government studies and investigations|Law enforcement officers|Public contracts and procurement|Unemployment|Veterans' education, employment, rehabilitation",1.0,enforcement,wage_hour,"The bill strengthens enforcement mechanisms for the Uniformed Services Employment and Reemployment Rights Act (USERRA), which imposes obligations on private employers regarding the reemployment and benefits of employees returning from military service, thereby regulating private employer conduct related to employment rights and benefits.",1,enforcement,wage_hour,"Improves enforcement of employment and reemployment rights under USERRA, directly affecting private employer obligations regarding veteran employees.",1,enforcement,wage_hour,"Strengthens USERRA enforcement by allowing veteran intervention in AG actions, imposing AG notification deadlines, authorizing contractor debarment for USERRA violations, and expanding investigative subpoena powers—all directly tightening private employer obligations regarding reemployment rights of uniformed service members."
hr4092-115,"To create a nonimmigrant H-2C work visa program for agricultural workers, and for other purposes.",AG Act,Immigration,"Administrative law and regulatory procedures|Alternative dispute resolution, mediation, arbitration|Aquaculture|Department of Labor|Employee benefits and pensions|Food industry and services|Foreign labor|Forests, forestry, trees|Government trust funds|Health care costs and insurance|Health care coverage and access|Immigration status and procedures|Income tax credits|Migrant, seasonal, agricultural labor|Seafood|Temporary and part-time employment|Visas and passports|Wages and earnings|Worker safety and health",1.0,enforcement,wage_hour,"The bill establishes specific wage and working condition requirements for private agricultural employers hiring H-2C visa holders and includes penalties for failure to pay required wages or benefits, directly regulating private employer wage conduct.",1,enforcement,wage_hour,"The bill sets forth provisions regarding penalties for failure to pay wages or required benefits and working conditions and wages for H-2C workers, directly regulating private employer wage obligations.",1,enforcement,wage_hour,"Establishes penalties for private agricultural employers who fail to pay required wages or benefits to H-2C workers, directly regulating employer wage and benefit obligations under a new temporary agricultural worker program."
s1486-114,"A bill to amend the Internal Revenue Code of 1986 to provide a tax credit to Patriot employers, and for other purposes",Patriot Employer Tax Credit Act,Taxation,"Disability and paralysis|Employee benefits and pensions|Employee hiring|Employment and training programs|Income tax credits|Income tax deductions|Interest, dividends, interest rates|Labor standards|Taxation of foreign income|Veterans' education, employment, rehabilitation|Wages and earnings",1.0,tax_credit_introduction,wage_hour,"Introduces a tax credit for 'Patriot employers' that incentivizes private employers to meet specific wage thresholds (156% of FPL) and provide retirement benefits, directly linking tax incentives to employer wage and benefit conduct.",1,tax_credit_introduction,wage_hour,"Introduces a tax credit for employers who meet specific wage, healthcare, and retirement benefit criteria, incentivizing compliance with wage and benefit obligations.",1,tax_credit_introduction,wage_hour,"Introduces a new tax credit incentivizing private employers to meet specified wage thresholds, provide retirement benefits, maintain healthcare coverage, and offer differential pay to uniformed service members, directly relating to private employer wage, hour, and benefit obligations."
hr438-113,"To amend the Fair Labor Standards Act of 1938 to prohibit discrimination in the payment of wages on account of sex, race, or national origin, and for other purposes.",Fair Pay Act of 2013,Labor and Employment,"Civil actions and liability|Employment discrimination and employee rights|Government information and archives|Government studies and investigations|Legal fees and court costs|Racial and ethnic relations|Sex, gender, sexual orientation discrimination|Wages and earnings",1.0,enforcement,wage_hour,"Amends the Fair Labor Standards Act to prohibit wage discrimination based on sex, race, or national origin, directly regulating private employer wage payment obligations and strengthening enforcement mechanisms for wage violations.",1,enforcement,wage_hour,"Amends the FLSA to prohibit wage discrimination based on sex, race, or national origin, directly affecting private employer wage obligations.",1,enforcement,wage_hour,"Amends the FLSA to prohibit wage discrimination based on sex, race, or national origin, directly strengthening private employer wage obligations and expanding protected employee rights under federal wage law."
s1045-112,"A bill to amend the Public Health Service Act, the Employee Retirement Income Security Act of 1974, and the Internal Revenue Code of 1986 to require that group and individual health insurance coverage and group health plans provide coverage for treatment of a minor child's congenital or developmental deformity or disorder due to trauma, burns, infection, tumor, or disease.",Children's Access to Reconstructive Evaluation & Surgery (CARES) Act of 2011,Health,Accidents|Child health|Emergency medical services and trauma care|Employee benefits and pensions|Health care costs and insurance|Health care coverage and access|Hereditary and development disorders|Surgery and anesthesia,1.0,enforcement,healthcare,"Amends ERISA to impose a mandatory coverage obligation on private employers sponsoring group health plans to cover reconstructive surgery for minor children, directly regulating employer-sponsored benefit plan terms.",1,enforcement,healthcare,"Amends ERISA to require employer-sponsored group health plans to cover specific reconstructive treatments for minors, imposing a new coverage obligation on private employers as plan sponsors.",1,enforcement,healthcare,"Amends ERISA to impose new coverage mandates on employer-sponsored group health plans, requiring them to cover reconstructive surgery for minor children's congenital or developmental conditions, thereby creating direct obligations on private employers as plan sponsors."
hr2091-112,To amend the Internal Revenue Code of 1986 to provide incentives to encourage investment in the expansion of freight rail infrastructure capacity and to enhance modal tax equity.,Freight Rail Infrastructure Capacity Expansion Act of 2011,Taxation,Business investment and capital|Income tax credits|Income tax deductions|Infrastructure development|Railroads,1.0,enforcement,wage_hour,"The bill requires compliance with federal wage rate requirements under the Davis-Bacon Act as a condition for receiving tax credits, directly imposing prevailing wage obligations on private employers working on federally-funded projects.",1,enforcement,wage_hour,"Requires compliance with federal wage rate requirements under the Davis-Bacon Act for eligibility for tax credits, directly imposing wage obligations on private employers involved in freight rail infrastructure projects.",1,tax_credit_introduction,wage_hour,"Introduces a new tax credit for freight rail infrastructure investment that is conditioned on private employers' compliance with Davis-Bacon Act prevailing wage requirements, directly incentivizing employer wage conduct on federally-related projects."
s143-112,"A bill to amend the Internal Revenue Code of 1986 to clarify the treatment of church pension plans, and for other purposes.",Church Plan Clarification Act of 2011,Taxation,Employee benefits and pensions|Financial services and investments|Religion,1.0,enforcement,pension,"The bill amends ERISA to include church plans within the definition of a plan for automatic enrollment provisions and applies limitations on benefits and contributions, thereby imposing specific regulatory obligations on private employers (churches/associations of churches) as pension plan sponsors.",,,,"The bill addresses tax treatment and structural aspects of church pension plans, which are not subject to ERISA's private employer obligations, and thus does not involve private employer wage or benefit obligations.",1,enforcement,pension,"Amends ERISA and Internal Revenue Code provisions governing church pension plans, including controlled group rules, benefit limitations, and automatic enrollment requirements, thereby modifying private employer obligations as retirement plan sponsors."
hr1809-112,To amend the Employee Retirement Income Security Act of 1974 to ensure health care coverage value and transparency for dental benefits under group health plans.,Dental Coverage Value and Transparency Act of 2011,Health,Dental care|Employee benefits and pensions|Health care costs and insurance|Health care coverage and access,1.0,enforcement,healthcare,"Amends ERISA to impose new transparency and value requirements on employer-sponsored group health plans regarding dental benefits, directly regulating private employer obligations as plan sponsors.",1,enforcement,healthcare,"Amends ERISA to impose new transparency and coverage value requirements on employer-sponsored group health plans for dental benefits, directly affecting private employer obligations as plan sponsors.",1,enforcement,healthcare,"Amends ERISA to impose new coverage value and transparency requirements on employer-sponsored group health plans offering dental benefits, directly regulating private employer obligations as plan sponsors."
hr6519-111,"To amend title 49, United States Code, with respect to hours of service rules for railroad employees.",Railroad Hours of Service Act of 2010,Transportation and Public Works,Labor standards|Railroads|Transportation employees|Transportation safety and security|Worker safety and health,1.0,enforcement,wage_hour,"The bill amends Title 49 to impose stricter hours of service and rest period requirements on railroad carriers (private employers) for their employees, directly regulating employer conduct regarding work hours and duty limitations.",,,,"The bill primarily addresses transportation safety and labor standards for railroad employees, focusing on hours of service rules, which do not directly relate to private employer wage, hour, or benefit obligations under the specified categories.",1,enforcement,wage_hour,"Strengthens hours-of-service limitations for railroad employees by extending rest period requirements, restricting duty hours, and expanding coverage to yardmaster employees, directly regulating private railroad carrier wage and hour obligations under federal transportation safety law."
hr2575-114,To amend the Fair Minimum Wage Act of 2007 to postpone a scheduled increase in the minimum wage applicable to American Samoa.,,Labor and Employment,American Samoa|Labor standards|Wages and earnings,1.0,enforcement,wage_hour,"The bill amends the Fair Minimum Wage Act to postpone scheduled minimum wage increases for industries in American Samoa, directly regulating private employer wage obligations under the FLSA.",1,enforcement,wage_hour,"Postpones a scheduled increase in the minimum wage for American Samoa, directly affecting private employer wage obligations under the FLSA.",1,enforcement,wage_hour,"Postpones scheduled minimum wage increases in American Samoa under the Fair Minimum Wage Act of 2007, directly affecting private employer wage obligations under the FLSA."
hr5944-111,To amend the Family and Medical Leave Act of 1993 to clarify the eligibility requirements with respect to railroad Hours of Service employees.,Railroad Hours of Service Employees Technical Corrections Act,Transportation and Public Works,Employee leave|Railroads|Transportation employees,1.0,enforcement,wage_hour,"Amends the Family and Medical Leave Act (FMLA) to clarify eligibility requirements for railroad employees, directly regulating private employer obligations regarding protected leave.",1,enforcement,wage_hour,"Clarifies FMLA eligibility requirements for railroad employees, directly affecting private employer obligations regarding employee leave.",1,enforcement,wage_hour,"Amends FMLA eligibility requirements for railroad employees, directly modifying private employer obligations regarding protected leave for a specific worker category."
s3419-112,"A bill to provide for the establishment of the United States Employee Ownership Bank, and for other purposes.",United States Employee Ownership Bank Act,Labor and Employment,"Bank accounts, deposits, capital|Banking and financial institutions regulation|Corporate finance and management|Department of the Treasury|Employee benefits and pensions|Employment discrimination and employee rights|Executive agency funding and structure|Government lending and loan guarantees|Labor-management relations|Unemployment",1.0,enforcement,wage_hour,"The bill amends the WARN Act to impose a new mandatory obligation on private employers ordering plant closings to offer employees the opportunity to purchase the facility through an ESOP or worker-owned cooperative, directly regulating employer conduct regarding mass layoffs and plant closings.",1,enforcement,wage_hour,"Amends the WARN Act to require employers to offer employees the opportunity to purchase a closing plant, directly affecting employer obligations related to plant closing notices.",1,enforcement,pension,"The bill establishes a federal bank to facilitate employee stock ownership plans (ESOPs) and imposes new obligations on private employers under the WARN Act to offer employees the opportunity to purchase closing facilities through ESOPs or worker cooperatives, directly regulating private employer conduct regarding employee retirement benefit arrangements under ERISA."
s1321-115,"A bill to amend the Employee Retirement Income Security Act of 1974 to ensure that retirement investors receive advice in their best interests, and for other purposes.",Affordable Retirement Advice Protection Act,Labor and Employment,Administrative law and regulatory procedures|Department of Labor|Employee benefits and pensions|Financial services and investments,1.0,enforcement,pension,"Amends ERISA to modify fiduciary standards and prohibited transaction exemptions for investment advice in employer-sponsored retirement plans, directly regulating private employer obligations regarding pension assets.",1,enforcement,pension,"Modifies fiduciary obligations under ERISA for investment advice related to employer-sponsored retirement plans, directly affecting private employer obligations as plan sponsors.",1,enforcement,pension,"Amends ERISA to redefine fiduciary investment advice obligations and prohibited transaction exemptions for retirement plan advisors, directly affecting private employer obligations as plan sponsors under ERISA Title I."
hr801-116,To amend the Internal Revenue Code of 1986 to allow for a credit against tax for employers of reservists.,"Reserve Component Employer Incentive, Compensation, and Relief Act of 2019",Taxation,Income tax credits|Military personnel and dependents|National Guard and reserves,1.0,tax_credit_introduction,wage_hour,"Introduces a tax credit for private employers who retain reservists, incentivizing compliance with USERRA-related employment obligations regarding military service leave and job reinstatement.",1,tax_credit_introduction,wage_hour,"Introduces a tax credit for private employers who employ reservists, incentivizing them to maintain employment and potentially benefits for employees called to service, relating to employer obligations under USERRA.",1,tax_credit_introduction,wage_hour,"Introduces a new tax credit incentivizing private employers to retain employees who are called to military reserve duty, relating to employer obligations toward reservist employees under USERRA and similar protections."
hr4616-115,To amend the Patient Protection and Affordable Care Act to provide for a temporary moratorium on the employer mandate and to provide for a delay in the implementation of the excise tax on high cost employer-sponsored health coverage.,Employer Relief Act of 2018,Health,,1.0,enforcement,healthcare,"The bill suspends the ACA employer mandate, which is a direct statutory obligation on private employers to provide health insurance coverage or face penalties, thereby altering the enforcement of private employer benefit obligations.",1,enforcement,healthcare,"Suspends the ACA employer mandate, affecting private employer obligations to provide health insurance coverage, and delays the excise tax on high-cost employer-sponsored health plans.",1,enforcement,healthcare,"Temporarily suspends the ACA employer mandate and delays the Cadillac tax, both of which are direct obligations on private employers regarding employer-sponsored health coverage under federal law."
