bill_id,official_title,short_title,policy_area,subjects,category_qwen,bill_type_qwen,reason_qwen,category_4o,bill_type_4o,reason_4o,category_sonnet,bill_type_sonnet,reason_sonnet
hr118-109,To amend the Internal Revenue Code of 1986 to provide a refundable tax credit to small businesses for the costs of qualified health insurance.,Keeping Small Businesses Healthy Act of 2005,Taxation,Employee health benefits|Health insurance|Income tax|Insurance premiums|Medical economics|Self-employed|Small business|Tax credits|Tax refunds,1,tax_credit_introduction,"Introduces a refundable tax credit for small businesses to offset the costs of providing health insurance to employees, incentivizing private employers to offer employer-sponsored group health benefits.",,,"The bill provides a tax credit for small businesses to offset health insurance costs, but it does not directly regulate or enforce private employer wage, hour, or benefit obligations under ERISA or related laws.",1,tax_credit_introduction,"Introduces a new refundable tax credit incentivizing small business employers to provide health insurance benefits to employees, directly relating to employer-sponsored group health benefit obligations under ERISA."
s1235-111,"A bill to amend the Public Health Act, the Employee Retirement Income Security Act of 1974, and the Internal Revenue Code of 1986 to require that group and individual health insurance coverage and group health plans provide coverage for treatment of a minor child's congenital or developmental deformity or disorder due to trauma, infection, tumor, or disease.",Children's Access to Reconstructive Evaluation & Surgery (CARES) Act of 2009,Health,Accidents|Child health|Emergency medical services and trauma care|Employee benefits and pensions|Health care costs and insurance|Health care coverage and access|Hereditary and development disorders|Surgery and anesthesia,1,enforcement,"The bill amends ERISA to mandate that private employer-sponsored group health plans cover specific reconstructive surgeries for minors, directly imposing obligations on non-governmental employers regarding their employee benefit plans.",1,enforcement,"The bill mandates that private employer-sponsored group health plans under ERISA cover specific treatments for congenital or developmental deformities in children, directly imposing obligations on private employers as plan sponsors.",1,enforcement,"The bill imposes direct obligations on private employers as sponsors of group health plans under ERISA, requiring employer-sponsored plans to cover specific reconstructive treatments for minor children, thereby regulating employer-provided health benefit plan terms."
hr4728-113,To direct the Office of the Actuary of the Centers for Medicare & Medicaid Services and the Comptroller General of the United States to study the impact of the Patient Protection and Affordable Care Act on small businesses.,Certify It Act of 2014,Health,Congressional oversight|Economic performance and conditions|Employee benefits and pensions|Government studies and investigations|Health care costs and insurance|Health care coverage and access|Sales and excise taxes|Small business|Unemployment|User charges and fees,1,enforcement,"The bill directly regulates private employer obligations under the Affordable Care Act by suspending the employer shared responsibility payment (assessment) for failing to offer minimum essential coverage, which constitutes a change in the enforcement of employer-sponsored health benefit mandates.",,,"The bill focuses on studying the impact of the Affordable Care Act on small businesses and potentially suspending certain assessments, but it does not directly regulate or enforce private employer wage, hour, or benefit obligations.",,,"This bill directs studies on the ACA's impact on small businesses and conditionally suspends employer mandate penalties based on study findings, but it does not directly regulate private employer wage, hour, or benefit obligations—the employer mandate penalties relate to health insurance coverage requirements under the ACA, not wage/hour violations or ERISA-governed benefit plan mismanagement."
hr5701-114,"To amend the Family and Medical Leave Act of 1993 and title 5, United States Code, to permit leave to care for an adult child, grandchild, or grandparent who has a serious health condition, and for other purposes.",Grandparent-Grandchild Medical Leave Act,Labor and Employment,"Adult day care|Employee leave|Family relationships|Government employee pay, benefits, personnel management",1,enforcement,"The bill amends the Family and Medical Leave Act (FMLA) to expand the definition of covered family members for leave purposes, directly regulating private employer obligations regarding protected leave and preventing retaliation for taking such leave.",1,enforcement,"Expands FMLA leave eligibility to include care for an adult child, grandchild, or grandparent with a serious health condition, directly affecting private employer obligations under FMLA.",1,enforcement,"Expands FMLA leave entitlements to cover care for additional family members (adult children, grandparents, grandchildren), directly strengthening private employer obligations under federal leave law."
hr137-108,"To provide job creation and assistance, and for other purposes.",Rural America Job Assistance and Creation Act,Economics and Public Finance,Admission of nonimmigrants|Advertising|Alien labor|Apprenticeship|Business education|Community colleges|Curricula|Dislocated workers|Employee training|Enterprise zones|Entrepreneurs|Federal-state relations|Government paperwork|Grants-in-aid|High technology|Higher education|Income tax|Industry-university relations|Intellectual property|Internet|Labor unions|Legal services|Marketing|Nonprofit organizations|Plant shutdowns|Public-private partnerships|Regional planning|Severance pay|Small business|Strategic planning|Tax credits|Tax exclusion|Technical education|Vocational and technical education|Wages,1,enforcement,"The bill amends the Worker Adjustment and Retraining Notification (WARN) Act to require private employers to notify federal and state elected officials prior to worker dislocations, directly tightening employer obligations regarding mass layoff notice requirements.",1,enforcement,"Amends the Worker Adjustment and Retraining Notification Act to require additional employer notification, directly affecting private employer obligations related to mass layoffs.",1,enforcement,"Amends the WARN Act to expand employer notification requirements before worker dislocations, directly strengthening private employer obligations under federal plant-closing law."
s1238-113,"A bill to amend the Higher Education Act of 1965 to extend the current reduced interest rate for undergraduate Federal Direct Stafford Loans for 1 year, to modify required distribution rules for pension plans, and for other purposes.",Keep Student Loans Affordable Act of 2013,Education,"Employee benefits and pensions|Government lending and loan guarantees|Higher education|Interest, dividends, interest rates|Student aid and college costs",1,enforcement,"The bill modifies Internal Revenue Code rules regarding required distributions from tax-exempt pension plans, directly regulating private employer obligations under ERISA concerning retirement benefit plan management.",,,"The bill primarily addresses student loan interest rates and modifies distribution rules for pension plans upon an employee's death, which does not directly relate to private employer wage, hour, or benefit obligations.",,,"This bill primarily addresses student loan interest rates (a government lending program) and modifies tax-exempt pension plan distribution rules under the Internal Revenue Code, which govern individual retirement account mechanics rather than private employer wage, hour, or benefit obligations."
s2958-113,A bill to amend the Internal Revenue Code of 1986 to expand the employer wage credit for employees who are active duty members of the Uniformed Services.,Guard and Military Reservist Pay Security Act,Taxation,Income tax credits|Inflation and prices|Military personnel and dependents|National Guard and reserves|Wages and earnings,1,tax_credit_introduction,"The bill expands and makes permanent a tax credit for private employers who pay differential wages to employees called to active military duty, incentivizing compliance with wage obligations related to military service under USERRA.",1,tax_credit_introduction,"Expands and makes permanent a tax credit incentivizing private employers to maintain wage payments for employees on active military duty, directly relating to employer wage obligations under USERRA.",1,tax_credit_introduction,"The bill expands an existing tax credit incentivizing private employers to continue paying wages to employees called to active military duty, directly relating to private employer wage obligations for uniformed service members under USERRA-adjacent conduct."
hr4824-108,To direct the Secretary of Homeland Security to issue regulations concerning the shipping of extremely hazardous materials.,Extremely Hazardous Materials Transportation Security Act of 2004,Transportation and Public Works,Administrative procedure|Administrative remedies|Civil actions and liability|Damages|Department of Homeland Security|Department of Labor|Disciplining of employees|Discrimination in employment|Dismissal of employees|EBB Terrorism|Emergency communication systems|Emergency medicine|Employee rights|Employee training|Evidence (Law)|Fines (Penalties)|Fire departments|Fire fighters|Government paperwork|Grievance procedures|Injunctions|Law enforcement officers|Legal fees|Limitation of actions|Paramedical personnel|Police|Private police|Risk|Security measures|Terrorism|Transportation of hazardous substances|Transportation planning|Transportation workers|Wage restitution|Whistle blowing,1,enforcement,"The bill includes whistleblower protection provisions for employees reporting security violations related to hazardous materials transportation, which aligns with the category's inclusion of bills addressing retaliation against employees for reporting unsafe working conditions or other protected activities.",,,"The bill focuses on transportation security regulations for hazardous materials and does not address private employer wage, hour, or benefit obligations.",1,enforcement,"The bill includes whistleblower protection provisions that prohibit private employers from retaliating against employees who report security violations related to hazardous materials transportation, and provides for wage restitution remedies, directly regulating private employer conduct under whistleblower statutes."
hr1774-113,"To amend title 38, United States Code, to provide for the reemployment of certain persons following absences from a position of employment for the purpose of obtaining medical treatment for certain injuries and illnesses, and for other purposes.",Wounded Veteran Job Security Act,Armed Forces and National Security,"Employment discrimination and employee rights|Health information and medical records|Veterans' education, employment, rehabilitation|Veterans' medical care",1,enforcement,"The bill expands reemployment rights under USERRA for private employers, requiring them to reinstate employees absent for service-connected medical treatment, which directly regulates private employer obligations regarding employee leave and job security.",1,enforcement,"Expands reemployment rights under USERRA for private employers, directly affecting employer obligations regarding veterans' medical leave and job reinstatement.",1,enforcement,"This bill expands USERRA protections by requiring private employers to provide reemployment rights to employees absent for service-connected medical treatment, directly imposing new obligations on non-governmental employers regarding veteran employees."
hr6617-110,"To strengthen communities through English literacy, civics, education, and immigrant integration programs.",Strengthening Communities Through Education and Integration Act of 2008,Education,Adult education|Authorization|Church and social problems|Civics education|College costs|Community organization|Department of Education|Department of Homeland Security|Distance education|Educational research|Elementary and secondary education|Elementary education|English language|Evaluation research (Social action programs)|Family services|Federal aid to education|Grants-in-aid|Higher education|Immigrant education|Immigrants|Income tax|Licenses|Literacy programs|Names|Parent and child|Preschool education|Religion|Secondary education|Tax credits|Tax deductions|Teacher education|Teacher supply and demand|Teachers,1,tax_credit_introduction,"The bill introduces a tax credit for employers' expenses in making adult education and literacy services available to their employees, which qualifies as a tax incentive tied to employer-provided job training.",,,"The bill primarily focuses on education and immigrant integration programs, including tax credits for employers providing adult education and literacy services, which do not directly relate to private employer wage, hour, or benefit obligations.",,,"This bill primarily addresses education programs, literacy services, and immigrant integration through government grants and tax credits for teachers and educational expenses, but does not regulate private employer wage, hour, or benefit obligations such as those covered under FLSA, ERISA, FMLA, or WARN Act."
hr5392-113,To amend the Internal Revenue Code of 1986 to provide for the determination of the employer mandate under the Patient Protection and Affordable Care Act without regard to alien agricultural seasonal workers.,Fairness for Farmers Act of 2014,Taxation,"Comprehensive health care|Employee benefits and pensions|Foreign labor|Health care costs and insurance|Health care coverage and access|Migrant, seasonal, agricultural labor|Sales and excise taxes|Tax administration and collection, taxpayers",1,enforcement,"The bill modifies the definition of 'full-time employee' under the ACA employer mandate, directly altering the scope of private employer obligations to provide health coverage benefits.",,,"The bill modifies the employer mandate under the Affordable Care Act for agricultural seasonal workers, which relates to health care coverage requirements rather than private employer wage or benefit obligations under ERISA or FLSA.",1,enforcement,"Amends the ACA employer mandate by excluding agricultural seasonal workers from full-time employee counts, thereby relaxing private employers' obligations to provide health benefits under ERISA-related provisions."
hr3925-115,"To amend the Internal Revenue Code of 1986 to provide a tax credit to Patriot employers, and for other purposes.",Patriot Employer Act of 2017,Taxation,"Disability and paralysis|Employee benefits and pensions|Employee hiring|Employment and training programs|Income tax credits|Income tax deductions|Interest, dividends, interest rates|Labor standards|Taxation of foreign income|Veterans' education, employment, rehabilitation|Wages and earnings",1,tax_credit_introduction,"Introduces a tax credit for 'Patriot employers' that incentivizes private employers to provide paid sick/family leave, retirement benefits, and higher wages, directly relating to employer wage and benefit obligations.",1,tax_credit_introduction,"Introduces a tax credit for employers who meet criteria including providing paid family leave and retirement benefits, directly relating to private employer wage and benefit obligations.",1,tax_credit_introduction,"Introduces a new tax credit for private employers who meet specified wage, benefit, and leave standards, including minimum compensation thresholds, retirement benefits, paid sick/family leave, and differential pay for military service members—directly incentivizing employer conduct related to wage, hour, and benefit obligations."
s2612-109,A bill to provide for comprehensive immigration reform and for other purposes.,Comprehensive Immigration Reform Act of 2006,Immigration,Academic performance|Access to health care|Administration of justice|Administrative procedure|Administrative remedies|Admission of nonimmigrants|Age|Agricultural labor|Alien labor|Aliens|Arizona|Athletes|Belize|Biological warfare|Border patrols|California|Canada|Census|Central America|Chemical warfare|Child sexual abuse|Citizenship|Civics education|Civil actions and liability|Congressional investigations|Congressional reporting requirements|Counterfeiting|Criminal aliens|Criminal justice information|Customs administration|Department of Defense|Department of Homeland Security|Department of Labor|Department of State|Deportation|Detention of persons|Drone aircraft|Drug abuse|Drug law enforcement|Drug traffic|Drunk driving|Electronic surveillance|Elementary and secondary education|Employers' liability|English language|Environmental health|Evidence (Law)|Executive reorganization|Farm lands|Federal aid to Indians|Federal aid to education|Federal aid to law enforcement|Federal employees|Fines (Penalties)|Fingerprints|Foreign students|Fraud|Gangs|Government trust funds|Governmental investigations|Graduate education|Grants-in-aid|Guatemala|Habitat conservation|Health insurance|Higher education,1,enforcement,"The bill establishes a temporary guest worker program (H-2C visa) that includes specific provisions for U.S. worker protection and mandates employer compliance through an employment management system, directly regulating private employer obligations regarding wages and working conditions for agricultural workers.",,,"The bill primarily addresses immigration reform, border security, and related enforcement provisions, without directly regulating private employer wage, hour, or benefit obligations.",1,enforcement,"The bill makes it unlawful to knowingly hire, recruit, or refer for a fee an unauthorized alien, directly imposing new wage-and-hour-adjacent employment obligations on private employers and strengthening enforcement against employer misconduct related to hiring practices."
hr5553-107,"To amend the Internal Revenue Code of 1986 to preserve retirement security by accelerating increases in retirement plan contribution limits and by eliminating rules that force depletion of retirement savings, and for other purposes.",Protecting America's Savings Act of 2002,Taxation,Accounting|Administrative procedure|Bankruptcy|Business cycles|Civil Service pensions|Congressional reporting requirements|Cost of living adjustments|Debtor and creditor|Defined benefit pension plans|Defined contribution plans|Department of the Treasury|Excise tax|Executive compensation|Federal employees|Golden parachutes|Governmental investigations|Income tax|Individual retirement accounts|Local employees|Married people|Pension funds|Personal income tax|Retirement age|State employees|Stock exchanges|Tax credits|Tax deductions|Tax penalties|Tax-deferred compensation plans|Tax-exempt organizations,1,enforcement,"The bill amends the Internal Revenue Code to modify contribution limits, distribution rules, and rollover provisions for employer-sponsored retirement plans (e.g., 401(k)s, SIMPLE plans), which directly regulates the structure and obligations of private employer-sponsored benefit plans under ERISA.",,,"The bill primarily addresses tax-related adjustments to retirement savings plans and does not impose obligations on private employers regarding wage, hour, or benefit compliance.",1,tax_credit_introduction,"The bill expands and makes permanent a tax credit for elective deferrals and IRA contributions, incentivizing private employers and individuals to increase retirement savings contributions, which relates to employer-sponsored retirement benefit obligations under ERISA."
s1832-114,A bill to provide for increases in the Federal minimum wage.,Pay Workers a Living Wage Act,Labor and Employment,Government information and archives|Labor standards|Wages and earnings|Youth employment and child labor,1,enforcement,"The bill amends the Fair Labor Standards Act to increase the federal minimum wage and adjust tipped employee wages, directly tightening private employer wage obligations.",1,enforcement,"The bill amends the FLSA to increase the federal minimum wage, directly affecting private employer wage obligations.",1,enforcement,"This bill directly amends the FLSA to increase federal minimum wage requirements and tipped employee wages, thereby strengthening private employer wage obligations under wage and hour law."
hr3441-115,To clarify the treatment of two or more employers as joint employers under the National Labor Relations Act and the Fair Labor Standards Act of 1938.,Save Local Business Act,Labor and Employment,Labor standards|Labor-management relations,1,enforcement,"The bill amends the Fair Labor Standards Act to redefine the 'joint employer' standard, directly affecting private employer liability for wage and hour obligations such as minimum wage and overtime pay.",1,enforcement,"The bill clarifies joint employer standards under the FLSA, affecting private employer wage and benefit obligations by defining when entities are liable for such obligations.",1,enforcement,"This bill modifies the legal standard for determining joint employer status under the FLSA, directly affecting how wage and hour obligations are allocated among private employers and potentially limiting liability for wage violations."
hr3636-108,"To amend the Public Health Service Act to prohibit health discrimination against individuals and their family members on the basis of genetic information, and for other purposes.",Genetic Privacy and Nondiscrimination Act of 2003,Health,Access to health care|Discrimination in insurance|Discrimination in medical care|Employee health benefits|Genetics|Health insurance|Insurance premiums|Married people|Medical economics|Medical tests,1,enforcement,"The bill prohibits group health care plans and health insurance issuers from using genetic information to restrict enrollment or adjust premiums, directly regulating the terms and obligations of employer-sponsored group health benefit plans under ERISA.",,,"The bill addresses discrimination in health insurance based on genetic information, not private employer wage or benefit obligations.",,,"This bill primarily regulates health insurance issuers and health plan practices regarding genetic information discrimination, not private employer wage, hour, or benefit obligations under FLSA, WARN, ERISA, or FMLA."
hr1338-110,"To amend the Fair Labor Standards Act of 1938 to provide more effective remedies to victims of discrimination in the payment of wages on the basis of sex, and for other purposes.",Paycheck Fairness Act,Labor and Employment,"Administrative procedure|Apprenticeship|Awards, medals, prizes|Business records|Civil actions and liability|Civil rights enforcement|Class actions (Civil procedure)|Commemorations|Conferences|Congressional reporting requirements|Damages|Department of Education|Department of Labor|Disciplining of employees|Discrimination in employment|Elementary and secondary education|Employee rights|Employee training|Employers' liability|Equal Employment Opportunity Commission|Evidence (Law)|Expert witnesses|Federal aid to education|Federal employees|Government and business|Government contractors|Government paperwork|Government publicity|Governmental investigations|Higher education|Labor statistics|Labor unions|Legal fees|Pay equity|Personnel records|Position classification|Punitive damages|Sex discrimination|Supervisors|Surveys|Vocational and technical education|Wage surveys|Wages|Whistle blowing|Women|Women's education|Women's employment",1,enforcement,"The bill amends the Fair Labor Standards Act (Equal Pay Act) to strengthen remedies, limit employer defenses for wage differentials, and prohibit retaliation for wage discussions, directly regulating private employer wage obligations and enforcement mechanisms.",1,enforcement,"The bill amends the FLSA to strengthen enforcement against sex-based wage discrimination, directly affecting private employer wage obligations.",1,enforcement,"This bill strengthens enforcement of the Equal Pay Act by expanding remedies for sex-based wage discrimination (including compensatory and punitive damages), limiting employer defenses, prohibiting retaliation for wage discussions, and authorizing class actions—all directly tightening private employer wage obligations under the FLSA."
hr475-109,"To amend the Family and Medical Leave Act of 1993 to permit leave to care for a same-sex spouse, domestic partner, parent-in-law, adult child, sibling, or grandparent if the same-sex spouse, domestic partner, parent-in-law, adult child, sibling, or grandparent has a serious health condition, and for other purposes.",Family and Medical Leave Inclusion Act,Labor and Employment,Caregivers|Domestic partners|Employee health benefits|Family leave|Federal employees|Government paperwork|Grandparents|Medical records|Same-sex marriage|Siblings|Sick leave,1,enforcement,"The bill amends the Family and Medical Leave Act (FMLA) to expand the definition of family members eligible for leave, thereby directly regulating private employer obligations regarding protected leave and preventing retaliation for taking such leave.",1,enforcement,"Expands FMLA leave eligibility to include care for additional family members, directly affecting private employer obligations under FMLA.",1,enforcement,"Expands FMLA protections by broadening the definition of family members for whom employees can take protected leave, directly strengthening private employer obligations under federal leave law."
hr4936-114,To provide assistance to small businesses.,Main Street Jobs and Opportunity Act of 2016,Commerce,"Administrative remedies|Bank accounts, deposits, capital|Civil actions and liability|Debt collection|Department of the Treasury|Employee benefits and pensions|Government ethics and transparency, public corruption|Government information and archives|Government liability|Government studies and investigations|Health care costs and insurance|Health care coverage and access|Income tax deductions|Inflation and prices|Internal Revenue Service (IRS)|Judicial procedure and administration|Lawyers and legal services|Legal fees and court costs|Licensing and registrations|Sales and excise taxes|Small business|Tax administration and collection, taxpayers|Temporary and part-time employment|Transfer and inheritance taxes",1,enforcement,"The bill amends the Internal Revenue Code to revise the formula for counting hours of service for non-full-time employees in determining large employer status for health coverage purposes, directly affecting private employer obligations under the Affordable Care Act's employer mandate.",,,"The bill primarily addresses tax code amendments, small business administrative relief, and legal procedures, without imposing obligations on private employers regarding wage, hour, or benefit compliance.",1,enforcement,"The bill revises the formula for counting non-full-time employee hours when determining large employer status under the ACA's employer mandate, directly affecting private employer obligations regarding group health benefit plan coverage."
hr2574-113,"To amend the Higher Education Act of 1965 to extend the current reduced interest rate for undergraduate Federal Direct Stafford Loans for 1 year, to modify required distribution rules for pension plans, and for other purposes.",Keep Student Loans Affordable Act of 2013,Education,"Employee benefits and pensions|Government lending and loan guarantees|Higher education|Interest, dividends, interest rates|Student aid and college costs",1,enforcement,"The bill modifies Internal Revenue Code rules regarding required distributions from tax-exempt pension plans upon an employee's death, directly regulating private employer obligations under ERISA.",,,"The bill primarily addresses student loan interest rates and modifies distribution rules for pension plans upon an employee's death, which does not directly relate to private employer wage, hour, or benefit obligations.",,,"This bill addresses student loan interest rates and pension plan distribution rules under the Internal Revenue Code, but does not regulate private employer wage, hour, or benefit obligations; the pension provisions concern tax-qualified plan distribution timing after employee death, not employer misconduct related to plan management or fiduciary duties."
s538-116,A bill to amend the Internal Revenue Code of 1986 to provide a credit for employer-provided worker training.,Investing in American Workers Act,Taxation,Employment and training programs|Employment taxes|Higher education|Income tax credits|Income tax rates|Licensing and registrations|Small business|Tax-exempt organizations,1,tax_credit_introduction,"Introduces a tax credit for employer-provided worker training, which qualifies under the exception for credits specifically tied to employer-provided job training.",1,tax_credit_introduction,"Introduces a new tax credit for employers who increase worker training expenditures, incentivizing private employer investment in employee skill development.",1,tax_credit_introduction,"Introduces a new tax credit for private employers who increase qualified worker training expenditures for non-highly compensated employees, directly incentivizing employer-provided job training programs which relate to wage and hour obligations under FLSA."
hr4262-108,"To provide for earned adjustment to reward work, reunify families, establish a temporary worker program that protects United States and foreign workers and strengthen national security under the immigration laws of the United States.","Safe, Orderly, Legal Visas and Enforcement Act of 2004",Immigration,Administrative fees|Administrative procedure|Administrative remedies|Admission of nonimmigrants|Advertising|Age|Age discrimination|Alien labor|Aliens|Bank records|Brain drain|Business records|Child abuse|Citizenship|Civics education|Civil actions and liability|Collective bargaining|Computer matching|Confidential communications|Congressional reporting requirements|Construction industries|Construction workers|Criminal aliens|Criminal investigation|Criminal justice information|Data banks|Department of Homeland Security|Department of Labor|Deportation|Detention of persons|Disabled|Disciplining of employees|Discrimination against the disabled|Discrimination in employment|Dismissal of employees|Divorce|Draft registration|Economic impact statements|Educational tests|Electronic government information|Elementary and secondary education|Employee benefit plans|Employee rights|Employers' liability|English language|Evidence (Law)|Family violence|Federal advisory bodies|Fines (Penalties)|Fingerprints|Fraud|Government paperwork|Government publicity|Governmental investigations|Grievance procedures|Higher education|Hours of labor|Identification devices|Illegal aliens|Immigrants|Income tax|Informers|Injunctions|Internet|Job creation|Judicial review,1,enforcement,"The bill addresses private employer wage and benefit obligations by requiring labor attestations for temporary workers, addressing backpay remedies, and prohibiting unfair immigration-related employment practices, which directly regulates employer conduct regarding wages and working conditions.",1,enforcement,"The bill addresses employer obligations related to recruitment efforts and labor attestations for H-1D and H-2B workers, impacting wage and hour compliance.",1,enforcement,"The bill strengthens protections for temporary workers by requiring employers to submit labor attestations, undertake recruitment efforts, and addresses backpay remedies and unfair immigration-related employment practices, directly regulating private employer wage and hour obligations under immigration labor law."
s1861-115,"A bill to amend the Internal Revenue Code of 1986 to expand personal saving and retirement savings coverage by enabling employees not covered by qualifying retirement plans to save for retirement through automatic IRA arrangements, and for other purposes.",Automatic IRA Act of 2017,Taxation,,1,enforcement,"The bill mandates that private employers without qualifying retirement plans provide automatic IRA arrangements to eligible employees and imposes penalties for non-compliance, directly regulating employer obligations regarding retirement benefits.",1,enforcement,"Mandates that private employers without qualifying retirement plans offer automatic IRA arrangements, directly imposing obligations related to employer-sponsored retirement benefit plans under ERISA.",1,enforcement,"Mandates that private employers without qualifying retirement plans auto-enroll employees in IRA arrangements and imposes penalties for noncompliance, directly regulating employer retirement benefit obligations under ERISA-adjacent requirements."
hr6444-110,"To provide affordable, guaranteed private health coverage that will make Americans healthier and can never be taken away.",Healthy Americans Act,Health,Access to health care|Administrative procedure|Case management|Child health|Chronically ill|Department of Health and Human Services|Drug advertising|Drug approvals|Drug industry|Elementary and secondary education|Employee health benefits|Federal advisory bodies|Federal aid to child health services|Federal aid to health facilities|Federal employees|Fines (Penalties)|Flexible benefit plans|Fringe benefits|Government employees' health insurance|Government trust funds|Health education|Health information systems|Health insurance|Higher education|Hospital care|Income tax|Insurance companies|Insurance premiums|Long-term care|Long-term care insurance|Medicaid|Medical economics|Medical education|Medical records|Medical research|Medically uninsured|Medicare|Poor children|Preventive medicine|Quality of care|Retiree health benefits|School health programs|Tax credits|Tax deductions|Tax exclusion|Tax incentives|Tax refunds,1,enforcement,"The bill mandates that private employers provide health coverage through HAPI plans and imposes shared responsibility payments on employers who fail to do so, directly regulating private employer obligations regarding employee health benefits.",,,"The bill primarily addresses health insurance coverage and premium subsidies, not private employer wage or benefit obligations.",1,enforcement,"The bill terminates employer-sponsored health coverage tax exclusions and imposes new 'shared responsibility payments' on employers for HAPI plan premiums, directly altering private employer obligations regarding employee health benefits under ERISA."
s2240-110,"A bill to prohibit termination of employment of volunteer firefighters and emergency medical personnel responding to emergencies, and for other purposes.",Volunteer Firefighter and EMS Personnel Job Protection Act,Labor and Employment,Civil actions and liability|Disasters|Disciplining of employees|Discrimination in employment|Dismissal of employees|Emergency medicine|Employee rights|Fire fighters|Government paperwork|Leave of absence|Paramedical personnel|Personnel records|Salaries|Volunteer workers|Wages,1,enforcement,"The bill prohibits private employers from terminating or discriminating against employees for absences related to volunteer emergency services, directly regulating employer conduct regarding leave and job protection similar to FMLA or USERRA obligations.",1,enforcement,"The bill prohibits private employers from terminating or discriminating against employees serving as volunteer firefighters or EMS personnel, directly regulating employer conduct related to employee rights and protections.",1,enforcement,"The bill prohibits private employers from terminating, demoting, or discriminating against employees who are absent due to volunteer firefighting or emergency medical service, creating new employer obligations regarding leave and retaliation that parallel FMLA-type protections."
hr1270-108,"To amend the Internal Revenue Code of 1986 to clarify the status of employee leasing organizations and to promote and protect the interests of employee leasing organizations, their customers, and workers.",Employee Leasing Organization Act of 2003,Taxation,Adult day care|Day care|Disabled|Employee benefit plans|Employee health benefits|Employee leasing|Employment agencies|Flexible benefit plans|Fringe benefits|Higher education|Income tax|Medical savings accounts|Part-time employment|Pension funds|Social security taxes|Student aid|Temporary employment|Unemployment insurance|Withholding tax,1,enforcement,"The bill clarifies that employee leasing organizations are considered employers for purposes of income tax withholding, unemployment tax, and 401(k) contributions, thereby defining and enforcing the private employer obligations regarding wage reporting and benefit plan administration.",,,"The bill clarifies tax and benefit responsibilities for employee leasing organizations but does not directly regulate private employer wage, hour, or benefit obligations.",1,enforcement,"The bill clarifies employer status and obligations for employee leasing organizations regarding pension plans, health benefits, and tax withholding, directly affecting private employer responsibilities under ERISA and related benefit laws."
s255-107,A bill to require that health plans provide coverage for a minimum hospital stay for mastectomies and lymph node dissection for the treatment of breast cancer and coverage for secondary consultations.,Women's Health and Cancer Rights Act of 2001,Health,Breast cancer|Collective bargaining agreements|Consumer education|Employee health benefits|Health insurance|Health insurance industry|Hospital care|Mastectomy|Standards|Surgery|Women|Women's health,1,enforcement,"The bill amends ERISA to mandate specific coverage requirements for mastectomies and secondary consultations in employer-sponsored group health plans, directly imposing obligations on private employers regarding their benefit plan terms.",1,enforcement,"The bill amends ERISA to mandate specific coverage requirements for employer-sponsored group health plans, directly affecting private employer obligations under ERISA.",1,enforcement,"The bill directly imposes obligations on private employers as sponsors of group health plans under ERISA, requiring employer-provided plans to cover specific breast cancer treatments and secondary consultations, thereby regulating employer-sponsored benefit plan terms."
hr1409-115,To amend the Public Health Service Act to require group and individual health insurance coverage and group health plans to provide for cost sharing for oral anticancer drugs on terms no less favorable than the cost sharing provided for anticancer medications administered by a health care provider.,Cancer Drug Parity Act of 2017,Health,Cancer|Drug therapy|Health care costs and insurance|Health care coverage and access|Prescription drugs,1,enforcement,"The bill imposes direct obligations on private employers sponsoring group health plans under ERISA to provide cost-sharing parity for oral anticancer drugs, regulating employer-sponsored benefit plan terms.",,,"The bill regulates health insurance coverage terms for anticancer drugs, not private employer wage or benefit obligations.",,,"This bill regulates health insurance coverage requirements for anticancer medications, primarily affecting insurance carriers and health plan issuers rather than imposing wage, hour, or benefit obligations on private employers as plan sponsors."
hr3235-110,To ensure the development and responsible stewardship of nanotechnology.,Nanotechnology Advancement and New Opportunities Act,"Science, Technology, Communications",Alternative energy sources|Commercialization|Computers|Curricula|Employee training|Energy research|Entrepreneurs|Environmental research|Environmental technology|Executive reorganization|Federal advisory bodies|Federal aid to education|Federal aid to research|Government and business|Higher education|Income tax|Industrial research|Manufacturing industries|Medical technology|Nanotechnology|National Science Foundation|Pollution control|Product development|Public-private partnerships|Remote sensing|Research and development|Research centers|Research grants|Stocks|Tax credits,1,tax_credit_introduction,"The bill introduces a tax credit for employer-provided job training programs related to nanotechnology, which qualifies under the exception for credits specifically tied to employer-provided job training.",,,"The bill focuses on promoting nanotechnology development and education, with tax credits for nanotechnology education and training, but does not address private employer wage, hour, or benefit obligations.",1,tax_credit_introduction,"Introduces a new tax credit for nanotechnology education and training program expenses incurred by employers, incentivizing private employer investment in employee training programs related to nanotechnology skills."
hr6854-115,"To provide tax relief for the victims of Hurricane Florence, and for other purposes.",Hurricane Florence Tax Relief Act,Taxation,"Charitable contributions|Disaster relief and insurance|Employee benefits and pensions|Income tax credits|Income tax deductions|Income tax exclusion|Natural disasters|North Carolina|Poverty and welfare assistance|South Carolina|Tax administration and collection, taxpayers|Tax treatment of families|Virginia|Wages and earnings",1,tax_credit_introduction,"The bill introduces an employee retention tax credit for private employers who retain workers in disaster zones, which incentivizes employers to maintain wage obligations and employment relationships during a crisis.",,,"The bill provides tax relief for individuals and businesses affected by Hurricane Florence, including tax credits and deductions, but does not impose obligations on private employers regarding wage, hour, or benefit compliance.",,,"This is a disaster relief tax bill providing various tax benefits to individuals and businesses affected by Hurricane Florence; while it mentions employee benefits and wages, it does not impose or modify private employer wage, hour, or benefit obligations under FLSA, ERISA, FMLA, or WARN Act."
s2088-108,"A bill to restore, reaffirm, and reconcile legal rights and remedies under civil rights statutes.",Fairness and Individual Rights Necessary to Ensure a Stronger Society: Civil Rights Act of 2004,"Civil Rights and Liberties, Minority Issues","Administrative procedure|Administrative remedies|Age discrimination|Airlines|Alien labor|Aliens|Armed forces reserves|Awards, medals, prizes|Civil actions and liability|Civil rights enforcement|Class actions (Civil procedure)|Commemorations|Conferences|Consumer credit|Damages|Decision making|Disabled|Disciplining of employees|Discrimination against the disabled|Discrimination in consumer credit|Discrimination in education|Discrimination in employment|Dismissal of employees|Elementary and secondary education|Elementary education|Employee rights|Employee training|Employers' liability|Equal Employment Opportunity Commission|Evidence (Law)|Expert witnesses|Federal aid programs|Federal employees|Federally-guaranteed loans|Freedom of information|Government and business|Government contractors|Government lending|Government liability|Government paperwork|Government publicity|Governmental investigations|Grievance procedures|Higher education|Hours of labor|Housing discrimination|Illegal aliens|Industrial arbitration|Injunctions|Juries|Labor contracts|Labor statistics|Labor unions|Legal fees|Liability (Law)|Limitation of actions|Minimum wages|Minorities|National Guard|Negligence|Older workers|Pay equity|Punitive damages|Racial discrimination|Right of privacy|School administration",1,enforcement,"The bill amends the Fair Labor Standards Act to revise provisions governing discrimination in the payment of wages and equal pay requirements, directly regulating private employer wage obligations.",1,enforcement,"Amends the FLSA to revise provisions governing discrimination in the payment of wages, directly affecting private employer wage obligations.",1,enforcement,"The bill strengthens private employer wage and hour obligations under FLSA by revising equal pay requirements and explicitly authorizing back-pay recovery for undocumented workers in wage discrimination cases, directly addressing employer wage violations."
hr4523-115,"To amend the Internal Revenue Code of 1986 to expand retirement plan coverage, increase retirement security, and for other purposes.",Automatic Retirement Plan Act of 2017,Taxation,,1,enforcement,"The bill mandates that certain private employers maintain automatic contribution retirement plans for their employees, directly imposing obligations on private employers regarding retirement benefits under ERISA-related frameworks.",1,enforcement,"The bill mandates that certain private employers maintain automatic contribution retirement plans, directly imposing obligations related to employer-sponsored retirement benefit plans under ERISA.",1,enforcement,"Mandates that private employers without qualifying retirement plans establish automatic contribution retirement plans for employees, directly imposing new employer benefit obligations under ERISA-related requirements."
s2010-108,"A bill to strengthen national security and United States borders, reunify families, provide willing workers, and establish earned adjustment under the immigration laws of the United States.",Immigration Reform Act of 2004,Immigration,Administrative fees|Administrative remedies|Admission of nonimmigrants|Alien labor|Citizenship|Congressional reporting requirements|Department of Homeland Security|Discrimination in employment|Economic impact statements|Employee rights|Federal advisory bodies|Fines (Penalties)|Fraud|Government paperwork|Governmental investigations|Illegal aliens|Immigrants|Labor disputes|Labor unions|Married people|Recruiting of employees|Temporary employment|Visas,1,enforcement,"The bill imposes specific recruitment and labor attestation obligations on private employers hiring H-2B and H-2C workers and provides worker protections, directly regulating private employer conduct related to wage and hour compliance and preventing labor exploitation.",,,"The bill primarily addresses immigration reform, including visa categories and worker protections, but does not directly regulate private employer wage, hour, or benefit obligations.",1,enforcement,"The bill imposes direct obligations on private employers hiring H-2B and H-2C nonimmigrant workers, including recruitment requirements, labor attestations, worker protections, and prohibitions on disclosing worker immigration status, while also providing stays of removal for aliens involved in workplace claims—all of which regulate private employer conduct related to wage, hour, and employment conditions."
hr454-108,To amend the Internal Revenue Code of 1986 to provide to employers a tax credit for compensation paid during the period employees are performing service as members of the Ready Reserve or the National Guard.,,Taxation,Armed forces reserves|Income tax|National Guard|Tax credits|Wages,1,tax_credit_introduction,"Introduces a tax credit for private employers who continue to pay compensation to employees serving in the Ready Reserve or National Guard, incentivizing the maintenance of wage obligations during military service.",1,tax_credit_introduction,"Introduces a tax credit for private employers compensating employees on active duty with the Ready Reserve or National Guard, directly relating to employer wage obligations under USERRA.",1,tax_credit_introduction,"Introduces a new tax credit incentivizing private employers to continue compensating employees called to active duty with the Ready Reserve or National Guard, directly relating to private employer wage obligations for military service members under USERRA-adjacent conduct."
s141-107,"A bill to provide for enhanced safety, public awareness, and environmental protection in pipeline transportation, and for other purposes.",Pipeline Safety Improvement Act of 2001,Transportation and Public Works,Accident prevention|Administrative procedure|Administrative remedies|Authorization|Business records|Carbon dioxide|Civil actions and liability|Congressional reporting requirements|Corrosion|Department of Transportation|Discrimination in employment|Dismissal of employees|Elementary and secondary education|Emergency communication systems|Employee training|Employment tests|Excavation|Federal advisory bodies|Federal aid to transportation|Federal-state relations|Fines (Penalties)|Freedom of information|Gas pipelines|Government paperwork|Government publicity|Government statistics|Government trust funds|Governmental investigations|Injunctions|Interstate commerce|Leave of absence|Liability for oil pollution|Maps|Petroleum pipelines|Pipeline safety|Research and development|Right-of-way|Risk assessment|School districts|Standards|Subcontractors|Technological innovations|Telephone|Transfer of employees|Transportation of hazardous substances|Transportation planning|Transportation research|Transportation workers|Tunnels|Underground construction|Whistle blowing|Witnesses,1,enforcement,"The bill establishes whistleblower protections prohibiting pipeline operators (private employers) from discriminating against employees who report safety violations, which aligns with the category's inclusion of retaliation against employees for reporting unsafe working conditions.",,,"The bill focuses on pipeline safety, environmental protection, and whistleblower protections related to pipeline operations, not on private employer wage, hour, or benefit obligations.",1,enforcement,"The bill includes whistle blower protections prohibiting pipeline operators and their contractors from discriminating against employees who report safety violations or participate in related proceedings, directly regulating private employer retaliation conduct covered under wage and hour/benefits enforcement statutes."
s710-107,A bill to require coverage for colorectal cancer screenings.,Eliminate Colorectal Cancer Act of 2002,Health,Administrative procedure|Colon cancer|Consumer education|Department of Health and Human Services|Department of Labor|Employee health benefits|Health education|Health insurance|Health insurance industry|Medical screening|Medical tests|Preventive medicine,1,enforcement,"The bill amends ERISA to mandate that private employer-sponsored group health plans cover colorectal cancer screenings, directly imposing obligations on non-governmental employers regarding their benefit plan terms.",1,enforcement,"Requires employer-sponsored group health plans to cover colorectal cancer screenings, directly imposing obligations on private employers under ERISA.",1,enforcement,"The bill directly imposes obligations on private employers as sponsors of group health plans under ERISA by requiring them to cover colorectal cancer screenings, thereby regulating employer-sponsored benefit plan terms."
hr2271-115,"To permit employees to request, and to ensure employers consider requests for, flexible work terms and conditions, and for other purposes.",Flexibility for Working Families Act,Labor and Employment,"Administrative remedies|Civil actions and liability|Congressional agencies|Congressional officers and employees|Department of Labor|Employment discrimination and employee rights|Government Accountability Office (GAO)|Government employee pay, benefits, personnel management|Government information and archives|Judicial review and appeals|Labor standards|Labor-management relations|Library of Congress|State and local government operations",1,enforcement,"The bill imposes new obligations on private employers to consider employee requests for flexible work terms and prohibits interference with these rights, directly regulating employer conduct related to work hours and scheduling under the Fair Labor Standards Act framework.",1,enforcement,"The bill enforces employer obligations to consider employee requests for flexible work terms, impacting private employer wage and hour conditions under the FLSA.",1,enforcement,"The bill creates new employer obligations regarding employee requests for flexible work arrangements and establishes enforcement mechanisms through the Department of Labor with civil penalties, directly regulating private employer conduct related to work terms and conditions under wage and hour law."
s1242-115,"A bill to provide for increases in the Federal minimum wage, and for other purposes.",Raise the Wage Act,Labor and Employment,Disability and paralysis|Government information and archives|Labor standards|Wages and earnings,1,enforcement,"The bill amends the Fair Labor Standards Act to increase the federal minimum wage and eliminate subminimum wage exemptions for tipped, youth, and disabled workers, directly tightening private employer wage obligations.",1,enforcement,"The bill amends the FLSA to increase the federal minimum wage, directly affecting private employer wage obligations.",1,enforcement,"This bill directly strengthens FLSA wage obligations by raising the federal minimum wage for regular, tipped, disabled, and youth employees, and eliminates subminimum wage certificates—core enforcement changes to private employer wage-and-hour requirements."
s889-107,A bill to protect consumers in managed care plans and in other health coverage.,Bipartisan Patients' Bill of Rights Act of 2001,Health,Access to health care|Administrative procedure|Administrative remedies|Ambulances|Breast cancer|Child health|Chronically ill|Civil actions and liability|Class actions (Civil procedure)|Clinical trials|Communication in medicine|Congressional reporting requirements|Consumer education|Dental care|Department of Health and Human Services|Discrimination in insurance|Discrimination in medical care|Drug utilization|Drugs|Emergency medical services|Employee health benefits|Executive reorganization|Federal preemption|Fines (Penalties)|Freedom of speech|Government paperwork|Governmental investigations|Gynecology|Health information systems|Health insurance|Health insurance continuation|Health insurance industry|Health maintenance organizations|Licenses|Managed care|Mastectomy|Medical economics|Obstetricians|Obstetrics|Patient satisfaction|Patients' rights|Physician-patient privilege|Physicians|Pregnant women|Preventive medicine|Quality of care|Salaries|Small business|Standards|State laws|Surgery|Terminal care|Translating and interpreting|Women|Women's health,1,enforcement,"The bill amends ERISA to impose specific obligations and penalties on private employer-sponsored group health plans regarding the provision of benefits, directly regulating employer conduct related to employee welfare benefit plans.",,,"The bill primarily addresses patient rights and health insurance regulations, not private employer wage or benefit obligations.",1,enforcement,"The bill amends ERISA to impose new obligations on private employers as sponsors of group health plans, including requirements for coverage standards, appeals processes, and patient protections, directly regulating employer-sponsored benefit plan conduct."
s689-111,"A bill to amend the Internal Revenue Code of 1986 to clarify the treatment of church pension plans, and for other purposes.",Church Plan Clarification Act of 2009,Taxation,Employee benefits and pensions|Financial services and investments|Religion,1,enforcement,"The bill amends ERISA and the Internal Revenue Code to clarify the definition of church plans and apply automatic enrollment provisions, directly regulating private employer obligations regarding employee pension and retirement benefit plans.",,,"The bill addresses tax treatment and regulatory provisions specific to church pension plans, which are not considered private employer obligations under ERISA or related wage and hour laws.",1,enforcement,"The bill amends ERISA and Internal Revenue Code provisions governing church pension plans, directly affecting how employers sponsoring such plans must structure and manage employee retirement benefits under federal law."
s2208-114,"A bill to promote the economic security and safety of survivors of domestic violence, dating violence, sexual assault, or stalking, and for other purposes.",Security and Financial Empowerment Act of 2015,Crime and Law Enforcement,"Assault and harassment offenses|Civil actions and liability|Congressional agencies|Congressional oversight|Crime prevention|Crime victims|Crimes against women|Criminal investigation, prosecution, interrogation|Domestic violence and child abuse|Employee benefits and pensions|Employee hiring|Employee leave|Employment discrimination and employee rights|Evidence and witnesses|Financial literacy|Government employee pay, benefits, personnel management|Government information and archives|Government studies and investigations|Health care costs and insurance|Health programs administration and funding|Health promotion and preventive care|Indian social and development programs|Insurance industry and regulation|Labor standards|Library of Congress|Life, casualty, property insurance|Poverty and welfare assistance|Sex offenses|Unemployment|Wages and earnings|Women's employment|Worker safety and health",1,enforcement,"The bill mandates that private employers provide specific paid and unpaid leave to employees affected by domestic violence or sexual assault, directly imposing new wage and hour obligations on non-governmental employers.",1,enforcement,"The bill mandates private employers to provide 30 days of leave per year for employees affected by domestic violence, directly imposing new leave obligations on employers.",1,enforcement,"The bill mandates that private employers provide employees 30 days of leave per year (including 56 hours of paid leave) for domestic violence, sexual assault, or stalking situations, and prohibits employment discrimination against survivors, directly imposing new wage, hour, and benefit obligations on non-governmental employers."
hr3922-114,"To amend the Internal Revenue Code of 1986 and the Employee Retirement Income and Security Act of 1974 to provide for a best interest standard for advice fiduciaries, and for other purposes.",Retirement Choice Protection Act of 2015,Labor and Employment,Administrative law and regulatory procedures|Department of Labor|Department of the Treasury|Employee benefits and pensions|Executive agency funding and structure|Financial services and investments,1,enforcement,"The bill amends ERISA to establish a 'best interest standard' for fiduciaries providing advice on retirement plans, directly regulating private employer and financial advisor conduct regarding employee pension and retirement benefit obligations.",1,enforcement,"Establishes a best interest standard for fiduciaries advising on retirement plans, strengthening ERISA-related fiduciary duties and impacting private employer-sponsored retirement plan management.",1,enforcement,"Establishes a best interest standard for fiduciaries providing investment advice regarding IRAs and ERISA plans, directly regulating private employer obligations under ERISA regarding employee retirement benefit plans."
s1948-112,"A bill to establish an Innovation in Investment pilot program, to improve and expand a national registered apprenticeship program, to provide for State Workforce Education and Training Advisory Committees, and for other purposes.",WIN Jobs and Applied Education Act,Labor and Employment,Advisory bodies|Education programs funding|Elementary and secondary education|Employment and training programs|Government information and archives|Higher education|Income tax credits|Public-private cooperation|State and local government operations|Student aid and college costs|Vocational and technical education,1,tax_credit_introduction,"The bill introduces a tax credit for qualified employers who incur expenses for apprenticeship program training and educational assistance, which qualifies as a credit specifically tied to employer-provided job training.",1,tax_credit_introduction,"Introduces a tax credit for employers covering apprenticeship program expenses, incentivizing private employer investment in workforce training and education.",1,tax_credit_introduction,"Introduces a new tax credit for qualified employers who pay taxes and educational assistance on behalf of employees in registered apprenticeship programs, directly incentivizing private employer investment in job training programs related to wage and hour obligations."
hr2651-116,"To amend the Child Nutrition Act of 1966 to clarify the availability and appropriateness of training for local food service personnel, and for other purposes.",Improving Training for School Food Service Workers Act,Agriculture and Food,Child health|Elementary and secondary education|Food assistance and relief|Food industry and services|Nutrition and diet,1,enforcement,"The bill imposes direct obligations on employers of school food service personnel to compensate them for training conducted outside of regular working hours and prohibits penalties for non-attendance, thereby regulating private employer wage obligations.",1,enforcement,"The bill mandates compensation for school food service workers attending training outside regular hours, directly affecting private employer wage obligations under FLSA.",1,enforcement,"The bill mandates that school food service training be scheduled during paid working hours and requires compensation when training occurs outside working hours, directly addressing private employer wage and hour obligations under the FLSA."
s3760-111,"A bill to amend the Internal Revenue Code of 1986 to expand personal savings and retirement savings coverage by allowing employees not covered by qualified retirement plans to save for retirement through automatic IRAs, and for other purposes.",Automatic IRA Act of 2010,Labor and Employment,"Administrative law and regulatory procedures|Advisory bodies|Department of Labor|Department of the Treasury|Employee benefits and pensions|Federal preemption|Financial services and investments|Government information and archives|Government studies and investigations|Income tax credits|Internet and video services|Licensing and registrations|Securities|Small business|Tax administration and collection, taxpayers|User charges and fees",1,enforcement,"The bill mandates that private employers without qualified retirement plans provide automatic IRA arrangements to eligible employees and imposes penalties for non-compliance, directly regulating employer obligations regarding retirement benefits.",1,enforcement,"The bill mandates that certain private employers offer automatic IRAs to employees, directly imposing retirement benefit obligations under ERISA-related employer conduct.",1,enforcement,"Mandates that private employers without qualifying retirement plans auto-enroll employees in IRA arrangements, directly imposing new employer benefit obligations under ERISA-adjacent retirement plan requirements."
hr2572-109,"To amend title 38, United States Code, to require that employers of members of the National Guard and Reserve who are called to active duty continue to offer health care coverage for dependents of such members, and for other purposes.",Reservist Health Care Continuity Act,Armed Forces and National Security,Armed forces abroad|Armed forces reserves|Employee health benefits|Health insurance continuation|Insurance premiums|Iraq compilation|Medical economics|Military dependents|Military personnel|National Guard|Veterans' medical care,1,enforcement,"The bill imposes a direct obligation on private employers to continue health care coverage for employees called to active duty, regulating employer-sponsored benefit plan conduct under principles similar to USERRA.",1,enforcement,"Requires private employers to continue health care coverage for National Guard and Reserve members called to active duty, directly imposing obligations on private employers regarding employee health benefits.",1,enforcement,"This bill imposes direct obligations on private employers to continue health care coverage for dependents of National Guard and Reserve members called to active duty, regulating employer-sponsored group health benefit plan obligations under circumstances related to military service."
hr4637-115,"To amend the Internal Revenue Code of 1986 to encourage retirement savings by modifying requirements with respect to employer-established IRAs, and for other purposes.",SAVE Act of 2017,Taxation,"Administrative law and regulatory procedures|Civil actions and liability|Consumer affairs|Department of Labor|Department of the Treasury|Elementary and secondary education|Employee benefits and pensions|Financial literacy|Income tax credits|Income tax deductions|Income tax deferral|Insurance industry and regulation|Sales and excise taxes|Small business|Teaching, teachers, curricula",1,enforcement,"The bill amends ERISA and the Internal Revenue Code to modify requirements for employer-established retirement plans, including establishing automatic enrollment provisions and disclosure rules that directly regulate private employer obligations regarding employee pension and retirement benefits.",1,tax_credit_introduction,"Introduces a tax credit for small employers adopting safe harbor requirements for automatic contribution arrangements, relating to ERISA-regulated employer retirement plan obligations.",1,enforcement,"The bill mandates that private employers without qualifying retirement plans automatically enroll employees in IRA arrangements and establishes automatic deferral requirements, directly imposing new ERISA-related benefit obligations on non-governmental employers."
hr2674-110,"To amend the Fair Labor Standards Act of 1938 to increase penalties for violations of child labor laws, and for other purposes.",CARE Act of 2007,Labor and Employment,Administrative procedure|Administrative remedies|Agricultural labor|Child labor|Child safety|Congressional reporting requirements|Elementary and secondary education|Employers' liability|Environmental law enforcement|Fines (Penalties)|Government paperwork|Governmental investigations|Grants-in-aid|Hours of labor|Imprisonment|Labor statistics|Medical statistics|Migrant education|Migrant labor|Occupational health and safety|Parent and child|Personnel records|Pesticides|Recidivists|Seasonal labor|Standards,1,enforcement,"The bill amends the Fair Labor Standards Act to repeal agricultural child labor exemptions, raise the minimum age for hazardous work, and increase civil and criminal penalties for violations, directly regulating private employer conduct regarding child labor and wages.",1,enforcement,"The bill amends the FLSA to increase penalties for child labor violations and tighten regulations on hazardous agricultural employment, directly affecting private employer wage and hour obligations.",1,enforcement,"Strengthens FLSA child labor protections by eliminating agricultural exemptions, raising minimum age requirements, and increasing civil and criminal penalties for violations—directly tightening private employer wage and hour obligations under federal law."
hr466-111,"To amend title 38, United States Code, to provide for certain rights and benefits for persons who are absent from positions of employment to receive medical treatment for service-connected disabilities.",Wounded Veteran Job Security Act,Armed Forces and National Security,"Disability and health-based discrimination|Employee leave|Employment discrimination and employee rights|Health care costs and insurance|Veterans' education, employment, rehabilitation|Veterans' medical care",1,enforcement,"The bill imposes direct obligations on private employers to retain employees, maintain seniority, and continue health benefits for veterans receiving treatment for service-connected disabilities, which aligns with the category's inclusion of USERRA-style protections for private employers regarding military reservists and veterans.",1,enforcement,"The bill enforces private employer obligations to retain employees absent for medical treatment of service-connected disabilities, aligning with employer conduct under USERRA.",1,enforcement,"The bill imposes obligations directly on private employers to maintain seniority, benefits, and health insurance for employees absent for service-connected disability treatment, and prohibits retaliation—regulating private employer conduct regarding employee benefits and leave rights."
hr4242-112,"To repeal the Patient Protection and Affordable Care Act, to amend the Public Health Service Act to provide individual and group market reforms to protect health insurance consumers, and for other purposes.",Ensuring Quality Health Care for All Americans Act of 2012,Health,Child health|Civil actions and liability|Comprehensive health care|Disability and health-based discrimination|Employee benefits and pensions|Family relationships|Federal preemption|General health and health care finance matters|Health care costs and insurance|Health care coverage and access|Health care quality|Health programs administration and funding|Higher education|Legal fees and court costs|Medicaid,1,enforcement,"The bill imposes direct obligations on private employers sponsoring group health plans, such as prohibiting preexisting condition exclusions and lifetime limits, which aligns with ERISA-related employer benefit obligations.",,,"The bill primarily addresses health insurance market reforms and consumer protections, not private employer wage or benefit obligations.",1,enforcement,"The bill directly regulates private employer obligations under group health plans by prohibiting preexisting condition exclusions, eliminating lifetime and annual limits, and mandating dependent coverage until age 26, all of which are ERISA-related employer-sponsored benefit plan requirements."
s2858-108,"A bill to amend the Internal Revenue Code of 1986 to clarify the proper treatment of differential wage payments made to employees called to active duty in the uniformed services, and for other purposes.",Uniformed Services Differential Pay Protection Act,Taxation,Annuities|Armed forces reserves|Income tax|Payroll deductions|Pension funds|Tax administration|Tax-deferred compensation plans|Wages|Withholding tax,1,enforcement,"The bill clarifies that differential wage payments made by private employers to employees on active military duty constitute wages for tax and retirement plan purposes, thereby enforcing private employer obligations regarding compensation and benefit plan contributions under ERISA and the Internal Revenue Code.",1,enforcement,"Clarifies tax treatment of differential wage payments to employees on active duty, directly affecting private employer wage obligations under USERRA.",1,enforcement,"The bill imposes obligations on private employers regarding differential wage payments to employees called to active military duty, directly regulating employer compensation practices under USERRA-related employment protections."
hr1406-113,To amend the Fair Labor Standards Act of 1938 to provide compensatory time for employees in the private sector.,Working Families Flexibility Act of 2013,Labor and Employment,Administrative remedies|Civil actions and liability|Congressional oversight|Department of Labor|Employee leave|Employment discrimination and employee rights|Government studies and investigations|Labor standards|Labor-management relations|Wages and earnings,1,enforcement,"The bill amends the Fair Labor Standards Act to regulate private employer obligations regarding overtime compensation and compensatory time, directly addressing wage and hour compliance.",1,enforcement,"Amends the FLSA to allow private employers to offer compensatory time off in lieu of overtime pay, directly affecting private employer wage obligations.",1,enforcement,"Amends the FLSA to regulate how private employers may provide compensatory time in lieu of overtime pay, directly affecting employer wage and hour obligations under federal labor standards."
hr2175-110,"To amend the Interstate Horseracing Act of 1978 to require, as a condition to the consent for off-track wagering, that horsemen's groups and host racing commissions offer insurance coverage for professional jockeys and other horseracing personnel, and for other purposes.",,Sports and Recreation,Athletes|Civil actions and liability|Contracts|Drug abuse|Drug testing|Drugs and athletes|Gambling|Horse racing|Horses|Protection of animals|Steroids|Workers' compensation,1,enforcement,"The bill mandates that horsemen's groups and host racing commissions provide health and injury insurance coverage for professional jockeys and other racing personnel, directly imposing benefit obligations on private entities involved in the employment or contracting of these workers.",,,"The bill mandates insurance coverage for jockeys and horseracing personnel, but it primarily regulates sports and recreation activities rather than private employer wage or benefit obligations.",1,enforcement,"The bill mandates that host racing associations and commissions provide health and injury insurance coverage for professional jockeys, exercise riders, and backside personnel as a condition of accepting interstate off-track wagers, directly imposing employer-sponsored benefit obligations on private racing industry employers."
s1548-116,A bill to amend the Internal Revenue Code of 1986 to modify the rate of tax on corporations participating in labor lockouts and to prohibit deductions and credits for wages and benefits paid to temporary workers during labor knockouts.,Prohibiting Incentives for Corporations that Kickout Employees Tax (PICKET) Act,Taxation,Corporate finance and management|Income tax credits|Income tax deductions|Income tax rates|Labor-management relations|Research and development|Temporary and part-time employment|Wages and earnings,1,tax_credit_removal,"The bill denies tax deductions and credits for wages and benefits paid to temporary workers during labor lockouts, directly regulating private employer wage and benefit obligations through tax incentives.",1,enforcement,"The bill increases tax rates and denies deductions for wages paid to temporary workers during labor lockouts, indirectly enforcing private employer wage and benefit obligations by discouraging lockouts.",1,enforcement,"The bill penalizes corporations engaging in labor lockouts by increasing their tax rate and denying deductions for temporary worker wages, effectively discouraging employer conduct that disrupts regular wage and benefit obligations to employees during labor disputes."
s2526-115,"A bill to amend the Internal Revenue Code of 1986 to encourage retirement savings, and for other purposes.",Retirement Enhancement and Savings Act of 2018,Taxation,,1,enforcement,"The bill amends ERISA to modify requirements for employer-provided retirement plans, including rules on automatic enrollment, nondiscrimination, and fiduciary duties, which directly regulates private employer obligations regarding employee benefit plans.",1,enforcement,"Modifies ERISA requirements for employer-provided retirement plans, directly affecting private employer obligations regarding retirement benefits.",1,enforcement,"The bill modifies ERISA requirements for employer-provided retirement plans, including rules for multiple employer plans, automatic enrollment, nondiscrimination, and reporting—directly affecting private employers' obligations regarding employee pension and retirement benefit plans."
hr1531-113,"To require that health plans provide coverage for a minimum hospital stay for mastectomies, lumpectomies, and lymph node dissection for the treatment of breast cancer and coverage for secondary consultations.",Breast Cancer Patient Protection Act of 2013,Health,Cancer|Employee benefits and pensions|Health care costs and insurance|Health care coverage and access|Hospital care|Surgery and anesthesia|Women's health,1,enforcement,"The bill amends ERISA to mandate specific coverage requirements for breast cancer treatment in employer-sponsored group health plans, directly imposing obligations on private employers regarding their benefit plan terms.",1,enforcement,"Amends ERISA to mandate specific coverage terms for employer-sponsored health plans, directly affecting private employer obligations under ERISA-regulated benefit plans.",1,enforcement,"The bill directly imposes obligations on private employers as sponsors of group health plans under ERISA, requiring employer-provided plans to cover specific minimum hospital stays and treatments for breast cancer, thereby regulating employer-sponsored benefit plan terms."
hr4095-108,"To amend title XVIII of the Social Security Act to provide for the use of qualified family caregivers in the provision of home health aide services under the Medicare Program, to amend the Family and Medical Leave Act of 1993, and for other purposes.",Family Caregiver Security Act of 2004,Health,Caregivers|Disabled|Domestic partners|Family leave|Home care services|Medicare|Nurse practitioners|Nurses|Nursing|Paramedical personnel|Physical therapy|Sick leave|Terminal care|Terminally ill,1,enforcement,"The bill amends the Family and Medical Leave Act (FMLA) to extend leave benefits to domestic partners and increase leave duration for spouses employed by the same employer, directly regulating private employer obligations regarding protected family and medical leave.",1,enforcement,"Amends the FMLA to extend the period of family or medical leave for spouses employed by the same employer, directly affecting private employer obligations under FMLA.",,,"This bill primarily amends Medicare home health services and FMLA eligibility/duration provisions, but does not address private employer wage, hour, or benefit violations; it expands employee leave entitlements rather than regulating employer misconduct related to wage theft, pension mismanagement, or retaliation."
s1082-115,"A bill to provide for the establishment of the United States Employee Ownership Bank, and for other purposes.",United States Employee Ownership Bank Act,Finance and Financial Sector,"Bank accounts, deposits, capital|Banking and financial institutions regulation|Corporate finance and management|Department of the Treasury|Employee benefits and pensions|Employment discrimination and employee rights|Executive agency funding and structure|Government lending and loan guarantees|Labor-management relations|Unemployment",1,enforcement,"The bill amends the WARN Act to impose new obligations on private employers regarding plant closings, specifically requiring them to offer employees the opportunity to purchase the facility through an ESOP or worker-owned cooperative, which directly regulates employer conduct related to mass layoffs and plant closures.",1,enforcement,"Amends the WARN Act to require employers to offer employees the opportunity to purchase a closing plant or facility, directly affecting employer obligations related to plant closures.",1,enforcement,"The bill amends the WARN Act to impose a new obligation on private employers to offer employees the opportunity to purchase closing plants through employee ownership structures, directly expanding employer obligations under federal labor law."
hr1373-113,"To improve compliance with mine safety and health laws, empower miners to raise safety concerns, prevent future mine tragedies, and for other purposes.",Robert C. Byrd Mine Safety Protection Act of 2013,Labor and Employment,"Accidents|Administrative law and regulatory procedures|Administrative remedies|Air quality|Business records|Cardiovascular and respiratory health|Civil actions and liability|Coal|Criminal investigation, prosecution, interrogation|Criminal procedure and sentencing|Department of Labor|Employment and training programs|Employment discrimination and employee rights|Environmental assessment, monitoring, research|Evidence and witnesses|Government employee pay, benefits, personnel management|Government studies and investigations|Health information and medical records|Labor standards|Lawyers and legal services|Medical tests and diagnostic methods|Mining|Wages and earnings|Worker safety and health",1,enforcement,"The bill mandates that mine operators provide full compensation at the regular rate of pay for miners idled due to safety withdrawal orders, directly imposing a wage obligation on private employers.",,,"The bill focuses on mine safety and health regulations, not on private employer wage, hour, or benefit obligations.",1,enforcement,The bill strengthens enforcement of mine safety laws and includes provisions requiring mine operators to provide full compensation to miners idled by withdrawal orders (expanding wage protections under existing safety law) and prohibiting discharge of miners without job-related grounds after completing probation (directly regulating private employer termination practices related to safety compliance).
hr3000-109,To establish a United States Health Service to provide high quality comprehensive health care for all Americans and to overcome the deficiencies in the present system of health care delivery.,Josephine Butler United States Health Service Act,Health,Abortion|Access to health care|Administrative procedure|Ambulances|Ambulatory care|Auditing|Breast cancer|Capital budgets|Capitation (Medical care)|Case management|Charitable contributions|Child health|Childbirth|Chronically ill|Civil actions and liability|Civil service retirement|Clinical trials|Collection of accounts|Collective bargaining|Communication in medicine|Community health services|Comprehensive health care|Conflict of interests|Congressional reporting requirements|Consumer complaints|Continuing education|Corporation taxes|Curricula|Day care|Dental care|Department of Health and Human Services|Disabled|Disasters|Discrimination in medical care|Drugs|Emergency medicine|Eminent domain|Employee health benefits|Employee rights|Employee selection|Employee training|Employment tests|Environmental health|Environmental monitoring|Environmentally induced diseases|Epidemics|Epidemiology|Executive reorganization|Eye care|Eyeglasses|Family planning and birth control|Federal aid to education|Federal employees|Federal preemption|Financial statements|Generic drugs|Geriatrics|Government paperwork|Government publications|Government publicity|Government trust funds|Grievance procedures|Health counseling|Health education|Health facilities|Health planning,1,enforcement,"The bill amends the Fair Labor Standards Act to provide employees with leave to receive necessary health care services, directly imposing a new wage and hour obligation on private employers.",,,"The bill primarily establishes a national health service and addresses healthcare delivery, not private employer wage or benefit obligations.",1,enforcement,"Amends the Fair Labor Standards Act to provide employees with leave to receive necessary health care services, directly imposing new obligations on private employers regarding employee leave rights."
hr3202-108,"To amend title 38, United States Code, to require that employers of members of the National Guard and the reserve components of the Armed Forces who are called to active duty continue to offer health care coverage for dependents of such members, and for other purposes.",Reservist Health Care Continuity Act,Armed Forces and National Security,Armed forces abroad|Armed forces reserves|Employee health benefits|Health insurance continuation|Insurance premiums|Medical economics|Military dependents|Military personnel|National Guard|Veterans' medical care,1,enforcement,"The bill imposes a direct obligation on private employers to continue health care coverage for employees called to active military duty, regulating employer-sponsored benefit plan conduct under USERRA principles.",1,enforcement,"Mandates that private employers continue health care coverage for employees called to active duty, directly imposing obligations on private employers regarding employee benefits.",1,enforcement,"This bill imposes direct obligations on private employers to continue health care coverage for dependents of National Guard and reserve members called to active duty, regulating employer-sponsored group health benefit plans under circumstances related to military service leave."
hr4224-115,"To authorize the temporary entry into the United States of alien crewmen employed on longline fishing vessels originating in Hawaii, to ensure that such aliens receive reasonable wages and working conditions, and to provide for appropriate enforcement and oversight of fishing companies employing such aliens.",Sustainable Fishing Workforce Protection Act,Immigration,"Foreign labor|Guam|Hawaii|Immigration status and procedures|Labor-management relations|Marine and coastal resources, fisheries|Northern Mariana Islands|Transportation employees|Visas and passports|Worker safety and health",1,enforcement,"The bill imposes direct obligations on private fishing companies to ensure alien crewmembers receive reasonable wages and working conditions through enforceable labor agreements and Coast Guard oversight, aligning with wage and hour enforcement.",,,"The bill primarily addresses immigration procedures and labor agreements for foreign workers on fishing vessels, not private employer wage or benefit obligations.",1,enforcement,"The bill requires private fishing companies to enter into enforceable labor agreements ensuring reasonable wages and working conditions for foreign crewmembers, directly regulating employer wage and hour obligations under immigration-specific labor protections."
hr1809-107,"To amend the Employee Retirement Income Security Act of 1974, Public Health Service Act, and the Internal Revenue Code of 1986 to require that group and individual health insurance coverage and group health plans provide coverage of cancer screening.",Cancer Screening Coverage Act of 2001,Health,Access to health care|Administrative procedure|Breast cancer|Cancer|Cervical cancer|Coinsurance|Colon cancer|Consumer education|Department of Health and Human Services|Department of Labor|Department of the Treasury|Discrimination in insurance|Discrimination in medical care|Employee health benefits|Gynecology|Health insurance|Health insurance industry|Mammography|Medical ethics|Medical fees|Medical personnel|Medical screening|Medical technology|Medical tests|Ovarian cancer|Patients' rights|Pelvic inflammatory disease|Physical examinations|Physicians|Preventive medicine|Prostate cancer|Standards|Women|Women's health,1,enforcement,"The bill amends ERISA to mandate that private employer-sponsored group health plans provide specific cancer screening coverage, directly imposing obligations on non-governmental employers regarding their employee benefit plans.",1,enforcement,"The bill mandates that private employer-sponsored group health plans provide coverage for cancer screenings, directly imposing obligations on employers under ERISA.",1,enforcement,"The bill amends ERISA to impose direct obligations on private employers as sponsors of group health plans, requiring them to provide specific cancer screening coverage as part of their employer-sponsored benefit plans, thereby regulating employer-provided health and welfare benefit plan obligations."
s406-109,A bill to amend title I of the Employee Retirement Security Act of 1974 to improve access and choice for entrepreneurs with small businesses with respect to medical care for their employees.,Small Business Health Fairness Act of 2005,Health,Administrative fees|Administrative procedure|Bankruptcy|Chambers of commerce|Collective bargaining|Congressional reporting requirements|Consumer protection|Delegation of powers|Department of Labor|Discrimination in insurance|Discrimination in medical care|Employee health benefits|Federal advisory bodies|Federal preemption|Federal-state relations|Fines (Penalties)|Flexible benefit plans|Franchises (Retail trade)|Government paperwork|Government trust funds|Health care fraud|Health insurance|Injunctions|Insurance|Insurance agents|Insurance premiums|Labor contracts|Labor unions|Licenses|Medical economics|Medically uninsured|Professional associations|Small business|Standards|State laws|State taxation|Surety and fidelity|Tax rates|Trade associations|Trusts and trustees|Valuation,1,enforcement,"The bill amends ERISA to establish governance rules for association health plans, directly regulating the structure and compliance obligations of employer-sponsored group health benefit plans under federal law.",,,"The bill primarily addresses the establishment and governance of association health plans under ERISA, focusing on health insurance market rules rather than directly imposing obligations on private employers regarding wage, hour, or benefit obligations.",1,enforcement,"The bill amends ERISA to establish new regulatory requirements for association health plans sponsored by business associations, directly affecting private employers' obligations as sponsors of group health benefit plans under ERISA."
hr2866-114,"To amend title XXVII of the Public Health Service Act to provide for a special enrollment period for pregnant women, and for other purposes.",Healthy Maternity and Obstetric Medicine Act,Health,"Administrative law and regulatory procedures|Employee benefits and pensions|Government employee pay, benefits, personnel management|Health care costs and insurance|Health care coverage and access|Office of Personnel Management (OPM)|Women's health",1,enforcement,"The bill imposes obligations on private employers sponsoring group health plans under ERISA to provide special enrollment periods for pregnant women, directly regulating employer-sponsored benefit plan administration.",,,"The bill mandates special enrollment periods for pregnant women in health insurance plans, but it does not impose obligations on private employers regarding wage, hour, or benefit misconduct.",1,enforcement,"The bill imposes new obligations on group health plans (including employer-sponsored plans under ERISA) to provide special enrollment periods for pregnant women, directly regulating private employer conduct regarding employee benefit plan administration."
s846-109,A bill to provide fair wages for America's workers.,,Labor and Employment,Administrative procedure|Cost of living adjustments|Defined benefit pension plans|Department of Labor|Hours of labor|Indexing (Economic policy)|Legislation|Minimum wages|Pension funds,1,enforcement,"The bill amends the Fair Labor Standards Act to increase the federal minimum wage and reinstate overtime compensation requirements for specific employee groups, directly regulating private employer wage and hour obligations.",1,enforcement,"The bill amends the FLSA to increase the federal minimum wage and tighten overtime compensation requirements, directly affecting private employer wage obligations.",1,enforcement,"The bill directly strengthens FLSA wage and hour obligations by raising the federal minimum wage, expanding overtime eligibility by reversing exemption rules, and increasing salary thresholds for overtime exemptions—all core private employer wage obligations."
s2514-110,A bill to amend the Fair Labor Standards Act of 1938 to provide for an increase in the Federal minimum wage and to ensure that increases in the Federal minimum wage keep pace with any pay adjustments for Members of Congress.,Standing with Minimum Wage Earners Act of 2007,Labor and Employment,Congressional salaries|Cost of living adjustments|Minimum wages,1,enforcement,"The bill amends the Fair Labor Standards Act to increase the federal minimum wage, directly regulating private employer wage obligations.",1,enforcement,"Increases the federal minimum wage under the FLSA, directly affecting private employer wage obligations.",1,enforcement,"The bill directly increases the federal minimum wage under the Fair Labor Standards Act and establishes an automatic adjustment mechanism, thereby strengthening private employer wage obligations."
hr3264-109,"To authorize the Secretary of Transportation to establish a grant program for the rehabilitation, preservation, or improvement of railroad track.",Railroad Track Modernization Act of 2005,Transportation and Public Works,Administrative procedure|Bridges|Capital investments|Collective bargaining|Congressional reporting requirements|Construction industries|Construction workers|Contractors|Department of Transportation|Employee rights|Federal aid to transportation|Governmental investigations|Infrastructure|Intermodal transportation|Labor contracts|Maintenance and repair|Minimum wages|Railroad employees|Railroad engineering|Railroad finance|Railroad freight operations|Railroads|Subcontractors|Wages,1,enforcement,"The bill imposes prevailing wage requirements on contractors and subcontractors working on federally funded railroad track rehabilitation projects, directly regulating private employer wage obligations.",,,"The bill focuses on transportation infrastructure grants and includes prevailing wage requirements, but does not primarily address private employer wage, hour, or benefit obligations.",1,enforcement,"The bill imposes prevailing wage requirements on contractors and subcontractors performing railroad track rehabilitation projects funded by federal grants, directly regulating private employer wage obligations under the Davis-Bacon Act framework."
s1062-109,A bill to amend the Fair Labor Standards Act of 1938 to provide for an increase in the Federal minimum wage.,Fair Minimum Wage Act of 2005,Labor and Employment,Minimum wages|Northern Mariana Islands,1,enforcement,"The bill amends the Fair Labor Standards Act to increase the federal minimum wage, directly tightening private employer wage obligations.",1,enforcement,"Increases the federal minimum wage under the FLSA, directly affecting private employer wage obligations.",1,enforcement,"This bill directly increases the federal minimum wage under the Fair Labor Standards Act, strengthening private employer wage obligations and extending them to the Northern Mariana Islands."
hr1774-112,"To provide for an evidence-based strategy for voluntary screening for HIV/AIDS and other common sexually transmitted infections, and for other purposes.",Increasing Access to Voluntary Screening for HIV/AIDS and STIs Act of 2011,Health,Cancer|Crimes against women|Criminal justice information and records|Disability and paralysis|Employee benefits and pensions|Government studies and investigations|HIV/AIDS|Health care costs and insurance|Health care coverage and access|Health information and medical records|Medicaid|Medical tests and diagnostic methods|Medicare|Sex offenses|Sexually transmitted diseases|Women's health,1,enforcement,"The bill amends ERISA to require employer-sponsored health plans to provide coverage for HIV/AIDS and STI screenings, directly imposing obligations on private employers regarding their group health benefit plans.",,,"The bill primarily addresses healthcare coverage and access for HIV/AIDS and STI screenings, focusing on Medicaid, Medicare, and health plan requirements, without imposing obligations on private employers regarding wage, hour, or benefit misconduct.",1,enforcement,"The bill amends ERISA to require private employer-sponsored group health plans to provide coverage for HIV/AIDS and STI screening services under terms no less favorable than other routine screenings, directly imposing new benefit obligations on non-governmental employers as plan sponsors."
hr677-112,To amend the Employee Retirement Income Security Act of 1974 to require a lifetime income disclosure.,Lifetime Income Disclosure Act,Labor and Employment,Administrative law and regulatory procedures|Department of Labor|Employee benefits and pensions|Government information and archives,1,enforcement,"The bill amends ERISA to impose new disclosure requirements on private employers sponsoring individual account pension plans, directly regulating employer obligations regarding retirement benefits.",1,enforcement,"The bill amends ERISA to require lifetime income disclosures in pension benefit statements, directly affecting private employer obligations under ERISA regarding employee retirement plan information.",1,enforcement,"Amends ERISA to impose new disclosure requirements on plan administrators of individual account plans, directly expanding private employer obligations regarding employee retirement benefit plans."
hr1534-112,"To amend the Internal Revenue Code of 1986 to encourage retirement savings by modifying requirements with respect to employer-established IRAs, and for other purposes.",SAVE Act of 2011,Taxation,"Administrative law and regulatory procedures|Consumer affairs|Department of Labor|Department of the Treasury|Elementary and secondary education|Employee benefits and pensions|Financial literacy|Income tax credits|Income tax deductions|Income tax deferral|Sales and excise taxes|Small business|Teaching, teachers, curricula",1,enforcement,"The bill amends ERISA to require disclosures relating to lifetime income from pension plans and permits payroll deduction plans, directly regulating private employer obligations regarding retirement benefits.",1,enforcement,"The bill amends ERISA to permit payroll deduction plans for IRAs and requires disclosures related to lifetime income from pension plans, directly affecting private employer obligations under ERISA.",1,enforcement,"The bill establishes automatic deferral IRAs and multiple small employer retirement plans with automatic employee contributions, directly imposing new retirement plan obligations on private employers under ERISA and the Internal Revenue Code."
hr3991-111,"To ensure that American workers are able to follow, without financial harm, the recommendations of their employer and public health authorities to stay home when they have symptoms of a contagious disease that may put co-workers, customers, or the public at risk.",Emergency Influenza Containment Act,Labor and Employment,Civil actions and liability|Employee leave|Employment discrimination and employee rights|Evidence and witnesses|Infectious and parasitic diseases|Wages and earnings|Worker safety and health,1,enforcement,"The bill mandates that private employers provide paid sick leave and prohibits retaliation against employees for taking such leave, directly imposing wage and benefit obligations on non-governmental employers.",1,enforcement,"Requires private employers to provide paid sick leave for contagious illness symptoms, directly regulating employer wage and benefit obligations.",1,enforcement,"The bill directly imposes new wage obligations on private employers by requiring them to provide paid sick leave when directing employees to stay home due to contagious illness symptoms, and establishes penalties for non-compliance and retaliation."
hr7166-115,"To provide tax relief for the victims of Hurricane Michael, and for other purposes.",Hurricane Michael Tax Relief Act,Taxation,"Charitable contributions|Disaster relief and insurance|Employee benefits and pensions|Florida|Income tax credits|Income tax deductions|Income tax exclusion|Natural disasters|Poverty and welfare assistance|Tax administration and collection, taxpayers|Tax treatment of families|Wages and earnings",1,tax_credit_introduction,"The bill introduces an employee retention tax credit for wages paid to employees in a disaster zone, which incentivizes private employers to retain workers and relates to wage obligations.",,,"The bill provides tax relief for individuals and businesses affected by Hurricane Michael, including tax credits and deductions, but does not impose or modify private employer wage, hour, or benefit obligations.",,,"This disaster relief bill provides tax benefits to individuals and businesses affected by Hurricane Michael, including retirement plan distribution waivers and general tax credits, but does not impose or modify private employer wage, hour, or benefit obligations that would constitute the type of corporate misconduct targeted by enforcement actions."
hr5182-106,To protect day laborers from unfair labor practices.,Day Laborer Fairness and Protection Act,Labor and Employment,Administrative fees|Checks|Collective bargaining|Commuting|Damages|Disciplining of employees|Discrimination in employment|Employee health benefits|Employee rights|Employers' liability|Employment agencies|Equal pay for equal work|Fees|Financial statements|Fines (Penalties)|Fraud|Government paperwork|Grievance procedures|Hours of labor|Interest|Job hunting|Labor disputes|Licenses|Minimum wages|Occupational health and safety|Overtime|Pay equity|Recruiting of employees|Replacement workers|Telephone|Temporary employment|Traffic accidents and safety|Travel costs|Unfair labor practices|Wage restitution|Wages|Whistle blowing|Witnesses,1,enforcement,"The bill imposes direct obligations on private employers and day labor agencies regarding wage rates, overtime, itemized wage statements, and nondiscrimination, thereby regulating private employer wage and hour conduct.",1,enforcement,"The bill enforces wage and hour protections for day laborers by requiring wage parity with permanent employees and setting penalties for employer violations, directly regulating private employer wage obligations.",1,enforcement,"The bill directly regulates private employer wage and hour obligations by requiring equal pay for day laborers, mandating itemized wage statements, prohibiting wage payment check-cashing fees, establishing payment timelines, and imposing civil damages and criminal penalties for violations—all core FLSA-related employer conduct."
s2551-109,A bill to provide for prompt payment and interest on late payments of health care claims.,Prompt Payment of Health Benefits Claims Act of 2006,Health,Claims|Collection of accounts|Collective bargaining|Drugs|Electronic data interchange|Employee health benefits|Federal preemption|Fines (Penalties)|Government paperwork|Health insurance|Health maintenance organizations|Insurance companies|Interest|Interest rates|Labor contracts|Medicaid|Medical economics|Medicare|Prescription pricing|State laws,1,enforcement,"The bill amends ERISA to impose strict timelines and penalties on group health plans and issuers for late payment of claims, directly regulating private employer-sponsored benefit plan obligations.",,,"The bill primarily addresses the prompt payment of health care claims by group health plans and insurance issuers, focusing on claims processing and interest on late payments, rather than private employer wage or benefit obligations.",1,enforcement,"The bill amends ERISA to impose strict payment timelines and interest penalties on group health plans, directly strengthening private employers' obligations as plan sponsors to ensure timely claims processing and payment under employer-sponsored group health benefit plans."
hr5902-111,"To amend the Fair Labor Standards Act with regard to certain exemptions under that Act for direct care workers and to improve the systems for the collection and reporting of data relating to the direct care workforce, and for other purposes.",Direct Care Workforce Empowerment Act,Health,"Allied health services|Employee benefits and pensions|Employment and training programs|Government information and archives|Health personnel|Health programs administration and funding|Labor standards|Long-term, rehabilitative, and terminal care|Personnel records|Wages and earnings",1,enforcement,"The bill amends the Fair Labor Standards Act to modify minimum wage and overtime exemptions for direct care workers, directly regulating private employer wage and hour obligations.",1,enforcement,"Amends the FLSA to adjust exemptions for direct care workers, directly affecting private employer wage obligations.",1,enforcement,"The bill amends FLSA exemptions for direct care workers providing companionship services, directly modifying private employer wage and hour obligations under federal labor standards."
hr4844-114,"To direct the Secretary of Transportation to revise the regulations relating to certain drivers of commercial motor vehicles involved in oilfield operations, and for other purposes.",Requiring Equal Sleep for Truckers Act of 2016,Transportation and Public Works,Administrative law and regulatory procedures|Department of Transportation|Labor standards|Motor carriers|Oil and gas|Transportation employees|Worker safety and health,1,enforcement,"The bill tightens hours-of-service regulations for commercial motor vehicle drivers by requiring waiting time to count as on-duty time and removing exemptions for oilfield drivers, directly regulating private employer obligations regarding worker rest and overtime limits.",1,enforcement,"The bill enforces stricter hours of service regulations for drivers in oilfield operations, directly impacting private employer obligations under labor standards related to worker safety and health.",1,enforcement,"The bill strengthens hours-of-service regulations under FLSA and DOT rules by eliminating exemptions for oilfield drivers, requiring that waiting time count as on-duty time and mandating rest breaks—directly tightening private employer wage and hour obligations for commercial motor carriers."
hjres37-115,"Disapproving the rule submitted by the Department of Defense, the General Services Administration, and the National Aeronautics and Space Administration relating to the Federal Acquisition Regulation.",,Labor and Employment,"Administrative law and regulatory procedures|Age discrimination|Congressional oversight|Department of Defense|Employee leave|Employment discrimination and employee rights|General Services Administration|Labor standards|Labor-management relations|Military procurement, research, weapons development|National Aeronautics and Space Administration|Public contracts and procurement|Worker safety and health",1,enforcement,"The bill disapproves a rule implementing Executive Order 13673, which required federal contractors (private employers) to comply with labor laws regarding wages, hours, and benefits, thereby affecting the enforcement of private employer wage and benefit obligations.",,,"The bill nullifies a rule related to federal procurement regulations, which does not directly impose obligations on private employers regarding wage, hour, or benefit obligations.",1,enforcement,"The bill nullifies a rule implementing Executive Order 13673, which required federal contractors to disclose labor law violations (including wage and hour violations under FLSA) and demonstrate compliance with labor standards, thereby reducing enforcement stringency on private employer wage and hour obligations."
s1778-115,"A bill to amend the Internal Revenue Code of 1986 to provide a tax credit to Patriot employers, and for other purposes.",Patriot Employer Tax Credit Act,Taxation,"Disability and paralysis|Employee benefits and pensions|Employee hiring|Employment and training programs|Income tax credits|Income tax deductions|Labor standards|Veterans' education, employment, rehabilitation|Wages and earnings",1,tax_credit_introduction,"Introduces a tax credit for private employers that meet specific wage, health coverage, and leave requirements, incentivizing compliance with wage and benefit obligations.",1,tax_credit_introduction,"Introduces a tax credit for employers who meet specific wage, benefit, and leave criteria, incentivizing compliance with wage and benefit obligations.",1,tax_credit_introduction,"Introduces a new tax credit for private employers who meet specified wage, benefit, and leave standards, incentivizing voluntary employer conduct related to compensation, health coverage, retirement benefits, paid leave, and differential pay for military service members."
s3877-111,A bill to amend the Port-to-Portal Act of 1947 to suspend the statute of limitations for certain rights of action under the Fair Labor Standards Act during investigations by the Secretary of Labor.,Wage Theft Prevention Act,Labor and Employment,Civil actions and liability|Judicial procedure and administration|Labor standards|Wages and earnings,1,enforcement,"The bill strengthens enforcement of the Fair Labor Standards Act by tolling the statute of limitations for unpaid wages and overtime claims during Department of Labor investigations, directly impacting private employer wage obligations.",1,enforcement,"The bill amends the Portal-to-Portal Act to suspend the statute of limitations for wage-related claims under the FLSA during DOL investigations, directly affecting private employer wage obligations.",1,enforcement,"The bill strengthens enforcement of FLSA wage and hour violations by tolling the statute of limitations during DOL investigations, making it easier for workers to pursue claims for unpaid minimum wages and overtime compensation against private employers."
hr3759-113,To amend the Internal Revenue Code of 1986 to extend the employer wage credit for activated military reservists.,Military Reserve Small Business Jobs Act of 2013,Taxation,Income tax credits|Military personnel and dependents|Small business|Wages and earnings,1,tax_credit_introduction,"The bill extends a tax credit for small business employers who pay differential wages to employees activated for military service, incentivizing private employers to maintain wage obligations and job security for reservists under USERRA-related conduct.",1,tax_credit_introduction,"Extends a tax credit incentivizing private employers to continue wage payments for employees on active military duty, directly relating to employer wage obligations under USERRA.",1,tax_credit_introduction,"Extends a tax credit incentivizing private employers to make differential wage payments to employees called to active military duty, directly relating to employer wage obligations under USERRA and similar protections for military reservists."
hr3888-108,"To prohibit business enterprises that lay-off a greater percentage of their United States workers than workers in other countries from receiving any Federal assistance, and for other purposes.",,Labor and Employment,Business records|Employee benefit plans|Federally-guaranteed loans|Government lending|Government paperwork|International corporations|Labor statistics|Layoffs|Subsidies|Wages,1,enforcement,"The bill imposes reporting requirements and restricts federal assistance for private employers based on their layoff practices, directly regulating employer conduct related to mass layoffs and workforce management.",,,"The bill conditions federal assistance on layoff practices but does not directly regulate private employer wage, hour, or benefit obligations.",1,enforcement,"The bill imposes new obligations on private employers receiving federal assistance to report layoff data and restricts future assistance based on differential layoff rates, directly relating to WARN Act-adjacent employer conduct regarding mass layoffs and workforce reductions."
s331-107,A bill to amend the Internal Revenue Code of 1986 to incorporate certain provisions of the Women's Health and Cancer Rights Act of 1998.,Breast Reconstruction Implementation Act of 2001,Health,Breast implants|Collective bargaining agreements|Employee health benefits|Health insurance|Mastectomy|Plastic surgery|Prosthesis|Women,1,enforcement,"The bill mandates that private employer-sponsored group health plans provide comprehensive coverage for breast reconstruction following mastectomy, directly imposing obligations on non-governmental employers regarding their employee benefit plans under ERISA.",1,enforcement,"The bill mandates that private employer-sponsored group health plans cover specific mastectomy-related benefits, directly imposing obligations on employers under ERISA.",1,enforcement,The bill directly imposes obligations on private employers as sponsors of group health plans under ERISA by requiring employer-provided plans to cover specific mastectomy-related treatments and reconstruction procedures.
hr2082-107,"To amend the Internal Revenue Code of 1986 to provide tax incentives to encourage small business health plans, and for other purposes.",Small Business Health Insurance Expansion Act of 2001,Taxation,Access to health care|Business income tax|Consumer education|Cooperative societies|Corporations|Cost of living adjustments|Discrimination in insurance|Discrimination in medical care|Employee health benefits|Evaluation research (Social action programs)|Excise tax|Federal preemption|Foundations|Government publicity|Grants-in-aid|Health insurance|Income tax|Indexing (Economic policy)|Insurance premiums|Medical economics|Medically uninsured|Nonprofit organizations|Personal income tax|Quality of care|Reinsurance|Self-employed|Small business|State laws|Tax credits|Tax deductions|Tax penalties,1,tax_credit_introduction,"The bill introduces a tax credit for small employers to incentivize the provision of employee health insurance coverage, which relates to employer-sponsored group health benefit obligations.",,,"The bill provides tax incentives for small business health plans and deductions for self-employed individuals, but does not directly regulate or enforce private employer wage, hour, or benefit obligations under ERISA or related laws.",1,tax_credit_introduction,"Introduces new tax credits for small employers who provide employee health insurance coverage, directly incentivizing private employers to offer group health benefits under ERISA-covered plans."
s2190-107,"A bill to amend the Internal Revenue Code of 1986 and the Employee Retirement Income Security Act of 1974 to provide employees with greater control over assets in their pension accounts by providing them with better information about investment of the assets, new diversification rights, and new limitations on pension plan blackouts, and for other purposes.",WIRE Act,Labor and Employment,Administrative procedure|Annuities|Brokers|Business income tax|Congressional reporting requirements|Corporate collapse|Corporation taxes|Defined contribution plans|Department of Labor|Department of the Treasury|Dividends|Electronic government information|Employee ownership|Employee pensions|Employee rights|Employers' liability|Excise tax|Executive reorganization|Financial planning|Financial statements|Government paperwork|Government publicity|Income tax|Independent regulatory commissions|Information disclosure (Securities law)|Insurance companies|Internet|Investment advisers|Investments|Legislation|Liability (Law)|Ombudsman|Pension funds|Profit|Real property|Securities and Exchange Commission|Securities regulation|Standards|Stocks|Tax deductions|Tax penalties|Tax-deferred compensation plans|Trusts and trustees|Valuation|Web sites,1,enforcement,"The bill amends ERISA and the Internal Revenue Code to impose stricter fiduciary duties, diversification rights, and disclosure requirements on private employers sponsoring defined contribution pension plans, directly regulating employer conduct regarding employee retirement benefits.",1,enforcement,"The bill strengthens ERISA by imposing new requirements on private employers regarding pension plan information disclosure and diversification, directly affecting employer obligations under ERISA.",1,enforcement,"The bill strengthens ERISA obligations on private employers as plan sponsors by requiring enhanced disclosure to participants, imposing diversification requirements for employer securities, establishing blackout period restrictions, and creating excise taxes for noncompliance with these pension plan obligations."
hr1674-107,To assure access under group health plans and health insurance coverage to covered emergency medical services.,Access to Emergency Medical Services Act of 2001,Health,Access to health care|Ambulances|Consumer education|Emergency communication systems|Emergency medical services|Employee health benefits|Health insurance|Health insurance industry|Hospital care|Standards|Telephone,1,enforcement,"The bill imposes direct obligations on private employers sponsoring group health plans under ERISA to cover emergency medical services without prior authorization and limit cost-sharing for nonparticipating providers, thereby regulating employer-sponsored benefit plan terms.",,,"The bill primarily regulates health insurance coverage requirements for emergency medical services, not private employer wage or benefit obligations.",1,enforcement,"The bill directly imposes obligations on private employers as sponsors of group health plans under ERISA by requiring employer-sponsored plans to cover emergency medical services without prior authorization and limiting participant cost-sharing, thereby strengthening employer-provided health benefit plan requirements."
s1651-113,A bill to amend the Internal Revenue Code of 1986 to allow manufacturing businesses to establish tax-free manufacturing reinvestment accounts to assist them in providing for new equipment and facilities and workforce training.,Manufacturing Reinvestment Account Act of 2013,Taxation,Business investment and capital|Income tax deductions|Income tax exclusion|Manufacturing,1,tax_credit_introduction,"The bill introduces a tax deduction (functioning as a tax incentive) for manufacturing businesses to fund employee job training and workforce development, which qualifies under the exception for credits specifically tied to employer-provided job training.",,,"The bill primarily provides tax benefits for manufacturing reinvestment, including equipment and workforce training, but does not directly regulate or enforce private employer wage, hour, or benefit obligations.",1,tax_credit_introduction,"Introduces a tax-advantaged account allowing manufacturers to make tax-deductible contributions for workforce training and development, incentivizing private employers to invest in employee job training programs."
hr6422-109,To amend the Fair Labor Standards Act of 1938 (29 U.S.C> 206(a)(1) to reflect the actual costs of living in various regions of the country and to bring the minimum to a fair wage that can support federal workers and contractors and their families.,,Labor and Employment,Buy American|Congressional salaries|Cost of living adjustments|Federal employees|Fringe benefits|Government contractors|Labeling|Minimum wages|Northern Mariana Islands|Pay equity,1,enforcement,"The bill amends the Fair Labor Standards Act to establish a higher minimum wage standard based on cost-of-living metrics, directly imposing new wage obligations on private employers.",1,enforcement,"Amends the FLSA to revise minimum wage provisions, directly affecting private employer wage obligations by requiring wages sufficient to cover living expenses and fringe benefits.",1,enforcement,"Amends the FLSA to substantially increase and regionalize minimum wage requirements for private employers, directly strengthening wage obligations under federal law."
hr2931-110,To amend the Public Health Service Act and Employee Retirement Income Security Act of 1974 to require that group and individual health insurance coverage and group health plans provide coverage for qualified individuals for bone mass measurement (bone density testing) to prevent fractures associated with osteoporosis.,Osteoporosis Early Detection and Prevention Act of 2007,Health,Access to health care|Bone diseases|Chemotherapy|Coinsurance|Communication in medicine|Discrimination in insurance|Discrimination in medical care|Drug therapy|Employee health benefits|Estrogen|Freedom of speech|Government paperwork|Health insurance|Imaging systems in medicine|Insurance companies|Medical tests|Osteoporosis|Patients' rights|Physician-patient privilege|Preventive medicine|Radioisotopes in medicine|State laws|Steroids|Thyroid diseases|Women|Women's health|X-rays,1,enforcement,"The bill amends ERISA to mandate that private employer-sponsored group health plans provide specific coverage for bone mass measurements, directly imposing obligations on non-governmental employers regarding their employee benefit plans.",1,enforcement,"The bill mandates that private employer-sponsored group health plans under ERISA provide coverage for bone mass measurement, directly imposing obligations on private employers regarding their health benefit plans.",1,enforcement,"The bill amends ERISA to impose new obligations on private employers as sponsors of group health plans, requiring them to cover specific preventive services (bone mass measurement) for qualified individuals, directly regulating employer-sponsored benefit plan terms."
hr4503-109,To amend the Migrant and Seasonal Agricultural Worker Protection Act to provide for mandatory mediation.,Agricultural Worker Protection and Workplace Improvement Act,Labor and Employment,Agricultural labor|Civil actions and liability|Employee rights|Industrial arbitration|Industrial relations|Mediation|Migrant labor,1,enforcement,"The bill amends the Migrant and Seasonal Agricultural Worker Protection Act to mandate mediation for grievances, thereby strengthening enforcement mechanisms for private employer obligations regarding worker rights and protections.",,,"The bill mandates mediation for grievances under the Migrant and Seasonal Agricultural Worker Protection Act, which does not directly address private employer wage, hour, or benefit obligations.",,,"Bill establishes a mandatory mediation process for disputes under the Migrant and Seasonal Agricultural Worker Protection Act but does not directly regulate or enforce wage, hour, or benefit obligations of private employers, nor does it introduce or remove tax credits related to such obligations."
hr6025-110,To amend the Fair Labor Standards Act of 1938 to provide compensatory time for employees in the private sector.,Family-Friendly Workplace Act,Labor and Employment,Collective bargaining|Damages|Employee rights|Employers' liability|Government paperwork|Hours of labor|Labor contracts|Leave of absence|Wages,1,enforcement,"The bill amends the Fair Labor Standards Act to regulate how private employers provide compensatory time in lieu of overtime pay, establishing specific rules for accrual, payout, and anti-retaliation that directly govern private employer wage obligations.",1,enforcement,"Amends the FLSA to allow private employers to offer compensatory time off in lieu of overtime pay, directly affecting private employer wage obligations.",1,enforcement,"Amends the FLSA to regulate how private employers may provide compensatory time off in lieu of overtime pay, directly affecting employer wage and hour obligations under federal law."
s173-109,A bill to amend title XVIII of the Social Security Act to provide adequate coverage for immunosuppressive drugs furnished to beneficiaries under the Medicare program that have received an organ transplant.,Comprehensive Immunosuppressive Drug Coverage for Transplant Patients Act of 2005,Health,"Coinsurance|Employee health benefits|Health insurance|Hospital care|Immunosuppressive drugs|Insurance premiums|Kidney diseases|Medical economics|Medicare|Transplantation of organs, tissues, etc.",1,enforcement,"The bill amends ERISA and the Internal Revenue Code to mandate that private employer-sponsored group health plans provide coverage for immunosuppressive drugs, directly imposing benefit obligations on non-governmental employers.",,,"The bill primarily addresses Medicare coverage for immunosuppressive drugs and sets requirements for group health plans, but does not directly regulate private employer wage, hour, or benefit obligations.",1,enforcement,"The bill amends ERISA to impose new requirements on private employers sponsoring group health plans to provide coverage of immunosuppressive drugs, directly regulating employer-sponsored benefit plan obligations."
s2964-106,"A bill to amend the Internal Revenue Code of 1986 to provide new tax incentives to make health insurance more affordable for small businesses, and for other purposes.",Access to Affordable Health Care Act,Taxation,Business income tax|Employee health benefits|Health insurance|Income tax|Insurance premiums|Long-term care insurance|Medical economics|Personal income tax|Self-employed|Small business|Tax credits|Tax deductions,1,tax_credit_introduction,"Introduces a new tax credit for employers to offset employee health insurance expenses, incentivizing private employers to provide group health benefits.",,,"The bill provides tax incentives for health insurance affordability, but does not impose obligations on private employers regarding wage, hour, or benefit compliance.",,,"This bill offers general tax incentives for health insurance costs to small businesses and individuals but does not impose obligations on private employers regarding their group health or welfare benefit plans under ERISA, nor does it address wage, hour, overtime, pension mismanagement, or leave retaliation issues."
hr1600-114,"To amend title XXVII of the Public Health Service Act to limit co-payment, coinsurance, or other cost-sharing requirements applicable to prescription drugs in a specialty drug tier to the dollar amount (or its equivalent) of such requirements applicable to prescription drugs in a non-preferred brand drug tier, and for other purposes.",Patients' Access to Treatments Act of 2015,Health,Employee benefits and pensions|Health care costs and insurance|Prescription drugs,1,enforcement,"The bill imposes direct obligations on private employer-sponsored health plans to limit cost-sharing for specialty drugs, regulating employer-provided welfare benefit plan terms under ERISA and the Public Health Service Act.",,,"The bill addresses cost-sharing limits for prescription drugs under health plans, which relates to insurance market rules rather than private employer wage or benefit obligations.",1,enforcement,The bill directly imposes new obligations on private employers as sponsors of group health plans under ERISA by mandating specific cost-sharing limits for specialty drugs in employer-sponsored health benefit plans.
hr6211-112,"To amend the fair Labor Standards Act of 1938 to provide for increases in the minimum wage consistent with inflation, and for other purposes.",Fair Minimum Wage Act of 2012,Labor and Employment,Administrative law and regulatory procedures|Department of Labor|Inflation and prices|Labor standards|Wages and earnings,1,enforcement,"The bill amends the Fair Labor Standards Act to increase the federal minimum wage and tipped wage rates, directly regulating private employer wage obligations.",1,enforcement,"Amends the FLSA to increase the federal minimum wage, directly affecting private employer wage obligations.",1,enforcement,"This bill directly amends the Fair Labor Standards Act to increase federal minimum wage requirements and tipped employee wages, thereby strengthening private employer wage obligations under FLSA."
s2070-114,"A bill to amend the Fair Labor Standards Act of 1938 to provide more effective remedies to victims of discrimination in the payment of wages on the basis of sex, and for other purposes.",GAP Act,Labor and Employment,"Civil actions and liability|Congressional oversight|Employment discrimination and employee rights|Government studies and investigations|Labor standards|Sex, gender, sexual orientation discrimination|Wages and earnings|Women's employment",1,enforcement,"The bill amends the Fair Labor Standards Act to strengthen remedies for sex-based wage discrimination, extend nonretaliation protections for wage discussions, and establish civil penalties, directly regulating private employer wage obligations.",1,enforcement,"The bill amends the FLSA to provide more effective remedies for wage discrimination based on sex, directly affecting private employer wage obligations.",1,enforcement,"This bill strengthens FLSA enforcement by expanding sex-based wage discrimination remedies, extending statutes of limitations, adding civil penalties, and protecting wage disclosure discussions—all directly regulating private employer wage obligations."
s563-112,A bill to provide for equal access to COBRA continuation coverage.,Equal Access to COBRA Act of 2011,Labor and Employment,"Employee benefits and pensions|Health care costs and insurance|Health care coverage and access|Marriage and family status|Sex, gender, sexual orientation discrimination",1,enforcement,"The bill amends ERISA and the Internal Revenue Code to expand the scope of COBRA continuation coverage obligations for private employers, directly regulating employer-sponsored group health benefit plan requirements.",1,enforcement,"Expands COBRA continuation coverage obligations under ERISA to include domestic partners and their children, directly affecting private employer-sponsored health benefit plans.",,,"This bill expands eligibility for COBRA continuation coverage but does not regulate private employer wage, hour, or benefit plan obligations; COBRA is a federal program governing continuation rights after coverage loss, not an employer-sponsored benefit plan requirement under ERISA."
hr1890-115,To amend the Fair Labor Standards Act of 1938 to strengthen equal pay requirements.,Workplace Advancement Act,Labor and Employment,"Employment discrimination and employee rights|Labor standards|Sex, gender, sexual orientation discrimination|Wages and earnings|Women's employment",1,enforcement,"The bill amends the Fair Labor Standards Act to prohibit retaliation against employees for discussing wages, directly strengthening private employer obligations regarding wage transparency and anti-retaliation protections.",1,enforcement,"The bill strengthens equal pay requirements under the FLSA by prohibiting retaliation against employees discussing compensation, directly addressing private employer wage obligations.",1,enforcement,"This bill strengthens FLSA equal pay requirements by prohibiting retaliation against employees who discuss compensation information, directly regulating private employer wage practices and anti-retaliation obligations."
hr2095-108,To amend title XXVII of the Public Health Service Act and title I of the Employee Retirement Income Security Act of 1974 to require that group and individual health insurance coverage and group health plans provide comprehensive coverage for childhood immunization.,Comprehensive Insurance Coverage of Childhood Immunization Act of 2003,Health,Child health|Employee health benefits|Health insurance|Vaccination,1,enforcement,"The bill amends ERISA to mandate that employer-sponsored group health plans provide coverage for childhood immunizations, directly imposing obligations on private employers regarding their employee benefit plans.",1,enforcement,"Mandates that private employer-sponsored group health plans provide comprehensive coverage for childhood immunizations, directly affecting ERISA-regulated employer benefit obligations.",1,enforcement,"The bill amends ERISA to impose direct obligations on private employers as sponsors of group health plans to provide comprehensive coverage for childhood immunization, thereby regulating employer-sponsored benefit plan terms."
s404-108,"A bill to protect children from exploitive child modeling, and for other purposes.",Child Modeling Exploitation Prevention Act,Crime and Law Enforcement,Child abuse|Child labor|Child pornography|Child sexual abuse|Fines (Penalties)|Internet|Photography|Video tape recording|Web sites,1,enforcement,"The bill amends the Fair Labor Standards Act to prohibit exploitive child modeling and classifies such employment as 'oppressive child labor,' directly regulating private employer conduct regarding child labor violations.",1,enforcement,"Amends the FLSA to prohibit exploitive child modeling, directly regulating private employer conduct related to child labor.",1,enforcement,"The bill amends the Fair Labor Standards Act to prohibit employers from employing child models in exploitive child modeling and includes such violations within the definition of 'oppressive child labor,' directly strengthening FLSA child labor protections against private employer misconduct."
hr506-114,"To amend the Internal Revenue Code of 1986 to expand personal saving and retirement savings coverage by enabling employees not covered by qualifying retirement plans to save for retirement through automatic IRA arrangements, and for other purposes.",Automatic IRA Act of 2015,Taxation,"Administrative law and regulatory procedures|Advisory bodies|Department of Labor|Department of the Treasury|Employee benefits and pensions|Federal preemption|Financial services and investments|Government information and archives|Government studies and investigations|Income tax credits|Securities|Small business|Tax administration and collection, taxpayers",1,enforcement,"The bill mandates that private employers without qualifying retirement plans provide automatic IRA arrangements to eligible employees and imposes penalties for non-compliance, directly regulating employer obligations regarding retirement benefits.",1,enforcement,"The bill mandates that certain private employers provide automatic IRA arrangements for employees, directly imposing retirement plan obligations on employers under ERISA.",1,enforcement,"Mandates that private employers without qualifying retirement plans establish automatic IRA arrangements for employees, directly imposing new benefit-related obligations on non-governmental employers under ERISA-adjacent retirement plan requirements."
s2122-115,A bill to amend the Fair Labor Standards Act of 1938 regarding reasonable break time for nursing mothers.,Supporting Working Moms Act of 2017,Labor and Employment,Labor standards|Wages and earnings|Women's employment|Women's health|Worker safety and health,1,enforcement,"The bill amends the Fair Labor Standards Act to extend mandatory break time requirements for nursing mothers to exempted employees, directly imposing new obligations on private employers regarding worker benefits and hours.",1,enforcement,"Extends FLSA break time requirements to additional categories of employees, directly affecting private employer obligations regarding worker health and benefits.",1,enforcement,"Expands FLSA break time requirements for nursing mothers to cover previously exempt employees, directly strengthening private employer obligations regarding working conditions and accommodations."
hr2021-108,"To amend the Public Health Service Act, the Employee Retirement Income Security Act of 1974, and the Internal Revenue Code of 1986 to require group and individual health insurance coverage and group health plans to provide coverage for individuals participating in approved cancer clinical trials.",Access to Cancer Clinical Trials Act of 2003,Health,Cancer|Clinical trials|Collective bargaining|Congressional reporting requirements|Cost accounting|Discrimination in insurance|Discrimination in medical care|Employee health benefits|Health insurance|Labor contracts|Medical economics|Medical fees|Medical research|Patients' rights|Peer review organizations (Medicine)|Pharmaceutical research|Standards,1,enforcement,"The bill amends ERISA to mandate that private employer-sponsored group health plans provide coverage for cancer clinical trials, directly imposing obligations on non-governmental employers regarding their employee benefit plans.",1,enforcement,"The bill mandates that private employer-sponsored group health plans provide coverage for individuals in approved cancer clinical trials, directly affecting employer obligations under ERISA.",1,enforcement,"The bill amends ERISA to impose new obligations on private employers as sponsors of group health plans, requiring them to provide coverage for cancer clinical trial participation, thereby directly regulating employer-sponsored benefit plan terms."
hr1982-107,To amend the Fair Labor Standards Act of 1938 to provide compensatory time for employees in the private sector.,Working Families Flexibility Act of 2001,Labor and Employment,Collective bargaining agreements|Damages|Disciplining of employees|Dismissal of employees|Employee rights|Government paperwork|Government publicity|Hours of labor|Labor contracts|Leave of absence|Overtime|Wage restitution,1,enforcement,"The bill amends the Fair Labor Standards Act to regulate how private employers compensate employees for overtime work, directly affecting wage and hour obligations.",1,enforcement,"Amends the FLSA to allow compensatory time off in lieu of monetary overtime, directly affecting private employer wage and hour obligations.",1,enforcement,"Amends the FLSA to allow private employers to provide compensatory time off instead of overtime pay, directly modifying employer wage and hour obligations under federal law."
s18-107,"A bill to increase the availability and affordability of quality child care and early learning services, to amend the Family and Medical Leave Act of 1993 to expand the scope of the Act, and for other purposes.",Right Start Act of 2001,Families,Adoption|Authorization|Business income tax|Caregivers|Child care block grants|Child development|Congressional reporting requirements|Cost of living adjustments|Costs|Day care|Elementary and secondary education|Employment subsidies|Evaluation research (Social action programs)|Family leave|Family violence|Federal aid to day care centers|Federal aid to education|Federal employees|Grants-in-aid|Head Start programs|Income tax|Indexing (Economic policy)|Leave of absence|Literacy programs|Parent-school relationships|Parents|Personal income tax|Preschool education|Sick leave|Small business|Tax credits|Tax refunds|Victims of crimes,1,enforcement,"The bill amends the Family and Medical Leave Act (FMLA) to expand coverage to smaller employers and add new leave entitlements for school involvement and domestic violence, directly regulating private employer obligations regarding protected leave.",1,enforcement,"The bill amends the FMLA to expand coverage and leave entitlements, directly affecting private employer obligations related to family and medical leave.",1,enforcement,"The bill expands FMLA coverage by lowering the employer size threshold from 50 to 25 employees and adds new protected leave categories (school involvement and domestic violence), directly strengthening private employer obligations under federal leave law."
s773-109,A bill to ensure the safe and secure transportation by rail of extremely hazardous materials.,Extremely Hazardous Materials Rail Transportation Act of 2005,Transportation and Public Works,Administrative procedure|Administrative remedies|Bridges|Congressional reporting requirements|Damages|Department of Homeland Security|Discrimination in employment|Dismissal of employees|Employee training|Explosives|Fines (Penalties)|Flammable materials|Governmental investigations|Infrastructure|Infrastructure (Economics)|Legal fees|Police training|Radioactive wastes|Railroad employees|Railroad engineering|Railroad equipment|Railroad safety|Railroad terminals|Rescue work|Risk|Security measures|Terrorism|Transportation of hazardous substances|Wage restitution|Whistle blowing,1,enforcement,"The bill establishes whistleblower protections for employees involved in the transportation of hazardous materials, which directly addresses the prohibition against employer retaliation for reporting safety violations, a core component of wage and hour/benefit misconduct enforcement.",,,"The bill focuses on transportation safety and security measures for hazardous materials, not on private employer wage or benefit obligations.",1,enforcement,"The bill includes whistleblower protections with wage restitution provisions for employees involved in transporting hazardous materials, directly regulating private railroad employer conduct regarding retaliation and employee rights."
hr1990-107,To leave no child behind.,Leave No Child Behind Act of 2001,Families,Academic performance|Access to health care|Administration of juvenile justice|Administrative procedure|Administrative remedies|Adopted children|Adoption|Advertising|Affordable housing|Aid to dependent children|Alcoholism|Aliens|Ammunition|Assault weapons|Asthma|Authorization|Bioaccumulation|Block grants|Books|Building construction|Business records|Cadmium|Capital punishment|Carcinogens|Caregivers|Case management|Cash welfare block grants|Chemicals|Child abuse|Child care block grants|Child care workers|Child development|Child health|Child mental health services|Child nutrition|Child safety|Child support|Child support enforcement|Child welfare|Childbirth|Chromium|Chronically ill|Class size|Community and school|Community organization|Community-based corrections|Computers and government|Congressional investigations|Congressional office buildings|Congressional reporting requirements|Construction costs|Consumer education|Continuing education|Correctional personnel|Criminal justice information|Curricula|Custody of children|Day care|Defective products|Dental care|Department of Health and Human Services|Dioxins|Disabled|Disabled children|Disciplining of employees|Discrimination in employment,1,enforcement,"The bill includes the Family and Medical Leave Fairness Act of 2001, which amends the Family and Medical Leave Act (FMLA) to extend coverage to private employers with 25 or more employees, directly regulating private employer obligations regarding protected leave.",1,enforcement,"The bill amends the Family and Medical Leave Act of 1993 to extend its coverage to private employers with 25 or more employees, directly affecting private employer obligations under FMLA.",1,enforcement,"The bill amends the Family and Medical Leave Act to expand coverage to private employers with 25 or more employees (down from 50), directly strengthening private employer obligations regarding protected leave and relating to FMLA retaliation enforcement."
hr1303-115,"To amend the Immigration and Nationality Act to reform and reduce fraud and abuse in certain visa programs for aliens working temporarily in the United States, and for other purposes.",H-1B and L-1 Visa Reform Act of 2017,Immigration,"Administrative law and regulatory procedures|Administrative remedies|Civil actions and liability|Congressional oversight|Department of Labor|Foreign labor|Government employee pay, benefits, personnel management|Government studies and investigations|Immigration status and procedures|Science and engineering education|User charges and fees|Visas and passports|Wages and earnings",1,enforcement,"The bill strengthens enforcement mechanisms for private employers sponsoring H-1B and L-1 visas, including increased penalties for displacing U.S. workers, mandatory audits, and liability for lost wages and benefits, directly addressing private employer wage and benefit obligations.",1,enforcement,"The bill increases employer penalties for displacing U.S. workers and holds employers liable for lost wages and benefits, directly affecting private employer wage obligations under visa programs.",1,enforcement,"The bill strengthens private employer obligations under H-1B and L-1 visa programs by making employers liable to harmed employees for lost wages and benefits, increasing penalties for displacing U.S. workers, and prescribing wage rates and working conditions—directly regulating employer wage and hour conduct toward both foreign visa holders and displaced U.S. workers."
hr2167-110,"To amend the Internal Revenue Code of 1986 to allow employees not covered by qualified retirement plans to save for retirement through automatic payroll deposit IRAs, to facilitate similar saving by the self-employed, and for other purposes.",Automatic IRA Act of 2007,Taxation,Executive reorganization|Income tax|Individual retirement accounts|Payroll deductions|Small business|Tax credits,1,enforcement,"The bill mandates that private employers without qualified retirement plans allow employees to participate in automatic payroll deposit IRAs, directly imposing a new obligation on private employers regarding employee retirement benefits.",1,enforcement,"Mandates that certain small private employers without qualified retirement plans offer automatic payroll deposit IRAs, directly imposing obligations related to employer-sponsored retirement benefit plans under ERISA.",1,enforcement,"Mandates that certain private employers without qualifying retirement plans auto-enroll employees in payroll deposit IRA arrangements, directly imposing new ERISA-adjacent retirement benefit obligations on non-governmental employers."
s16-109,A bill to reduce to the cost of quality health care coverage and improve the availability of health care coverage for all Americans.,Affordable Health Care Act,Health,Access to health care|Administrative procedure|Block grants|Child health|Clinical trials|Communication in medicine|Computer software|Conflict of interests|Congressional investigations|Congressional reporting requirements|Consumer education|Contraceptives|Department of Health and Human Services|Drug abuse|Drug abuse prevention|Drug adulteration|Drug industry|Drug interactions|Drug therapy|Drug traffic|Drugs|Employee health benefits|Executive Office of the President|Executive reorganization|Exports|Family planning and birth control|Federal aid to child health services|Federal aid to health facilities|Federal employees|Federally-guaranteed loans|Fines (Penalties)|Food and Drug Administration (FDA)|Government publicity|Health counseling|Health information systems|Health insurance|Health planning|Health warnings|Immigrant health|Import restrictions|Income tax|Information technology|Injunctions|Insurance premiums|Legislation|Licenses|Maternal health services|Medicaid|Medical records|Medical technology|Medically uninsured|Pregnant women|Presidential appointments|Public-private partnerships|Quality of care|Right of privacy|Small business|Smoking|Standards|Tax credits|Tax deductions|Tax exemption|Tax refunds|Tax returns|Welfare eligibility|Whistle blowing,1,tax_credit_introduction,"The bill introduces a refundable tax credit for small business employers to cover a portion of their employee health insurance costs, which incentivizes private employers to provide group health benefits.",,,"The bill primarily addresses health care coverage and insurance, including tax credits for small business health insurance costs, but does not impose obligations on private employers regarding wage, hour, or benefit misconduct.",1,tax_credit_introduction,"The bill introduces a refundable tax credit for small business employers to offset employee health insurance costs, incentivizing private employers to provide health benefits to their employees."
hr2794-114,"To strengthen and unite communities through English literacy and civics education, and for other purposes.",Strengthen and Unite Communities with Civics Education and English Development Act of 2015,Education,"Adult education and literacy|Citizenship and naturalization|Commemorative events and holidays|Education programs funding|Educational technology and distance education|Elementary and secondary education|Employee benefits and pensions|Employment and training programs|Executive Office of the President|Executive agency funding and structure|Government information and archives|Immigrant health and welfare|Income tax credits|Language arts|State and local government operations|Teaching, teachers, curricula|U.S. history|U.S. territories and protectorates",1,tax_credit_introduction,"The bill introduces a tax credit for employer-provided adult English literacy and basic education programs, which qualifies as a credit specifically tied to employer-provided job training.",1,tax_credit_introduction,"Introduces a new tax credit for employer-provided adult English literacy and basic education programs, incentivizing private employers to offer educational benefits.",1,tax_credit_introduction,"Introduces a new tax credit for employers who provide adult English literacy and basic education programs to employees, incentivizing voluntary employer-provided educational benefits related to workforce development."
hr2034-108,To amend the Internal Revenue Code of 1986 to provide that an employer shall be liable for Social Security taxes on unreported tips paid to an employee only after the Internal Revenue Service establishes the amount of tips received by that employee.,Tip Tax Fairness Act of 2003,Taxation,Social security taxes|Tax administration|Tipping,1,enforcement,"The bill modifies the enforcement mechanism for Social Security taxes on unreported tips, directly regulating the liability and reporting obligations of private employers regarding employee wages and tips under the FLSA.",,,"The bill addresses the timing of employer liability for Social Security taxes on unreported tips, which is a tax administration issue rather than a wage or benefit obligation under FLSA, WARN, ERISA, or FMLA.",1,enforcement,"This bill modifies employer obligations under FICA by changing the procedural requirements for assessing Social Security taxes on unreported tips, directly affecting private employer wage and tax compliance related to tip income reporting under the FLSA framework."
s2997-110,"A bill to reauthorize the Maritime Administration, and for other purposes.",Maritime Administration Act for Fiscal Year 2009,Transportation and Public Works,Armed forces reserves|College teachers|Defense contracts|Federal aid to transportation|Federally-guaranteed loans|Government lending|Higher education|Merchant seamen|Merchant ships|Reinsurance|Scholarships|Service academies|Sex crimes|Sexual harassment|Shipbuilding|Transportation insurance|War risk insurance|Warships,1,enforcement,"Section 12 amends the Longshore and Harbor Workers' Compensation Act to expand the definition of 'employee' to include workers manufacturing, repairing, or dismantling recreational vessels, thereby directly regulating private employer obligations to provide compensation benefits to these workers.",,,"The bill primarily addresses maritime administration, transportation, and public works, with no direct regulation or enforcement of private employer wage, hour, or benefit obligations.",,,"This bill primarily addresses maritime administration, shipbuilding, merchant marine academy operations, and defense-related shipping requirements; it does not regulate private employer wage, hour, or benefit obligations."
s2946-108,"A bill to promote small business growth, and for other purposes.",Small Business Growth Act,Taxation,Authorization|Depreciation and amortization|Employee health benefits|Employee training|Government lending|Government paperwork|Government publicity|Grants-in-aid|Health insurance|Income tax|Insurance premiums|Manufacturing industries|Securities|Small business|Tax credits|Tax deductions,1,tax_credit_introduction,"Introduces a tax credit for small business employers for employee health insurance and training expenses, which qualifies as a tax incentive related to employer-provided benefits and job training.",1,tax_credit_introduction,"Introduces a new tax credit for small business employers covering employee health insurance and training expenses, incentivizing better compliance with employer-sponsored benefit obligations.",1,tax_credit_introduction,"Introduces new tax credits incentivizing small business employers to provide employee health insurance and training, directly relating to employer-provided benefits under ERISA and wage-hour-adjacent employer conduct."
s186-108,"A bill to amend the Employee Retirement Income Security Act of 1974, the Public Health Service Act, and the Internal Revenue Code of 1986 to provide health insurance protections for individuals who are living organ donors.",Living Organ Donor Protections Act,Health,"Administrative procedure|Department of Health and Human Services|Department of Labor|Discrimination in insurance|Discrimination in medical care|Donation of organs, tissues, etc.|Employee health benefits|Health insurance|Insurance premiums",1,enforcement,"The bill amends ERISA to prohibit health insurance discrimination against living organ donors, directly imposing obligations on private employers sponsoring group health benefit plans regarding premium structures and coverage terms.",1,enforcement,"Amends ERISA to prohibit discrimination in employer-sponsored group health plans against living organ donors, directly affecting private employer obligations under ERISA.",1,enforcement,"The bill amends ERISA to impose new obligations on private employers as sponsors of group health plans, specifically prohibiting discrimination against living organ donors in health insurance premiums, thereby directly regulating employer-sponsored benefit plan conduct."
hr568-107,"To assure equitable treatment of fertility and impotence in health care coverage under group health plans, health insurance coverage, and health plans under the Federal employees' health benefits program.",Equity in Fertility Coverage Act of 2001,Health,Consumer education|Drugs|Employee health benefits|Federal employees|Government employees' health insurance|Health insurance|Health insurance industry|Human fertility|Retiree health benefits,1,enforcement,"The bill amends ERISA to mandate that private employer-sponsored group health plans cover fertility treatments if they cover impotency medications, directly imposing obligations on non-governmental employers regarding their benefit plan terms.",1,enforcement,"Amends ERISA to require employer-sponsored group health plans to cover fertility treatments, directly affecting private employer obligations under ERISA.",1,enforcement,"The bill directly imposes new coverage obligations on private employers as sponsors of group health plans under ERISA, requiring them to cover fertility treatments if they cover impotency medications, thereby regulating employer-sponsored benefit plan terms."
hr4820-106,"To create an independent office in the Department of Labor to advocate on behalf of pension participants, and for other purposes.",,Labor and Employment,Administrative procedure|Congressional reporting requirements|Department of Labor|Employee rights|Executive reorganization|Government paperwork|Government publicity|Government statistics|Legislation|Ombudsman|Pension funds|Public-private partnerships|Surveys|Trusts and trustees|Working poor,1,enforcement,"The bill amends ERISA to establish an Office of Pension Participant Advocacy within the Department of Labor, strengthening oversight and enforcement mechanisms regarding private employer obligations to manage pension and retirement benefit plans.",1,enforcement,"Establishes an Office of Pension Participant Advocacy under ERISA, enhancing oversight and advocacy for pension participants, which relates to private employer obligations under ERISA.",1,enforcement,"Establishes an Office of Pension Participant Advocacy under ERISA to advocate for pension participants, strengthening oversight and enforcement mechanisms related to private employer pension plan obligations."
hr1435-112,"To amend chapter 141 of title 10, United States Code, to include disclosures made by Department of Defense contract employees to their immediate employers in the provisions providing protections against reprisals for certain disclosures.",,Armed Forces and National Security,"Business ethics|Employment discrimination and employee rights|Military procurement, research, weapons development",1,enforcement,"The bill expands whistleblower protections against reprisal for Department of Defense contract employees, directly regulating the conduct of private employers (contractors) regarding retaliation for protected disclosures.",,,"The bill addresses protections for DOD contract employees against reprisals for disclosures, which involves government contractors rather than private employer wage or benefit obligations.",,,"This bill addresses whistleblower protections for Department of Defense contract employees reporting misconduct to their employers, but it involves government contracting context rather than private employer wage, hour, or benefit obligations covered by FLSA, ERISA, FMLA, or WARN Act."
s1737-113,A bill to provide for an increase in the Federal minimum wage and to amend the Internal Revenue Code of 1986 to extend increased expensing limitations and the treatment of certain real property as section 179 property.,Minimum Wage Fairness Act,Labor and Employment,Administrative law and regulatory procedures|Business investment and capital|Computers and information technology|Department of Labor|Food industry and services|Income tax deductions|Inflation and prices|Labor standards|Retail and wholesale trades|Wages and earnings,1,enforcement,"The bill directly amends the Fair Labor Standards Act to increase the federal minimum wage and tipped wage, thereby tightening private employer wage obligations.",1,enforcement,"The bill increases the federal minimum wage under the FLSA, directly affecting private employer wage obligations.",1,enforcement,"The bill directly increases the federal minimum wage under the FLSA and adjusts tipped employee wages, thereby tightening private employer wage obligations."
s351-109,A bill to amend title XVIII of the Social Security Act to provide for patient protection by limiting the number of mandatory overtime hours a nurse may be required to work in certain providers of services to which payments are made under the Medicare Program.,Safe Nursing and Patient Care Act of 2005,Health,Accreditation (Medical care)|Ambulatory care|Clinics|Congressional reporting requirements|Disciplining of employees|Discrimination in employment|Electronic government information|Employee rights|Fines (Penalties)|Government publicity|Governmental investigations|Home care services|Hospital personnel|Hours of labor|Internet|Legislation|Medical ethics|Medicare|Mental health services|Military hospitals|Nurses|Quality of care|Veterans' hospitals|Whistle blowing,1,enforcement,"The bill imposes mandatory overtime hour limits and anti-retaliation protections on nurses working in Medicare-participating providers, directly regulating private employer wage and hour conduct regarding mandatory overtime and whistleblower retaliation.",,,"The bill primarily addresses mandatory overtime limits for nurses in Medicare-funded facilities, which involves healthcare provider operations rather than private employer wage or benefit obligations.",,,"This bill regulates mandatory overtime for nurses in Medicare-participating healthcare facilities, but Medicare payment conditions are government reimbursement requirements, not private employer wage and hour obligations enforceable under FLSA or similar labor statutes."
s3236-112,"A bill to amend title 38, United States Code, to improve the protection and enforcement of employment and reemployment rights of members of the uniformed services, and for other purposes.",Servicemember Employment Protection Act of 2012,Armed Forces and National Security,"Alternative dispute resolution, mediation, arbitration|Employee leave|Employment discrimination and employee rights|Labor-management relations|Public contracts and procurement|Veterans' education, employment, rehabilitation|Veterans' medical care",1,enforcement,"The bill strengthens enforcement of USERRA by invalidating mandatory arbitration clauses for reemployment disputes and authorizing debarment of federal contractors for non-compliance, directly regulating private employer obligations regarding military leave and reemployment rights.",1,enforcement,"The bill strengthens enforcement of USERRA protections, directly affecting private employer obligations regarding employment and reemployment rights of servicemembers.",1,enforcement,"The bill strengthens USERRA protections by prohibiting mandatory arbitration of employment disputes, expanding coverage to include absences for service-related medical treatment, and authorizing contractor debarment for violations—all of which directly regulate private employer obligations regarding uniformed service members' employment and reemployment rights."
hr4177-106,To amend the Fair Labor Standards Act of 1938 to increase the minimum wage by $1 over 2 years.,Minimum Wage Act of 2000,Labor and Employment,Minimum wages,1,enforcement,"The bill amends the Fair Labor Standards Act to increase the federal minimum wage, directly tightening private employer wage obligations.",1,enforcement,"Increases the federal minimum wage under the FLSA, directly affecting private employer wage obligations.",1,enforcement,"The bill directly amends the Fair Labor Standards Act to raise the federal minimum wage, thereby strengthening private employer wage obligations under FLSA."
s1677-107,A bill to amend title I of the Employee Retirement Income Security Act of 1974 to cerate a safe harbor for retirement plan sponsors in the designation and monitoring of investment advisers for workers managing their retirement income assets.,Independent Investment Advice Act of 2001,Labor and Employment,Brokers|Employers' liability|Information disclosure (Securities law)|Insurance companies|Investment advisers|Liability (Law)|Pension funds|Securities regulation|Standards|Tax-deferred compensation plans|Trusts and trustees,1,enforcement,"The bill amends ERISA to establish a safe harbor for retirement plan sponsors regarding the designation and monitoring of investment advisers, directly regulating private employer fiduciary obligations and conduct related to employee retirement benefits.",,,"The bill provides a safe harbor for retirement plan sponsors in selecting investment advisers, but does not directly regulate employer wage, hour, or benefit obligations.",1,enforcement,"The bill modifies ERISA fiduciary standards by creating a safe harbor for plan sponsors who designate investment advisers, directly affecting private employer obligations regarding employee retirement benefit plans."
s952-113,"A bill to amend the Internal Revenue Code of 1986 to clarify the treatment of church pension plans, and for other purposes.",Church Plan Clarification Act of 2013,Taxation,Employee benefits and pensions|Federal preemption|Financial services and investments|Income tax deferral|Religion|Tax-exempt organizations,1,enforcement,"The bill clarifies the definition of 'church plans' under ERISA and preempts state laws restricting automatic contribution arrangements, thereby directly regulating the structure and obligations of private employer-sponsored pension and benefit plans.",,,"The bill addresses tax treatment and investment rules for church pension plans, not private employer wage or benefit obligations.",1,enforcement,"The bill preempts state wage and payroll laws to permit church plans to include automatic contribution arrangements, directly affecting employer-sponsored retirement plan obligations under ERISA-adjacent rules for church employers."
hr6293-114,To prohibit an employer from inquiring about the salary history of an applicant for employment.,Fair Salary History Alternatives for Responsible Employment Act of 2016,Labor and Employment,,1,enforcement,"The bill prohibits private employers from inquiring about salary history, directly regulating employer conduct related to wage determination and compensation practices.",1,enforcement,"Prohibits employers from inquiring about salary history, affecting wage-setting practices and aligning with private employer wage obligations.",,,"This bill prohibits employers from inquiring about applicants' salary history during hiring, which relates to hiring practices and pay equity rather than violations of existing wage, hour, or benefit obligations such as unpaid wages, overtime, pension mismanagement, or leave retaliation."
s2377-109,"A bill to amend the Immigration and Nationality Act and other Acts to provide for border security and interior enforcement improvements, and for other purposes.",Border Security and Interior Enforcement Improvement Act of 2006,Immigration,Administrative remedies|Alien labor|Arrest|Authorization|Border patrols|Burglary|Citizenship|Congressional reporting requirements|Counterfeiting|Criminal aliens|Criminal justice information|Data banks|Department of Homeland Security|Department of Justice|Deportation|Detention of persons|Driver licenses|Drone aircraft|Drug abuse|Drug traffic|Employers' liability|Evidence (Law)|Executive reorganization|Federal law enforcement officers|Federal officials|Federal-local relations|Federal-state relations|Fines (Penalties)|Fingerprints|Foreign students|Forfeiture|Fraud|Gangs|Government attorneys|Government contractors|Government paperwork|Government trust funds|Governmental investigations|Habeas corpus|Higher education|Human rights|Identification devices|Identity theft|Illegal aliens|Immigrants|Income tax|Informers|Judges|Judicial review|Legal fees|Military and naval supplies|Military civic action|Misconduct in office|Naturalization|Obstruction of justice|Passports|Photography|Police training|Political persecution|Prison alternatives|Prisoners|Public prosecutors|Radar|Recidivists|Recruiting of employees|Repatriation,1,enforcement,"The bill establishes a mandatory employment eligibility verification system and increases civil and criminal penalties for private employers who knowingly hire unauthorized aliens, directly regulating employer conduct regarding workforce compliance and liability.",,,"The bill primarily addresses immigration enforcement and border security, not private employer wage or benefit obligations.",1,enforcement,"The bill establishes an employment eligibility verification system requiring private employers to verify worker authorization, imposes civil and criminal penalties on employers who knowingly hire unauthorized aliens, and mandates employer participation in verification programs—directly regulating private employer conduct regarding hiring and employment practices under immigration law."
hr4740-108,To amend the Worker Adjustment and Retraining Notification Act to provide protections for employees relating to the offshoring of jobs.,Jobs for America Act of 2004,Labor and Employment,Civil actions and liability|Congressional reporting requirements|Damages|Employee rights|Government paperwork|Labor statistics|Layoffs|Liability (Law)|Location of industries|Offshore manufacturing|Punitive damages|Signs and signboards|Wage restitution,1,enforcement,"The bill amends the WARN Act to impose notice requirements and civil liability on private employers for offshoring jobs, directly regulating employer obligations regarding mass layoffs and employment loss.",1,enforcement,"Amends the WARN Act to include protections against job offshoring, directly affecting private employer obligations regarding layoff notices.",1,enforcement,"Strengthens the WARN Act by expanding notice requirements and lowering thresholds for mass layoffs and offshoring events, directly tightening private employer obligations regarding advance notice of employment loss."
s2366-110,"A bill to provide immigration reform by securing America's borders, clarifying and enforcing existing laws, and enabling a practical verification program.",SAVE Act of 2007,Immigration,Alien labor|Border patrols|Boundaries|Canada|Correctional institutions|Counterfeiting|Criminal aliens|Criminal investigation|Customs administration|Department of Homeland Security|Detention of persons|District courts|Federal aid to law enforcement|Federal law enforcement officers|Fraud|Government publicity|Illegal aliens|Income tax|Informers|Infrastructure|Infrastructure (Economics)|Judges|Latin America|Mexico|Military and naval supplies|National forests|National parks|Passports|Personnel records|Prosecution|Public service advertising|Reconnaissance aircraft|Recruiting of employees|Retired military personnel|Smuggling|Tax deductions|Tax returns|Terrorism|Veterans' employment|Visas|Vital statistics|Wages|Wildlife refuges,1,enforcement,"The bill mandates the use of the E-Verify system for employment eligibility confirmation and imposes penalties on employers for failing to correct information returns, directly regulating private employer conduct regarding the verification of worker status and compliance with immigration-related employment laws.",,,"The bill primarily addresses immigration reform and border security, with no direct relation to private employer wage, hour, or benefit obligations.",,,"This immigration enforcement bill's mention of wages relates only to denying tax deductions for wages paid to unauthorized aliens, which is a tax penalty on employers for immigration violations, not regulation of wage, hour, or benefit obligations owed to employees."
hr1910-108,To prohibit discrimination on the basis of genetic information with respect to health insurance.,Genetic Nondiscrimination in Health Insurance and Employment Act,"Civil Rights and Liberties, Minority Issues",Administrative remedies|Apprenticeship|Civil actions and liability|Civil rights enforcement|Discrimination in employment|Discrimination in insurance|Discrimination in medical care|Dismissal of employees|Employee health benefits|Employee rights|Employment agencies|Equal Employment Opportunity Commission|Fines (Penalties)|Genetic counseling|Genetics|Government paperwork|Health insurance|Independent regulatory commissions|Insurance companies|Insurance premiums|Labor unions|Legal fees|Medical fees|Medical records|Medical tests|Medigap|Occupational retraining|Personnel records|Position classification|Right of privacy|Standards|State laws|Workers' compensation,1,enforcement,"The bill amends ERISA and other statutes to prohibit private employers and health plans from discriminating based on genetic information, directly regulating employer conduct regarding employee health benefits and employment practices.",,,"The bill addresses genetic nondiscrimination in health insurance and employment, focusing on civil rights and privacy rather than private employer wage or benefit obligations.",1,enforcement,"The bill directly imposes obligations on private employers as sponsors of group health plans under ERISA by prohibiting discrimination based on genetic information in employer-sponsored health benefit plans, and also prohibits employment discrimination based on genetic information, thereby regulating private employer conduct regarding employee benefits and employment practices."
s688-111,"A bill to require that health plans provide coverage for a minimum hospital stay for mastectomies, lumpectomies, and lymph node dissection for the treatment of breast cancer and coverage for secondary consultations.",Breast Cancer Patient Protection Act of 2009,Health,Cancer|Employee benefits and pensions|Health care costs and insurance|Health care coverage and access|Hospital care|Surgery and anesthesia|Women's health,1,enforcement,"The bill amends ERISA to mandate specific coverage requirements for breast cancer treatment in employer-sponsored group health plans, directly imposing obligations on private employers regarding their benefit plan terms.",1,enforcement,"Amends ERISA to mandate specific coverage requirements for employer-sponsored group health plans, directly affecting private employer obligations under ERISA.",1,enforcement,"The bill directly imposes obligations on private employers as sponsors of group health plans under ERISA, requiring employer-provided plans to cover specific hospital stays and treatments for breast cancer, thereby regulating employer-sponsored benefit plan terms."
hr2460-111,To allow Americans to earn paid sick time so that they can address their own health needs and the health needs of their families.,Healthy Families Act,Labor and Employment,"Civil actions and liability|Congressional oversight|Domestic violence and child abuse|Employee leave|Employment discrimination and employee rights|Government employee pay, benefits, personnel management|Government information and archives|Government liability|Government studies and investigations|Sex offenses|State and local government operations",1,enforcement,"The bill mandates that private employers provide paid sick time, directly regulating employer obligations regarding employee benefits and leave, which aligns with wage and hour enforcement.",1,enforcement,"The bill mandates that private employers provide paid sick time, directly regulating employer obligations related to employee leave.",1,enforcement,"Mandates that private employers with 15+ employees provide paid sick time accrual and usage rights, directly imposing new wage and hour obligations enforceable through civil actions and agency investigations."
